return_id,order_id,product_id,customer_id,return_date,return_reason,return_amount,refund_status,refund_days,category
RET000001,ORD0000024,PROD0149,CUST02756,2020-09-07,Damaged in Transit,22760.0,Refunded,12,Home & Kitchen
RET000002,ORD0000027,PROD0055,CUST01858,2022-08-13,Size Issue,12264.0,Pending,4,Toys & Games
RET000003,ORD0000037,PROD0053,CUST03506,2024-11-17,Damaged in Transit,27000.0,Pending,9,Fashion
RET000004,ORD0000037,PROD0726,CUST03506,2024-11-17,Defective Product,46436.0,Refunded,7,Electronics
RET000005,ORD0000051,PROD0622,CUST01010,2023-05-25,Defective Product,1170.0,Rejected,9,Toys & Games
RET000006,ORD0000051,PROD0324,CUST01010,2023-05-25,Changed Mind,1070.0,Refunded,12,Grocery
RET000007,ORD0000051,PROD0106,CUST01010,2023-05-25,Size Issue,532.0,Refunded,10,Books
RET000008,ORD0000051,PROD0696,CUST01010,2023-05-25,Better Price Found,543.0,Refunded,3,Books
RET000009,ORD0000056,PROD0028,CUST04342,2024-10-31,Size Issue,723.0,Refunded,6,Sports & Fitness
RET000010,ORD0000056,PROD0379,CUST04342,2024-10-31,Wrong Item,416.0,Refunded,11,Grocery
RET000011,ORD0000056,PROD0023,CUST04342,2024-10-31,Damaged in Transit,40962.0,Refunded,8,Electronics
RET000012,ORD0000056,PROD0475,CUST04342,2024-10-31,Wrong Item,493.0,Refunded,12,Books
RET000013,ORD0000056,PROD0511,CUST04342,2024-10-31,Wrong Item,1365.0,Refunded,11,Office Supplies
RET000014,ORD0000058,PROD0283,CUST01247,2020-05-28,Wrong Item,255.0,Refunded,13,Grocery
RET000015,ORD0000058,PROD0557,CUST01247,2020-05-28,Changed Mind,2148.0,Refunded,7,Office Supplies
RET000016,ORD0000058,PROD0203,CUST01247,2020-05-28,Defective Product,9366.0,Refunded,6,Fashion
RET000017,ORD0000063,PROD0422,CUST00457,2022-05-24,Wrong Item,10200.0,Refunded,7,Fashion
RET000018,ORD0000079,PROD0634,CUST03976,2022-04-18,Wrong Item,3488.0,Refunded,6,Books
RET000019,ORD0000092,PROD0004,CUST02062,2024-09-24,Size Issue,77847.0,Pending,12,Home & Kitchen
RET000020,ORD0000109,PROD0188,CUST04230,2024-05-10,Wrong Item,2836.0,Refunded,11,Books
RET000021,ORD0000112,PROD0689,CUST01737,2021-04-02,Wrong Item,6340.0,Refunded,8,Sports & Fitness
RET000022,ORD0000112,PROD0749,CUST01737,2021-04-02,Wrong Item,17420.0,Refunded,7,Fashion
RET000023,ORD0000117,PROD0570,CUST00637,2023-06-19,Changed Mind,1247.0,Refunded,12,Books
RET000024,ORD0000118,PROD0425,CUST03381,2024-11-05,Wrong Item,9217.0,Refunded,11,Sports & Fitness
RET000025,ORD0000131,PROD0040,CUST03927,2022-01-07,Better Price Found,1431.0,Refunded,13,Grocery
RET000026,ORD0000131,PROD0281,CUST03927,2022-01-07,Defective Product,1122.0,Refunded,13,Grocery
RET000027,ORD0000131,PROD0501,CUST03927,2022-01-07,Better Price Found,20800.0,Rejected,14,Home & Kitchen
RET000028,ORD0000162,PROD0481,CUST03454,2024-01-20,Damaged in Transit,7112.0,Refunded,14,Beauty & Health
RET000029,ORD0000166,PROD0350,CUST01596,2023-02-08,Size Issue,23738.0,Refunded,5,Sports & Fitness
RET000030,ORD0000167,PROD0694,CUST01351,2022-04-07,Changed Mind,13237.0,Refunded,14,Sports & Fitness
RET000031,ORD0000167,PROD0570,CUST01351,2022-04-07,Better Price Found,2364.0,Refunded,10,Books
RET000032,ORD0000167,PROD0340,CUST01351,2022-04-07,Wrong Item,1143.0,Pending,3,Beauty & Health
RET000033,ORD0000167,PROD0405,CUST01351,2022-04-07,Damaged in Transit,7096.0,Refunded,11,Fashion
RET000034,ORD0000170,PROD0262,CUST02922,2024-07-23,Wrong Item,29856.0,Refunded,14,Home & Kitchen
RET000035,ORD0000170,PROD0061,CUST02922,2024-07-23,Damaged in Transit,19017.0,Refunded,5,Home & Kitchen
RET000036,ORD0000170,PROD0790,CUST02922,2024-07-23,Changed Mind,9152.0,Refunded,13,Fashion
RET000037,ORD0000177,PROD0056,CUST02841,2023-04-10,Damaged in Transit,5214.0,Refunded,8,Beauty & Health
RET000038,ORD0000178,PROD0283,CUST03371,2021-02-17,Size Issue,319.0,Refunded,13,Grocery
RET000039,ORD0000188,PROD0683,CUST00824,2023-07-30,Wrong Item,336.0,Pending,10,Books
RET000040,ORD0000188,PROD0556,CUST00824,2023-07-30,Better Price Found,3848.0,Refunded,14,Toys & Games
RET000041,ORD0000188,PROD0348,CUST00824,2023-07-30,Size Issue,24769.0,Refunded,8,Electronics
RET000042,ORD0000188,PROD0032,CUST00824,2023-07-30,Defective Product,33796.0,Refunded,12,Home & Kitchen
RET000043,ORD0000188,PROD0354,CUST00824,2023-07-30,Better Price Found,468.0,Pending,11,Fashion
RET000044,ORD0000194,PROD0760,CUST01128,2023-10-20,Defective Product,7587.0,Pending,3,Fashion
RET000045,ORD0000194,PROD0316,CUST01128,2023-10-20,Wrong Item,3384.0,Refunded,13,Toys & Games
RET000046,ORD0000194,PROD0753,CUST01128,2023-10-20,Damaged in Transit,6062.0,Refunded,9,Office Supplies
RET000047,ORD0000194,PROD0657,CUST01128,2023-10-20,Wrong Item,2319.0,Refunded,5,Books
RET000048,ORD0000194,PROD0670,CUST01128,2023-10-20,Size Issue,2528.0,Refunded,14,Books
RET000049,ORD0000203,PROD0314,CUST04120,2021-11-13,Size Issue,17271.0,Refunded,4,Home & Kitchen
RET000050,ORD0000203,PROD0642,CUST04120,2021-11-13,Damaged in Transit,13846.0,Refunded,9,Automotive
RET000051,ORD0000203,PROD0644,CUST04120,2021-11-13,Defective Product,5688.0,Refunded,3,Beauty & Health
RET000052,ORD0000229,PROD0433,CUST03570,2022-07-20,Better Price Found,136074.0,Refunded,13,Electronics
RET000053,ORD0000229,PROD0036,CUST03570,2022-07-20,Size Issue,5374.0,Rejected,14,Fashion
RET000054,ORD0000275,PROD0474,CUST02765,2024-12-22,Wrong Item,6362.0,Refunded,7,Automotive
RET000055,ORD0000283,PROD0753,CUST00619,2023-09-25,Damaged in Transit,6062.0,Refunded,11,Office Supplies
RET000056,ORD0000283,PROD0393,CUST00619,2023-09-25,Defective Product,531.0,Refunded,6,Grocery
RET000057,ORD0000283,PROD0551,CUST00619,2023-09-25,Size Issue,1031.0,Pending,12,Fashion
RET000058,ORD0000283,PROD0251,CUST00619,2023-09-25,Damaged in Transit,31461.0,Refunded,11,Electronics
RET000059,ORD0000286,PROD0795,CUST00271,2020-09-20,Damaged in Transit,45843.0,Refunded,7,Electronics
RET000060,ORD0000286,PROD0692,CUST00271,2020-09-20,Better Price Found,1916.0,Refunded,10,Office Supplies
RET000061,ORD0000289,PROD0386,CUST02036,2020-08-03,Damaged in Transit,17656.0,Refunded,14,Fashion
RET000062,ORD0000289,PROD0666,CUST02036,2020-08-03,Defective Product,5475.0,Refunded,12,Home & Kitchen
RET000063,ORD0000289,PROD0413,CUST02036,2020-08-03,Wrong Item,12200.0,Refunded,5,Sports & Fitness
RET000064,ORD0000304,PROD0264,CUST01423,2021-03-05,Defective Product,37416.0,Refunded,4,Electronics
RET000065,ORD0000310,PROD0319,CUST04930,2024-05-20,Defective Product,2342.0,Refunded,8,Beauty & Health
RET000066,ORD0000310,PROD0502,CUST04930,2024-05-20,Changed Mind,1806.0,Refunded,6,Grocery
RET000067,ORD0000310,PROD0648,CUST04930,2024-05-20,Size Issue,8994.0,Refunded,14,Fashion
RET000068,ORD0000310,PROD0381,CUST04930,2024-05-20,Size Issue,4139.0,Pending,13,Office Supplies
RET000069,ORD0000310,PROD0512,CUST04930,2024-05-20,Size Issue,10338.0,Refunded,5,Toys & Games
RET000070,ORD0000326,PROD0585,CUST01872,2022-07-28,Damaged in Transit,11634.0,Pending,10,Sports & Fitness
RET000071,ORD0000326,PROD0479,CUST01872,2022-07-28,Damaged in Transit,16448.0,Refunded,13,Home & Kitchen
RET000072,ORD0000326,PROD0543,CUST01872,2022-07-28,Changed Mind,4049.0,Refunded,10,Automotive
RET000073,ORD0000326,PROD0111,CUST01872,2022-07-28,Changed Mind,6550.0,Pending,4,Toys & Games
RET000074,ORD0000327,PROD0674,CUST03388,2025-01-09,Better Price Found,934.0,Refunded,12,Grocery
RET000075,ORD0000333,PROD0566,CUST00105,2024-07-26,Defective Product,10290.0,Refunded,3,Sports & Fitness
RET000076,ORD0000336,PROD0038,CUST00517,2021-02-03,Changed Mind,7998.0,Pending,8,Beauty & Health
RET000077,ORD0000345,PROD0411,CUST03950,2023-01-10,Wrong Item,420.0,Refunded,8,Grocery
RET000078,ORD0000352,PROD0420,CUST01501,2023-05-10,Damaged in Transit,13373.0,Refunded,12,Sports & Fitness
RET000079,ORD0000352,PROD0008,CUST01501,2023-05-10,Better Price Found,3425.0,Refunded,6,Office Supplies
RET000080,ORD0000352,PROD0675,CUST01501,2023-05-10,Changed Mind,4132.0,Refunded,10,Toys & Games
RET000081,ORD0000357,PROD0728,CUST01465,2022-08-17,Damaged in Transit,33006.0,Refunded,12,Fashion
RET000082,ORD0000382,PROD0581,CUST02250,2023-05-18,Wrong Item,2121.0,Refunded,13,Grocery
RET000083,ORD0000400,PROD0271,CUST03237,2024-07-02,Defective Product,5250.0,Refunded,7,Toys & Games
RET000084,ORD0000405,PROD0644,CUST01381,2022-02-19,Changed Mind,1896.0,Refunded,14,Beauty & Health
RET000085,ORD0000413,PROD0798,CUST02025,2024-11-01,Better Price Found,3835.0,Refunded,9,Beauty & Health
RET000086,ORD0000428,PROD0045,CUST04012,2024-06-18,Damaged in Transit,1458.0,Refunded,4,Grocery
RET000087,ORD0000428,PROD0780,CUST04012,2024-06-18,Changed Mind,6238.0,Refunded,9,Electronics
RET000088,ORD0000434,PROD0465,CUST04776,2024-04-03,Better Price Found,544.0,Refunded,10,Grocery
RET000089,ORD0000435,PROD0114,CUST04588,2021-06-11,Size Issue,7923.0,Refunded,4,Beauty & Health
RET000090,ORD0000435,PROD0110,CUST04588,2021-06-11,Defective Product,4208.0,Refunded,9,Beauty & Health
RET000091,ORD0000448,PROD0183,CUST03534,2023-12-01,Size Issue,78876.0,Pending,8,Electronics
RET000092,ORD0000461,PROD0744,CUST03056,2021-02-26,Changed Mind,626.0,Refunded,13,Grocery
RET000093,ORD0000461,PROD0287,CUST03056,2021-02-26,Wrong Item,3230.0,Refunded,4,Automotive
RET000094,ORD0000461,PROD0124,CUST03056,2021-02-26,Better Price Found,8346.0,Refunded,10,Fashion
RET000095,ORD0000465,PROD0640,CUST02614,2022-01-15,Size Issue,3516.0,Refunded,5,Toys & Games
RET000096,ORD0000467,PROD0581,CUST01260,2021-07-24,Defective Product,668.0,Refunded,13,Grocery
RET000097,ORD0000479,PROD0182,CUST03651,2022-09-14,Better Price Found,556.0,Refunded,8,Grocery
RET000098,ORD0000479,PROD0458,CUST03651,2022-09-14,Damaged in Transit,7056.0,Refunded,10,Fashion
RET000099,ORD0000509,PROD0245,CUST02770,2024-06-01,Changed Mind,46608.0,Refunded,7,Sports & Fitness
RET000100,ORD0000509,PROD0600,CUST02770,2024-06-01,Size Issue,7680.0,Refunded,13,Beauty & Health
RET000101,ORD0000513,PROD0232,CUST00127,2023-01-22,Defective Product,492.0,Refunded,9,Books
RET000102,ORD0000518,PROD0018,CUST00667,2023-12-10,Better Price Found,7687.0,Refunded,13,Fashion
RET000103,ORD0000519,PROD0336,CUST02809,2022-11-30,Damaged in Transit,7901.0,Refunded,8,Office Supplies
RET000104,ORD0000519,PROD0226,CUST02809,2022-11-30,Damaged in Transit,40060.0,Refunded,6,Home & Kitchen
RET000105,ORD0000519,PROD0047,CUST02809,2022-11-30,Changed Mind,498.0,Refunded,3,Automotive
RET000106,ORD0000537,PROD0457,CUST01134,2021-01-07,Better Price Found,5501.0,Refunded,4,Fashion
RET000107,ORD0000537,PROD0142,CUST01134,2021-01-07,Size Issue,3168.0,Refunded,5,Grocery
RET000108,ORD0000549,PROD0524,CUST00007,2022-12-30,Size Issue,4198.0,Refunded,7,Fashion
RET000109,ORD0000558,PROD0390,CUST01235,2024-09-16,Changed Mind,7874.0,Pending,11,Electronics
RET000110,ORD0000563,PROD0168,CUST01613,2023-12-08,Damaged in Transit,4882.0,Refunded,14,Office Supplies
RET000111,ORD0000563,PROD0456,CUST01613,2023-12-08,Better Price Found,3262.0,Refunded,8,Beauty & Health
RET000112,ORD0000564,PROD0064,CUST02061,2022-03-21,Better Price Found,272.0,Refunded,6,Books
RET000113,ORD0000564,PROD0058,CUST02061,2022-03-21,Better Price Found,19712.0,Refunded,9,Home & Kitchen
RET000114,ORD0000566,PROD0742,CUST01935,2021-07-06,Damaged in Transit,206.0,Refunded,5,Books
RET000115,ORD0000566,PROD0547,CUST01935,2021-07-06,Better Price Found,700.0,Refunded,12,Grocery
RET000116,ORD0000572,PROD0390,CUST02868,2024-10-17,Better Price Found,14696.0,Pending,7,Electronics
RET000117,ORD0000584,PROD0615,CUST03373,2023-12-07,Damaged in Transit,4705.0,Refunded,10,Toys & Games
RET000118,ORD0000584,PROD0102,CUST03373,2023-12-07,Wrong Item,73866.0,Refunded,5,Electronics
RET000119,ORD0000598,PROD0070,CUST00698,2021-04-05,Wrong Item,106.0,Refunded,4,Books
RET000120,ORD0000598,PROD0058,CUST00698,2021-04-05,Defective Product,8213.0,Rejected,5,Home & Kitchen
RET000121,ORD0000598,PROD0274,CUST00698,2021-04-05,Damaged in Transit,103722.0,Refunded,11,Electronics
RET000122,ORD0000598,PROD0655,CUST00698,2021-04-05,Wrong Item,3864.0,Refunded,3,Automotive
RET000123,ORD0000602,PROD0399,CUST02480,2023-12-16,Size Issue,74025.0,Refunded,5,Electronics
RET000124,ORD0000609,PROD0142,CUST01372,2022-03-27,Wrong Item,3168.0,Pending,6,Grocery
RET000125,ORD0000609,PROD0791,CUST01372,2022-03-27,Size Issue,1092.0,Refunded,7,Fashion
RET000126,ORD0000620,PROD0320,CUST04816,2021-04-14,Changed Mind,19390.0,Refunded,9,Fashion
RET000127,ORD0000641,PROD0647,CUST04660,2023-12-30,Damaged in Transit,15532.0,Refunded,8,Office Supplies
RET000128,ORD0000641,PROD0224,CUST04660,2023-12-30,Better Price Found,566.0,Refunded,11,Home & Kitchen
RET000129,ORD0000650,PROD0425,CUST00886,2024-04-09,Damaged in Transit,7374.0,Pending,4,Sports & Fitness
RET000130,ORD0000650,PROD0426,CUST00886,2024-04-09,Damaged in Transit,38299.0,Pending,10,Home & Kitchen
RET000131,ORD0000650,PROD0141,CUST00886,2024-04-09,Wrong Item,3814.0,Refunded,10,Toys & Games
RET000132,ORD0000650,PROD0752,CUST00886,2024-04-09,Size Issue,89.0,Refunded,13,Office Supplies
RET000133,ORD0000660,PROD0587,CUST03519,2020-10-21,Changed Mind,5604.0,Refunded,10,Beauty & Health
RET000134,ORD0000662,PROD0741,CUST00664,2021-05-25,Size Issue,14748.0,Refunded,11,Fashion
RET000135,ORD0000662,PROD0507,CUST00664,2021-05-25,Defective Product,4670.0,Refunded,12,Automotive
RET000136,ORD0000664,PROD0172,CUST00339,2022-10-31,Better Price Found,4330.0,Refunded,4,Fashion
RET000137,ORD0000664,PROD0556,CUST00339,2022-10-31,Wrong Item,1924.0,Refunded,4,Toys & Games
RET000138,ORD0000695,PROD0701,CUST04697,2020-04-24,Wrong Item,27367.0,Refunded,5,Home & Kitchen
RET000139,ORD0000695,PROD0726,CUST04697,2020-04-24,Changed Mind,149259.0,Refunded,11,Electronics
RET000140,ORD0000701,PROD0611,CUST02419,2021-01-20,Size Issue,16002.0,Refunded,10,Office Supplies
RET000141,ORD0000701,PROD0242,CUST02419,2021-01-20,Changed Mind,374.0,Refunded,6,Grocery
RET000142,ORD0000701,PROD0263,CUST02419,2021-01-20,Better Price Found,1252.0,Refunded,8,Beauty & Health
RET000143,ORD0000701,PROD0433,CUST02419,2021-01-20,Changed Mind,73270.0,Refunded,13,Electronics
RET000144,ORD0000701,PROD0757,CUST02419,2021-01-20,Damaged in Transit,3106.0,Refunded,11,Grocery
RET000145,ORD0000702,PROD0784,CUST00007,2022-02-02,Changed Mind,3195.0,Refunded,5,Books
RET000146,ORD0000717,PROD0063,CUST03157,2023-09-30,Size Issue,2440.0,Refunded,8,Beauty & Health
RET000147,ORD0000717,PROD0336,CUST03157,2023-09-30,Size Issue,15802.0,Refunded,7,Office Supplies
RET000148,ORD0000717,PROD0380,CUST03157,2023-09-30,Changed Mind,11828.0,Refunded,4,Automotive
RET000149,ORD0000738,PROD0747,CUST04138,2023-12-13,Defective Product,13077.0,Refunded,11,Fashion
RET000150,ORD0000738,PROD0108,CUST04138,2023-12-13,Size Issue,37466.0,Refunded,11,Home & Kitchen
RET000151,ORD0000738,PROD0163,CUST04138,2023-12-13,Defective Product,5648.0,Refunded,11,Beauty & Health
RET000152,ORD0000738,PROD0150,CUST04138,2023-12-13,Changed Mind,1930.0,Pending,9,Home & Kitchen
RET000153,ORD0000741,PROD0499,CUST01514,2021-12-23,Size Issue,2939.0,Refunded,5,Beauty & Health
RET000154,ORD0000741,PROD0264,CUST01514,2021-12-23,Wrong Item,37416.0,Refunded,14,Electronics
RET000155,ORD0000741,PROD0207,CUST01514,2021-12-23,Size Issue,981.0,Refunded,6,Books
RET000156,ORD0000744,PROD0658,CUST01493,2024-12-07,Better Price Found,625.0,Rejected,6,Books
RET000157,ORD0000744,PROD0477,CUST01493,2024-12-07,Defective Product,5090.0,Refunded,10,Fashion
RET000158,ORD0000774,PROD0146,CUST02295,2021-09-30,Wrong Item,262.0,Refunded,3,Office Supplies
RET000159,ORD0000791,PROD0160,CUST01390,2023-04-08,Size Issue,5200.0,Refunded,10,Fashion
RET000160,ORD0000795,PROD0219,CUST04889,2024-10-21,Damaged in Transit,2225.0,Refunded,13,Office Supplies
RET000161,ORD0000800,PROD0136,CUST02751,2024-04-14,Size Issue,165012.0,Refunded,14,Electronics
RET000162,ORD0000842,PROD0270,CUST04676,2021-06-26,Size Issue,1214.0,Refunded,4,Books
RET000163,ORD0000842,PROD0104,CUST04676,2021-06-26,Wrong Item,65196.0,Refunded,8,Sports & Fitness
RET000164,ORD0000842,PROD0517,CUST04676,2021-06-26,Size Issue,588.0,Refunded,8,Grocery
RET000165,ORD0000842,PROD0351,CUST04676,2021-06-26,Better Price Found,8529.0,Refunded,13,Sports & Fitness
RET000166,ORD0000842,PROD0292,CUST04676,2021-06-26,Damaged in Transit,11334.0,Refunded,12,Home & Kitchen
RET000167,ORD0000844,PROD0573,CUST03885,2024-03-04,Damaged in Transit,48036.0,Refunded,13,Sports & Fitness
RET000168,ORD0000845,PROD0645,CUST00748,2021-07-25,Damaged in Transit,88497.0,Refunded,4,Electronics
RET000169,ORD0000852,PROD0363,CUST00431,2023-09-24,Wrong Item,3874.0,Pending,14,Fashion
RET000170,ORD0000856,PROD0607,CUST00754,2021-06-02,Changed Mind,266.0,Refunded,6,Books
RET000171,ORD0000870,PROD0176,CUST04957,2024-08-11,Changed Mind,803.0,Refunded,13,Books
RET000172,ORD0000870,PROD0486,CUST04957,2024-08-11,Defective Product,57048.0,Refunded,3,Electronics
RET000173,ORD0000870,PROD0366,CUST04957,2024-08-11,Size Issue,8320.0,Refunded,13,Beauty & Health
RET000174,ORD0000870,PROD0751,CUST04957,2024-08-11,Size Issue,1412.0,Refunded,8,Grocery
RET000175,ORD0000884,PROD0279,CUST01028,2022-03-22,Size Issue,2106.0,Refunded,7,Grocery
RET000176,ORD0000885,PROD0150,CUST02438,2022-05-14,Wrong Item,2145.0,Refunded,14,Home & Kitchen
RET000177,ORD0000885,PROD0443,CUST02438,2022-05-14,Better Price Found,2540.0,Refunded,13,Sports & Fitness
RET000178,ORD0000889,PROD0723,CUST04631,2022-09-15,Changed Mind,3125.0,Pending,8,Beauty & Health
RET000179,ORD0000895,PROD0187,CUST02240,2024-03-21,Wrong Item,430.0,Refunded,6,Books
RET000180,ORD0000895,PROD0109,CUST02240,2024-03-21,Better Price Found,26507.0,Refunded,3,Electronics
RET000181,ORD0000895,PROD0212,CUST02240,2024-03-21,Wrong Item,2372.0,Refunded,9,Fashion
RET000182,ORD0000905,PROD0158,CUST04696,2022-11-19,Damaged in Transit,6494.0,Refunded,13,Automotive
RET000183,ORD0000933,PROD0440,CUST04714,2023-01-14,Wrong Item,2656.0,Refunded,5,Automotive
RET000184,ORD0000934,PROD0749,CUST02209,2023-09-15,Damaged in Transit,14700.0,Refunded,8,Fashion
RET000185,ORD0000934,PROD0173,CUST02209,2023-09-15,Size Issue,1056.0,Refunded,12,Automotive
RET000186,ORD0000934,PROD0445,CUST02209,2023-09-15,Size Issue,100158.0,Refunded,7,Home & Kitchen
RET000187,ORD0000938,PROD0503,CUST00903,2022-07-07,Size Issue,3136.0,Refunded,14,Office Supplies
RET000188,ORD0000938,PROD0019,CUST00903,2022-07-07,Defective Product,16724.0,Refunded,13,Electronics
RET000189,ORD0000938,PROD0306,CUST00903,2022-07-07,Better Price Found,4179.0,Refunded,5,Beauty & Health
RET000190,ORD0000946,PROD0734,CUST03947,2023-12-11,Better Price Found,4022.0,Refunded,6,Fashion
RET000191,ORD0000946,PROD0026,CUST03947,2023-12-11,Changed Mind,3914.0,Pending,10,Sports & Fitness
RET000192,ORD0000946,PROD0009,CUST03947,2023-12-11,Size Issue,4170.0,Pending,6,Beauty & Health
RET000193,ORD0000973,PROD0353,CUST00099,2020-04-08,Defective Product,42694.0,Refunded,12,Electronics
RET000194,ORD0000973,PROD0618,CUST00099,2020-04-08,Better Price Found,943.0,Refunded,4,Books
RET000195,ORD0000973,PROD0090,CUST00099,2020-04-08,Defective Product,26859.0,Refunded,6,Sports & Fitness
RET000196,ORD0000973,PROD0634,CUST00099,2020-04-08,Wrong Item,872.0,Refunded,7,Books
RET000197,ORD0000973,PROD0478,CUST00099,2020-04-08,Changed Mind,3395.0,Refunded,6,Beauty & Health
RET000198,ORD0001005,PROD0539,CUST02055,2025-01-04,Size Issue,7092.0,Refunded,5,Home & Kitchen
RET000199,ORD0001005,PROD0744,CUST02055,2025-01-04,Size Issue,313.0,Refunded,13,Grocery
RET000200,ORD0001020,PROD0405,CUST01721,2022-11-12,Wrong Item,3548.0,Refunded,11,Fashion
RET000201,ORD0001034,PROD0006,CUST03355,2022-02-03,Changed Mind,3293.0,Refunded,9,Beauty & Health
RET000202,ORD0001039,PROD0704,CUST00015,2022-05-12,Wrong Item,8865.0,Refunded,4,Automotive
RET000203,ORD0001041,PROD0444,CUST02230,2021-04-18,Damaged in Transit,516.0,Refunded,10,Grocery
RET000204,ORD0001045,PROD0470,CUST01179,2022-03-29,Size Issue,16761.0,Refunded,14,Electronics
RET000205,ORD0001045,PROD0352,CUST01179,2022-03-29,Better Price Found,2868.0,Refunded,12,Beauty & Health
RET000206,ORD0001061,PROD0625,CUST03528,2024-07-10,Size Issue,2723.0,Refunded,6,Toys & Games
RET000207,ORD0001061,PROD0388,CUST03528,2024-07-10,Defective Product,1212.0,Refunded,8,Toys & Games
RET000208,ORD0001061,PROD0155,CUST03528,2024-07-10,Changed Mind,2544.0,Refunded,5,Office Supplies
RET000209,ORD0001061,PROD0253,CUST03528,2024-07-10,Defective Product,608.0,Refunded,10,Toys & Games
RET000210,ORD0001061,PROD0707,CUST03528,2024-07-10,Changed Mind,600.0,Pending,13,Books
RET000211,ORD0001074,PROD0435,CUST03681,2021-11-02,Defective Product,1644.0,Refunded,13,Books
RET000212,ORD0001074,PROD0463,CUST03681,2021-11-02,Better Price Found,2687.0,Refunded,10,Sports & Fitness
RET000213,ORD0001075,PROD0670,CUST02171,2021-10-22,Better Price Found,1264.0,Refunded,11,Books
RET000214,ORD0001082,PROD0619,CUST02376,2022-04-27,Damaged in Transit,39900.0,Refunded,6,Fashion
RET000215,ORD0001097,PROD0576,CUST02915,2021-05-02,Changed Mind,12036.0,Refunded,8,Fashion
RET000216,ORD0001120,PROD0041,CUST03823,2020-09-16,Changed Mind,328251.0,Refunded,5,Electronics
RET000217,ORD0001120,PROD0105,CUST03823,2020-09-16,Wrong Item,422.0,Refunded,3,Beauty & Health
RET000218,ORD0001120,PROD0008,CUST03823,2020-09-16,Size Issue,3654.0,Refunded,6,Office Supplies
RET000219,ORD0001120,PROD0393,CUST03823,2020-09-16,Changed Mind,460.0,Pending,6,Grocery
RET000220,ORD0001142,PROD0672,CUST01615,2021-08-15,Better Price Found,392.0,Refunded,4,Grocery
RET000221,ORD0001149,PROD0241,CUST00518,2024-06-19,Better Price Found,30811.0,Refunded,4,Home & Kitchen
RET000222,ORD0001149,PROD0125,CUST00518,2024-06-19,Size Issue,1646.0,Refunded,10,Grocery
RET000223,ORD0001149,PROD0231,CUST00518,2024-06-19,Better Price Found,648.0,Refunded,14,Grocery
RET000224,ORD0001179,PROD0256,CUST04066,2023-09-16,Changed Mind,4912.0,Refunded,7,Home & Kitchen
RET000225,ORD0001220,PROD0247,CUST04985,2020-06-08,Size Issue,1404.0,Refunded,5,Books
RET000226,ORD0001237,PROD0109,CUST00673,2021-07-09,Damaged in Transit,29821.0,Pending,9,Electronics
RET000227,ORD0001237,PROD0214,CUST00673,2021-07-09,Size Issue,1970.0,Refunded,4,Beauty & Health
RET000228,ORD0001255,PROD0135,CUST00694,2023-03-22,Damaged in Transit,17366.0,Refunded,8,Automotive
RET000229,ORD0001280,PROD0689,CUST03933,2020-08-10,Better Price Found,5072.0,Pending,11,Sports & Fitness
RET000230,ORD0001280,PROD0301,CUST03933,2020-08-10,Size Issue,9036.0,Pending,7,Sports & Fitness
RET000231,ORD0001292,PROD0534,CUST03965,2024-12-06,Wrong Item,10744.0,Refunded,3,Toys & Games
RET000232,ORD0001356,PROD0161,CUST03910,2024-02-12,Wrong Item,11224.0,Refunded,13,Automotive
RET000233,ORD0001356,PROD0085,CUST03910,2024-02-12,Better Price Found,14740.0,Refunded,6,Sports & Fitness
RET000234,ORD0001361,PROD0335,CUST00328,2025-01-21,Damaged in Transit,1868.0,Refunded,13,Grocery
RET000235,ORD0001374,PROD0376,CUST02448,2023-03-05,Better Price Found,1897.0,Refunded,8,Beauty & Health
RET000236,ORD0001374,PROD0474,CUST02448,2023-03-05,Damaged in Transit,6362.0,Refunded,4,Automotive
RET000237,ORD0001374,PROD0447,CUST02448,2023-03-05,Defective Product,3230.0,Pending,12,Fashion
RET000238,ORD0001375,PROD0502,CUST00797,2024-11-26,Defective Product,1936.0,Pending,8,Grocery
RET000239,ORD0001375,PROD0305,CUST00797,2024-11-26,Better Price Found,15685.0,Pending,7,Home & Kitchen
RET000240,ORD0001375,PROD0003,CUST00797,2024-11-26,Defective Product,12669.0,Refunded,12,Electronics
RET000241,ORD0001375,PROD0095,CUST00797,2024-11-26,Damaged in Transit,2476.0,Refunded,10,Toys & Games
RET000242,ORD0001385,PROD0420,CUST02233,2023-06-23,Wrong Item,22288.0,Pending,8,Sports & Fitness
RET000243,ORD0001396,PROD0621,CUST03699,2023-04-19,Damaged in Transit,9862.0,Refunded,13,Fashion
RET000244,ORD0001396,PROD0466,CUST03699,2023-04-19,Wrong Item,33293.0,Refunded,7,Home & Kitchen
RET000245,ORD0001396,PROD0697,CUST03699,2023-04-19,Wrong Item,16588.0,Refunded,7,Sports & Fitness
RET000246,ORD0001410,PROD0557,CUST04630,2024-05-25,Better Price Found,4564.0,Pending,4,Office Supplies
RET000247,ORD0001413,PROD0039,CUST03823,2023-02-15,Defective Product,9236.0,Refunded,8,Automotive
RET000248,ORD0001413,PROD0795,CUST03823,2023-02-15,Damaged in Transit,41675.0,Refunded,5,Electronics
RET000249,ORD0001419,PROD0583,CUST01045,2020-04-21,Damaged in Transit,17572.0,Pending,14,Automotive
RET000250,ORD0001458,PROD0541,CUST03164,2021-11-11,Wrong Item,7893.0,Pending,3,Office Supplies
RET000251,ORD0001461,PROD0671,CUST03065,2020-10-01,Better Price Found,17156.0,Rejected,8,Fashion
RET000252,ORD0001461,PROD0160,CUST03065,2020-10-01,Wrong Item,9656.0,Refunded,9,Fashion
RET000253,ORD0001483,PROD0534,CUST00236,2024-01-29,Wrong Item,10744.0,Pending,12,Toys & Games
RET000254,ORD0001483,PROD0585,CUST00236,2024-01-29,Damaged in Transit,4654.0,Refunded,5,Sports & Fitness
RET000255,ORD0001483,PROD0123,CUST00236,2024-01-29,Damaged in Transit,42004.0,Refunded,9,Sports & Fitness
RET000256,ORD0001499,PROD0641,CUST03949,2023-02-16,Changed Mind,638.0,Refunded,4,Books
RET000257,ORD0001499,PROD0363,CUST03949,2023-02-16,Changed Mind,11622.0,Pending,7,Fashion
RET000258,ORD0001509,PROD0425,CUST02272,2022-06-01,Better Price Found,9217.0,Refunded,13,Sports & Fitness
RET000259,ORD0001509,PROD0618,CUST02272,2022-06-01,Better Price Found,1996.0,Refunded,9,Books
RET000260,ORD0001510,PROD0493,CUST04970,2020-03-15,Size Issue,6065.0,Refunded,4,Automotive
RET000261,ORD0001510,PROD0092,CUST04970,2020-03-15,Wrong Item,7418.0,Pending,4,Beauty & Health
RET000262,ORD0001527,PROD0747,CUST01927,2023-12-24,Defective Product,4615.0,Refunded,9,Fashion
RET000263,ORD0001527,PROD0472,CUST01927,2023-12-24,Better Price Found,26458.0,Refunded,10,Home & Kitchen
RET000264,ORD0001527,PROD0359,CUST01927,2023-12-24,Defective Product,8150.0,Refunded,11,Office Supplies
RET000265,ORD0001527,PROD0188,CUST01927,2023-12-24,Changed Mind,788.0,Refunded,3,Books
RET000266,ORD0001534,PROD0600,CUST03614,2024-01-04,Wrong Item,2560.0,Pending,3,Beauty & Health
RET000267,ORD0001535,PROD0656,CUST03669,2023-10-13,Better Price Found,56945.0,Refunded,7,Electronics
RET000268,ORD0001535,PROD0609,CUST03669,2023-10-13,Defective Product,1906.0,Refunded,4,Fashion
RET000269,ORD0001551,PROD0070,CUST03808,2020-10-29,Changed Mind,212.0,Refunded,13,Books
RET000270,ORD0001551,PROD0700,CUST03808,2020-10-29,Better Price Found,600.0,Refunded,7,Books
RET000271,ORD0001552,PROD0252,CUST00808,2023-10-05,Size Issue,309678.0,Refunded,13,Electronics
RET000272,ORD0001558,PROD0607,CUST00094,2023-11-16,Size Issue,280.0,Refunded,6,Books
RET000273,ORD0001558,PROD0787,CUST00094,2023-11-16,Better Price Found,10551.0,Pending,14,Office Supplies
RET000274,ORD0001607,PROD0645,CUST00900,2023-10-30,Wrong Item,94818.0,Refunded,8,Electronics
RET000275,ORD0001616,PROD0282,CUST02528,2024-05-28,Defective Product,1445.0,Refunded,12,Books
RET000276,ORD0001616,PROD0424,CUST02528,2024-05-28,Wrong Item,10478.0,Refunded,13,Toys & Games
RET000277,ORD0001616,PROD0289,CUST02528,2024-05-28,Damaged in Transit,959.0,Refunded,6,Books
RET000278,ORD0001635,PROD0301,CUST01977,2023-10-14,Size Issue,2008.0,Refunded,4,Sports & Fitness
RET000279,ORD0001644,PROD0217,CUST04816,2021-07-12,Defective Product,15360.0,Refunded,6,Toys & Games
RET000280,ORD0001644,PROD0164,CUST04816,2021-07-12,Damaged in Transit,7227.0,Refunded,11,Beauty & Health
RET000281,ORD0001645,PROD0444,CUST00289,2024-05-08,Better Price Found,1180.0,Pending,4,Grocery
RET000282,ORD0001649,PROD0325,CUST01237,2021-12-22,Better Price Found,9466.0,Refunded,10,Automotive
RET000283,ORD0001649,PROD0711,CUST01237,2021-12-22,Size Issue,26281.0,Refunded,14,Electronics
RET000284,ORD0001649,PROD0453,CUST01237,2021-12-22,Wrong Item,771.0,Refunded,7,Beauty & Health
RET000285,ORD0001672,PROD0727,CUST04574,2021-02-13,Size Issue,14934.0,Refunded,8,Office Supplies
RET000286,ORD0001692,PROD0454,CUST00452,2021-08-14,Size Issue,986.0,Refunded,3,Toys & Games
RET000287,ORD0001692,PROD0443,CUST00452,2021-08-14,Damaged in Transit,5080.0,Refunded,5,Sports & Fitness
RET000288,ORD0001692,PROD0198,CUST00452,2021-08-14,Damaged in Transit,7314.0,Refunded,12,Toys & Games
RET000289,ORD0001696,PROD0511,CUST03284,2024-12-30,Wrong Item,1268.0,Refunded,12,Office Supplies
RET000290,ORD0001696,PROD0015,CUST03284,2024-12-30,Wrong Item,20504.0,Refunded,5,Fashion
RET000291,ORD0001698,PROD0726,CUST02147,2021-06-08,Better Price Found,149259.0,Refunded,7,Electronics
RET000292,ORD0001698,PROD0131,CUST02147,2021-06-08,Better Price Found,5571.0,Refunded,6,Office Supplies
RET000293,ORD0001698,PROD0047,CUST02147,2021-06-08,Better Price Found,166.0,Rejected,11,Automotive
RET000294,ORD0001702,PROD0774,CUST02389,2022-08-02,Defective Product,18660.0,Refunded,14,Home & Kitchen
RET000295,ORD0001707,PROD0174,CUST04147,2023-04-02,Better Price Found,2392.0,Refunded,12,Toys & Games
RET000296,ORD0001726,PROD0519,CUST01927,2023-03-06,Changed Mind,522.0,Refunded,11,Sports & Fitness
RET000297,ORD0001726,PROD0227,CUST01927,2023-03-06,Wrong Item,21640.0,Refunded,5,Home & Kitchen
RET000298,ORD0001749,PROD0607,CUST00874,2024-09-28,Better Price Found,840.0,Pending,13,Books
RET000299,ORD0001775,PROD0084,CUST02973,2021-02-04,Better Price Found,49053.0,Refunded,6,Automotive
RET000300,ORD0001775,PROD0281,CUST02973,2021-02-04,Changed Mind,1122.0,Refunded,12,Grocery
RET000301,ORD0001775,PROD0345,CUST02973,2021-02-04,Wrong Item,10124.0,Refunded,13,Electronics
RET000302,ORD0001781,PROD0764,CUST00018,2021-07-31,Wrong Item,151.0,Refunded,9,Books
RET000303,ORD0001781,PROD0294,CUST00018,2021-07-31,Changed Mind,12349.0,Rejected,9,Sports & Fitness
RET000304,ORD0001803,PROD0302,CUST02976,2023-02-02,Defective Product,2206.0,Refunded,8,Beauty & Health
RET000305,ORD0001811,PROD0198,CUST04580,2020-04-19,Changed Mind,4876.0,Refunded,12,Toys & Games
RET000306,ORD0001811,PROD0481,CUST04580,2020-04-19,Defective Product,10668.0,Refunded,6,Beauty & Health
RET000307,ORD0001824,PROD0142,CUST00391,2023-10-03,Wrong Item,1426.0,Refunded,3,Grocery
RET000308,ORD0001831,PROD0076,CUST02314,2021-03-06,Better Price Found,2032.0,Refunded,7,Grocery
RET000309,ORD0001831,PROD0706,CUST02314,2021-03-06,Size Issue,24906.0,Refunded,12,Sports & Fitness
RET000310,ORD0001831,PROD0369,CUST02314,2021-03-06,Better Price Found,131692.0,Refunded,11,Electronics
RET000311,ORD0001832,PROD0395,CUST02854,2021-03-08,Wrong Item,9414.0,Pending,10,Fashion
RET000312,ORD0001832,PROD0513,CUST02854,2021-03-08,Damaged in Transit,10663.0,Refunded,7,Automotive
RET000313,ORD0001838,PROD0178,CUST02059,2024-03-16,Defective Product,4476.0,Refunded,3,Toys & Games
RET000314,ORD0001838,PROD0153,CUST02059,2024-03-16,Wrong Item,559.0,Refunded,11,Grocery
RET000315,ORD0001838,PROD0313,CUST02059,2024-03-16,Damaged in Transit,3209.0,Refunded,12,Fashion
RET000316,ORD0001838,PROD0617,CUST02059,2024-03-16,Wrong Item,4256.0,Refunded,7,Beauty & Health
RET000317,ORD0001847,PROD0039,CUST01117,2021-10-23,Size Issue,5161.0,Pending,7,Automotive
RET000318,ORD0001849,PROD0527,CUST00650,2020-07-30,Damaged in Transit,3321.0,Refunded,10,Automotive
RET000319,ORD0001852,PROD0366,CUST03375,2023-12-21,Better Price Found,4622.0,Refunded,10,Beauty & Health
RET000320,ORD0001861,PROD0517,CUST03938,2021-10-01,Better Price Found,526.0,Refunded,5,Grocery
RET000321,ORD0001861,PROD0467,CUST03938,2021-10-01,Wrong Item,2602.0,Refunded,5,Beauty & Health
RET000322,ORD0001862,PROD0635,CUST03198,2021-10-25,Size Issue,82330.0,Refunded,12,Electronics
RET000323,ORD0001878,PROD0280,CUST03306,2020-02-14,Defective Product,2286.0,Refunded,3,Toys & Games
RET000324,ORD0001890,PROD0370,CUST04014,2022-01-22,Changed Mind,4099.0,Refunded,14,Fashion
RET000325,ORD0001890,PROD0622,CUST04014,2022-01-22,Size Issue,2730.0,Refunded,10,Toys & Games
RET000326,ORD0001924,PROD0209,CUST03343,2020-02-19,Better Price Found,10187.0,Refunded,7,Sports & Fitness
RET000327,ORD0001931,PROD0062,CUST02606,2023-03-02,Wrong Item,11248.0,Refunded,3,Office Supplies
RET000328,ORD0001945,PROD0462,CUST02953,2023-12-31,Wrong Item,92811.0,Refunded,6,Electronics
RET000329,ORD0001953,PROD0140,CUST02361,2022-08-13,Wrong Item,2240.0,Refunded,5,Home & Kitchen
RET000330,ORD0001953,PROD0073,CUST02361,2022-08-13,Damaged in Transit,12925.0,Refunded,12,Sports & Fitness
RET000331,ORD0001956,PROD0018,CUST00503,2022-12-07,Wrong Item,7687.0,Refunded,6,Fashion
RET000332,ORD0001966,PROD0404,CUST04846,2022-01-17,Defective Product,3668.0,Refunded,11,Automotive
RET000333,ORD0001980,PROD0642,CUST04601,2022-01-21,Size Issue,13846.0,Refunded,4,Automotive
RET000334,ORD0001980,PROD0307,CUST04601,2022-01-21,Defective Product,11088.0,Refunded,5,Beauty & Health
RET000335,ORD0001981,PROD0551,CUST03301,2021-10-23,Size Issue,2937.0,Refunded,11,Fashion
RET000336,ORD0001982,PROD0397,CUST01289,2023-07-14,Changed Mind,2032.0,Refunded,9,Automotive
RET000337,ORD0001990,PROD0657,CUST02551,2024-11-23,Better Price Found,773.0,Refunded,12,Books
RET000338,ORD0001990,PROD0054,CUST02551,2024-11-23,Defective Product,960.0,Refunded,12,Office Supplies
RET000339,ORD0001990,PROD0254,CUST02551,2024-11-23,Size Issue,25408.0,Pending,14,Sports & Fitness
RET000340,ORD0001991,PROD0679,CUST02569,2024-09-20,Changed Mind,5791.0,Pending,6,Sports & Fitness
RET000341,ORD0001999,PROD0701,CUST02380,2024-05-22,Changed Mind,27367.0,Pending,9,Home & Kitchen
RET000342,ORD0002006,PROD0287,CUST04818,2023-06-02,Defective Product,3015.0,Refunded,6,Automotive
RET000343,ORD0002006,PROD0317,CUST04818,2023-06-02,Defective Product,13508.0,Pending,8,Office Supplies
RET000344,ORD0002006,PROD0751,CUST04818,2023-06-02,Better Price Found,1334.0,Refunded,10,Grocery
RET000345,ORD0002006,PROD0494,CUST04818,2023-06-02,Defective Product,19229.0,Refunded,8,Automotive
RET000346,ORD0002006,PROD0236,CUST04818,2023-06-02,Damaged in Transit,682.0,Refunded,3,Grocery
RET000347,ORD0002010,PROD0497,CUST04696,2024-07-25,Damaged in Transit,8048.0,Refunded,10,Automotive
RET000348,ORD0002010,PROD0588,CUST04696,2024-07-25,Better Price Found,116.0,Refunded,8,Grocery
RET000349,ORD0002012,PROD0098,CUST04681,2022-02-19,Better Price Found,8795.0,Refunded,10,Sports & Fitness
RET000350,ORD0002024,PROD0234,CUST01102,2021-04-17,Damaged in Transit,396.0,Refunded,7,Grocery
RET000351,ORD0002024,PROD0043,CUST01102,2021-04-17,Damaged in Transit,4428.0,Pending,7,Beauty & Health
RET000352,ORD0002024,PROD0339,CUST01102,2021-04-17,Damaged in Transit,2436.0,Refunded,8,Grocery
RET000353,ORD0002024,PROD0596,CUST01102,2021-04-17,Changed Mind,615.0,Refunded,4,Books
RET000354,ORD0002044,PROD0266,CUST00040,2022-11-25,Wrong Item,27649.0,Pending,6,Electronics
RET000355,ORD0002062,PROD0258,CUST02137,2023-07-25,Better Price Found,3012.0,Pending,6,Beauty & Health
RET000356,ORD0002068,PROD0398,CUST03497,2022-10-17,Wrong Item,1688.0,Refunded,10,Toys & Games
RET000357,ORD0002074,PROD0083,CUST03824,2023-09-24,Size Issue,4100.0,Refunded,5,Toys & Games
RET000358,ORD0002074,PROD0238,CUST03824,2023-09-24,Defective Product,1096.0,Pending,7,Fashion
RET000359,ORD0002079,PROD0176,CUST03399,2024-10-08,Defective Product,803.0,Rejected,4,Books
RET000360,ORD0002079,PROD0301,CUST03399,2024-10-08,Size Issue,2510.0,Pending,11,Sports & Fitness
RET000361,ORD0002083,PROD0630,CUST00492,2022-03-14,Defective Product,1439.0,Refunded,7,Fashion
RET000362,ORD0002084,PROD0128,CUST03337,2023-05-11,Changed Mind,1586.0,Refunded,8,Toys & Games
RET000363,ORD0002094,PROD0144,CUST04897,2024-01-16,Changed Mind,35514.0,Refunded,3,Sports & Fitness
RET000364,ORD0002095,PROD0469,CUST04913,2020-07-24,Better Price Found,39.0,Pending,5,Grocery
RET000365,ORD0002103,PROD0083,CUST01148,2024-12-07,Defective Product,2050.0,Pending,5,Toys & Games
RET000366,ORD0002114,PROD0131,CUST04749,2021-01-16,Size Issue,11142.0,Refunded,11,Office Supplies
RET000367,ORD0002114,PROD0040,CUST04749,2021-01-16,Changed Mind,1431.0,Refunded,7,Grocery
RET000368,ORD0002114,PROD0005,CUST04749,2021-01-16,Wrong Item,11740.0,Refunded,6,Automotive
RET000369,ORD0002115,PROD0502,CUST00802,2021-12-16,Changed Mind,1032.0,Refunded,3,Grocery
RET000370,ORD0002115,PROD0402,CUST00802,2021-12-16,Wrong Item,3460.0,Refunded,12,Office Supplies
RET000371,ORD0002117,PROD0523,CUST00103,2021-03-04,Wrong Item,12422.0,Refunded,10,Automotive
RET000372,ORD0002121,PROD0631,CUST02442,2022-12-10,Damaged in Transit,2690.0,Refunded,5,Beauty & Health
RET000373,ORD0002121,PROD0720,CUST02442,2022-12-10,Defective Product,17043.0,Refunded,8,Home & Kitchen
RET000374,ORD0002129,PROD0094,CUST00364,2020-09-18,Damaged in Transit,11048.0,Pending,14,Home & Kitchen
RET000375,ORD0002129,PROD0051,CUST00364,2020-09-18,Defective Product,91660.0,Refunded,13,Electronics
RET000376,ORD0002129,PROD0189,CUST00364,2020-09-18,Size Issue,4985.0,Refunded,11,Office Supplies
RET000377,ORD0002133,PROD0032,CUST03410,2021-04-10,Wrong Item,30042.0,Refunded,8,Home & Kitchen
RET000378,ORD0002138,PROD0659,CUST04241,2021-10-14,Changed Mind,1058.0,Pending,4,Grocery
RET000379,ORD0002191,PROD0292,CUST00560,2023-08-21,Damaged in Transit,19836.0,Refunded,9,Home & Kitchen
RET000380,ORD0002203,PROD0278,CUST03817,2021-12-14,Better Price Found,4956.0,Refunded,6,Toys & Games
RET000381,ORD0002206,PROD0061,CUST02256,2023-12-23,Better Price Found,38034.0,Refunded,7,Home & Kitchen
RET000382,ORD0002222,PROD0342,CUST00883,2022-12-26,Size Issue,12360.0,Refunded,11,Sports & Fitness
RET000383,ORD0002222,PROD0245,CUST00883,2022-12-26,Damaged in Transit,20974.0,Refunded,12,Sports & Fitness
RET000384,ORD0002226,PROD0477,CUST03001,2024-04-04,Damaged in Transit,2545.0,Refunded,12,Fashion
RET000385,ORD0002231,PROD0174,CUST01396,2023-11-14,Better Price Found,1133.0,Refunded,11,Toys & Games
RET000386,ORD0002231,PROD0752,CUST01396,2023-11-14,Defective Product,200.0,Refunded,12,Office Supplies
RET000387,ORD0002232,PROD0488,CUST04404,2024-11-21,Defective Product,9398.0,Refunded,13,Fashion
RET000388,ORD0002276,PROD0440,CUST01974,2024-03-21,Defective Product,2656.0,Pending,10,Automotive
RET000389,ORD0002277,PROD0396,CUST02151,2024-10-11,Changed Mind,122644.0,Refunded,4,Home & Kitchen
RET000390,ORD0002279,PROD0652,CUST03870,2021-11-04,Better Price Found,1541.0,Refunded,13,Beauty & Health
RET000391,ORD0002279,PROD0095,CUST03870,2021-11-04,Better Price Found,1238.0,Refunded,10,Toys & Games
RET000392,ORD0002279,PROD0369,CUST03870,2021-11-04,Wrong Item,65846.0,Refunded,11,Electronics
RET000393,ORD0002298,PROD0325,CUST01268,2025-01-02,Defective Product,9466.0,Refunded,4,Automotive
RET000394,ORD0002298,PROD0435,CUST01268,2025-01-02,Defective Product,913.0,Refunded,6,Books
RET000395,ORD0002305,PROD0081,CUST03836,2022-11-24,Size Issue,3836.0,Refunded,13,Fashion
RET000396,ORD0002305,PROD0607,CUST03836,2022-11-24,Defective Product,251.0,Refunded,9,Books
RET000397,ORD0002305,PROD0022,CUST03836,2022-11-24,Changed Mind,109232.0,Pending,7,Home & Kitchen
RET000398,ORD0002306,PROD0482,CUST01101,2020-02-28,Size Issue,617.0,Refunded,5,Grocery
RET000399,ORD0002306,PROD0009,CUST01101,2020-02-28,Size Issue,4170.0,Pending,13,Beauty & Health
RET000400,ORD0002338,PROD0686,CUST02467,2021-07-15,Damaged in Transit,4746.0,Refunded,7,Toys & Games
RET000401,ORD0002338,PROD0570,CUST02467,2021-07-15,Size Issue,1182.0,Refunded,10,Books
RET000402,ORD0002338,PROD0256,CUST02467,2021-07-15,Defective Product,4585.0,Refunded,7,Home & Kitchen
RET000403,ORD0002352,PROD0733,CUST04559,2023-01-24,Better Price Found,16785.0,Refunded,4,Automotive
RET000404,ORD0002352,PROD0344,CUST04559,2023-01-24,Defective Product,11628.0,Refunded,3,Fashion
RET000405,ORD0002352,PROD0464,CUST04559,2023-01-24,Defective Product,3240.0,Refunded,9,Beauty & Health
RET000406,ORD0002375,PROD0414,CUST02277,2023-05-30,Damaged in Transit,762.0,Refunded,8,Books
RET000407,ORD0002375,PROD0778,CUST02277,2023-05-30,Wrong Item,20420.0,Refunded,14,Office Supplies
RET000408,ORD0002375,PROD0217,CUST02277,2023-05-30,Changed Mind,8084.0,Refunded,9,Toys & Games
RET000409,ORD0002375,PROD0455,CUST02277,2023-05-30,Better Price Found,21276.0,Refunded,9,Automotive
RET000410,ORD0002379,PROD0721,CUST01731,2024-07-08,Wrong Item,1586.0,Refunded,3,Grocery
RET000411,ORD0002379,PROD0784,CUST01731,2024-07-08,Size Issue,2130.0,Refunded,4,Books
RET000412,ORD0002379,PROD0093,CUST01731,2024-07-08,Better Price Found,5502.0,Refunded,10,Office Supplies
RET000413,ORD0002380,PROD0502,CUST01757,2023-08-23,Damaged in Transit,903.0,Refunded,10,Grocery
RET000414,ORD0002381,PROD0057,CUST00068,2022-11-15,Damaged in Transit,3666.0,Refunded,7,Automotive
RET000415,ORD0002381,PROD0524,CUST00068,2022-11-15,Damaged in Transit,12594.0,Refunded,3,Fashion
RET000416,ORD0002387,PROD0165,CUST03769,2022-06-17,Better Price Found,440.0,Refunded,11,Books
RET000417,ORD0002393,PROD0524,CUST00993,2020-11-28,Size Issue,7408.0,Refunded,9,Fashion
RET000418,ORD0002430,PROD0293,CUST03310,2021-03-29,Changed Mind,87361.0,Refunded,8,Electronics
RET000419,ORD0002441,PROD0697,CUST00262,2022-02-28,Better Price Found,14842.0,Refunded,3,Sports & Fitness
RET000420,ORD0002443,PROD0250,CUST04250,2023-05-04,Damaged in Transit,280.0,Refunded,9,Grocery
RET000421,ORD0002468,PROD0569,CUST04337,2024-07-05,Damaged in Transit,3600.0,Refunded,4,Office Supplies
RET000422,ORD0002468,PROD0328,CUST04337,2024-07-05,Size Issue,1426.0,Refunded,14,Office Supplies
RET000423,ORD0002468,PROD0763,CUST04337,2024-07-05,Changed Mind,4908.0,Refunded,10,Office Supplies
RET000424,ORD0002475,PROD0501,CUST00348,2023-05-02,Better Price Found,19576.0,Pending,8,Home & Kitchen
RET000425,ORD0002475,PROD0690,CUST00348,2023-05-02,Defective Product,368.0,Refunded,7,Books
RET000426,ORD0002498,PROD0504,CUST01728,2025-01-18,Changed Mind,17022.0,Refunded,3,Home & Kitchen
RET000427,ORD0002498,PROD0692,CUST01728,2025-01-18,Damaged in Transit,3536.0,Pending,4,Office Supplies
RET000428,ORD0002498,PROD0487,CUST01728,2025-01-18,Defective Product,4364.0,Refunded,8,Toys & Games
RET000429,ORD0002498,PROD0270,CUST01728,2025-01-18,Wrong Item,662.0,Refunded,4,Books
RET000430,ORD0002500,PROD0150,CUST03725,2020-07-14,Size Issue,2145.0,Refunded,9,Home & Kitchen
RET000431,ORD0002500,PROD0548,CUST03725,2020-07-14,Size Issue,7535.0,Refunded,12,Automotive
RET000432,ORD0002500,PROD0317,CUST03725,2020-07-14,Size Issue,6754.0,Refunded,5,Office Supplies
RET000433,ORD0002523,PROD0790,CUST01201,2022-02-09,Wrong Item,3661.0,Refunded,14,Fashion
RET000434,ORD0002523,PROD0089,CUST01201,2022-02-09,Defective Product,2690.0,Refunded,6,Office Supplies
RET000435,ORD0002532,PROD0195,CUST03879,2022-12-15,Wrong Item,6494.0,Rejected,10,Automotive
RET000436,ORD0002532,PROD0522,CUST03879,2022-12-15,Changed Mind,4535.0,Refunded,12,Toys & Games
RET000437,ORD0002532,PROD0765,CUST03879,2022-12-15,Better Price Found,15092.0,Refunded,8,Home & Kitchen
RET000438,ORD0002542,PROD0369,CUST01672,2022-11-07,Better Price Found,65846.0,Refunded,8,Electronics
RET000439,ORD0002551,PROD0670,CUST04726,2023-11-06,Wrong Item,1404.0,Refunded,9,Books
RET000440,ORD0002551,PROD0444,CUST04726,2023-11-06,Wrong Item,590.0,Refunded,3,Grocery
RET000441,ORD0002561,PROD0282,CUST00174,2021-10-02,Changed Mind,3230.0,Refunded,6,Books
RET000442,ORD0002565,PROD0204,CUST04381,2023-11-20,Wrong Item,2231.0,Refunded,4,Office Supplies
RET000443,ORD0002565,PROD0609,CUST04381,2023-11-20,Changed Mind,3812.0,Refunded,12,Fashion
RET000444,ORD0002565,PROD0383,CUST04381,2023-11-20,Changed Mind,13722.0,Rejected,14,Fashion
RET000445,ORD0002565,PROD0664,CUST04381,2023-11-20,Defective Product,12470.0,Pending,10,Home & Kitchen
RET000446,ORD0002566,PROD0187,CUST01189,2021-01-19,Damaged in Transit,397.0,Pending,6,Books
RET000447,ORD0002566,PROD0253,CUST01189,2021-01-19,Defective Product,608.0,Refunded,5,Toys & Games
RET000448,ORD0002566,PROD0793,CUST01189,2021-01-19,Damaged in Transit,2678.0,Pending,4,Beauty & Health
RET000449,ORD0002566,PROD0416,CUST01189,2021-01-19,Damaged in Transit,2154.0,Refunded,14,Fashion
RET000450,ORD0002571,PROD0519,CUST04569,2022-03-06,Size Issue,836.0,Pending,5,Sports & Fitness
RET000451,ORD0002571,PROD0648,CUST04569,2022-03-06,Damaged in Transit,3332.0,Refunded,13,Fashion
RET000452,ORD0002571,PROD0368,CUST04569,2022-03-06,Better Price Found,4299.0,Pending,9,Beauty & Health
RET000453,ORD0002571,PROD0788,CUST04569,2022-03-06,Better Price Found,1186.0,Refunded,8,Grocery
RET000454,ORD0002584,PROD0678,CUST04611,2023-01-16,Size Issue,3322.0,Refunded,14,Office Supplies
RET000455,ORD0002584,PROD0331,CUST04611,2023-01-16,Wrong Item,4682.0,Refunded,13,Toys & Games
RET000456,ORD0002595,PROD0521,CUST01166,2023-04-09,Changed Mind,103970.0,Refunded,5,Electronics
RET000457,ORD0002595,PROD0683,CUST01166,2023-04-09,Damaged in Transit,336.0,Pending,12,Books
RET000458,ORD0002635,PROD0032,CUST02256,2023-11-27,Damaged in Transit,16898.0,Refunded,14,Home & Kitchen
RET000459,ORD0002635,PROD0574,CUST02256,2023-11-27,Better Price Found,39686.0,Refunded,8,Electronics
RET000460,ORD0002651,PROD0537,CUST01600,2022-10-04,Better Price Found,431.0,Rejected,8,Books
RET000461,ORD0002667,PROD0394,CUST02551,2022-11-04,Changed Mind,13101.0,Refunded,9,Office Supplies
RET000462,ORD0002667,PROD0013,CUST02551,2022-11-04,Wrong Item,46144.0,Refunded,11,Electronics
RET000463,ORD0002679,PROD0004,CUST02965,2023-11-09,Damaged in Transit,110284.0,Refunded,11,Home & Kitchen
RET000464,ORD0002682,PROD0117,CUST04569,2021-04-19,Size Issue,33189.0,Refunded,13,Automotive
RET000465,ORD0002693,PROD0202,CUST00460,2023-04-20,Defective Product,6479.0,Refunded,6,Sports & Fitness
RET000466,ORD0002711,PROD0631,CUST01048,2023-09-10,Size Issue,1345.0,Refunded,4,Beauty & Health
RET000467,ORD0002719,PROD0160,CUST03032,2024-03-07,Wrong Item,10400.0,Refunded,3,Fashion
RET000468,ORD0002719,PROD0730,CUST03032,2024-03-07,Wrong Item,626.0,Refunded,5,Grocery
RET000469,ORD0002719,PROD0149,CUST03032,2024-03-07,Size Issue,48772.0,Refunded,7,Home & Kitchen
RET000470,ORD0002719,PROD0589,CUST03032,2024-03-07,Size Issue,1753.0,Refunded,12,Toys & Games
RET000471,ORD0002736,PROD0421,CUST00291,2022-12-17,Changed Mind,1947.0,Pending,5,Fashion
RET000472,ORD0002742,PROD0125,CUST04118,2020-07-23,Better Price Found,1646.0,Refunded,4,Grocery
RET000473,ORD0002742,PROD0532,CUST04118,2020-07-23,Better Price Found,2645.0,Refunded,13,Beauty & Health
RET000474,ORD0002742,PROD0717,CUST04118,2020-07-23,Defective Product,8841.0,Pending,8,Home & Kitchen
RET000475,ORD0002750,PROD0778,CUST02417,2021-07-02,Damaged in Transit,4805.0,Refunded,9,Office Supplies
RET000476,ORD0002775,PROD0686,CUST01314,2021-07-04,Damaged in Transit,4746.0,Refunded,3,Toys & Games
RET000477,ORD0002775,PROD0688,CUST01314,2021-07-04,Defective Product,4066.0,Refunded,9,Office Supplies
RET000478,ORD0002779,PROD0522,CUST03463,2024-03-06,Damaged in Transit,4535.0,Refunded,10,Toys & Games
RET000479,ORD0002779,PROD0126,CUST03463,2024-03-06,Better Price Found,10414.0,Refunded,9,Fashion
RET000480,ORD0002779,PROD0749,CUST03463,2024-03-06,Wrong Item,4355.0,Refunded,13,Fashion
RET000481,ORD0002779,PROD0550,CUST03463,2024-03-06,Size Issue,55196.0,Refunded,4,Home & Kitchen
RET000482,ORD0002850,PROD0690,CUST00639,2023-05-24,Size Issue,319.0,Refunded,10,Books
RET000483,ORD0002907,PROD0343,CUST00241,2022-12-15,Size Issue,1624.0,Refunded,13,Beauty & Health
RET000484,ORD0002916,PROD0212,CUST00455,2024-08-24,Changed Mind,5060.0,Refunded,6,Fashion
RET000485,ORD0002916,PROD0719,CUST00455,2024-08-24,Defective Product,1369.0,Refunded,9,Books
RET000486,ORD0002916,PROD0659,CUST00455,2024-08-24,Damaged in Transit,441.0,Refunded,8,Grocery
RET000487,ORD0002917,PROD0555,CUST03673,2022-03-26,Defective Product,105711.0,Pending,9,Electronics
RET000488,ORD0002925,PROD0381,CUST03283,2021-06-09,Changed Mind,7174.0,Pending,5,Office Supplies
RET000489,ORD0002925,PROD0412,CUST03283,2021-06-09,Size Issue,49470.0,Refunded,8,Home & Kitchen
RET000490,ORD0002948,PROD0217,CUST00152,2021-07-05,Defective Product,4042.0,Refunded,8,Toys & Games
RET000491,ORD0002955,PROD0566,CUST01394,2022-03-31,Damaged in Transit,10290.0,Refunded,3,Sports & Fitness
RET000492,ORD0002956,PROD0621,CUST00067,2020-03-14,Better Price Found,19724.0,Pending,6,Fashion
RET000493,ORD0002956,PROD0736,CUST00067,2020-03-14,Better Price Found,95985.0,Refunded,9,Home & Kitchen
RET000494,ORD0002979,PROD0671,CUST04620,2024-01-27,Wrong Item,8578.0,Pending,11,Fashion
RET000495,ORD0002985,PROD0196,CUST04920,2022-06-30,Defective Product,798.0,Refunded,5,Books
RET000496,ORD0002985,PROD0341,CUST04920,2022-06-30,Changed Mind,12322.0,Refunded,4,Fashion
RET000497,ORD0002990,PROD0778,CUST03176,2024-01-09,Size Issue,5105.0,Refunded,14,Office Supplies
RET000498,ORD0002990,PROD0283,CUST03176,2024-01-09,Defective Product,319.0,Refunded,9,Grocery
RET000499,ORD0002990,PROD0711,CUST03176,2024-01-09,Wrong Item,49796.0,Refunded,8,Electronics
RET000500,ORD0002992,PROD0475,CUST02154,2023-11-28,Wrong Item,1108.0,Refunded,11,Books
RET000501,ORD0002994,PROD0709,CUST01979,2023-06-04,Better Price Found,116121.0,Refunded,4,Electronics
RET000502,ORD0003003,PROD0636,CUST02916,2021-05-16,Defective Product,63922.0,Refunded,11,Electronics
RET000503,ORD0003008,PROD0065,CUST00769,2021-11-27,Damaged in Transit,798.0,Refunded,14,Beauty & Health
RET000504,ORD0003013,PROD0404,CUST01775,2022-03-24,Defective Product,3950.0,Refunded,10,Automotive
RET000505,ORD0003013,PROD0588,CUST01775,2022-03-24,Damaged in Transit,232.0,Refunded,11,Grocery
RET000506,ORD0003013,PROD0430,CUST01775,2022-03-24,Size Issue,17451.0,Refunded,14,Sports & Fitness
RET000507,ORD0003013,PROD0447,CUST01775,2022-03-24,Damaged in Transit,2692.0,Refunded,6,Fashion
RET000508,ORD0003028,PROD0293,CUST00473,2021-03-19,Size Issue,174722.0,Refunded,11,Electronics
RET000509,ORD0003028,PROD0747,CUST00473,2021-03-19,Defective Product,19488.0,Refunded,11,Fashion
RET000510,ORD0003045,PROD0593,CUST01611,2021-05-23,Size Issue,19612.0,Refunded,7,Home & Kitchen
RET000511,ORD0003057,PROD0692,CUST03900,2022-01-23,Changed Mind,2063.0,Refunded,9,Office Supplies
RET000512,ORD0003062,PROD0644,CUST01806,2021-11-07,Changed Mind,3792.0,Refunded,9,Beauty & Health
RET000513,ORD0003062,PROD0637,CUST01806,2021-11-07,Damaged in Transit,1088.0,Refunded,8,Beauty & Health
RET000514,ORD0003074,PROD0464,CUST03021,2021-12-13,Size Issue,3431.0,Pending,5,Beauty & Health
RET000515,ORD0003103,PROD0053,CUST03796,2023-06-28,Size Issue,9643.0,Refunded,11,Fashion
RET000516,ORD0003103,PROD0422,CUST03796,2023-06-28,Changed Mind,11475.0,Refunded,5,Fashion
RET000517,ORD0003112,PROD0407,CUST03668,2025-01-08,Better Price Found,5200.0,Refunded,8,Books
RET000518,ORD0003114,PROD0297,CUST04975,2023-05-07,Defective Product,15593.0,Pending,10,Automotive
RET000519,ORD0003116,PROD0710,CUST02001,2021-03-17,Changed Mind,11282.0,Refunded,11,Sports & Fitness
RET000520,ORD0003123,PROD0257,CUST03157,2020-07-07,Size Issue,27147.0,Refunded,9,Electronics
RET000521,ORD0003123,PROD0588,CUST03157,2020-07-07,Size Issue,116.0,Refunded,8,Grocery
RET000522,ORD0003126,PROD0072,CUST03051,2022-04-09,Damaged in Transit,58568.0,Refunded,7,Electronics
RET000523,ORD0003126,PROD0118,CUST03051,2022-04-09,Wrong Item,18015.0,Refunded,8,Office Supplies
RET000524,ORD0003128,PROD0690,CUST00290,2022-11-18,Wrong Item,319.0,Refunded,10,Books
RET000525,ORD0003128,PROD0194,CUST00290,2022-11-18,Defective Product,11768.0,Refunded,10,Sports & Fitness
RET000526,ORD0003128,PROD0326,CUST00290,2022-11-18,Better Price Found,6502.0,Refunded,12,Automotive
RET000527,ORD0003130,PROD0638,CUST04957,2021-05-14,Changed Mind,286072.0,Refunded,7,Electronics
RET000528,ORD0003130,PROD0364,CUST04957,2021-05-14,Changed Mind,218.0,Refunded,9,Books
RET000529,ORD0003130,PROD0669,CUST04957,2021-05-14,Wrong Item,17350.0,Refunded,13,Home & Kitchen
RET000530,ORD0003130,PROD0643,CUST04957,2021-05-14,Damaged in Transit,7577.0,Refunded,5,Fashion
RET000531,ORD0003132,PROD0340,CUST02071,2020-04-22,Wrong Item,2046.0,Refunded,10,Beauty & Health
RET000532,ORD0003133,PROD0780,CUST00851,2022-03-05,Wrong Item,6238.0,Refunded,6,Electronics
RET000533,ORD0003133,PROD0523,CUST00851,2022-03-05,Wrong Item,10648.0,Refunded,12,Automotive
RET000534,ORD0003134,PROD0063,CUST03385,2023-07-02,Better Price Found,3660.0,Pending,12,Beauty & Health
RET000535,ORD0003134,PROD0346,CUST03385,2023-07-02,Damaged in Transit,20088.0,Refunded,9,Home & Kitchen
RET000536,ORD0003136,PROD0267,CUST01951,2023-11-18,Damaged in Transit,19048.0,Refunded,3,Home & Kitchen
RET000537,ORD0003136,PROD0764,CUST01951,2023-11-18,Better Price Found,162.0,Refunded,10,Books
RET000538,ORD0003136,PROD0455,CUST01951,2023-11-18,Wrong Item,21276.0,Refunded,11,Automotive
RET000539,ORD0003136,PROD0359,CUST01951,2023-11-18,Defective Product,4528.0,Refunded,10,Office Supplies
RET000540,ORD0003142,PROD0241,CUST02902,2021-01-06,Changed Mind,33181.0,Refunded,3,Home & Kitchen
RET000541,ORD0003149,PROD0262,CUST02086,2023-01-04,Changed Mind,29856.0,Refunded,4,Home & Kitchen
RET000542,ORD0003164,PROD0533,CUST00602,2022-05-29,Changed Mind,15388.0,Refunded,5,Office Supplies
RET000543,ORD0003164,PROD0377,CUST00602,2022-05-29,Defective Product,1601.0,Refunded,7,Toys & Games
RET000544,ORD0003164,PROD0610,CUST00602,2022-05-29,Defective Product,3219.0,Refunded,3,Toys & Games
RET000545,ORD0003164,PROD0208,CUST00602,2022-05-29,Better Price Found,40692.0,Refunded,11,Sports & Fitness
RET000546,ORD0003164,PROD0126,CUST00602,2022-05-29,Changed Mind,15621.0,Refunded,14,Fashion
RET000547,ORD0003174,PROD0407,CUST00982,2020-06-03,Wrong Item,1227.0,Refunded,8,Books
RET000548,ORD0003174,PROD0354,CUST00982,2020-06-03,Changed Mind,468.0,Pending,13,Fashion
RET000549,ORD0003187,PROD0139,CUST03697,2021-10-09,Defective Product,47274.0,Refunded,5,Home & Kitchen
RET000550,ORD0003187,PROD0602,CUST03697,2021-10-09,Size Issue,7266.0,Rejected,6,Office Supplies
RET000551,ORD0003187,PROD0360,CUST03697,2021-10-09,Better Price Found,1870.0,Refunded,8,Electronics
RET000552,ORD0003187,PROD0708,CUST03697,2021-10-09,Damaged in Transit,4854.0,Refunded,8,Fashion
RET000553,ORD0003193,PROD0580,CUST04540,2023-04-28,Changed Mind,6618.0,Refunded,14,Fashion
RET000554,ORD0003193,PROD0255,CUST04540,2023-04-28,Wrong Item,72955.0,Refunded,4,Electronics
RET000555,ORD0003193,PROD0720,CUST04540,2023-04-28,Better Price Found,15150.0,Refunded,12,Home & Kitchen
RET000556,ORD0003193,PROD0676,CUST04540,2023-04-28,Defective Product,1121.0,Refunded,9,Grocery
RET000557,ORD0003217,PROD0360,CUST00627,2024-03-28,Size Issue,4156.0,Refunded,7,Electronics
RET000558,ORD0003218,PROD0638,CUST00849,2020-08-11,Damaged in Transit,75491.0,Refunded,11,Electronics
RET000559,ORD0003260,PROD0742,CUST03711,2020-09-24,Changed Mind,618.0,Refunded,5,Books
RET000560,ORD0003270,PROD0010,CUST03597,2023-04-22,Changed Mind,34536.0,Refunded,7,Sports & Fitness
RET000561,ORD0003270,PROD0341,CUST03597,2023-04-22,Changed Mind,12322.0,Rejected,7,Fashion
RET000562,ORD0003281,PROD0133,CUST04923,2024-11-14,Damaged in Transit,2275.0,Refunded,5,Office Supplies
RET000563,ORD0003297,PROD0194,CUST03524,2020-03-08,Damaged in Transit,11768.0,Refunded,10,Sports & Fitness
RET000564,ORD0003305,PROD0088,CUST02995,2022-04-30,Defective Product,42059.0,Refunded,13,Electronics
RET000565,ORD0003305,PROD0571,CUST02995,2022-04-30,Size Issue,861.0,Refunded,6,Grocery
RET000566,ORD0003328,PROD0794,CUST02914,2021-01-06,Size Issue,1540.0,Refunded,14,Toys & Games
RET000567,ORD0003328,PROD0255,CUST02914,2021-01-06,Better Price Found,145910.0,Refunded,9,Electronics
RET000568,ORD0003328,PROD0353,CUST02914,2021-01-06,Size Issue,170776.0,Refunded,3,Electronics
RET000569,ORD0003328,PROD0729,CUST02914,2021-01-06,Wrong Item,764.0,Rejected,14,Books
RET000570,ORD0003342,PROD0796,CUST00932,2021-12-19,Size Issue,2364.0,Refunded,11,Office Supplies
RET000571,ORD0003345,PROD0094,CUST00882,2022-03-21,Wrong Item,11048.0,Refunded,11,Home & Kitchen
RET000572,ORD0003345,PROD0351,CUST00882,2022-03-21,Size Issue,7676.0,Refunded,10,Sports & Fitness
RET000573,ORD0003345,PROD0603,CUST00882,2022-03-21,Defective Product,520.0,Refunded,4,Beauty & Health
RET000574,ORD0003346,PROD0131,CUST01809,2022-06-03,Size Issue,22284.0,Refunded,5,Office Supplies
RET000575,ORD0003353,PROD0306,CUST04578,2024-10-23,Changed Mind,7918.0,Refunded,10,Beauty & Health
RET000576,ORD0003357,PROD0116,CUST03739,2024-06-18,Changed Mind,46100.0,Refunded,6,Electronics
RET000577,ORD0003357,PROD0289,CUST03739,2024-06-18,Damaged in Transit,1918.0,Refunded,6,Books
RET000578,ORD0003357,PROD0259,CUST03739,2024-06-18,Better Price Found,3045.0,Refunded,12,Fashion
RET000579,ORD0003361,PROD0256,CUST00118,2020-08-07,Size Issue,4912.0,Refunded,9,Home & Kitchen
RET000580,ORD0003376,PROD0799,CUST00384,2024-03-29,Wrong Item,21080.0,Refunded,6,Electronics
RET000581,ORD0003376,PROD0212,CUST00384,2024-03-29,Wrong Item,5378.0,Refunded,8,Fashion
RET000582,ORD0003383,PROD0279,CUST00998,2024-04-13,Size Issue,921.0,Refunded,9,Grocery
RET000583,ORD0003399,PROD0431,CUST02578,2020-07-24,Defective Product,1852.0,Rejected,9,Toys & Games
RET000584,ORD0003399,PROD0215,CUST02578,2020-07-24,Size Issue,1826.0,Refunded,5,Books
RET000585,ORD0003399,PROD0091,CUST02578,2020-07-24,Size Issue,1346.0,Refunded,13,Beauty & Health
RET000586,ORD0003410,PROD0420,CUST01068,2024-02-20,Better Price Found,12259.0,Refunded,3,Sports & Fitness
RET000587,ORD0003410,PROD0063,CUST01068,2024-02-20,Damaged in Transit,1220.0,Refunded,14,Beauty & Health
RET000588,ORD0003415,PROD0107,CUST03830,2023-11-19,Changed Mind,586.0,Refunded,7,Grocery
RET000589,ORD0003415,PROD0717,CUST03830,2023-11-19,Better Price Found,8841.0,Refunded,6,Home & Kitchen
RET000590,ORD0003419,PROD0620,CUST03978,2023-10-27,Better Price Found,1310.0,Refunded,6,Books
RET000591,ORD0003434,PROD0675,CUST01281,2024-12-09,Changed Mind,3856.0,Pending,12,Toys & Games
RET000592,ORD0003437,PROD0054,CUST02405,2022-09-10,Wrong Item,891.0,Rejected,8,Office Supplies
RET000593,ORD0003452,PROD0207,CUST02331,2023-01-22,Defective Product,981.0,Pending,7,Books
RET000594,ORD0003475,PROD0287,CUST04855,2020-07-28,Damaged in Transit,6892.0,Refunded,6,Automotive
RET000595,ORD0003475,PROD0003,CUST04855,2020-07-28,Wrong Item,25338.0,Refunded,12,Electronics
RET000596,ORD0003475,PROD0777,CUST04855,2020-07-28,Damaged in Transit,1133.0,Refunded,14,Toys & Games
RET000597,ORD0003480,PROD0205,CUST00039,2023-07-03,Defective Product,4637.0,Refunded,6,Toys & Games
RET000598,ORD0003481,PROD0700,CUST04372,2023-08-16,Damaged in Transit,565.0,Refunded,10,Books
RET000599,ORD0003511,PROD0273,CUST02578,2022-03-30,Changed Mind,31530.0,Refunded,8,Home & Kitchen
RET000600,ORD0003516,PROD0096,CUST03470,2020-06-05,Better Price Found,936.0,Refunded,4,Office Supplies
RET000601,ORD0003516,PROD0295,CUST03470,2020-06-05,Better Price Found,456.0,Refunded,4,Toys & Games
RET000602,ORD0003516,PROD0465,CUST03470,2020-06-05,Changed Mind,1146.0,Refunded,10,Grocery
RET000603,ORD0003528,PROD0157,CUST00591,2024-02-03,Size Issue,554.0,Refunded,14,Books
RET000604,ORD0003528,PROD0123,CUST00591,2024-02-03,Changed Mind,22315.0,Refunded,7,Sports & Fitness
RET000605,ORD0003528,PROD0734,CUST00591,2024-02-03,Defective Product,3753.0,Refunded,5,Fashion
RET000606,ORD0003528,PROD0616,CUST00591,2024-02-03,Size Issue,11668.0,Refunded,12,Automotive
RET000607,ORD0003528,PROD0684,CUST00591,2024-02-03,Defective Product,57612.0,Refunded,8,Electronics
RET000608,ORD0003529,PROD0128,CUST01686,2020-04-04,Wrong Item,3340.0,Refunded,7,Toys & Games
RET000609,ORD0003529,PROD0333,CUST01686,2020-04-04,Better Price Found,1156.0,Refunded,7,Home & Kitchen
RET000610,ORD0003539,PROD0699,CUST00202,2023-07-30,Changed Mind,8501.0,Refunded,14,Automotive
RET000611,ORD0003539,PROD0622,CUST00202,2023-07-30,Better Price Found,2340.0,Rejected,9,Toys & Games
RET000612,ORD0003539,PROD0788,CUST00202,2023-07-30,Size Issue,1107.0,Refunded,6,Grocery
RET000613,ORD0003539,PROD0174,CUST00202,2023-07-30,Damaged in Transit,3588.0,Refunded,3,Toys & Games
RET000614,ORD0003539,PROD0176,CUST00202,2023-07-30,Wrong Item,803.0,Refunded,14,Books
RET000615,ORD0003542,PROD0025,CUST00906,2021-07-23,Wrong Item,37740.0,Refunded,8,Automotive
RET000616,ORD0003548,PROD0415,CUST02662,2023-07-26,Defective Product,12960.0,Refunded,8,Office Supplies
RET000617,ORD0003548,PROD0768,CUST02662,2023-07-26,Defective Product,2156.0,Refunded,12,Books
RET000618,ORD0003559,PROD0456,CUST02975,2020-09-20,Wrong Item,13048.0,Refunded,9,Beauty & Health
RET000619,ORD0003559,PROD0599,CUST02975,2020-09-20,Damaged in Transit,28100.0,Refunded,5,Home & Kitchen
RET000620,ORD0003559,PROD0176,CUST02975,2020-09-20,Size Issue,709.0,Refunded,8,Books
RET000621,ORD0003559,PROD0652,CUST02975,2020-09-20,Changed Mind,3082.0,Refunded,7,Beauty & Health
RET000622,ORD0003561,PROD0666,CUST04580,2024-03-06,Wrong Item,3650.0,Refunded,11,Home & Kitchen
RET000623,ORD0003574,PROD0751,CUST01479,2021-03-29,Damaged in Transit,2118.0,Refunded,14,Grocery
RET000624,ORD0003607,PROD0143,CUST01726,2023-04-09,Better Price Found,59720.0,Refunded,7,Sports & Fitness
RET000625,ORD0003616,PROD0377,CUST04861,2020-04-04,Size Issue,1815.0,Rejected,4,Toys & Games
RET000626,ORD0003616,PROD0277,CUST04861,2020-04-04,Damaged in Transit,588.0,Refunded,14,Beauty & Health
RET000627,ORD0003646,PROD0581,CUST03501,2021-01-13,Wrong Item,668.0,Refunded,9,Grocery
RET000628,ORD0003652,PROD0305,CUST03582,2021-11-05,Damaged in Transit,53328.0,Refunded,7,Home & Kitchen
RET000629,ORD0003658,PROD0185,CUST04237,2023-06-01,Changed Mind,7548.0,Pending,4,Fashion
RET000630,ORD0003658,PROD0365,CUST04237,2023-06-01,Defective Product,17940.0,Pending,6,Automotive
RET000631,ORD0003658,PROD0403,CUST04237,2023-06-01,Damaged in Transit,3650.0,Refunded,4,Office Supplies
RET000632,ORD0003658,PROD0108,CUST04237,2023-06-01,Better Price Found,37466.0,Refunded,8,Home & Kitchen
RET000633,ORD0003668,PROD0053,CUST00937,2022-10-12,Changed Mind,8357.0,Refunded,3,Fashion
RET000634,ORD0003671,PROD0618,CUST02588,2021-01-28,Size Issue,1996.0,Rejected,5,Books
RET000635,ORD0003681,PROD0204,CUST02214,2024-04-28,Better Price Found,4462.0,Rejected,9,Office Supplies
RET000636,ORD0003681,PROD0224,CUST02214,2024-04-28,Wrong Item,283.0,Pending,12,Home & Kitchen
RET000637,ORD0003696,PROD0107,CUST00560,2022-09-19,Defective Product,586.0,Refunded,9,Grocery
RET000638,ORD0003713,PROD0008,CUST04034,2023-04-30,Defective Product,3425.0,Refunded,7,Office Supplies
RET000639,ORD0003717,PROD0035,CUST04324,2022-04-17,Wrong Item,40689.0,Refunded,7,Automotive
RET000640,ORD0003723,PROD0642,CUST03837,2020-05-03,Damaged in Transit,39462.0,Refunded,4,Automotive
RET000641,ORD0003735,PROD0251,CUST00156,2021-06-30,Changed Mind,67418.0,Refunded,6,Electronics
RET000642,ORD0003735,PROD0562,CUST00156,2021-06-30,Size Issue,63338.0,Pending,11,Electronics
RET000643,ORD0003735,PROD0643,CUST00156,2021-06-30,Defective Product,6819.0,Refunded,13,Fashion
RET000644,ORD0003735,PROD0151,CUST00156,2021-06-30,Damaged in Transit,2056.0,Pending,13,Sports & Fitness
RET000645,ORD0003735,PROD0539,CUST00156,2021-06-30,Damaged in Transit,7092.0,Refunded,4,Home & Kitchen
RET000646,ORD0003744,PROD0478,CUST02869,2021-09-03,Changed Mind,8730.0,Refunded,14,Beauty & Health
RET000647,ORD0003751,PROD0759,CUST04518,2022-02-08,Damaged in Transit,6886.0,Pending,6,Toys & Games
RET000648,ORD0003751,PROD0529,CUST04518,2022-02-08,Wrong Item,768.0,Refunded,12,Books
RET000649,ORD0003751,PROD0727,CUST04518,2022-02-08,Better Price Found,13275.0,Refunded,3,Office Supplies
RET000650,ORD0003751,PROD0296,CUST04518,2022-02-08,Changed Mind,2686.0,Refunded,7,Toys & Games
RET000651,ORD0003751,PROD0753,CUST04518,2022-02-08,Changed Mind,12880.0,Pending,8,Office Supplies
RET000652,ORD0003761,PROD0543,CUST02901,2023-06-26,Defective Product,3810.0,Refunded,12,Automotive
RET000653,ORD0003761,PROD0139,CUST02901,2023-06-26,Defective Product,31516.0,Refunded,13,Home & Kitchen
RET000654,ORD0003761,PROD0002,CUST02901,2023-06-26,Better Price Found,12430.0,Refunded,3,Toys & Games
RET000655,ORD0003761,PROD0083,CUST02901,2023-06-26,Better Price Found,1757.0,Pending,3,Toys & Games
RET000656,ORD0003761,PROD0454,CUST02901,2023-06-26,Changed Mind,2234.0,Refunded,10,Toys & Games
RET000657,ORD0003782,PROD0161,CUST02028,2020-01-19,Changed Mind,6314.0,Refunded,10,Automotive
RET000658,ORD0003782,PROD0298,CUST02028,2020-01-19,Changed Mind,7798.0,Refunded,9,Home & Kitchen
RET000659,ORD0003782,PROD0364,CUST02028,2020-01-19,Damaged in Transit,218.0,Rejected,6,Books
RET000660,ORD0003793,PROD0629,CUST02370,2023-09-17,Changed Mind,1316.0,Refunded,3,Books
RET000661,ORD0003793,PROD0756,CUST02370,2023-09-17,Better Price Found,6278.0,Pending,6,Automotive
RET000662,ORD0003800,PROD0651,CUST01361,2020-12-23,Wrong Item,13915.0,Pending,13,Sports & Fitness
RET000663,ORD0003804,PROD0627,CUST00273,2023-04-12,Wrong Item,99124.0,Refunded,13,Electronics
RET000664,ORD0003804,PROD0718,CUST00273,2023-04-12,Better Price Found,11353.0,Refunded,7,Home & Kitchen
RET000665,ORD0003804,PROD0297,CUST00273,2023-04-12,Size Issue,15593.0,Refunded,10,Automotive
RET000666,ORD0003804,PROD0346,CUST00273,2023-04-12,Defective Product,33480.0,Refunded,7,Home & Kitchen
RET000667,ORD0003832,PROD0778,CUST01310,2021-04-18,Size Issue,5105.0,Refunded,14,Office Supplies
RET000668,ORD0003832,PROD0126,CUST01310,2021-04-18,Damaged in Transit,4686.0,Pending,4,Fashion
RET000669,ORD0003832,PROD0487,CUST01310,2021-04-18,Defective Product,4637.0,Refunded,6,Toys & Games
RET000670,ORD0003832,PROD0269,CUST01310,2021-04-18,Better Price Found,1971.0,Refunded,6,Sports & Fitness
RET000671,ORD0003834,PROD0504,CUST00461,2021-08-24,Wrong Item,79436.0,Refunded,8,Home & Kitchen
RET000672,ORD0003834,PROD0670,CUST00461,2021-08-24,Defective Product,2808.0,Refunded,9,Books
RET000673,ORD0003835,PROD0663,CUST00729,2024-01-12,Wrong Item,761.0,Refunded,3,Books
RET000674,ORD0003835,PROD0358,CUST00729,2024-01-12,Defective Product,7246.0,Refunded,11,Office Supplies
RET000675,ORD0003853,PROD0459,CUST03512,2023-10-18,Changed Mind,74720.0,Refunded,4,Home & Kitchen
RET000676,ORD0003890,PROD0753,CUST02887,2022-02-07,Wrong Item,6819.0,Pending,12,Office Supplies
RET000677,ORD0003890,PROD0764,CUST02887,2022-02-07,Better Price Found,174.0,Refunded,10,Books
RET000678,ORD0003890,PROD0772,CUST02887,2022-02-07,Changed Mind,66462.0,Refunded,9,Electronics
RET000679,ORD0003890,PROD0294,CUST02887,2022-02-07,Wrong Item,12349.0,Refunded,10,Sports & Fitness
RET000680,ORD0003897,PROD0432,CUST00755,2021-01-04,Defective Product,2497.0,Refunded,10,Beauty & Health
RET000681,ORD0003914,PROD0447,CUST02795,2021-12-28,Damaged in Transit,3230.0,Refunded,14,Fashion
RET000682,ORD0003914,PROD0225,CUST02795,2021-12-28,Defective Product,79291.0,Refunded,3,Electronics
RET000683,ORD0004008,PROD0684,CUST03863,2024-06-05,Wrong Item,115224.0,Rejected,11,Electronics
RET000684,ORD0004013,PROD0329,CUST01628,2024-08-12,Changed Mind,1760.0,Refunded,11,Grocery
RET000685,ORD0004015,PROD0443,CUST02497,2021-10-03,Better Price Found,5080.0,Refunded,10,Sports & Fitness
RET000686,ORD0004015,PROD0505,CUST02497,2021-10-03,Changed Mind,5648.0,Refunded,5,Fashion
RET000687,ORD0004016,PROD0257,CUST04645,2020-06-24,Changed Mind,23754.0,Refunded,13,Electronics
RET000688,ORD0004031,PROD0670,CUST03822,2022-12-12,Better Price Found,1404.0,Pending,9,Books
RET000689,ORD0004031,PROD0654,CUST03822,2022-12-12,Changed Mind,347232.0,Refunded,5,Electronics
RET000690,ORD0004038,PROD0077,CUST00483,2024-03-25,Damaged in Transit,7520.0,Pending,13,Automotive
RET000691,ORD0004046,PROD0515,CUST01413,2024-04-18,Better Price Found,11708.0,Refunded,6,Sports & Fitness
RET000692,ORD0004046,PROD0716,CUST01413,2024-04-18,Size Issue,10952.0,Rejected,5,Toys & Games
RET000693,ORD0004047,PROD0494,CUST03339,2023-02-04,Better Price Found,19229.0,Pending,13,Automotive
RET000694,ORD0004047,PROD0283,CUST03339,2023-02-04,Better Price Found,319.0,Refunded,11,Grocery
RET000695,ORD0004062,PROD0645,CUST00124,2024-04-23,Better Price Found,94818.0,Pending,10,Electronics
RET000696,ORD0004075,PROD0767,CUST04660,2021-06-02,Defective Product,3166.0,Refunded,3,Office Supplies
RET000697,ORD0004095,PROD0101,CUST03768,2023-10-19,Changed Mind,14145.0,Refunded,8,Automotive
RET000698,ORD0004095,PROD0469,CUST03768,2023-10-19,Size Issue,39.0,Refunded,6,Grocery
RET000699,ORD0004101,PROD0555,CUST01348,2021-04-10,Better Price Found,211422.0,Refunded,7,Electronics
RET000700,ORD0004116,PROD0737,CUST02639,2022-09-15,Damaged in Transit,1104.0,Refunded,10,Beauty & Health
RET000701,ORD0004116,PROD0353,CUST02639,2022-09-15,Damaged in Transit,85388.0,Refunded,3,Electronics
RET000702,ORD0004116,PROD0545,CUST02639,2022-09-15,Defective Product,179674.0,Refunded,6,Electronics
RET000703,ORD0004119,PROD0277,CUST02133,2024-08-16,Changed Mind,412.0,Refunded,6,Beauty & Health
RET000704,ORD0004126,PROD0708,CUST03176,2024-01-12,Damaged in Transit,4569.0,Refunded,4,Fashion
RET000705,ORD0004126,PROD0274,CUST03176,2024-01-12,Defective Product,92198.0,Refunded,6,Electronics
RET000706,ORD0004128,PROD0411,CUST00947,2022-08-22,Size Issue,1680.0,Pending,8,Grocery
RET000707,ORD0004128,PROD0456,CUST00947,2022-08-22,Damaged in Transit,3262.0,Refunded,14,Beauty & Health
RET000708,ORD0004141,PROD0066,CUST04653,2024-09-29,Wrong Item,469.0,Refunded,9,Books
RET000709,ORD0004141,PROD0409,CUST04653,2024-09-29,Changed Mind,19242.0,Refunded,12,Office Supplies
RET000710,ORD0004141,PROD0735,CUST04653,2024-09-29,Defective Product,3976.0,Refunded,12,Office Supplies
RET000711,ORD0004184,PROD0085,CUST02493,2024-02-21,Size Issue,7370.0,Refunded,5,Sports & Fitness
RET000712,ORD0004184,PROD0768,CUST02493,2024-02-21,Wrong Item,1018.0,Refunded,3,Books
RET000713,ORD0004186,PROD0620,CUST03676,2024-05-06,Changed Mind,1391.0,Refunded,14,Books
RET000714,ORD0004205,PROD0074,CUST01968,2020-03-24,Changed Mind,249.0,Refunded,13,Books
RET000715,ORD0004205,PROD0291,CUST01968,2020-03-24,Damaged in Transit,1376.0,Pending,8,Office Supplies
RET000716,ORD0004205,PROD0206,CUST01968,2020-03-24,Damaged in Transit,14274.0,Refunded,14,Office Supplies
RET000717,ORD0004205,PROD0718,CUST01968,2020-03-24,Changed Mind,10756.0,Refunded,4,Home & Kitchen
RET000718,ORD0004211,PROD0024,CUST04764,2023-01-31,Changed Mind,5636.0,Refunded,11,Fashion
RET000719,ORD0004245,PROD0399,CUST03385,2023-07-28,Defective Product,27759.0,Refunded,14,Electronics
RET000720,ORD0004246,PROD0796,CUST04391,2021-09-23,Defective Product,2364.0,Refunded,9,Office Supplies
RET000721,ORD0004246,PROD0639,CUST04391,2021-09-23,Damaged in Transit,8138.0,Refunded,8,Toys & Games
RET000722,ORD0004246,PROD0033,CUST04391,2021-09-23,Size Issue,65470.0,Refunded,7,Electronics
RET000723,ORD0004286,PROD0614,CUST01908,2023-10-10,Size Issue,21512.0,Refunded,9,Automotive
RET000724,ORD0004286,PROD0036,CUST01908,2023-10-10,Better Price Found,10748.0,Refunded,9,Fashion
RET000725,ORD0004323,PROD0533,CUST02243,2020-09-05,Better Price Found,7694.0,Refunded,3,Office Supplies
RET000726,ORD0004323,PROD0114,CUST02243,2020-09-05,Better Price Found,2780.0,Refunded,12,Beauty & Health
RET000727,ORD0004323,PROD0579,CUST02243,2020-09-05,Wrong Item,779.0,Refunded,13,Grocery
RET000728,ORD0004326,PROD0456,CUST03783,2023-06-23,Wrong Item,3262.0,Refunded,10,Beauty & Health
RET000729,ORD0004326,PROD0345,CUST03783,2023-06-23,Wrong Item,20248.0,Refunded,5,Electronics
RET000730,ORD0004326,PROD0106,CUST03783,2023-06-23,Wrong Item,2128.0,Pending,12,Books
RET000731,ORD0004326,PROD0681,CUST03783,2023-06-23,Better Price Found,3330.0,Pending,5,Beauty & Health
RET000732,ORD0004326,PROD0091,CUST03783,2023-06-23,Damaged in Transit,4038.0,Pending,6,Beauty & Health
RET000733,ORD0004358,PROD0623,CUST02885,2022-01-10,Size Issue,3458.0,Refunded,7,Office Supplies
RET000734,ORD0004370,PROD0626,CUST01201,2023-02-12,Size Issue,15630.0,Refunded,5,Sports & Fitness
RET000735,ORD0004370,PROD0044,CUST01201,2023-02-12,Defective Product,2929.0,Refunded,5,Beauty & Health
RET000736,ORD0004374,PROD0005,CUST02615,2023-06-27,Better Price Found,19368.0,Refunded,3,Automotive
RET000737,ORD0004374,PROD0552,CUST02615,2023-06-27,Changed Mind,2424.0,Refunded,13,Beauty & Health
RET000738,ORD0004375,PROD0668,CUST02358,2020-01-29,Defective Product,4050.0,Refunded,9,Fashion
RET000739,ORD0004375,PROD0203,CUST02358,2020-01-29,Damaged in Transit,4683.0,Refunded,7,Fashion
RET000740,ORD0004380,PROD0564,CUST02327,2020-03-06,Defective Product,7517.0,Refunded,6,Office Supplies
RET000741,ORD0004380,PROD0236,CUST02327,2020-03-06,Damaged in Transit,774.0,Refunded,6,Grocery
RET000742,ORD0004380,PROD0595,CUST02327,2020-03-06,Defective Product,13668.0,Refunded,8,Automotive
RET000743,ORD0004380,PROD0374,CUST02327,2020-03-06,Wrong Item,1424.0,Rejected,5,Toys & Games
RET000744,ORD0004388,PROD0643,CUST01864,2024-03-08,Better Price Found,7577.0,Refunded,14,Fashion
RET000745,ORD0004391,PROD0615,CUST03007,2021-11-22,Size Issue,4705.0,Rejected,10,Toys & Games
RET000746,ORD0004396,PROD0497,CUST00865,2022-05-18,Damaged in Transit,7101.0,Refunded,13,Automotive
RET000747,ORD0004396,PROD0763,CUST00865,2022-05-18,Damaged in Transit,9062.0,Refunded,11,Office Supplies
RET000748,ORD0004396,PROD0757,CUST00865,2022-05-18,Size Issue,3288.0,Refunded,11,Grocery
RET000749,ORD0004401,PROD0401,CUST01356,2021-01-16,Changed Mind,34075.0,Refunded,7,Home & Kitchen
RET000750,ORD0004403,PROD0395,CUST02385,2022-09-04,Size Issue,32274.0,Refunded,13,Fashion
RET000751,ORD0004403,PROD0508,CUST02385,2022-09-04,Wrong Item,13933.0,Refunded,9,Automotive
RET000752,ORD0004410,PROD0559,CUST03416,2022-01-12,Wrong Item,4700.0,Refunded,8,Electronics
RET000753,ORD0004410,PROD0198,CUST03416,2022-01-12,Defective Product,2235.0,Refunded,5,Toys & Games
RET000754,ORD0004410,PROD0011,CUST03416,2022-01-12,Wrong Item,1054.0,Refunded,14,Grocery
RET000755,ORD0004410,PROD0530,CUST03416,2022-01-12,Better Price Found,23874.0,Refunded,13,Electronics
RET000756,ORD0004415,PROD0464,CUST01299,2021-12-26,Damaged in Transit,3621.0,Refunded,13,Beauty & Health
RET000757,ORD0004415,PROD0459,CUST01299,2021-12-26,Defective Product,83022.0,Refunded,13,Home & Kitchen
RET000758,ORD0004450,PROD0665,CUST02986,2020-12-08,Damaged in Transit,92021.0,Refunded,6,Electronics
RET000759,ORD0004452,PROD0670,CUST04109,2024-02-29,Changed Mind,2668.0,Pending,3,Books
RET000760,ORD0004452,PROD0173,CUST04109,2024-02-29,Size Issue,1114.0,Refunded,13,Automotive
RET000761,ORD0004452,PROD0115,CUST04109,2024-02-29,Defective Product,9162.0,Refunded,6,Toys & Games
RET000762,ORD0004455,PROD0529,CUST04722,2022-09-24,Changed Mind,768.0,Refunded,5,Books
RET000763,ORD0004455,PROD0377,CUST04722,2022-09-24,Size Issue,1815.0,Refunded,6,Toys & Games
RET000764,ORD0004471,PROD0670,CUST04377,2024-01-21,Defective Product,1334.0,Refunded,6,Books
RET000765,ORD0004472,PROD0692,CUST04732,2024-07-09,Wrong Item,6189.0,Pending,7,Office Supplies
RET000766,ORD0004472,PROD0547,CUST04732,2024-07-09,Wrong Item,311.0,Refunded,8,Grocery
RET000767,ORD0004478,PROD0713,CUST04157,2023-06-17,Size Issue,6870.0,Pending,3,Toys & Games
RET000768,ORD0004478,PROD0747,CUST04157,2023-06-17,Size Issue,4872.0,Pending,7,Fashion
RET000769,ORD0004494,PROD0176,CUST04787,2020-08-24,Changed Mind,756.0,Refunded,3,Books
RET000770,ORD0004494,PROD0164,CUST04787,2020-08-24,Wrong Item,2409.0,Refunded,11,Beauty & Health
RET000771,ORD0004494,PROD0140,CUST04787,2020-08-24,Wrong Item,4480.0,Refunded,4,Home & Kitchen
RET000772,ORD0004494,PROD0525,CUST04787,2020-08-24,Changed Mind,904.0,Pending,14,Books
RET000773,ORD0004498,PROD0795,CUST02469,2024-01-16,Changed Mind,100020.0,Refunded,12,Electronics
RET000774,ORD0004503,PROD0304,CUST01453,2023-03-06,Damaged in Transit,11936.0,Refunded,7,Beauty & Health
RET000775,ORD0004503,PROD0705,CUST01453,2023-03-06,Changed Mind,734.0,Refunded,8,Books
RET000776,ORD0004511,PROD0207,CUST02177,2022-11-02,Better Price Found,2943.0,Rejected,11,Books
RET000777,ORD0004512,PROD0708,CUST03430,2024-10-10,Size Issue,17132.0,Refunded,3,Fashion
RET000778,ORD0004523,PROD0598,CUST00157,2020-09-26,Defective Product,3686.0,Refunded,7,Automotive
RET000779,ORD0004523,PROD0752,CUST00157,2020-09-26,Changed Mind,100.0,Refunded,5,Office Supplies
RET000780,ORD0004523,PROD0119,CUST00157,2020-09-26,Better Price Found,109488.0,Pending,3,Electronics
RET000781,ORD0004523,PROD0784,CUST00157,2020-09-26,Better Price Found,1065.0,Refunded,11,Books
RET000782,ORD0004545,PROD0409,CUST00152,2023-12-10,Better Price Found,12828.0,Refunded,8,Office Supplies
RET000783,ORD0004547,PROD0231,CUST00816,2025-01-09,Changed Mind,740.0,Refunded,8,Grocery
RET000784,ORD0004547,PROD0322,CUST00816,2025-01-09,Damaged in Transit,86598.0,Rejected,7,Electronics
RET000785,ORD0004549,PROD0127,CUST02439,2020-11-02,Wrong Item,2134.0,Refunded,10,Sports & Fitness
RET000786,ORD0004551,PROD0793,CUST03694,2023-01-22,Defective Product,10712.0,Refunded,9,Beauty & Health
RET000787,ORD0004573,PROD0619,CUST04681,2024-03-19,Better Price Found,9975.0,Pending,11,Fashion
RET000788,ORD0004573,PROD0170,CUST04681,2024-03-19,Defective Product,1742.0,Refunded,12,Grocery
RET000789,ORD0004580,PROD0536,CUST01120,2020-03-27,Wrong Item,292.0,Refunded,9,Grocery
RET000790,ORD0004588,PROD0569,CUST00353,2024-07-12,Damaged in Transit,5400.0,Refunded,6,Office Supplies
RET000791,ORD0004612,PROD0583,CUST03946,2022-01-29,Size Issue,37096.0,Refunded,10,Automotive
RET000792,ORD0004612,PROD0624,CUST03946,2022-01-29,Better Price Found,1314.0,Refunded,6,Books
RET000793,ORD0004612,PROD0732,CUST03946,2022-01-29,Defective Product,1441.0,Pending,12,Grocery
RET000794,ORD0004613,PROD0586,CUST02289,2024-06-04,Size Issue,3589.0,Refunded,4,Toys & Games
RET000795,ORD0004633,PROD0412,CUST03016,2022-10-09,Changed Mind,34920.0,Refunded,11,Home & Kitchen
RET000796,ORD0004633,PROD0567,CUST03016,2022-10-09,Changed Mind,682.0,Refunded,8,Office Supplies
RET000797,ORD0004644,PROD0602,CUST00176,2020-10-16,Defective Product,4152.0,Refunded,14,Office Supplies
RET000798,ORD0004644,PROD0439,CUST00176,2020-10-16,Defective Product,14289.0,Refunded,13,Fashion
RET000799,ORD0004644,PROD0615,CUST00176,2020-10-16,Wrong Item,16308.0,Refunded,9,Toys & Games
RET000800,ORD0004648,PROD0251,CUST03867,2020-11-21,Changed Mind,31461.0,Refunded,7,Electronics
RET000801,ORD0004717,PROD0778,CUST04492,2024-04-22,Size Issue,4504.0,Refunded,5,Office Supplies
RET000802,ORD0004717,PROD0393,CUST04492,2024-04-22,Wrong Item,1380.0,Refunded,5,Grocery
RET000803,ORD0004719,PROD0189,CUST00086,2023-05-11,Wrong Item,10682.0,Pending,13,Office Supplies
RET000804,ORD0004719,PROD0381,CUST00086,2023-05-11,Changed Mind,7726.0,Refunded,6,Office Supplies
RET000805,ORD0004719,PROD0272,CUST00086,2023-05-11,Changed Mind,5970.0,Refunded,8,Beauty & Health
RET000806,ORD0004719,PROD0422,CUST00086,2023-05-11,Changed Mind,11475.0,Refunded,12,Fashion
RET000807,ORD0004719,PROD0360,CUST00086,2023-05-11,Damaged in Transit,4156.0,Refunded,5,Electronics
RET000808,ORD0004725,PROD0558,CUST01332,2020-08-23,Damaged in Transit,7244.0,Pending,8,Sports & Fitness
RET000809,ORD0004725,PROD0034,CUST01332,2020-08-23,Wrong Item,190512.0,Refunded,14,Electronics
RET000810,ORD0004727,PROD0679,CUST00129,2024-04-14,Better Price Found,5212.0,Refunded,3,Sports & Fitness
RET000811,ORD0004731,PROD0138,CUST04019,2020-09-16,Wrong Item,13620.0,Rejected,9,Fashion
RET000812,ORD0004731,PROD0236,CUST04019,2020-09-16,Damaged in Transit,387.0,Refunded,3,Grocery
RET000813,ORD0004731,PROD0309,CUST04019,2020-09-16,Size Issue,77476.0,Refunded,7,Electronics
RET000814,ORD0004734,PROD0400,CUST04977,2022-02-23,Wrong Item,1311.0,Refunded,12,Books
RET000815,ORD0004734,PROD0363,CUST04977,2022-02-23,Damaged in Transit,3874.0,Refunded,3,Fashion
RET000816,ORD0004734,PROD0339,CUST04977,2022-02-23,Damaged in Transit,1075.0,Refunded,12,Grocery
RET000817,ORD0004734,PROD0326,CUST04977,2022-02-23,Wrong Item,6502.0,Pending,10,Automotive
RET000818,ORD0004734,PROD0352,CUST04977,2022-02-23,Wrong Item,3440.0,Refunded,5,Beauty & Health
RET000819,ORD0004758,PROD0155,CUST04386,2021-05-04,Better Price Found,2544.0,Refunded,9,Office Supplies
RET000820,ORD0004758,PROD0262,CUST04386,2021-05-04,Defective Product,55448.0,Refunded,11,Home & Kitchen
RET000821,ORD0004760,PROD0303,CUST00773,2022-08-06,Better Price Found,24384.0,Pending,13,Electronics
RET000822,ORD0004762,PROD0304,CUST01239,2023-11-02,Damaged in Transit,2835.0,Refunded,9,Beauty & Health
RET000823,ORD0004780,PROD0546,CUST02194,2024-05-07,Size Issue,8922.0,Refunded,13,Sports & Fitness
RET000824,ORD0004780,PROD0786,CUST02194,2024-05-07,Damaged in Transit,37034.0,Refunded,6,Sports & Fitness
RET000825,ORD0004781,PROD0781,CUST03886,2021-08-05,Size Issue,10806.0,Refunded,11,Beauty & Health
RET000826,ORD0004781,PROD0299,CUST03886,2021-08-05,Damaged in Transit,5450.0,Refunded,6,Sports & Fitness
RET000827,ORD0004781,PROD0120,CUST03886,2021-08-05,Changed Mind,20265.0,Refunded,4,Sports & Fitness
RET000828,ORD0004781,PROD0599,CUST03886,2021-08-05,Defective Product,52896.0,Refunded,9,Home & Kitchen
RET000829,ORD0004793,PROD0130,CUST04518,2020-06-05,Defective Product,23068.0,Refunded,4,Office Supplies
RET000830,ORD0004793,PROD0346,CUST04518,2020-06-05,Defective Product,40176.0,Refunded,9,Home & Kitchen
RET000831,ORD0004794,PROD0200,CUST02910,2021-06-05,Size Issue,1122.0,Refunded,10,Fashion
RET000832,ORD0004800,PROD0273,CUST01090,2022-09-25,Size Issue,10510.0,Refunded,5,Home & Kitchen
RET000833,ORD0004800,PROD0154,CUST01090,2022-09-25,Wrong Item,3436.0,Refunded,12,Beauty & Health
RET000834,ORD0004800,PROD0171,CUST01090,2022-09-25,Defective Product,6794.0,Refunded,4,Toys & Games
RET000835,ORD0004805,PROD0252,CUST00445,2023-10-22,Defective Product,388616.0,Refunded,4,Electronics
RET000836,ORD0004805,PROD0775,CUST00445,2023-10-22,Changed Mind,21066.0,Refunded,5,Home & Kitchen
RET000837,ORD0004805,PROD0470,CUST00445,2023-10-22,Changed Mind,46692.0,Refunded,3,Electronics
RET000838,ORD0004805,PROD0413,CUST00445,2023-10-22,Better Price Found,14232.0,Refunded,8,Sports & Fitness
RET000839,ORD0004805,PROD0579,CUST00445,2023-10-22,Defective Product,1796.0,Refunded,4,Grocery
RET000840,ORD0004808,PROD0086,CUST01636,2021-05-02,Size Issue,662.0,Refunded,12,Beauty & Health
RET000841,ORD0004808,PROD0621,CUST01636,2021-05-02,Wrong Item,4931.0,Refunded,6,Fashion
RET000842,ORD0004822,PROD0462,CUST04928,2024-04-06,Damaged in Transit,344728.0,Pending,3,Electronics
RET000843,ORD0004826,PROD0046,CUST00674,2022-12-23,Size Issue,29112.0,Refunded,8,Electronics
RET000844,ORD0004826,PROD0541,CUST00674,2022-12-23,Changed Mind,9904.0,Pending,7,Office Supplies
RET000845,ORD0004826,PROD0256,CUST00674,2022-12-23,Size Issue,4912.0,Refunded,12,Home & Kitchen
RET000846,ORD0004826,PROD0220,CUST00674,2022-12-23,Changed Mind,60612.0,Refunded,11,Sports & Fitness
RET000847,ORD0004826,PROD0793,CUST00674,2022-12-23,Defective Product,2678.0,Refunded,11,Beauty & Health
RET000848,ORD0004863,PROD0599,CUST03255,2024-05-21,Better Price Found,13224.0,Refunded,9,Home & Kitchen
RET000849,ORD0004871,PROD0716,CUST04749,2024-12-04,Damaged in Transit,5171.0,Refunded,10,Toys & Games
RET000850,ORD0004871,PROD0711,CUST04749,2024-12-04,Defective Product,24898.0,Pending,12,Electronics
RET000851,ORD0004887,PROD0693,CUST02752,2023-01-12,Better Price Found,3427.0,Refunded,12,Toys & Games
RET000852,ORD0004894,PROD0381,CUST00356,2023-08-19,Better Price Found,8278.0,Rejected,13,Office Supplies
RET000853,ORD0004894,PROD0217,CUST00356,2023-08-19,Size Issue,8084.0,Refunded,3,Toys & Games
RET000854,ORD0004894,PROD0549,CUST00356,2023-08-19,Wrong Item,33462.0,Refunded,6,Home & Kitchen
RET000855,ORD0004894,PROD0003,CUST00356,2023-08-19,Changed Mind,12669.0,Refunded,14,Electronics
RET000856,ORD0004894,PROD0598,CUST00356,2023-08-19,Defective Product,3195.0,Pending,13,Automotive
RET000857,ORD0004899,PROD0519,CUST02909,2022-07-20,Changed Mind,522.0,Pending,4,Sports & Fitness
RET000858,ORD0004899,PROD0636,CUST02909,2022-07-20,Changed Mind,31961.0,Refunded,8,Electronics
RET000859,ORD0004906,PROD0195,CUST02551,2025-01-06,Size Issue,3247.0,Refunded,12,Automotive
RET000860,ORD0004909,PROD0043,CUST01418,2021-10-15,Damaged in Transit,4428.0,Pending,12,Beauty & Health
RET000861,ORD0004909,PROD0778,CUST01418,2021-10-15,Defective Product,20420.0,Refunded,7,Office Supplies
RET000862,ORD0004925,PROD0522,CUST00893,2021-05-25,Better Price Found,4535.0,Refunded,11,Toys & Games
RET000863,ORD0004925,PROD0109,CUST00893,2021-05-25,Damaged in Transit,29821.0,Refunded,10,Electronics
RET000864,ORD0004929,PROD0526,CUST01154,2023-04-15,Wrong Item,488.0,Refunded,6,Books
RET000865,ORD0004942,PROD0349,CUST01018,2024-10-06,Better Price Found,480.0,Refunded,10,Toys & Games
RET000866,ORD0004942,PROD0292,CUST01018,2024-10-06,Defective Product,21252.0,Pending,7,Home & Kitchen
RET000867,ORD0004943,PROD0252,CUST03095,2023-02-28,Size Issue,109298.0,Refunded,12,Electronics
RET000868,ORD0004943,PROD0705,CUST03095,2023-02-28,Size Issue,367.0,Refunded,14,Books
RET000869,ORD0004943,PROD0392,CUST03095,2023-02-28,Defective Product,13314.0,Refunded,7,Sports & Fitness
RET000870,ORD0004943,PROD0782,CUST03095,2023-02-28,Damaged in Transit,17435.0,Refunded,13,Sports & Fitness
RET000871,ORD0004947,PROD0091,CUST03121,2022-04-10,Defective Product,1346.0,Refunded,5,Beauty & Health
RET000872,ORD0004958,PROD0485,CUST03163,2022-07-26,Changed Mind,4818.0,Refunded,3,Beauty & Health
RET000873,ORD0004958,PROD0676,CUST03163,2022-07-26,Defective Product,3588.0,Refunded,12,Grocery
RET000874,ORD0004958,PROD0618,CUST03163,2022-07-26,Better Price Found,1996.0,Refunded,11,Books
RET000875,ORD0004958,PROD0369,CUST03163,2022-07-26,Defective Product,131692.0,Refunded,10,Electronics
RET000876,ORD0004961,PROD0150,CUST01084,2023-03-30,Wrong Item,2145.0,Refunded,6,Home & Kitchen
RET000877,ORD0004961,PROD0237,CUST01084,2023-03-30,Damaged in Transit,25455.0,Refunded,4,Electronics
RET000878,ORD0004961,PROD0231,CUST01084,2023-03-30,Changed Mind,740.0,Refunded,5,Grocery
RET000879,ORD0004963,PROD0154,CUST00492,2023-11-17,Damaged in Transit,6872.0,Refunded,14,Beauty & Health
RET000880,ORD0004967,PROD0037,CUST03535,2022-03-21,Defective Product,972.0,Refunded,8,Beauty & Health
RET000881,ORD0004967,PROD0105,CUST03535,2022-03-21,Defective Product,455.0,Refunded,10,Beauty & Health
RET000882,ORD0004967,PROD0795,CUST03535,2022-03-21,Wrong Item,150030.0,Refunded,5,Electronics
RET000883,ORD0004967,PROD0215,CUST03535,2022-03-21,Better Price Found,913.0,Refunded,5,Books
RET000884,ORD0004967,PROD0286,CUST03535,2022-03-21,Damaged in Transit,4006.0,Refunded,4,Sports & Fitness
RET000885,ORD0004972,PROD0344,CUST02224,2024-09-30,Defective Product,20520.0,Refunded,13,Fashion
RET000886,ORD0004972,PROD0664,CUST02224,2024-09-30,Damaged in Transit,28266.0,Refunded,8,Home & Kitchen
RET000887,ORD0004981,PROD0693,CUST00411,2022-03-10,Better Price Found,3427.0,Pending,12,Toys & Games
RET000888,ORD0004981,PROD0293,CUST00411,2022-03-10,Defective Product,82993.0,Refunded,9,Electronics
RET000889,ORD0004981,PROD0608,CUST00411,2022-03-10,Changed Mind,825.0,Refunded,7,Grocery
RET000890,ORD0004981,PROD0516,CUST00411,2022-03-10,Damaged in Transit,25624.0,Refunded,9,Sports & Fitness
RET000891,ORD0004981,PROD0578,CUST00411,2022-03-10,Size Issue,6520.0,Pending,11,Fashion
RET000892,ORD0004995,PROD0080,CUST01877,2021-02-19,Changed Mind,22914.0,Refunded,11,Sports & Fitness
RET000893,ORD0004995,PROD0434,CUST01877,2021-02-19,Size Issue,1842.0,Refunded,10,Sports & Fitness
RET000894,ORD0004999,PROD0105,CUST02599,2024-04-21,Better Price Found,455.0,Refunded,10,Beauty & Health
RET000895,ORD0005000,PROD0280,CUST02969,2023-07-27,Better Price Found,1306.0,Pending,13,Toys & Games
RET000896,ORD0005000,PROD0193,CUST02969,2023-07-27,Better Price Found,4440.0,Refunded,11,Books
RET000897,ORD0005008,PROD0414,CUST00343,2024-04-25,Damaged in Transit,2286.0,Pending,6,Books
RET000898,ORD0005011,PROD0409,CUST01722,2023-02-02,Size Issue,11972.0,Pending,11,Office Supplies
RET000899,ORD0005023,PROD0208,CUST02187,2021-08-21,Size Issue,54612.0,Refunded,13,Sports & Fitness
RET000900,ORD0005026,PROD0510,CUST01078,2024-04-06,Size Issue,13773.0,Refunded,8,Electronics
RET000901,ORD0005055,PROD0380,CUST01259,2024-01-14,Wrong Item,11828.0,Refunded,14,Automotive
RET000902,ORD0005055,PROD0099,CUST01259,2024-01-14,Better Price Found,203.0,Pending,12,Grocery
RET000903,ORD0005062,PROD0549,CUST02219,2024-05-19,Wrong Item,16731.0,Refunded,4,Home & Kitchen
RET000904,ORD0005066,PROD0096,CUST03127,2023-07-08,Damaged in Transit,1170.0,Refunded,12,Office Supplies
RET000905,ORD0005067,PROD0503,CUST00516,2021-06-30,Damaged in Transit,6272.0,Refunded,12,Office Supplies
RET000906,ORD0005090,PROD0133,CUST03785,2020-05-04,Defective Product,2844.0,Refunded,3,Office Supplies
RET000907,ORD0005095,PROD0662,CUST00053,2024-10-07,Wrong Item,12279.0,Refunded,4,Automotive
RET000908,ORD0005095,PROD0200,CUST00053,2024-10-07,Better Price Found,1122.0,Refunded,6,Fashion
RET000909,ORD0005110,PROD0359,CUST02439,2022-07-09,Better Price Found,13584.0,Pending,8,Office Supplies
RET000910,ORD0005110,PROD0103,CUST02439,2022-07-09,Better Price Found,6510.0,Pending,14,Fashion
RET000911,ORD0005123,PROD0131,CUST01789,2021-05-09,Defective Product,5571.0,Refunded,7,Office Supplies
RET000912,ORD0005123,PROD0362,CUST01789,2021-05-09,Defective Product,133014.0,Refunded,3,Electronics
RET000913,ORD0005123,PROD0100,CUST01789,2021-05-09,Wrong Item,46336.0,Refunded,12,Automotive
RET000914,ORD0005123,PROD0073,CUST01789,2021-05-09,Defective Product,28004.0,Refunded,5,Sports & Fitness
RET000915,ORD0005129,PROD0439,CUST03529,2022-02-05,Wrong Item,5557.0,Refunded,8,Fashion
RET000916,ORD0005129,PROD0414,CUST03529,2022-02-05,Better Price Found,1344.0,Refunded,8,Books
RET000917,ORD0005138,PROD0337,CUST04497,2021-01-05,Wrong Item,7199.0,Refunded,12,Fashion
RET000918,ORD0005138,PROD0001,CUST04497,2021-01-05,Damaged in Transit,10671.0,Refunded,8,Toys & Games
RET000919,ORD0005138,PROD0704,CUST04497,2021-01-05,Damaged in Transit,9671.0,Refunded,12,Automotive
RET000920,ORD0005142,PROD0681,CUST01486,2021-04-18,Better Price Found,6268.0,Rejected,11,Beauty & Health
RET000921,ORD0005142,PROD0762,CUST01486,2021-04-18,Wrong Item,8652.0,Refunded,10,Automotive
RET000922,ORD0005142,PROD0007,CUST01486,2021-04-18,Size Issue,6592.0,Rejected,5,Sports & Fitness
RET000923,ORD0005142,PROD0686,CUST01486,2021-04-18,Size Issue,4068.0,Refunded,9,Toys & Games
RET000924,ORD0005178,PROD0763,CUST04400,2024-04-18,Size Issue,9816.0,Refunded,13,Office Supplies
RET000925,ORD0005178,PROD0025,CUST04400,2024-04-18,Defective Product,11741.0,Refunded,4,Automotive
RET000926,ORD0005179,PROD0370,CUST02587,2024-02-12,Wrong Item,3825.0,Refunded,11,Fashion
RET000927,ORD0005179,PROD0443,CUST02587,2024-02-12,Wrong Item,4444.0,Refunded,4,Sports & Fitness
RET000928,ORD0005179,PROD0659,CUST02587,2024-02-12,Damaged in Transit,2116.0,Pending,3,Grocery
RET000929,ORD0005179,PROD0219,CUST02587,2024-02-12,Changed Mind,2364.0,Refunded,9,Office Supplies
RET000930,ORD0005194,PROD0327,CUST00444,2024-02-20,Changed Mind,1484.0,Refunded,6,Toys & Games
RET000931,ORD0005194,PROD0600,CUST00444,2024-02-20,Better Price Found,2560.0,Refunded,13,Beauty & Health
RET000932,ORD0005194,PROD0718,CUST00444,2024-02-20,Wrong Item,11353.0,Refunded,4,Home & Kitchen
RET000933,ORD0005194,PROD0192,CUST00444,2024-02-20,Changed Mind,558.0,Refunded,10,Grocery
RET000934,ORD0005194,PROD0297,CUST00444,2024-02-20,Defective Product,15593.0,Refunded,11,Automotive
RET000935,ORD0005203,PROD0312,CUST04698,2020-09-07,Defective Product,20156.0,Refunded,13,Sports & Fitness
RET000936,ORD0005205,PROD0216,CUST00760,2022-09-21,Better Price Found,34521.0,Pending,12,Fashion
RET000937,ORD0005205,PROD0141,CUST00760,2022-09-21,Defective Product,3496.0,Refunded,8,Toys & Games
RET000938,ORD0005205,PROD0112,CUST00760,2022-09-21,Defective Product,297.0,Refunded,11,Grocery
RET000939,ORD0005244,PROD0379,CUST04591,2020-10-06,Changed Mind,664.0,Refunded,10,Grocery
RET000940,ORD0005301,PROD0395,CUST00914,2023-11-10,Size Issue,21516.0,Refunded,7,Fashion
RET000941,ORD0005301,PROD0164,CUST00914,2023-11-10,Wrong Item,6711.0,Refunded,3,Beauty & Health
RET000942,ORD0005301,PROD0521,CUST00914,2023-11-10,Damaged in Transit,220936.0,Pending,11,Electronics
RET000943,ORD0005301,PROD0467,CUST00914,2023-11-10,Changed Mind,5204.0,Refunded,5,Beauty & Health
RET000944,ORD0005309,PROD0163,CUST01001,2022-05-08,Better Price Found,9000.0,Refunded,14,Beauty & Health
RET000945,ORD0005327,PROD0128,CUST01788,2021-12-21,Better Price Found,1670.0,Refunded,12,Toys & Games
RET000946,ORD0005329,PROD0392,CUST00888,2022-08-04,Defective Product,15976.0,Refunded,4,Sports & Fitness
RET000947,ORD0005329,PROD0127,CUST00888,2022-08-04,Wrong Item,1014.0,Refunded,7,Sports & Fitness
RET000948,ORD0005391,PROD0242,CUST00651,2021-12-19,Defective Product,660.0,Refunded,11,Grocery
RET000949,ORD0005394,PROD0550,CUST02471,2023-01-31,Defective Product,27598.0,Refunded,14,Home & Kitchen
RET000950,ORD0005394,PROD0614,CUST02471,2023-01-31,Better Price Found,11353.0,Refunded,8,Automotive
RET000951,ORD0005394,PROD0186,CUST02471,2023-01-31,Better Price Found,45952.0,Refunded,5,Electronics
RET000952,ORD0005405,PROD0245,CUST03725,2021-02-23,Better Price Found,83896.0,Refunded,13,Sports & Fitness
RET000953,ORD0005405,PROD0334,CUST03725,2021-02-23,Damaged in Transit,25356.0,Refunded,3,Home & Kitchen
RET000954,ORD0005405,PROD0799,CUST03725,2021-02-23,Changed Mind,9881.0,Pending,11,Electronics
RET000955,ORD0005405,PROD0244,CUST03725,2021-02-23,Wrong Item,1119.0,Refunded,4,Grocery
RET000956,ORD0005408,PROD0127,CUST00581,2021-02-18,Changed Mind,1067.0,Refunded,9,Sports & Fitness
RET000957,ORD0005408,PROD0378,CUST00581,2021-02-18,Better Price Found,1687.0,Refunded,12,Office Supplies
RET000958,ORD0005415,PROD0745,CUST01880,2021-10-26,Wrong Item,28538.0,Refunded,7,Home & Kitchen
RET000959,ORD0005415,PROD0306,CUST01880,2021-10-26,Better Price Found,8358.0,Refunded,8,Beauty & Health
RET000960,ORD0005416,PROD0725,CUST01382,2022-09-26,Size Issue,746.0,Refunded,4,Office Supplies
RET000961,ORD0005420,PROD0714,CUST01989,2022-02-15,Wrong Item,7641.0,Pending,10,Sports & Fitness
RET000962,ORD0005420,PROD0241,CUST01989,2022-02-15,Size Issue,92433.0,Refunded,8,Home & Kitchen
RET000963,ORD0005421,PROD0788,CUST02171,2022-10-15,Wrong Item,1028.0,Refunded,6,Grocery
RET000964,ORD0005435,PROD0328,CUST02506,2021-12-30,Better Price Found,1426.0,Refunded,6,Office Supplies
RET000965,ORD0005436,PROD0103,CUST04361,2023-12-31,Damaged in Transit,4822.0,Pending,11,Fashion
RET000966,ORD0005438,PROD0487,CUST00726,2024-12-20,Changed Mind,4910.0,Pending,9,Toys & Games
RET000967,ORD0005439,PROD0303,CUST00142,2023-05-27,Better Price Found,26126.0,Refunded,5,Electronics
RET000968,ORD0005439,PROD0214,CUST00142,2023-05-27,Better Price Found,3722.0,Refunded,7,Beauty & Health
RET000969,ORD0005443,PROD0450,CUST01800,2024-09-12,Better Price Found,7588.0,Refunded,9,Sports & Fitness
RET000970,ORD0005443,PROD0734,CUST01800,2024-09-12,Defective Product,4022.0,Refunded,12,Fashion
RET000971,ORD0005443,PROD0121,CUST01800,2024-09-12,Damaged in Transit,8878.0,Refunded,5,Office Supplies
RET000972,ORD0005458,PROD0281,CUST01434,2022-11-12,Defective Product,1122.0,Refunded,8,Grocery
RET000973,ORD0005463,PROD0026,CUST01708,2020-02-24,Wrong Item,6264.0,Refunded,6,Sports & Fitness
RET000974,ORD0005463,PROD0545,CUST01708,2020-02-24,Wrong Item,166840.0,Refunded,4,Electronics
RET000975,ORD0005463,PROD0318,CUST01708,2020-02-24,Better Price Found,22445.0,Refunded,4,Home & Kitchen
RET000976,ORD0005475,PROD0008,CUST01319,2021-05-22,Size Issue,3425.0,Refunded,6,Office Supplies
RET000977,ORD0005475,PROD0261,CUST01319,2021-05-22,Defective Product,3648.0,Refunded,11,Grocery
RET000978,ORD0005475,PROD0667,CUST01319,2021-05-22,Changed Mind,29196.0,Refunded,6,Home & Kitchen
RET000979,ORD0005518,PROD0178,CUST03770,2022-10-13,Defective Product,1119.0,Refunded,6,Toys & Games
RET000980,ORD0005518,PROD0520,CUST03770,2022-10-13,Better Price Found,30196.0,Pending,5,Electronics
RET000981,ORD0005533,PROD0330,CUST01574,2022-03-21,Size Issue,15146.0,Pending,5,Electronics
RET000982,ORD0005540,PROD0067,CUST01104,2023-03-14,Better Price Found,3372.0,Refunded,6,Toys & Games
RET000983,ORD0005549,PROD0270,CUST03509,2022-02-19,Size Issue,662.0,Refunded,9,Books
RET000984,ORD0005566,PROD0320,CUST01767,2022-07-28,Wrong Item,9125.0,Refunded,12,Fashion
RET000985,ORD0005566,PROD0541,CUST01767,2022-07-28,Damaged in Transit,2631.0,Refunded,11,Office Supplies
RET000986,ORD0005566,PROD0605,CUST01767,2022-07-28,Changed Mind,59952.0,Pending,11,Sports & Fitness
RET000987,ORD0005566,PROD0725,CUST01767,2022-07-28,Wrong Item,1492.0,Refunded,8,Office Supplies
RET000988,ORD0005577,PROD0629,CUST01383,2020-05-09,Size Issue,2806.0,Refunded,7,Books
RET000989,ORD0005606,PROD0654,CUST01565,2021-04-08,Damaged in Transit,306381.0,Refunded,6,Electronics
RET000990,ORD0005606,PROD0379,CUST01565,2021-04-08,Damaged in Transit,416.0,Refunded,11,Grocery
RET000991,ORD0005606,PROD0557,CUST01565,2021-04-08,Better Price Found,4564.0,Refunded,13,Office Supplies
RET000992,ORD0005606,PROD0118,CUST01565,2021-04-08,Size Issue,12010.0,Refunded,12,Office Supplies
RET000993,ORD0005606,PROD0644,CUST01565,2021-04-08,Better Price Found,1896.0,Rejected,3,Beauty & Health
RET000994,ORD0005625,PROD0680,CUST03476,2023-07-14,Size Issue,23466.0,Refunded,12,Office Supplies
RET000995,ORD0005625,PROD0616,CUST03476,2023-07-14,Defective Product,11668.0,Refunded,3,Automotive
RET000996,ORD0005625,PROD0260,CUST03476,2023-07-14,Defective Product,1828.0,Refunded,3,Books
RET000997,ORD0005625,PROD0263,CUST03476,2023-07-14,Size Issue,3756.0,Refunded,4,Beauty & Health
RET000998,ORD0005652,PROD0072,CUST03728,2021-09-04,Better Price Found,73210.0,Refunded,6,Electronics
RET000999,ORD0005743,PROD0585,CUST03754,2021-12-08,Better Price Found,11634.0,Rejected,11,Sports & Fitness
RET001000,ORD0005744,PROD0501,CUST03152,2025-01-07,Wrong Item,20800.0,Pending,8,Home & Kitchen
RET001001,ORD0005744,PROD0458,CUST03152,2025-01-07,Damaged in Transit,7840.0,Refunded,3,Fashion
RET001002,ORD0005769,PROD0718,CUST04437,2022-03-28,Wrong Item,11353.0,Refunded,14,Home & Kitchen
RET001003,ORD0005769,PROD0184,CUST04437,2022-03-28,Changed Mind,2602.0,Refunded,5,Office Supplies
RET001004,ORD0005769,PROD0086,CUST04437,2022-03-28,Better Price Found,662.0,Refunded,12,Beauty & Health
RET001005,ORD0005769,PROD0274,CUST04437,2022-03-28,Defective Product,103722.0,Refunded,13,Electronics
RET001006,ORD0005769,PROD0520,CUST04437,2022-03-28,Size Issue,37746.0,Pending,5,Electronics
RET001007,ORD0005786,PROD0131,CUST02160,2023-07-28,Changed Mind,5571.0,Pending,8,Office Supplies
RET001008,ORD0005786,PROD0784,CUST02160,2023-07-28,Damaged in Transit,2130.0,Refunded,7,Books
RET001009,ORD0005786,PROD0528,CUST02160,2023-07-28,Size Issue,14736.0,Refunded,6,Home & Kitchen
RET001010,ORD0005788,PROD0368,CUST00114,2022-04-22,Defective Product,4299.0,Refunded,10,Beauty & Health
RET001011,ORD0005789,PROD0457,CUST04175,2021-04-22,Size Issue,11002.0,Refunded,3,Fashion
RET001012,ORD0005789,PROD0714,CUST04175,2021-04-22,Size Issue,22923.0,Refunded,9,Sports & Fitness
RET001013,ORD0005795,PROD0083,CUST01855,2021-10-09,Damaged in Transit,2050.0,Refunded,14,Toys & Games
RET001014,ORD0005798,PROD0555,CUST02005,2023-01-16,Better Price Found,277491.0,Refunded,7,Electronics
RET001015,ORD0005798,PROD0738,CUST02005,2023-01-16,Size Issue,2637.0,Refunded,5,Beauty & Health
RET001016,ORD0005825,PROD0585,CUST00395,2024-07-15,Size Issue,5817.0,Refunded,7,Sports & Fitness
RET001017,ORD0005827,PROD0380,CUST03058,2021-10-06,Wrong Item,6242.0,Refunded,4,Automotive
RET001018,ORD0005827,PROD0139,CUST03058,2021-10-06,Wrong Item,27576.0,Refunded,13,Home & Kitchen
RET001019,ORD0005838,PROD0273,CUST04354,2022-04-07,Better Price Found,8408.0,Refunded,11,Home & Kitchen
RET001020,ORD0005840,PROD0778,CUST00947,2021-03-07,Better Price Found,5105.0,Refunded,8,Office Supplies
RET001021,ORD0005840,PROD0331,CUST00947,2021-03-07,Damaged in Transit,14046.0,Refunded,3,Toys & Games
RET001022,ORD0005844,PROD0327,CUST02467,2024-11-22,Size Issue,3214.0,Refunded,8,Toys & Games
RET001023,ORD0005844,PROD0104,CUST02467,2024-11-22,Damaged in Transit,18807.0,Pending,14,Sports & Fitness
RET001024,ORD0005853,PROD0334,CUST00691,2023-02-22,Size Issue,54334.0,Refunded,5,Home & Kitchen
RET001025,ORD0005853,PROD0092,CUST00691,2023-02-22,Better Price Found,3709.0,Pending,9,Beauty & Health
RET001026,ORD0005853,PROD0509,CUST00691,2023-02-22,Damaged in Transit,54736.0,Refunded,9,Electronics
RET001027,ORD0005864,PROD0148,CUST01456,2022-10-07,Size Issue,109266.0,Refunded,9,Electronics
RET001028,ORD0005864,PROD0172,CUST01456,2022-10-07,Size Issue,8660.0,Refunded,11,Fashion
RET001029,ORD0005864,PROD0549,CUST01456,2022-10-07,Defective Product,18699.0,Refunded,12,Home & Kitchen
RET001030,ORD0005879,PROD0460,CUST04623,2021-04-19,Wrong Item,10142.0,Refunded,12,Electronics
RET001031,ORD0005879,PROD0744,CUST04623,2021-04-19,Changed Mind,274.0,Refunded,11,Grocery
RET001032,ORD0005887,PROD0661,CUST00914,2021-05-12,Changed Mind,20407.0,Rejected,7,Home & Kitchen
RET001033,ORD0005887,PROD0422,CUST00914,2021-05-12,Better Price Found,11475.0,Refunded,13,Fashion
RET001034,ORD0005894,PROD0337,CUST01103,2020-07-11,Changed Mind,14398.0,Refunded,12,Fashion
RET001035,ORD0005903,PROD0748,CUST02308,2021-11-23,Size Issue,2627.0,Rejected,13,Beauty & Health
RET001036,ORD0005903,PROD0736,CUST02308,2021-11-23,Size Issue,36917.0,Rejected,5,Home & Kitchen
RET001037,ORD0005909,PROD0370,CUST02941,2022-02-04,Wrong Item,15300.0,Refunded,8,Fashion
RET001038,ORD0005916,PROD0226,CUST01432,2020-07-12,Size Issue,20030.0,Refunded,10,Home & Kitchen
RET001039,ORD0005916,PROD0630,CUST01432,2020-07-12,Wrong Item,3048.0,Refunded,7,Fashion
RET001040,ORD0005920,PROD0556,CUST01142,2023-08-05,Size Issue,1924.0,Refunded,13,Toys & Games
RET001041,ORD0005920,PROD0294,CUST01142,2023-08-05,Damaged in Transit,12349.0,Refunded,14,Sports & Fitness
RET001042,ORD0005920,PROD0519,CUST01142,2023-08-05,Defective Product,418.0,Pending,8,Sports & Fitness
RET001043,ORD0005920,PROD0557,CUST01142,2023-08-05,Wrong Item,2148.0,Refunded,6,Office Supplies
RET001044,ORD0005927,PROD0798,CUST03234,2024-04-02,Better Price Found,3835.0,Refunded,9,Beauty & Health
RET001045,ORD0005930,PROD0674,CUST03022,2020-07-24,Damaged in Transit,1868.0,Refunded,3,Grocery
RET001046,ORD0005930,PROD0722,CUST03022,2020-07-24,Size Issue,2946.0,Refunded,12,Grocery
RET001047,ORD0005930,PROD0072,CUST03022,2020-07-24,Size Issue,292840.0,Refunded,4,Electronics
RET001048,ORD0005930,PROD0575,CUST03022,2020-07-24,Wrong Item,642.0,Pending,8,Fashion
RET001049,ORD0005937,PROD0745,CUST03893,2023-12-31,Wrong Item,32342.0,Refunded,13,Home & Kitchen
RET001050,ORD0005943,PROD0550,CUST00741,2023-03-12,Size Issue,27598.0,Refunded,11,Home & Kitchen
RET001051,ORD0005943,PROD0262,CUST00741,2023-03-12,Better Price Found,25591.0,Refunded,14,Home & Kitchen
RET001052,ORD0005943,PROD0016,CUST00741,2023-03-12,Wrong Item,659.0,Refunded,7,Books
RET001053,ORD0005950,PROD0533,CUST04893,2023-05-25,Defective Product,7694.0,Rejected,9,Office Supplies
RET001054,ORD0005955,PROD0186,CUST01818,2024-07-31,Damaged in Transit,91904.0,Refunded,9,Electronics
RET001055,ORD0005964,PROD0199,CUST01190,2020-03-15,Better Price Found,4056.0,Refunded,6,Fashion
RET001056,ORD0005981,PROD0769,CUST00016,2021-12-14,Damaged in Transit,4930.0,Refunded,11,Automotive
RET001057,ORD0005981,PROD0212,CUST00016,2021-12-14,Defective Product,2530.0,Refunded,12,Fashion
RET001058,ORD0006020,PROD0311,CUST01731,2023-04-09,Size Issue,640.0,Refunded,8,Books
RET001059,ORD0006043,PROD0673,CUST00450,2022-05-25,Wrong Item,39730.0,Refunded,8,Electronics
RET001060,ORD0006055,PROD0767,CUST04111,2020-06-04,Damaged in Transit,4749.0,Pending,5,Office Supplies
RET001061,ORD0006055,PROD0414,CUST04111,2020-06-04,Wrong Item,762.0,Refunded,6,Books
RET001062,ORD0006055,PROD0764,CUST04111,2020-06-04,Changed Mind,162.0,Refunded,9,Books
RET001063,ORD0006055,PROD0742,CUST04111,2020-06-04,Size Issue,180.0,Pending,3,Books
RET001064,ORD0006055,PROD0585,CUST04111,2020-06-04,Defective Product,5817.0,Refunded,14,Sports & Fitness
RET001065,ORD0006074,PROD0640,CUST04301,2024-11-08,Changed Mind,3164.0,Pending,12,Toys & Games
RET001066,ORD0006075,PROD0613,CUST02173,2022-08-20,Changed Mind,760.0,Refunded,13,Grocery
RET001067,ORD0006075,PROD0741,CUST02173,2022-08-20,Defective Product,7374.0,Rejected,13,Fashion
RET001068,ORD0006078,PROD0592,CUST02647,2021-11-30,Defective Product,6750.0,Refunded,10,Sports & Fitness
RET001069,ORD0006079,PROD0566,CUST00980,2020-09-10,Wrong Item,5145.0,Refunded,3,Sports & Fitness
RET001070,ORD0006085,PROD0409,CUST02881,2020-12-24,Defective Product,19242.0,Pending,6,Office Supplies
RET001071,ORD0006085,PROD0075,CUST02881,2020-12-24,Wrong Item,774.0,Refunded,9,Grocery
RET001072,ORD0006085,PROD0349,CUST02881,2020-12-24,Defective Product,160.0,Refunded,5,Toys & Games
RET001073,ORD0006092,PROD0230,CUST01707,2024-10-26,Wrong Item,24672.0,Refunded,14,Office Supplies
RET001074,ORD0006096,PROD0105,CUST04963,2020-02-04,Damaged in Transit,422.0,Refunded,4,Beauty & Health
RET001075,ORD0006097,PROD0448,CUST01122,2021-04-20,Damaged in Transit,216872.0,Refunded,3,Electronics
RET001076,ORD0006097,PROD0089,CUST01122,2021-04-20,Size Issue,2240.0,Refunded,14,Office Supplies
RET001077,ORD0006115,PROD0210,CUST00831,2023-12-09,Better Price Found,11141.0,Refunded,12,Home & Kitchen
RET001078,ORD0006120,PROD0036,CUST01683,2020-04-20,Damaged in Transit,4990.0,Refunded,12,Fashion
RET001079,ORD0006122,PROD0400,CUST01958,2024-07-04,Size Issue,1311.0,Pending,5,Books
RET001080,ORD0006140,PROD0531,CUST01795,2024-02-09,Changed Mind,97.0,Refunded,4,Grocery
RET001081,ORD0006143,PROD0435,CUST02430,2020-03-31,Defective Product,913.0,Refunded,6,Books
RET001082,ORD0006148,PROD0128,CUST04768,2022-12-25,Changed Mind,1670.0,Refunded,13,Toys & Games
RET001083,ORD0006156,PROD0049,CUST01837,2020-02-28,Size Issue,1990.0,Refunded,7,Sports & Fitness
RET001084,ORD0006156,PROD0414,CUST01837,2020-02-28,Defective Product,762.0,Refunded,9,Books
RET001085,ORD0006168,PROD0513,CUST01270,2024-02-13,Defective Product,10663.0,Refunded,12,Automotive
RET001086,ORD0006179,PROD0489,CUST03067,2021-02-13,Damaged in Transit,5750.0,Refunded,10,Fashion
RET001087,ORD0006189,PROD0130,CUST04093,2023-11-06,Defective Product,6151.0,Refunded,6,Office Supplies
RET001088,ORD0006189,PROD0227,CUST04093,2023-11-06,Damaged in Transit,25969.0,Refunded,6,Home & Kitchen
RET001089,ORD0006191,PROD0159,CUST02170,2021-09-03,Size Issue,2200.0,Refunded,5,Toys & Games
RET001090,ORD0006196,PROD0697,CUST02786,2024-11-20,Wrong Item,33176.0,Refunded,13,Sports & Fitness
RET001091,ORD0006196,PROD0633,CUST02786,2024-11-20,Better Price Found,2769.0,Refunded,11,Toys & Games
RET001092,ORD0006196,PROD0681,CUST02786,2024-11-20,Better Price Found,3330.0,Refunded,3,Beauty & Health
RET001093,ORD0006196,PROD0668,CUST02786,2024-11-20,Better Price Found,6075.0,Refunded,12,Fashion
RET001094,ORD0006205,PROD0115,CUST02476,2024-04-12,Size Issue,5120.0,Refunded,6,Toys & Games
RET001095,ORD0006210,PROD0326,CUST03387,2024-12-30,Defective Product,26008.0,Refunded,11,Automotive
RET001096,ORD0006210,PROD0239,CUST03387,2024-12-30,Defective Product,2842.0,Pending,12,Fashion
RET001097,ORD0006214,PROD0228,CUST03734,2024-04-15,Size Issue,202.0,Refunded,4,Books
RET001098,ORD0006232,PROD0665,CUST01709,2021-10-26,Changed Mind,198200.0,Refunded,5,Electronics
RET001099,ORD0006232,PROD0677,CUST01709,2021-10-26,Changed Mind,2238.0,Refunded,14,Toys & Games
RET001100,ORD0006232,PROD0194,CUST01709,2021-10-26,Damaged in Transit,47072.0,Refunded,9,Sports & Fitness
RET001101,ORD0006232,PROD0089,CUST01709,2021-10-26,Changed Mind,1120.0,Refunded,11,Office Supplies
RET001102,ORD0006232,PROD0553,CUST01709,2021-10-26,Better Price Found,4648.0,Refunded,6,Grocery
RET001103,ORD0006269,PROD0254,CUST02974,2024-05-28,Wrong Item,12704.0,Refunded,3,Sports & Fitness
RET001104,ORD0006269,PROD0678,CUST02974,2024-05-28,Defective Product,1883.0,Refunded,11,Office Supplies
RET001105,ORD0006269,PROD0174,CUST02974,2024-05-28,Wrong Item,1133.0,Refunded,13,Toys & Games
RET001106,ORD0006269,PROD0667,CUST02974,2024-05-28,Damaged in Transit,25952.0,Rejected,5,Home & Kitchen
RET001107,ORD0006269,PROD0204,CUST02974,2024-05-28,Defective Product,1969.0,Refunded,13,Office Supplies
RET001108,ORD0006270,PROD0363,CUST00527,2023-03-12,Defective Product,3874.0,Pending,7,Fashion
RET001109,ORD0006270,PROD0178,CUST00527,2023-03-12,Changed Mind,4476.0,Pending,6,Toys & Games
RET001110,ORD0006287,PROD0295,CUST03859,2021-11-15,Damaged in Transit,262.0,Refunded,10,Toys & Games
RET001111,ORD0006304,PROD0366,CUST02889,2023-12-15,Better Price Found,4622.0,Pending,3,Beauty & Health
RET001112,ORD0006315,PROD0420,CUST02088,2023-11-14,Defective Product,13373.0,Refunded,4,Sports & Fitness
RET001113,ORD0006327,PROD0106,CUST03175,2022-05-13,Size Issue,1064.0,Refunded,12,Books
RET001114,ORD0006331,PROD0425,CUST02006,2022-06-27,Damaged in Transit,18434.0,Pending,13,Sports & Fitness
RET001115,ORD0006336,PROD0557,CUST01633,2020-06-25,Better Price Found,2282.0,Refunded,9,Office Supplies
RET001116,ORD0006336,PROD0091,CUST01633,2020-06-25,Size Issue,2512.0,Pending,5,Beauty & Health
RET001117,ORD0006355,PROD0639,CUST04200,2020-04-05,Size Issue,8138.0,Refunded,6,Toys & Games
RET001118,ORD0006356,PROD0178,CUST01257,2024-04-23,Wrong Item,2238.0,Refunded,10,Toys & Games
RET001119,ORD0006356,PROD0272,CUST01257,2024-04-23,Size Issue,1990.0,Refunded,13,Beauty & Health
RET001120,ORD0006356,PROD0439,CUST01257,2024-04-23,Changed Mind,4763.0,Pending,9,Fashion
RET001121,ORD0006356,PROD0557,CUST01257,2024-04-23,Wrong Item,2282.0,Pending,3,Office Supplies
RET001122,ORD0006366,PROD0766,CUST02787,2021-09-27,Changed Mind,18032.0,Refunded,14,Home & Kitchen
RET001123,ORD0006376,PROD0726,CUST01504,2023-12-01,Damaged in Transit,185744.0,Refunded,14,Electronics
RET001124,ORD0006378,PROD0266,CUST00263,2024-05-25,Wrong Item,27649.0,Refunded,5,Electronics
RET001125,ORD0006382,PROD0546,CUST04060,2023-04-14,Better Price Found,2974.0,Refunded,8,Sports & Fitness
RET001126,ORD0006384,PROD0284,CUST01588,2024-09-26,Defective Product,786.0,Refunded,13,Beauty & Health
RET001127,ORD0006384,PROD0268,CUST01588,2024-09-26,Size Issue,10264.0,Refunded,11,Automotive
RET001128,ORD0006384,PROD0652,CUST01588,2024-09-26,Changed Mind,4623.0,Pending,14,Beauty & Health
RET001129,ORD0006384,PROD0003,CUST01588,2024-09-26,Damaged in Transit,12669.0,Refunded,3,Electronics
RET001130,ORD0006384,PROD0043,CUST01588,2024-09-26,Changed Mind,4428.0,Refunded,7,Beauty & Health
RET001131,ORD0006387,PROD0384,CUST02445,2023-12-26,Changed Mind,6831.0,Refunded,8,Toys & Games
RET001132,ORD0006399,PROD0185,CUST04240,2022-01-26,Changed Mind,15096.0,Pending,13,Fashion
RET001133,ORD0006399,PROD0220,CUST04240,2022-01-26,Changed Mind,20204.0,Refunded,9,Sports & Fitness
RET001134,ORD0006401,PROD0583,CUST00899,2023-09-30,Defective Product,37096.0,Refunded,3,Automotive
RET001135,ORD0006401,PROD0064,CUST00899,2023-09-30,Defective Product,136.0,Refunded,11,Books
RET001136,ORD0006401,PROD0577,CUST00899,2023-09-30,Size Issue,6940.0,Refunded,13,Office Supplies
RET001137,ORD0006401,PROD0222,CUST00899,2023-09-30,Damaged in Transit,8274.0,Refunded,13,Office Supplies
RET001138,ORD0006401,PROD0378,CUST00899,2023-09-30,Defective Product,1687.0,Refunded,11,Office Supplies
RET001139,ORD0006423,PROD0677,CUST04830,2024-03-13,Changed Mind,5002.0,Refunded,5,Toys & Games
RET001140,ORD0006423,PROD0541,CUST04830,2024-03-13,Wrong Item,5262.0,Pending,13,Office Supplies
RET001141,ORD0006427,PROD0312,CUST04081,2024-03-17,Damaged in Transit,42998.0,Refunded,9,Sports & Fitness
RET001142,ORD0006427,PROD0086,CUST04081,2024-03-17,Defective Product,529.0,Refunded,12,Beauty & Health
RET001143,ORD0006427,PROD0104,CUST04081,2024-03-17,Damaged in Transit,37614.0,Refunded,6,Sports & Fitness
RET001144,ORD0006427,PROD0496,CUST04081,2024-03-17,Better Price Found,5918.0,Refunded,9,Sports & Fitness
RET001145,ORD0006427,PROD0544,CUST04081,2024-03-17,Better Price Found,838.0,Pending,4,Beauty & Health
RET001146,ORD0006447,PROD0615,CUST00167,2020-11-11,Wrong Item,9410.0,Pending,11,Toys & Games
RET001147,ORD0006449,PROD0694,CUST03811,2021-11-28,Defective Product,11030.0,Refunded,4,Sports & Fitness
RET001148,ORD0006469,PROD0467,CUST01572,2022-11-11,Size Issue,2891.0,Refunded,11,Beauty & Health
RET001149,ORD0006469,PROD0421,CUST01572,2022-11-11,Size Issue,8344.0,Refunded,10,Fashion
RET001150,ORD0006469,PROD0547,CUST01572,2022-11-11,Defective Product,350.0,Refunded,6,Grocery
RET001151,ORD0006474,PROD0033,CUST03198,2024-08-04,Damaged in Transit,294612.0,Refunded,8,Electronics
RET001152,ORD0006474,PROD0311,CUST03198,2024-08-04,Better Price Found,640.0,Refunded,5,Books
RET001153,ORD0006477,PROD0451,CUST03632,2024-05-27,Changed Mind,526.0,Rejected,14,Beauty & Health
RET001154,ORD0006477,PROD0591,CUST03632,2024-05-27,Damaged in Transit,834.0,Refunded,5,Grocery
RET001155,ORD0006477,PROD0769,CUST03632,2024-05-27,Wrong Item,9202.0,Refunded,9,Automotive
RET001156,ORD0006477,PROD0426,CUST03632,2024-05-27,Changed Mind,36171.0,Refunded,6,Home & Kitchen
RET001157,ORD0006477,PROD0047,CUST03632,2024-05-27,Damaged in Transit,149.0,Pending,12,Automotive
RET001158,ORD0006495,PROD0718,CUST04356,2023-09-11,Defective Product,11353.0,Refunded,13,Home & Kitchen
RET001159,ORD0006495,PROD0127,CUST04356,2023-09-11,Wrong Item,960.0,Refunded,5,Sports & Fitness
RET001160,ORD0006495,PROD0221,CUST04356,2023-09-11,Better Price Found,66648.0,Rejected,11,Home & Kitchen
RET001161,ORD0006506,PROD0350,CUST04069,2023-05-24,Changed Mind,23738.0,Refunded,9,Sports & Fitness
RET001162,ORD0006506,PROD0500,CUST04069,2023-05-24,Wrong Item,75128.0,Refunded,3,Home & Kitchen
RET001163,ORD0006516,PROD0198,CUST02256,2021-02-14,Better Price Found,4876.0,Refunded,11,Toys & Games
RET001164,ORD0006528,PROD0378,CUST02559,2024-01-03,Wrong Item,1687.0,Rejected,11,Office Supplies
RET001165,ORD0006529,PROD0688,CUST01502,2022-01-21,Damaged in Transit,12915.0,Refunded,6,Office Supplies
RET001166,ORD0006529,PROD0231,CUST01502,2022-01-21,Size Issue,648.0,Pending,5,Grocery
RET001167,ORD0006531,PROD0216,CUST01882,2020-11-06,Damaged in Transit,10154.0,Refunded,8,Fashion
RET001168,ORD0006531,PROD0402,CUST01882,2020-11-06,Damaged in Transit,3460.0,Refunded,12,Office Supplies
RET001169,ORD0006531,PROD0342,CUST01882,2020-11-06,Size Issue,9888.0,Refunded,10,Sports & Fitness
RET001170,ORD0006531,PROD0171,CUST01882,2020-11-06,Wrong Item,6794.0,Refunded,9,Toys & Games
RET001171,ORD0006532,PROD0165,CUST02551,2024-10-30,Changed Mind,828.0,Pending,8,Books
RET001172,ORD0006568,PROD0212,CUST02712,2023-03-24,Size Issue,2689.0,Rejected,13,Fashion
RET001173,ORD0006570,PROD0134,CUST03657,2023-06-09,Damaged in Transit,3634.0,Refunded,4,Beauty & Health
RET001174,ORD0006583,PROD0742,CUST02463,2021-04-15,Better Price Found,206.0,Pending,11,Books
RET001175,ORD0006583,PROD0377,CUST02463,2021-04-15,Better Price Found,3630.0,Pending,9,Toys & Games
RET001176,ORD0006583,PROD0184,CUST02463,2021-04-15,Changed Mind,2465.0,Refunded,10,Office Supplies
RET001177,ORD0006583,PROD0140,CUST02463,2021-04-15,Damaged in Transit,4480.0,Rejected,13,Home & Kitchen
RET001178,ORD0006583,PROD0014,CUST02463,2021-04-15,Damaged in Transit,2011.0,Refunded,9,Beauty & Health
RET001179,ORD0006587,PROD0748,CUST04545,2022-01-12,Size Issue,2335.0,Refunded,6,Beauty & Health
RET001180,ORD0006587,PROD0106,CUST04545,2022-01-12,Size Issue,1064.0,Refunded,6,Books
RET001181,ORD0006591,PROD0517,CUST01758,2021-03-30,Better Price Found,1114.0,Pending,14,Grocery
RET001182,ORD0006591,PROD0773,CUST01758,2021-03-30,Changed Mind,600.0,Refunded,8,Grocery
RET001183,ORD0006624,PROD0381,CUST04684,2024-08-15,Wrong Item,8278.0,Pending,3,Office Supplies
RET001184,ORD0006624,PROD0087,CUST04684,2024-08-15,Defective Product,3439.0,Refunded,8,Automotive
RET001185,ORD0006627,PROD0273,CUST04227,2024-09-22,Size Issue,31530.0,Pending,12,Home & Kitchen
RET001186,ORD0006627,PROD0524,CUST04227,2024-09-22,Better Price Found,12594.0,Refunded,3,Fashion
RET001187,ORD0006627,PROD0158,CUST04227,2024-09-22,Better Price Found,14610.0,Refunded,5,Automotive
RET001188,ORD0006628,PROD0223,CUST01970,2022-05-07,Damaged in Transit,11545.0,Refunded,4,Sports & Fitness
RET001189,ORD0006643,PROD0264,CUST01042,2020-06-16,Better Price Found,18708.0,Refunded,9,Electronics
RET001190,ORD0006648,PROD0350,CUST04670,2023-01-16,Defective Product,37980.0,Rejected,12,Sports & Fitness
RET001191,ORD0006663,PROD0334,CUST01406,2022-05-27,Damaged in Transit,27167.0,Refunded,6,Home & Kitchen
RET001192,ORD0006663,PROD0740,CUST01406,2022-05-27,Better Price Found,1044.0,Pending,6,Grocery
RET001193,ORD0006663,PROD0150,CUST01406,2022-05-27,Better Price Found,6435.0,Refunded,6,Home & Kitchen
RET001194,ORD0006663,PROD0634,CUST01406,2022-05-27,Damaged in Transit,2616.0,Refunded,8,Books
RET001195,ORD0006666,PROD0638,CUST02840,2020-08-06,Wrong Item,150982.0,Refunded,5,Electronics
RET001196,ORD0006666,PROD0459,CUST02840,2020-08-06,Defective Product,124533.0,Refunded,3,Home & Kitchen
RET001197,ORD0006669,PROD0074,CUST02271,2024-07-25,Defective Product,672.0,Refunded,14,Books
RET001198,ORD0006672,PROD0542,CUST01547,2020-07-01,Damaged in Transit,29845.0,Refunded,3,Home & Kitchen
RET001199,ORD0006672,PROD0162,CUST01547,2020-07-01,Defective Product,13479.0,Refunded,10,Beauty & Health
RET001200,ORD0006672,PROD0150,CUST01547,2020-07-01,Size Issue,1930.0,Refunded,14,Home & Kitchen
RET001201,ORD0006708,PROD0212,CUST01229,2022-12-02,Wrong Item,2689.0,Refunded,6,Fashion
RET001202,ORD0006737,PROD0368,CUST01555,2020-12-20,Damaged in Transit,4299.0,Pending,3,Beauty & Health
RET001203,ORD0006749,PROD0514,CUST01135,2021-04-01,Defective Product,102642.0,Refunded,5,Electronics
RET001204,ORD0006756,PROD0017,CUST00602,2024-08-04,Changed Mind,3014.0,Refunded,10,Automotive
RET001205,ORD0006756,PROD0703,CUST00602,2024-08-04,Defective Product,11427.0,Pending,4,Electronics
RET001206,ORD0006756,PROD0036,CUST00602,2024-08-04,Damaged in Transit,4990.0,Refunded,3,Fashion
RET001207,ORD0006756,PROD0420,CUST00602,2024-08-04,Better Price Found,13373.0,Refunded,14,Sports & Fitness
RET001208,ORD0006758,PROD0284,CUST04512,2020-02-22,Better Price Found,786.0,Pending,12,Beauty & Health
RET001209,ORD0006758,PROD0341,CUST04512,2020-02-22,Wrong Item,12322.0,Refunded,12,Fashion
RET001210,ORD0006758,PROD0664,CUST04512,2020-02-22,Size Issue,12470.0,Refunded,7,Home & Kitchen
RET001211,ORD0006788,PROD0113,CUST03801,2020-02-26,Defective Product,104.0,Refunded,11,Beauty & Health
RET001212,ORD0006788,PROD0129,CUST03801,2020-02-26,Damaged in Transit,16976.0,Pending,8,Automotive
RET001213,ORD0006788,PROD0721,CUST03801,2020-02-26,Changed Mind,1586.0,Rejected,10,Grocery
RET001214,ORD0006788,PROD0751,CUST03801,2020-02-26,Damaged in Transit,706.0,Refunded,10,Grocery
RET001215,ORD0006788,PROD0727,CUST03801,2020-02-26,Changed Mind,4701.0,Refunded,3,Office Supplies
RET001216,ORD0006789,PROD0479,CUST03573,2024-06-12,Size Issue,8812.0,Rejected,12,Home & Kitchen
RET001217,ORD0006803,PROD0659,CUST04141,2020-12-17,Better Price Found,485.0,Refunded,5,Grocery
RET001218,ORD0006806,PROD0178,CUST04004,2023-04-27,Wrong Item,1119.0,Refunded,6,Toys & Games
RET001219,ORD0006806,PROD0634,CUST04004,2023-04-27,Damaged in Transit,813.0,Pending,6,Books
RET001220,ORD0006806,PROD0320,CUST04004,2023-04-27,Wrong Item,20530.0,Refunded,5,Fashion
RET001221,ORD0006823,PROD0624,CUST00753,2023-09-15,Damaged in Transit,610.0,Refunded,14,Books
RET001222,ORD0006826,PROD0158,CUST03328,2023-10-13,Better Price Found,6494.0,Refunded,11,Automotive
RET001223,ORD0006828,PROD0617,CUST04716,2021-10-22,Changed Mind,12768.0,Refunded,8,Beauty & Health
RET001224,ORD0006828,PROD0163,CUST04716,2021-10-22,Damaged in Transit,2824.0,Refunded,6,Beauty & Health
RET001225,ORD0006828,PROD0603,CUST04716,2021-10-22,Better Price Found,1040.0,Refunded,4,Beauty & Health
RET001226,ORD0006834,PROD0494,CUST04748,2021-04-28,Better Price Found,18268.0,Refunded,12,Automotive
RET001227,ORD0006834,PROD0723,CUST04748,2021-04-28,Defective Product,5902.0,Refunded,12,Beauty & Health
RET001228,ORD0006850,PROD0628,CUST02878,2020-02-02,Damaged in Transit,956.0,Refunded,12,Grocery
RET001229,ORD0006850,PROD0412,CUST02878,2020-02-02,Defective Product,15520.0,Refunded,11,Home & Kitchen
RET001230,ORD0006884,PROD0105,CUST01520,2023-06-07,Defective Product,1365.0,Refunded,8,Beauty & Health
RET001231,ORD0006886,PROD0658,CUST03372,2020-02-02,Size Issue,1875.0,Refunded,11,Books
RET001232,ORD0006886,PROD0640,CUST03372,2020-02-02,Damaged in Transit,3164.0,Refunded,14,Toys & Games
RET001233,ORD0006886,PROD0724,CUST03372,2020-02-02,Size Issue,1746.0,Refunded,8,Grocery
RET001234,ORD0006886,PROD0184,CUST03372,2020-02-02,Defective Product,5204.0,Pending,3,Office Supplies
RET001235,ORD0006886,PROD0060,CUST03372,2020-02-02,Defective Product,22227.0,Refunded,7,Fashion
RET001236,ORD0006897,PROD0624,CUST04551,2021-10-12,Changed Mind,657.0,Rejected,14,Books
RET001237,ORD0006905,PROD0525,CUST00560,2021-07-19,Wrong Item,904.0,Refunded,8,Books
RET001238,ORD0006905,PROD0053,CUST00560,2021-07-19,Wrong Item,9643.0,Refunded,3,Fashion
RET001239,ORD0006905,PROD0732,CUST00560,2021-07-19,Defective Product,2690.0,Pending,7,Grocery
RET001240,ORD0006907,PROD0289,CUST02472,2022-10-22,Changed Mind,822.0,Refunded,4,Books
RET001241,ORD0006912,PROD0406,CUST00760,2023-10-29,Damaged in Transit,281439.0,Refunded,10,Electronics
RET001242,ORD0006912,PROD0128,CUST00760,2023-10-29,Wrong Item,1670.0,Pending,9,Toys & Games
RET001243,ORD0006919,PROD0322,CUST03356,2020-06-28,Wrong Item,37887.0,Refunded,11,Electronics
RET001244,ORD0006919,PROD0788,CUST03356,2020-06-28,Better Price Found,1186.0,Pending,10,Grocery
RET001245,ORD0006919,PROD0023,CUST03356,2020-06-28,Defective Product,44113.0,Refunded,4,Electronics
RET001246,ORD0006924,PROD0487,CUST04968,2022-09-15,Changed Mind,17456.0,Refunded,5,Toys & Games
RET001247,ORD0006927,PROD0318,CUST02394,2021-05-09,Damaged in Transit,22445.0,Pending,13,Home & Kitchen
RET001248,ORD0006933,PROD0240,CUST03532,2021-10-11,Better Price Found,1593.0,Refunded,5,Beauty & Health
RET001249,ORD0006933,PROD0193,CUST03532,2021-10-11,Wrong Item,2958.0,Pending,9,Books
RET001250,ORD0006933,PROD0278,CUST03532,2021-10-11,Size Issue,5217.0,Refunded,12,Toys & Games
RET001251,ORD0006949,PROD0781,CUST01925,2023-09-08,Wrong Item,3402.0,Pending,6,Beauty & Health
RET001252,ORD0006949,PROD0423,CUST01925,2023-09-08,Better Price Found,30314.0,Pending,8,Electronics
RET001253,ORD0006967,PROD0337,CUST03883,2022-05-01,Wrong Item,13678.0,Refunded,11,Fashion
RET001254,ORD0006971,PROD0248,CUST00118,2021-03-02,Damaged in Transit,2564.0,Refunded,12,Grocery
RET001255,ORD0006971,PROD0531,CUST00118,2021-03-02,Damaged in Transit,216.0,Refunded,5,Grocery
RET001256,ORD0006993,PROD0286,CUST01862,2023-06-06,Damaged in Transit,7210.0,Refunded,8,Sports & Fitness
RET001257,ORD0006993,PROD0127,CUST01862,2023-06-06,Damaged in Transit,2134.0,Refunded,3,Sports & Fitness
RET001258,ORD0006993,PROD0379,CUST01862,2023-06-06,Better Price Found,832.0,Refunded,13,Grocery
RET001259,ORD0006993,PROD0240,CUST01862,2023-06-06,Changed Mind,1738.0,Refunded,14,Beauty & Health
RET001260,ORD0006996,PROD0607,CUST02176,2022-01-19,Damaged in Transit,280.0,Refunded,9,Books
RET001261,ORD0007000,PROD0736,CUST04085,2023-03-29,Better Price Found,95985.0,Refunded,9,Home & Kitchen
RET001262,ORD0007000,PROD0307,CUST04085,2023-03-29,Size Issue,3942.0,Refunded,14,Beauty & Health
RET001263,ORD0007006,PROD0483,CUST00447,2022-07-03,Defective Product,1940.0,Refunded,3,Books
RET001264,ORD0007033,PROD0567,CUST03924,2020-06-09,Size Issue,682.0,Pending,13,Office Supplies
RET001265,ORD0007045,PROD0750,CUST01653,2023-01-19,Size Issue,426.0,Refunded,4,Beauty & Health
RET001266,ORD0007045,PROD0636,CUST01653,2023-01-19,Better Price Found,31961.0,Refunded,5,Electronics
RET001267,ORD0007047,PROD0089,CUST03810,2021-10-21,Defective Product,2690.0,Pending,8,Office Supplies
RET001268,ORD0007068,PROD0024,CUST01609,2020-07-19,Defective Product,5072.0,Refunded,10,Fashion
RET001269,ORD0007081,PROD0617,CUST01323,2020-04-06,Damaged in Transit,7616.0,Pending,8,Beauty & Health
RET001270,ORD0007081,PROD0699,CUST01323,2020-04-06,Changed Mind,34004.0,Pending,9,Automotive
RET001271,ORD0007081,PROD0398,CUST01323,2020-04-06,Damaged in Transit,1912.0,Refunded,11,Toys & Games
RET001272,ORD0007081,PROD0591,CUST01323,2020-04-06,Changed Mind,834.0,Pending,8,Grocery
RET001273,ORD0007100,PROD0122,CUST03618,2022-04-07,Changed Mind,14839.0,Refunded,8,Sports & Fitness
RET001274,ORD0007100,PROD0269,CUST03618,2022-04-07,Defective Product,4300.0,Refunded,12,Sports & Fitness
RET001275,ORD0007100,PROD0536,CUST03618,2022-04-07,Size Issue,292.0,Refunded,14,Grocery
RET001276,ORD0007100,PROD0516,CUST03618,2022-04-07,Damaged in Transit,14235.0,Refunded,8,Sports & Fitness
RET001277,ORD0007102,PROD0237,CUST00055,2020-05-15,Wrong Item,25455.0,Refunded,5,Electronics
RET001278,ORD0007102,PROD0488,CUST00055,2020-05-15,Size Issue,9398.0,Pending,4,Fashion
RET001279,ORD0007102,PROD0539,CUST00055,2020-05-15,Damaged in Transit,7926.0,Refunded,10,Home & Kitchen
RET001280,ORD0007111,PROD0107,CUST01929,2022-04-05,Better Price Found,586.0,Refunded,9,Grocery
RET001281,ORD0007111,PROD0169,CUST01929,2022-04-05,Defective Product,9901.0,Rejected,13,Home & Kitchen
RET001282,ORD0007196,PROD0015,CUST02612,2023-11-03,Defective Product,6408.0,Refunded,4,Fashion
RET001283,ORD0007205,PROD0446,CUST03837,2024-03-08,Damaged in Transit,712.0,Refunded,6,Books
RET001284,ORD0007222,PROD0623,CUST04386,2022-11-05,Defective Product,11025.0,Pending,11,Office Supplies
RET001285,ORD0007222,PROD0545,CUST04386,2022-11-05,Defective Product,89837.0,Refunded,11,Electronics
RET001286,ORD0007222,PROD0629,CUST04386,2022-11-05,Wrong Item,1403.0,Pending,7,Books
RET001287,ORD0007238,PROD0113,CUST01354,2022-03-13,Changed Mind,47.0,Rejected,6,Beauty & Health
RET001288,ORD0007255,PROD0546,CUST00786,2023-08-12,Defective Product,2974.0,Pending,6,Sports & Fitness
RET001289,ORD0007265,PROD0203,CUST02211,2022-01-15,Better Price Found,14049.0,Refunded,11,Fashion
RET001290,ORD0007270,PROD0659,CUST03309,2021-02-10,Damaged in Transit,529.0,Refunded,8,Grocery
RET001291,ORD0007270,PROD0676,CUST03309,2021-02-10,Defective Product,2092.0,Refunded,11,Grocery
RET001292,ORD0007270,PROD0734,CUST03309,2021-02-10,Better Price Found,16088.0,Refunded,7,Fashion
RET001293,ORD0007270,PROD0731,CUST03309,2021-02-10,Defective Product,5912.0,Refunded,8,Fashion
RET001294,ORD0007275,PROD0422,CUST02657,2023-08-18,Wrong Item,11475.0,Rejected,7,Fashion
RET001295,ORD0007275,PROD0097,CUST02657,2023-08-18,Changed Mind,24126.0,Refunded,6,Automotive
RET001296,ORD0007284,PROD0776,CUST04643,2023-02-28,Size Issue,1289.0,Refunded,6,Toys & Games
RET001297,ORD0007304,PROD0454,CUST01025,2024-08-27,Damaged in Transit,1051.0,Refunded,3,Toys & Games
RET001298,ORD0007309,PROD0025,CUST02547,2020-10-22,Defective Product,12580.0,Refunded,4,Automotive
RET001299,ORD0007309,PROD0344,CUST02547,2020-10-22,Defective Product,10260.0,Pending,3,Fashion
RET001300,ORD0007332,PROD0599,CUST00432,2021-10-11,Changed Mind,28100.0,Refunded,11,Home & Kitchen
RET001301,ORD0007332,PROD0539,CUST00432,2021-10-11,Damaged in Transit,7926.0,Refunded,10,Home & Kitchen
RET001302,ORD0007333,PROD0760,CUST04023,2023-03-29,Size Issue,6828.0,Refunded,9,Fashion
RET001303,ORD0007333,PROD0228,CUST04023,2023-03-29,Damaged in Transit,202.0,Refunded,10,Books
RET001304,ORD0007333,PROD0012,CUST04023,2023-03-29,Damaged in Transit,520.0,Pending,6,Grocery
RET001305,ORD0007333,PROD0464,CUST04023,2023-03-29,Size Issue,6480.0,Refunded,5,Beauty & Health
RET001306,ORD0007337,PROD0513,CUST03909,2021-04-11,Defective Product,10102.0,Refunded,4,Automotive
RET001307,ORD0007337,PROD0573,CUST03909,2021-04-11,Wrong Item,56040.0,Refunded,11,Sports & Fitness
RET001308,ORD0007337,PROD0069,CUST03909,2021-04-11,Wrong Item,17724.0,Refunded,14,Sports & Fitness
RET001309,ORD0007337,PROD0058,CUST03909,2021-04-11,Changed Mind,9856.0,Pending,7,Home & Kitchen
RET001310,ORD0007337,PROD0341,CUST03909,2021-04-11,Damaged in Transit,6161.0,Pending,6,Fashion
RET001311,ORD0007350,PROD0346,CUST02274,2021-08-08,Better Price Found,33480.0,Pending,10,Home & Kitchen
RET001312,ORD0007354,PROD0774,CUST04156,2021-06-14,Damaged in Transit,64593.0,Refunded,12,Home & Kitchen
RET001313,ORD0007387,PROD0763,CUST01330,2022-11-24,Changed Mind,5286.0,Refunded,13,Office Supplies
RET001314,ORD0007392,PROD0120,CUST00368,2021-04-02,Wrong Item,60795.0,Refunded,10,Sports & Fitness
RET001315,ORD0007404,PROD0186,CUST02753,2023-03-04,Wrong Item,137856.0,Refunded,10,Electronics
RET001316,ORD0007409,PROD0612,CUST02333,2021-01-25,Size Issue,831.0,Refunded,14,Grocery
RET001317,ORD0007411,PROD0207,CUST02288,2021-01-16,Wrong Item,2355.0,Refunded,14,Books
RET001318,ORD0007432,PROD0528,CUST04099,2024-04-13,Defective Product,23578.0,Refunded,5,Home & Kitchen
RET001319,ORD0007432,PROD0465,CUST04099,2024-04-13,Damaged in Transit,573.0,Refunded,13,Grocery
RET001320,ORD0007433,PROD0616,CUST02608,2023-02-19,Changed Mind,11668.0,Refunded,11,Automotive
RET001321,ORD0007436,PROD0197,CUST01510,2024-10-23,Defective Product,2828.0,Pending,9,Beauty & Health
RET001322,ORD0007436,PROD0268,CUST01510,2024-10-23,Wrong Item,9408.0,Refunded,3,Automotive
RET001323,ORD0007436,PROD0089,CUST01510,2024-10-23,Changed Mind,1345.0,Pending,8,Office Supplies
RET001324,ORD0007487,PROD0491,CUST01880,2023-09-30,Better Price Found,24336.0,Refunded,4,Automotive
RET001325,ORD0007498,PROD0606,CUST04392,2023-05-20,Size Issue,4382.0,Refunded,14,Toys & Games
RET001326,ORD0007498,PROD0698,CUST04392,2023-05-20,Damaged in Transit,8452.0,Pending,14,Fashion
RET001327,ORD0007509,PROD0784,CUST01112,2022-07-14,Wrong Item,1065.0,Refunded,7,Books
RET001328,ORD0007509,PROD0755,CUST01112,2022-07-14,Wrong Item,103316.0,Refunded,6,Electronics
RET001329,ORD0007512,PROD0007,CUST01405,2023-02-05,Size Issue,3296.0,Refunded,5,Sports & Fitness
RET001330,ORD0007512,PROD0751,CUST01405,2023-02-05,Defective Product,1256.0,Refunded,4,Grocery
RET001331,ORD0007512,PROD0245,CUST01405,2023-02-05,Wrong Item,23304.0,Refunded,11,Sports & Fitness
RET001332,ORD0007512,PROD0548,CUST01405,2023-02-05,Size Issue,8477.0,Refunded,6,Automotive
RET001333,ORD0007512,PROD0363,CUST01405,2023-02-05,Size Issue,7748.0,Refunded,11,Fashion
RET001334,ORD0007513,PROD0733,CUST04581,2022-09-07,Changed Mind,14920.0,Refunded,10,Automotive
RET001335,ORD0007521,PROD0113,CUST03120,2020-10-10,Better Price Found,52.0,Refunded,7,Beauty & Health
RET001336,ORD0007521,PROD0150,CUST03120,2020-10-10,Changed Mind,6864.0,Refunded,13,Home & Kitchen
RET001337,ORD0007524,PROD0399,CUST01138,2022-03-02,Wrong Item,24675.0,Refunded,13,Electronics
RET001338,ORD0007554,PROD0733,CUST01131,2021-07-03,Better Price Found,16785.0,Refunded,8,Automotive
RET001339,ORD0007554,PROD0780,CUST01131,2021-07-03,Better Price Found,6238.0,Refunded,14,Electronics
RET001340,ORD0007554,PROD0250,CUST01131,2021-07-03,Size Issue,311.0,Pending,7,Grocery
RET001341,ORD0007554,PROD0390,CUST01131,2021-07-03,Changed Mind,11811.0,Refunded,3,Electronics
RET001342,ORD0007554,PROD0530,CUST01131,2021-07-03,Damaged in Transit,21487.0,Refunded,11,Electronics
RET001343,ORD0007556,PROD0037,CUST02052,2020-08-02,Better Price Found,908.0,Refunded,6,Beauty & Health
RET001344,ORD0007557,PROD0010,CUST03116,2024-11-25,Damaged in Transit,19300.0,Refunded,9,Sports & Fitness
RET001345,ORD0007557,PROD0006,CUST03116,2024-11-25,Wrong Item,3293.0,Refunded,3,Beauty & Health
RET001346,ORD0007557,PROD0056,CUST03116,2024-11-25,Damaged in Transit,9328.0,Refunded,11,Beauty & Health
RET001347,ORD0007561,PROD0720,CUST04751,2023-12-05,Wrong Item,16096.0,Refunded,10,Home & Kitchen
RET001348,ORD0007561,PROD0597,CUST04751,2023-12-05,Wrong Item,2824.0,Refunded,8,Books
RET001349,ORD0007571,PROD0252,CUST02638,2024-07-12,Damaged in Transit,97154.0,Refunded,10,Electronics
RET001350,ORD0007571,PROD0193,CUST02638,2024-07-12,Changed Mind,2220.0,Refunded,11,Books
RET001351,ORD0007592,PROD0686,CUST00010,2024-07-22,Changed Mind,14238.0,Refunded,5,Toys & Games
RET001352,ORD0007592,PROD0620,CUST00010,2024-07-22,Changed Mind,1391.0,Rejected,13,Books
RET001353,ORD0007596,PROD0687,CUST01264,2020-06-05,Better Price Found,23858.0,Pending,12,Automotive
RET001354,ORD0007596,PROD0267,CUST01264,2020-06-05,Damaged in Transit,23810.0,Refunded,7,Home & Kitchen
RET001355,ORD0007596,PROD0493,CUST01264,2020-06-05,Defective Product,5708.0,Refunded,12,Automotive
RET001356,ORD0007596,PROD0447,CUST01264,2020-06-05,Better Price Found,5384.0,Refunded,5,Fashion
RET001357,ORD0007604,PROD0193,CUST00661,2022-04-26,Better Price Found,2220.0,Refunded,6,Books
RET001358,ORD0007610,PROD0178,CUST01073,2023-04-18,Size Issue,3189.0,Refunded,14,Toys & Games
RET001359,ORD0007610,PROD0524,CUST01073,2023-04-18,Size Issue,4198.0,Refunded,6,Fashion
RET001360,ORD0007610,PROD0478,CUST01073,2023-04-18,Better Price Found,3152.0,Pending,9,Beauty & Health
RET001361,ORD0007610,PROD0002,CUST01073,2023-04-18,Defective Product,6215.0,Refunded,8,Toys & Games
RET001362,ORD0007611,PROD0208,CUST00818,2024-05-23,Changed Mind,20346.0,Refunded,7,Sports & Fitness
RET001363,ORD0007617,PROD0617,CUST01144,2023-03-06,Wrong Item,4032.0,Pending,3,Beauty & Health
RET001364,ORD0007619,PROD0035,CUST00666,2022-05-07,Wrong Item,38547.0,Refunded,5,Automotive
RET001365,ORD0007619,PROD0076,CUST00666,2022-05-07,Defective Product,479.0,Refunded,11,Grocery
RET001366,ORD0007644,PROD0081,CUST04954,2022-04-15,Defective Product,3582.0,Pending,4,Fashion
RET001367,ORD0007645,PROD0250,CUST01427,2020-07-30,Better Price Found,311.0,Refunded,5,Grocery
RET001368,ORD0007645,PROD0644,CUST01427,2020-07-30,Damaged in Transit,1896.0,Refunded,5,Beauty & Health
RET001369,ORD0007645,PROD0776,CUST01427,2020-07-30,Size Issue,2578.0,Pending,4,Toys & Games
RET001370,ORD0007645,PROD0332,CUST01427,2020-07-30,Wrong Item,460.0,Pending,11,Books
RET001371,ORD0007645,PROD0415,CUST01427,2020-07-30,Damaged in Transit,6099.0,Refunded,9,Office Supplies
RET001372,ORD0007646,PROD0487,CUST01095,2024-11-28,Better Price Found,4910.0,Pending,8,Toys & Games
RET001373,ORD0007648,PROD0600,CUST00936,2021-07-19,Damaged in Transit,2346.0,Pending,12,Beauty & Health
RET001374,ORD0007648,PROD0236,CUST00936,2021-07-19,Wrong Item,387.0,Refunded,4,Grocery
RET001375,ORD0007648,PROD0680,CUST00936,2021-07-19,Wrong Item,24768.0,Refunded,8,Office Supplies
RET001376,ORD0007655,PROD0113,CUST01902,2023-05-10,Defective Product,94.0,Refunded,4,Beauty & Health
RET001377,ORD0007664,PROD0347,CUST04947,2023-01-08,Damaged in Transit,1451.0,Refunded,6,Fashion
RET001378,ORD0007664,PROD0638,CUST04947,2023-01-08,Wrong Item,270176.0,Rejected,14,Electronics
RET001379,ORD0007664,PROD0566,CUST04947,2023-01-08,Changed Mind,5145.0,Refunded,7,Sports & Fitness
RET001380,ORD0007664,PROD0474,CUST04947,2023-01-08,Size Issue,17964.0,Refunded,14,Automotive
RET001381,ORD0007667,PROD0336,CUST01418,2023-04-21,Defective Product,15802.0,Refunded,8,Office Supplies
RET001382,ORD0007667,PROD0584,CUST01418,2023-04-21,Better Price Found,2651.0,Refunded,11,Toys & Games
RET001383,ORD0007667,PROD0555,CUST01418,2023-04-21,Size Issue,369988.0,Refunded,3,Electronics
RET001384,ORD0007667,PROD0750,CUST01418,2023-04-21,Better Price Found,852.0,Refunded,4,Beauty & Health
RET001385,ORD0007689,PROD0305,CUST02055,2020-10-01,Changed Mind,17776.0,Refunded,13,Home & Kitchen
RET001386,ORD0007689,PROD0697,CUST02055,2020-10-01,Changed Mind,16588.0,Refunded,4,Sports & Fitness
RET001387,ORD0007689,PROD0163,CUST02055,2020-10-01,Defective Product,2648.0,Refunded,10,Beauty & Health
RET001388,ORD0007705,PROD0701,CUST02995,2020-07-30,Wrong Item,24486.0,Refunded,5,Home & Kitchen
RET001389,ORD0007717,PROD0116,CUST02465,2020-09-03,Wrong Item,46100.0,Refunded,13,Electronics
RET001390,ORD0007717,PROD0104,CUST02465,2020-09-03,Wrong Item,37614.0,Refunded,14,Sports & Fitness
RET001391,ORD0007717,PROD0232,CUST02465,2020-09-03,Defective Product,216.0,Refunded,14,Books
RET001392,ORD0007717,PROD0787,CUST02465,2020-09-03,Defective Product,7862.0,Refunded,6,Office Supplies
RET001393,ORD0007718,PROD0359,CUST03645,2021-09-14,Damaged in Transit,8150.0,Refunded,10,Office Supplies
RET001394,ORD0007719,PROD0453,CUST04027,2023-01-26,Damaged in Transit,732.0,Rejected,14,Beauty & Health
RET001395,ORD0007719,PROD0689,CUST04027,2023-01-26,Changed Mind,2536.0,Refunded,13,Sports & Fitness
RET001396,ORD0007725,PROD0502,CUST01195,2020-01-31,Damaged in Transit,903.0,Rejected,3,Grocery
RET001397,ORD0007725,PROD0460,CUST01195,2020-01-31,Changed Mind,10142.0,Refunded,6,Electronics
RET001398,ORD0007729,PROD0367,CUST02294,2020-09-05,Damaged in Transit,5922.0,Refunded,12,Office Supplies
RET001399,ORD0007729,PROD0519,CUST02294,2020-09-05,Better Price Found,522.0,Refunded,9,Sports & Fitness
RET001400,ORD0007729,PROD0521,CUST02294,2020-09-05,Defective Product,116966.0,Refunded,9,Electronics
RET001401,ORD0007732,PROD0701,CUST01745,2023-04-11,Wrong Item,54734.0,Refunded,6,Home & Kitchen
RET001402,ORD0007735,PROD0161,CUST04925,2023-03-31,Changed Mind,8418.0,Refunded,7,Automotive
RET001403,ORD0007762,PROD0778,CUST02315,2021-01-21,Damaged in Transit,9610.0,Refunded,11,Office Supplies
RET001404,ORD0007769,PROD0288,CUST03804,2021-10-15,Better Price Found,4264.0,Refunded,7,Toys & Games
RET001405,ORD0007784,PROD0283,CUST00918,2021-09-20,Defective Product,319.0,Pending,10,Grocery
RET001406,ORD0007792,PROD0276,CUST00349,2020-12-27,Defective Product,9154.0,Refunded,12,Fashion
RET001407,ORD0007792,PROD0542,CUST00349,2020-12-27,Defective Product,29845.0,Refunded,9,Home & Kitchen
RET001408,ORD0007792,PROD0304,CUST00349,2020-12-27,Damaged in Transit,11936.0,Refunded,10,Beauty & Health
RET001409,ORD0007792,PROD0292,CUST00349,2020-12-27,Wrong Item,11334.0,Refunded,12,Home & Kitchen
RET001410,ORD0007793,PROD0408,CUST01526,2023-06-24,Size Issue,9362.0,Refunded,14,Sports & Fitness
RET001411,ORD0007795,PROD0469,CUST00029,2023-10-29,Size Issue,39.0,Refunded,7,Grocery
RET001412,ORD0007795,PROD0722,CUST00029,2023-10-29,Damaged in Transit,2946.0,Refunded,9,Grocery
RET001413,ORD0007795,PROD0723,CUST00029,2023-10-29,Size Issue,9375.0,Refunded,8,Beauty & Health
RET001414,ORD0007828,PROD0469,CUST01256,2024-02-03,Defective Product,78.0,Refunded,4,Grocery
RET001415,ORD0007828,PROD0344,CUST01256,2024-02-03,Changed Mind,10944.0,Pending,12,Fashion
RET001416,ORD0007828,PROD0787,CUST01256,2024-02-03,Wrong Item,7862.0,Refunded,12,Office Supplies
RET001417,ORD0007828,PROD0628,CUST01256,2024-02-03,Wrong Item,956.0,Pending,4,Grocery
RET001418,ORD0007830,PROD0416,CUST00857,2020-11-18,Changed Mind,2154.0,Refunded,13,Fashion
RET001419,ORD0007851,PROD0009,CUST02293,2022-03-01,Better Price Found,2085.0,Refunded,7,Beauty & Health
RET001420,ORD0007856,PROD0241,CUST01264,2024-12-22,Wrong Item,71102.0,Refunded,7,Home & Kitchen
RET001421,ORD0007859,PROD0652,CUST03358,2024-10-03,Defective Product,1379.0,Refunded,6,Beauty & Health
RET001422,ORD0007859,PROD0757,CUST03358,2024-10-03,Damaged in Transit,3288.0,Refunded,3,Grocery
RET001423,ORD0007861,PROD0060,CUST04300,2020-04-06,Defective Product,6946.0,Refunded,8,Fashion
RET001424,ORD0007862,PROD0030,CUST03982,2022-08-17,Wrong Item,5549.0,Refunded,3,Sports & Fitness
RET001425,ORD0007874,PROD0416,CUST02699,2021-05-29,Damaged in Transit,3916.0,Refunded,9,Fashion
RET001426,ORD0007874,PROD0772,CUST02699,2021-05-29,Defective Product,153376.0,Refunded,14,Electronics
RET001427,ORD0007874,PROD0295,CUST02699,2021-05-29,Defective Product,456.0,Refunded,8,Toys & Games
RET001428,ORD0007874,PROD0796,CUST02699,2021-05-29,Size Issue,2364.0,Refunded,10,Office Supplies
RET001429,ORD0007895,PROD0109,CUST00251,2023-01-16,Defective Product,84492.0,Refunded,8,Electronics
RET001430,ORD0007899,PROD0372,CUST04278,2024-03-20,Defective Product,1328.0,Rejected,14,Books
RET001431,ORD0007899,PROD0499,CUST04278,2024-03-20,Size Issue,5188.0,Refunded,4,Beauty & Health
RET001432,ORD0007910,PROD0163,CUST03652,2022-03-07,Size Issue,3000.0,Refunded,8,Beauty & Health
RET001433,ORD0007926,PROD0782,CUST00639,2024-11-23,Better Price Found,19760.0,Refunded,6,Sports & Fitness
RET001434,ORD0007926,PROD0353,CUST00639,2024-11-23,Size Issue,38425.0,Refunded,9,Electronics
RET001435,ORD0007938,PROD0294,CUST02254,2020-04-08,Wrong Item,12349.0,Pending,8,Sports & Fitness
RET001436,ORD0007942,PROD0143,CUST01412,2024-01-05,Changed Mind,17917.0,Pending,5,Sports & Fitness
RET001437,ORD0007942,PROD0541,CUST01412,2024-01-05,Changed Mind,4952.0,Refunded,13,Office Supplies
RET001438,ORD0007942,PROD0518,CUST01412,2024-01-05,Damaged in Transit,9818.0,Refunded,9,Office Supplies
RET001439,ORD0007942,PROD0253,CUST01412,2024-01-05,Changed Mind,548.0,Pending,14,Toys & Games
RET001440,ORD0007958,PROD0402,CUST00777,2023-02-13,Better Price Found,4152.0,Refunded,6,Office Supplies
RET001441,ORD0007958,PROD0197,CUST00777,2023-02-13,Better Price Found,2828.0,Refunded,9,Beauty & Health
RET001442,ORD0007958,PROD0668,CUST00777,2023-02-13,Defective Product,2025.0,Refunded,10,Fashion
RET001443,ORD0007958,PROD0518,CUST00777,2023-02-13,Changed Mind,4909.0,Refunded,12,Office Supplies
RET001444,ORD0007961,PROD0674,CUST01618,2022-01-05,Changed Mind,809.0,Refunded,6,Grocery
RET001445,ORD0007962,PROD0030,CUST02609,2021-01-28,Wrong Item,12404.0,Refunded,4,Sports & Fitness
RET001446,ORD0007962,PROD0733,CUST02609,2021-01-28,Size Issue,16785.0,Pending,6,Automotive
RET001447,ORD0007962,PROD0720,CUST02609,2021-01-28,Size Issue,34086.0,Refunded,8,Home & Kitchen
RET001448,ORD0007962,PROD0624,CUST02609,2021-01-28,Wrong Item,657.0,Refunded,9,Books
RET001449,ORD0007962,PROD0433,CUST02609,2021-01-28,Better Price Found,293080.0,Refunded,6,Electronics
RET001450,ORD0007963,PROD0388,CUST01116,2023-01-29,Wrong Item,642.0,Refunded,9,Toys & Games
RET001451,ORD0007963,PROD0568,CUST01116,2023-01-29,Damaged in Transit,20890.0,Refunded,10,Fashion
RET001452,ORD0007963,PROD0263,CUST01116,2023-01-29,Wrong Item,3756.0,Refunded,8,Beauty & Health
RET001453,ORD0007970,PROD0754,CUST02352,2022-04-03,Defective Product,6358.0,Refunded,6,Office Supplies
RET001454,ORD0007982,PROD0687,CUST01214,2024-12-10,Better Price Found,23858.0,Refunded,10,Automotive
RET001455,ORD0007982,PROD0352,CUST01214,2024-12-10,Damaged in Transit,3440.0,Refunded,7,Beauty & Health
RET001456,ORD0007990,PROD0044,CUST02942,2024-04-22,Better Price Found,2929.0,Pending,13,Beauty & Health
RET001457,ORD0007990,PROD0031,CUST02942,2024-04-22,Changed Mind,3084.0,Refunded,6,Grocery
RET001458,ORD0007990,PROD0002,CUST02942,2024-04-22,Size Issue,6215.0,Pending,3,Toys & Games
RET001459,ORD0007990,PROD0757,CUST02942,2024-04-22,Wrong Item,1644.0,Refunded,5,Grocery
RET001460,ORD0008008,PROD0392,CUST02084,2021-08-06,Better Price Found,23964.0,Pending,8,Sports & Fitness
RET001461,ORD0008011,PROD0019,CUST04612,2024-08-05,Defective Product,17920.0,Pending,14,Electronics
RET001462,ORD0008011,PROD0596,CUST04612,2024-08-05,Defective Product,1230.0,Refunded,4,Books
RET001463,ORD0008011,PROD0748,CUST04612,2024-08-05,Changed Mind,5254.0,Pending,6,Beauty & Health
RET001464,ORD0008011,PROD0226,CUST04612,2024-08-05,Changed Mind,17527.0,Pending,11,Home & Kitchen
RET001465,ORD0008019,PROD0496,CUST04545,2024-11-17,Defective Product,3288.0,Refunded,10,Sports & Fitness
RET001466,ORD0008025,PROD0648,CUST03521,2022-11-02,Size Issue,3332.0,Refunded,9,Fashion
RET001467,ORD0008025,PROD0190,CUST03521,2022-11-02,Better Price Found,2920.0,Refunded,10,Automotive
RET001468,ORD0008025,PROD0733,CUST03521,2022-11-02,Better Price Found,67140.0,Refunded,9,Automotive
RET001469,ORD0008025,PROD0171,CUST03521,2022-11-02,Better Price Found,6794.0,Pending,9,Toys & Games
RET001470,ORD0008025,PROD0643,CUST03521,2022-11-02,Defective Product,15154.0,Refunded,14,Fashion
RET001471,ORD0008027,PROD0128,CUST03948,2022-07-28,Damaged in Transit,3340.0,Pending,4,Toys & Games
RET001472,ORD0008027,PROD0242,CUST03948,2022-07-28,Changed Mind,748.0,Refunded,4,Grocery
RET001473,ORD0008032,PROD0135,CUST04210,2021-01-21,Damaged in Transit,9194.0,Refunded,10,Automotive
RET001474,ORD0008032,PROD0542,CUST04210,2021-01-21,Defective Product,27980.0,Refunded,6,Home & Kitchen
RET001475,ORD0008054,PROD0513,CUST02244,2021-05-07,Defective Product,9540.0,Refunded,8,Automotive
RET001476,ORD0008054,PROD0377,CUST02244,2021-05-07,Size Issue,1815.0,Refunded,6,Toys & Games
RET001477,ORD0008062,PROD0089,CUST04703,2022-05-03,Better Price Found,2690.0,Refunded,6,Office Supplies
RET001478,ORD0008062,PROD0096,CUST04703,2022-05-03,Defective Product,1170.0,Refunded,12,Office Supplies
RET001479,ORD0008075,PROD0713,CUST04440,2020-06-27,Defective Product,6870.0,Refunded,3,Toys & Games
RET001480,ORD0008075,PROD0280,CUST04440,2020-06-27,Wrong Item,1306.0,Refunded,6,Toys & Games
RET001481,ORD0008088,PROD0465,CUST03224,2022-01-15,Defective Product,516.0,Refunded,7,Grocery
RET001482,ORD0008091,PROD0531,CUST03964,2020-06-15,Wrong Item,108.0,Refunded,12,Grocery
RET001483,ORD0008092,PROD0573,CUST03012,2024-09-10,Changed Mind,13010.0,Refunded,7,Sports & Fitness
RET001484,ORD0008092,PROD0611,CUST03012,2024-09-10,Better Price Found,4667.0,Refunded,4,Office Supplies
RET001485,ORD0008094,PROD0045,CUST03183,2022-06-26,Damaged in Transit,4860.0,Refunded,9,Grocery
RET001486,ORD0008103,PROD0344,CUST00258,2024-03-29,Defective Product,11628.0,Refunded,13,Fashion
RET001487,ORD0008105,PROD0771,CUST01433,2021-09-01,Defective Product,10730.0,Refunded,5,Fashion
RET001488,ORD0008119,PROD0694,CUST00413,2023-11-29,Better Price Found,11030.0,Pending,14,Sports & Fitness
RET001489,ORD0008119,PROD0094,CUST00413,2023-11-29,Wrong Item,20518.0,Refunded,5,Home & Kitchen
RET001490,ORD0008119,PROD0501,CUST00413,2023-11-29,Damaged in Transit,41600.0,Refunded,13,Home & Kitchen
RET001491,ORD0008119,PROD0394,CUST00413,2023-11-29,Better Price Found,8188.0,Refunded,12,Office Supplies
RET001492,ORD0008122,PROD0414,CUST04876,2024-03-29,Wrong Item,717.0,Refunded,11,Books
RET001493,ORD0008138,PROD0005,CUST03750,2020-06-13,Wrong Item,7043.0,Refunded,11,Automotive
RET001494,ORD0008145,PROD0352,CUST04044,2020-05-13,Damaged in Transit,3154.0,Refunded,10,Beauty & Health
RET001495,ORD0008147,PROD0733,CUST01306,2021-10-12,Damaged in Transit,67140.0,Rejected,13,Automotive
RET001496,ORD0008147,PROD0758,CUST01306,2021-10-12,Better Price Found,1500.0,Refunded,13,Toys & Games
RET001497,ORD0008148,PROD0173,CUST03181,2024-04-14,Damaged in Transit,1173.0,Refunded,10,Automotive
RET001498,ORD0008155,PROD0737,CUST02161,2022-04-18,Size Issue,1104.0,Refunded,4,Beauty & Health
RET001499,ORD0008155,PROD0366,CUST02161,2022-04-18,Changed Mind,9244.0,Refunded,13,Beauty & Health
RET001500,ORD0008188,PROD0256,CUST01730,2023-10-10,Changed Mind,14736.0,Refunded,14,Home & Kitchen
RET001501,ORD0008188,PROD0330,CUST01730,2023-10-10,Size Issue,8156.0,Refunded,8,Electronics
RET001502,ORD0008190,PROD0135,CUST02413,2021-11-07,Changed Mind,8172.0,Pending,6,Automotive
RET001503,ORD0008200,PROD0795,CUST01152,2024-08-10,Defective Product,91686.0,Refunded,7,Electronics
RET001504,ORD0008209,PROD0256,CUST01517,2023-10-30,Wrong Item,9170.0,Refunded,11,Home & Kitchen
RET001505,ORD0008209,PROD0519,CUST01517,2023-10-30,Wrong Item,470.0,Refunded,3,Sports & Fitness
RET001506,ORD0008225,PROD0788,CUST02930,2024-01-28,Changed Mind,1186.0,Pending,6,Grocery
RET001507,ORD0008236,PROD0184,CUST03770,2024-02-02,Changed Mind,2465.0,Refunded,9,Office Supplies
RET001508,ORD0008236,PROD0186,CUST03770,2024-02-02,Defective Product,42670.0,Pending,5,Electronics
RET001509,ORD0008238,PROD0318,CUST02665,2022-09-18,Damaged in Transit,22445.0,Refunded,5,Home & Kitchen
RET001510,ORD0008246,PROD0455,CUST03591,2022-05-26,Better Price Found,31914.0,Pending,9,Automotive
RET001511,ORD0008246,PROD0217,CUST03591,2022-05-26,Wrong Item,8084.0,Refunded,12,Toys & Games
RET001512,ORD0008260,PROD0555,CUST03181,2020-02-27,Defective Product,277491.0,Pending,5,Electronics
RET001513,ORD0008260,PROD0197,CUST03181,2020-02-27,Damaged in Transit,2828.0,Pending,8,Beauty & Health
RET001514,ORD0008260,PROD0690,CUST03181,2020-02-27,Damaged in Transit,1376.0,Refunded,11,Books
RET001515,ORD0008267,PROD0079,CUST02943,2020-06-09,Size Issue,12428.0,Refunded,14,Toys & Games
RET001516,ORD0008288,PROD0438,CUST04485,2021-06-13,Changed Mind,865.0,Refunded,12,Automotive
RET001517,ORD0008315,PROD0717,CUST04088,2020-04-19,Damaged in Transit,14736.0,Refunded,5,Home & Kitchen
RET001518,ORD0008316,PROD0800,CUST01150,2022-06-05,Better Price Found,12702.0,Refunded,11,Sports & Fitness
RET001519,ORD0008316,PROD0403,CUST01150,2022-06-05,Changed Mind,12237.0,Refunded,11,Office Supplies
RET001520,ORD0008316,PROD0267,CUST01150,2022-06-05,Changed Mind,23810.0,Refunded,13,Home & Kitchen
RET001521,ORD0008316,PROD0391,CUST01150,2022-06-05,Better Price Found,49160.0,Refunded,13,Home & Kitchen
RET001522,ORD0008316,PROD0594,CUST01150,2022-06-05,Damaged in Transit,111.0,Refunded,5,Books
RET001523,ORD0008325,PROD0715,CUST03053,2022-02-08,Wrong Item,2994.0,Refunded,7,Home & Kitchen
RET001524,ORD0008325,PROD0526,CUST03053,2022-02-08,Wrong Item,570.0,Refunded,3,Books
RET001525,ORD0008356,PROD0419,CUST02285,2022-09-29,Changed Mind,3598.0,Refunded,10,Automotive
RET001526,ORD0008360,PROD0488,CUST00338,2024-12-25,Changed Mind,8846.0,Rejected,12,Fashion
RET001527,ORD0008360,PROD0409,CUST00338,2024-12-25,Defective Product,6414.0,Pending,7,Office Supplies
RET001528,ORD0008360,PROD0754,CUST00338,2024-12-25,Defective Product,6693.0,Pending,7,Office Supplies
RET001529,ORD0008360,PROD0757,CUST00338,2024-12-25,Wrong Item,3106.0,Refunded,8,Grocery
RET001530,ORD0008367,PROD0727,CUST04518,2021-12-29,Wrong Item,14934.0,Refunded,7,Office Supplies
RET001531,ORD0008380,PROD0545,CUST03296,2021-02-24,Damaged in Transit,83420.0,Pending,10,Electronics
RET001532,ORD0008396,PROD0232,CUST04323,2024-04-12,Size Issue,246.0,Refunded,7,Books
RET001533,ORD0008399,PROD0381,CUST02602,2022-09-14,Damaged in Transit,12417.0,Refunded,13,Office Supplies
RET001534,ORD0008399,PROD0662,CUST02602,2022-09-14,Wrong Item,12279.0,Refunded,12,Automotive
RET001535,ORD0008410,PROD0162,CUST04905,2022-03-30,Damaged in Transit,4256.0,Refunded,10,Beauty & Health
RET001536,ORD0008410,PROD0785,CUST04905,2022-03-30,Wrong Item,738.0,Refunded,10,Books
RET001537,ORD0008414,PROD0411,CUST02959,2024-12-30,Wrong Item,370.0,Refunded,4,Grocery
RET001538,ORD0008414,PROD0001,CUST02959,2024-12-30,Changed Mind,3260.0,Refunded,8,Toys & Games
RET001539,ORD0008422,PROD0181,CUST01536,2020-01-26,Size Issue,132.0,Pending,7,Books
RET001540,ORD0008422,PROD0702,CUST01536,2020-01-26,Better Price Found,2657.0,Refunded,14,Toys & Games
RET001541,ORD0008440,PROD0798,CUST01218,2020-09-24,Changed Mind,3356.0,Refunded,9,Beauty & Health
RET001542,ORD0008452,PROD0301,CUST00030,2024-08-26,Defective Product,4016.0,Refunded,13,Sports & Fitness
RET001543,ORD0008464,PROD0192,CUST02763,2021-08-25,Better Price Found,558.0,Refunded,8,Grocery
RET001544,ORD0008464,PROD0282,CUST02763,2021-08-25,Damaged in Transit,1615.0,Pending,9,Books
RET001545,ORD0008478,PROD0202,CUST00635,2021-03-03,Better Price Found,17493.0,Refunded,13,Sports & Fitness
RET001546,ORD0008478,PROD0175,CUST00635,2021-03-03,Defective Product,1548.0,Refunded,10,Grocery
RET001547,ORD0008488,PROD0186,CUST00397,2020-04-03,Size Issue,45952.0,Refunded,12,Electronics
RET001548,ORD0008490,PROD0033,CUST04632,2024-11-03,Changed Mind,139122.0,Refunded,12,Electronics
RET001549,ORD0008490,PROD0013,CUST04632,2024-11-03,Changed Mind,26917.0,Refunded,14,Electronics
RET001550,ORD0008505,PROD0170,CUST01639,2020-05-09,Changed Mind,1742.0,Pending,5,Grocery
RET001551,ORD0008505,PROD0190,CUST01639,2020-05-09,Size Issue,2530.0,Refunded,7,Automotive
RET001552,ORD0008522,PROD0200,CUST01323,2020-08-06,Size Issue,1122.0,Refunded,11,Fashion
RET001553,ORD0008523,PROD0159,CUST04071,2024-10-10,Damaged in Transit,2200.0,Refunded,10,Toys & Games
RET001554,ORD0008556,PROD0559,CUST04539,2020-05-31,Better Price Found,5128.0,Refunded,3,Electronics
RET001555,ORD0008556,PROD0778,CUST04539,2020-05-31,Wrong Item,4504.0,Refunded,13,Office Supplies
RET001556,ORD0008559,PROD0062,CUST03824,2023-12-15,Better Price Found,5062.0,Refunded,6,Office Supplies
RET001557,ORD0008559,PROD0156,CUST03824,2023-12-15,Wrong Item,1336.0,Pending,10,Toys & Games
RET001558,ORD0008566,PROD0210,CUST00353,2020-05-04,Better Price Found,55704.0,Pending,6,Home & Kitchen
RET001559,ORD0008577,PROD0685,CUST03545,2020-02-23,Damaged in Transit,15207.0,Pending,6,Home & Kitchen
RET001560,ORD0008588,PROD0595,CUST02192,2024-03-18,Defective Product,18224.0,Refunded,7,Automotive
RET001561,ORD0008588,PROD0161,CUST02192,2024-03-18,Size Issue,3157.0,Refunded,3,Automotive
RET001562,ORD0008599,PROD0686,CUST03646,2023-02-27,Defective Product,4746.0,Refunded,12,Toys & Games
RET001563,ORD0008599,PROD0253,CUST03646,2023-02-27,Wrong Item,274.0,Refunded,5,Toys & Games
RET001564,ORD0008599,PROD0539,CUST03646,2023-02-27,Damaged in Transit,15852.0,Rejected,4,Home & Kitchen
RET001565,ORD0008610,PROD0388,CUST01503,2020-09-06,Changed Mind,1354.0,Pending,9,Toys & Games
RET001566,ORD0008610,PROD0551,CUST01503,2020-09-06,Better Price Found,1031.0,Refunded,4,Fashion
RET001567,ORD0008610,PROD0136,CUST01503,2020-09-06,Changed Mind,123760.0,Refunded,6,Electronics
RET001568,ORD0008610,PROD0396,CUST01503,2020-09-06,Defective Product,30661.0,Refunded,14,Home & Kitchen
RET001569,ORD0008619,PROD0129,CUST03379,2021-11-27,Wrong Item,16976.0,Refunded,12,Automotive
RET001570,ORD0008653,PROD0299,CUST01974,2020-01-25,Defective Product,3270.0,Pending,11,Sports & Fitness
RET001571,ORD0008657,PROD0094,CUST01791,2021-05-01,Defective Product,11048.0,Refunded,12,Home & Kitchen
RET001572,ORD0008657,PROD0623,CUST01791,2021-05-01,Changed Mind,3242.0,Refunded,3,Office Supplies
RET001573,ORD0008657,PROD0567,CUST01791,2021-05-01,Damaged in Transit,341.0,Pending,3,Office Supplies
RET001574,ORD0008660,PROD0029,CUST03327,2023-09-16,Size Issue,2306.0,Refunded,13,Books
RET001575,ORD0008660,PROD0090,CUST03327,2023-09-16,Size Issue,10445.0,Refunded,13,Sports & Fitness
RET001576,ORD0008660,PROD0438,CUST03327,2023-09-16,Damaged in Transit,1640.0,Refunded,11,Automotive
RET001577,ORD0008660,PROD0490,CUST03327,2023-09-16,Damaged in Transit,24935.0,Refunded,12,Sports & Fitness
RET001578,ORD0008660,PROD0384,CUST03327,2023-09-16,Better Price Found,6831.0,Refunded,13,Toys & Games
RET001579,ORD0008693,PROD0057,CUST02628,2024-06-13,Wrong Item,1222.0,Refunded,4,Automotive
RET001580,ORD0008693,PROD0473,CUST02628,2024-06-13,Changed Mind,3888.0,Pending,6,Office Supplies
RET001581,ORD0008693,PROD0281,CUST02628,2024-06-13,Wrong Item,1052.0,Refunded,7,Grocery
RET001582,ORD0008700,PROD0164,CUST03166,2020-05-05,Damaged in Transit,4818.0,Refunded,7,Beauty & Health
RET001583,ORD0008700,PROD0288,CUST03166,2020-05-05,Better Price Found,8078.0,Rejected,3,Toys & Games
RET001584,ORD0008700,PROD0750,CUST03166,2020-05-05,Better Price Found,1278.0,Refunded,6,Beauty & Health
RET001585,ORD0008700,PROD0684,CUST03166,2020-05-05,Defective Product,28806.0,Refunded,7,Electronics
RET001586,ORD0008713,PROD0702,CUST04628,2024-03-23,Defective Product,2952.0,Refunded,10,Toys & Games
RET001587,ORD0008724,PROD0136,CUST00826,2025-01-03,Damaged in Transit,61880.0,Refunded,7,Electronics
RET001588,ORD0008737,PROD0314,CUST03541,2023-02-27,Wrong Item,15700.0,Refunded,6,Home & Kitchen
RET001589,ORD0008748,PROD0744,CUST00228,2024-01-26,Wrong Item,313.0,Refunded,3,Grocery
RET001590,ORD0008749,PROD0547,CUST03853,2020-02-20,Changed Mind,700.0,Refunded,13,Grocery
RET001591,ORD0008749,PROD0640,CUST03853,2020-02-20,Damaged in Transit,3516.0,Refunded,6,Toys & Games
RET001592,ORD0008760,PROD0129,CUST00744,2024-02-25,Better Price Found,25464.0,Refunded,10,Automotive
RET001593,ORD0008760,PROD0594,CUST00744,2024-02-25,Changed Mind,125.0,Refunded,4,Books
RET001594,ORD0008760,PROD0693,CUST00744,2024-02-25,Damaged in Transit,6854.0,Refunded,4,Toys & Games
RET001595,ORD0008760,PROD0221,CUST00744,2024-02-25,Size Issue,33324.0,Pending,9,Home & Kitchen
RET001596,ORD0008760,PROD0460,CUST00744,2024-02-25,Defective Product,23180.0,Refunded,4,Electronics
RET001597,ORD0008766,PROD0632,CUST02163,2020-04-30,Wrong Item,3037.0,Pending,13,Beauty & Health
RET001598,ORD0008766,PROD0416,CUST02163,2020-04-30,Defective Product,2350.0,Refunded,11,Fashion
RET001599,ORD0008783,PROD0243,CUST02209,2024-09-30,Damaged in Transit,39952.0,Refunded,12,Sports & Fitness
RET001600,ORD0008783,PROD0221,CUST02209,2024-09-30,Better Price Found,126280.0,Refunded,14,Home & Kitchen
RET001601,ORD0008783,PROD0721,CUST02209,2024-09-30,Size Issue,1586.0,Refunded,4,Grocery
RET001602,ORD0008787,PROD0406,CUST03895,2020-05-23,Damaged in Transit,93813.0,Refunded,11,Electronics
RET001603,ORD0008801,PROD0460,CUST04170,2022-04-24,Damaged in Transit,11590.0,Refunded,8,Electronics
RET001604,ORD0008801,PROD0533,CUST04170,2022-04-24,Better Price Found,17310.0,Refunded,5,Office Supplies
RET001605,ORD0008813,PROD0143,CUST04274,2023-11-29,Wrong Item,14930.0,Refunded,8,Sports & Fitness
RET001606,ORD0008813,PROD0774,CUST04274,2023-11-29,Changed Mind,86124.0,Refunded,7,Home & Kitchen
RET001607,ORD0008823,PROD0464,CUST03344,2020-10-19,Damaged in Transit,7242.0,Refunded,4,Beauty & Health
RET001608,ORD0008823,PROD0457,CUST03344,2020-10-19,Better Price Found,19804.0,Refunded,4,Fashion
RET001609,ORD0008823,PROD0310,CUST03344,2020-10-19,Changed Mind,2266.0,Refunded,8,Sports & Fitness
RET001610,ORD0008841,PROD0713,CUST03534,2024-09-16,Size Issue,13740.0,Refunded,6,Toys & Games
RET001611,ORD0008842,PROD0771,CUST03821,2020-03-30,Better Price Found,21460.0,Pending,13,Fashion
RET001612,ORD0008842,PROD0020,CUST03821,2020-03-30,Wrong Item,1256.0,Refunded,11,Office Supplies
RET001613,ORD0008842,PROD0194,CUST03821,2020-03-30,Size Issue,23536.0,Refunded,9,Sports & Fitness
RET001614,ORD0008843,PROD0190,CUST02836,2023-07-25,Better Price Found,2920.0,Refunded,5,Automotive
RET001615,ORD0008859,PROD0528,CUST02635,2024-05-15,Wrong Item,47156.0,Refunded,5,Home & Kitchen
RET001616,ORD0008859,PROD0219,CUST02635,2024-05-15,Size Issue,4728.0,Refunded,13,Office Supplies
RET001617,ORD0008859,PROD0534,CUST02635,2024-05-15,Damaged in Transit,14220.0,Refunded,10,Toys & Games
RET001618,ORD0008868,PROD0590,CUST02537,2024-09-10,Changed Mind,147.0,Pending,6,Books
RET001619,ORD0008873,PROD0333,CUST00423,2020-04-16,Defective Product,578.0,Refunded,7,Home & Kitchen
RET001620,ORD0008873,PROD0175,CUST00423,2020-04-16,Changed Mind,1788.0,Refunded,11,Grocery
RET001621,ORD0008873,PROD0056,CUST00423,2020-04-16,Damaged in Transit,5214.0,Refunded,9,Beauty & Health
RET001622,ORD0008885,PROD0730,CUST03791,2022-07-01,Damaged in Transit,557.0,Pending,7,Grocery
RET001623,ORD0008885,PROD0081,CUST03791,2022-07-01,Size Issue,4092.0,Refunded,7,Fashion
RET001624,ORD0008890,PROD0235,CUST00831,2022-08-02,Wrong Item,5944.0,Refunded,13,Toys & Games
RET001625,ORD0008891,PROD0675,CUST03928,2022-05-12,Defective Product,4132.0,Refunded,5,Toys & Games
RET001626,ORD0008895,PROD0279,CUST02113,2022-11-18,Better Price Found,2106.0,Refunded,14,Grocery
RET001627,ORD0008895,PROD0719,CUST02113,2022-11-18,Defective Product,2738.0,Refunded,4,Books
RET001628,ORD0008895,PROD0218,CUST02113,2022-11-18,Changed Mind,43981.0,Refunded,9,Home & Kitchen
RET001629,ORD0008903,PROD0632,CUST04793,2022-12-01,Defective Product,6748.0,Refunded,13,Beauty & Health
RET001630,ORD0008903,PROD0148,CUST04793,2022-12-01,Changed Mind,36422.0,Pending,6,Electronics
RET001631,ORD0008921,PROD0211,CUST03701,2020-06-15,Size Issue,8317.0,Pending,7,Home & Kitchen
RET001632,ORD0008921,PROD0695,CUST03701,2020-06-15,Changed Mind,1368.0,Pending,4,Grocery
RET001633,ORD0008924,PROD0164,CUST02850,2022-08-28,Size Issue,7227.0,Refunded,7,Beauty & Health
RET001634,ORD0008924,PROD0496,CUST02850,2022-08-28,Better Price Found,2959.0,Pending,5,Sports & Fitness
RET001635,ORD0008926,PROD0625,CUST01023,2024-09-17,Damaged in Transit,4842.0,Refunded,9,Toys & Games
RET001636,ORD0008928,PROD0437,CUST01090,2020-05-24,Wrong Item,19776.0,Pending,7,Automotive
RET001637,ORD0008937,PROD0593,CUST04304,2021-11-16,Defective Product,9230.0,Refunded,6,Home & Kitchen
RET001638,ORD0008938,PROD0167,CUST02490,2023-12-20,Changed Mind,53114.0,Refunded,3,Electronics
RET001639,ORD0008938,PROD0508,CUST02490,2023-12-20,Damaged in Transit,13933.0,Refunded,9,Automotive
RET001640,ORD0008958,PROD0716,CUST01294,2024-05-15,Damaged in Transit,10952.0,Refunded,10,Toys & Games
RET001641,ORD0008958,PROD0417,CUST01294,2024-05-15,Size Issue,9852.0,Refunded,6,Automotive
RET001642,ORD0008958,PROD0765,CUST01294,2024-05-15,Better Price Found,14254.0,Pending,6,Home & Kitchen
RET001643,ORD0008962,PROD0440,CUST00931,2024-07-29,Size Issue,7968.0,Refunded,10,Automotive
RET001644,ORD0008965,PROD0060,CUST04158,2023-02-01,Better Price Found,20838.0,Refunded,6,Fashion
RET001645,ORD0008967,PROD0040,CUST02235,2023-01-07,Defective Product,2862.0,Pending,13,Grocery
RET001646,ORD0008967,PROD0016,CUST02235,2023-01-07,Changed Mind,769.0,Refunded,3,Books
RET001647,ORD0008967,PROD0522,CUST02235,2023-01-07,Changed Mind,5291.0,Refunded,12,Toys & Games
RET001648,ORD0008967,PROD0409,CUST02235,2023-01-07,Damaged in Transit,5559.0,Refunded,11,Office Supplies
RET001649,ORD0008974,PROD0567,CUST02934,2021-05-15,Defective Product,341.0,Pending,4,Office Supplies
RET001650,ORD0008975,PROD0756,CUST03607,2020-02-27,Better Price Found,6626.0,Refunded,9,Automotive
RET001651,ORD0008975,PROD0620,CUST03607,2020-02-27,Damaged in Transit,1391.0,Refunded,8,Books
RET001652,ORD0008982,PROD0373,CUST02670,2020-05-12,Size Issue,23465.0,Pending,8,Home & Kitchen
RET001653,ORD0008982,PROD0711,CUST02670,2020-05-12,Changed Mind,49796.0,Refunded,14,Electronics
RET001654,ORD0008982,PROD0783,CUST02670,2020-05-12,Size Issue,49729.0,Pending,4,Electronics
RET001655,ORD0008992,PROD0453,CUST04532,2023-02-21,Damaged in Transit,771.0,Refunded,4,Beauty & Health
RET001656,ORD0008997,PROD0196,CUST04006,2023-11-18,Better Price Found,699.0,Refunded,10,Books
RET001657,ORD0008997,PROD0583,CUST04006,2023-11-18,Changed Mind,33190.0,Refunded,12,Automotive
RET001658,ORD0009013,PROD0171,CUST01038,2020-08-21,Size Issue,7549.0,Refunded,12,Toys & Games
RET001659,ORD0009013,PROD0339,CUST01038,2020-08-21,Changed Mind,1075.0,Pending,12,Grocery
RET001660,ORD0009013,PROD0148,CUST01038,2020-08-21,Better Price Found,72844.0,Rejected,4,Electronics
RET001661,ORD0009013,PROD0553,CUST01038,2020-08-21,Changed Mind,1101.0,Refunded,10,Grocery
RET001662,ORD0009032,PROD0237,CUST03351,2021-10-14,Changed Mind,44920.0,Refunded,14,Electronics
RET001663,ORD0009033,PROD0665,CUST00582,2021-02-04,Better Price Found,84943.0,Refunded,6,Electronics
RET001664,ORD0009039,PROD0065,CUST03373,2023-12-26,Damaged in Transit,998.0,Refunded,12,Beauty & Health
RET001665,ORD0009039,PROD0152,CUST03373,2023-12-26,Better Price Found,4234.0,Refunded,12,Sports & Fitness
RET001666,ORD0009039,PROD0521,CUST03373,2023-12-26,Wrong Item,116966.0,Refunded,13,Electronics
RET001667,ORD0009039,PROD0276,CUST03373,2023-12-26,Better Price Found,9154.0,Refunded,5,Fashion
RET001668,ORD0009048,PROD0370,CUST03647,2023-07-07,Changed Mind,8198.0,Pending,7,Fashion
RET001669,ORD0009052,PROD0176,CUST00605,2021-12-13,Wrong Item,803.0,Refunded,6,Books
RET001670,ORD0009062,PROD0499,CUST01981,2022-02-02,Size Issue,2939.0,Refunded,5,Beauty & Health
RET001671,ORD0009066,PROD0468,CUST01040,2023-09-04,Damaged in Transit,1420.0,Refunded,5,Fashion
RET001672,ORD0009066,PROD0723,CUST01040,2023-09-04,Damaged in Transit,2951.0,Rejected,3,Beauty & Health
RET001673,ORD0009066,PROD0016,CUST01040,2023-09-04,Better Price Found,1428.0,Rejected,7,Books
RET001674,ORD0009066,PROD0100,CUST01040,2023-09-04,Changed Mind,11584.0,Refunded,4,Automotive
RET001675,ORD0009068,PROD0263,CUST01641,2024-12-08,Better Price Found,2504.0,Refunded,11,Beauty & Health
RET001676,ORD0009068,PROD0737,CUST01641,2024-12-08,Size Issue,4416.0,Pending,14,Beauty & Health
RET001677,ORD0009075,PROD0099,CUST02722,2021-07-30,Changed Mind,609.0,Pending,14,Grocery
RET001678,ORD0009086,PROD0163,CUST03873,2021-03-06,Defective Product,5648.0,Refunded,3,Beauty & Health
RET001679,ORD0009086,PROD0059,CUST03873,2021-03-06,Damaged in Transit,2022.0,Refunded,9,Beauty & Health
RET001680,ORD0009099,PROD0163,CUST03317,2021-07-06,Wrong Item,5648.0,Refunded,11,Beauty & Health
RET001681,ORD0009099,PROD0307,CUST03317,2021-07-06,Better Price Found,3696.0,Refunded,11,Beauty & Health
RET001682,ORD0009122,PROD0147,CUST01276,2021-08-17,Defective Product,7622.0,Refunded,7,Beauty & Health
RET001683,ORD0009122,PROD0272,CUST01276,2021-08-17,Size Issue,2114.0,Pending,4,Beauty & Health
RET001684,ORD0009125,PROD0072,CUST03881,2023-07-26,Changed Mind,197667.0,Refunded,9,Electronics
RET001685,ORD0009133,PROD0565,CUST03077,2020-07-17,Damaged in Transit,535.0,Refunded,14,Beauty & Health
RET001686,ORD0009137,PROD0748,CUST02810,2020-04-24,Better Price Found,2335.0,Refunded,8,Beauty & Health
RET001687,ORD0009137,PROD0608,CUST02810,2020-04-24,Wrong Item,876.0,Refunded,14,Grocery
RET001688,ORD0009154,PROD0481,CUST04678,2022-11-04,Wrong Item,7112.0,Refunded,3,Beauty & Health
RET001689,ORD0009154,PROD0678,CUST04678,2022-11-04,Defective Product,1883.0,Refunded,3,Office Supplies
RET001690,ORD0009154,PROD0650,CUST04678,2022-11-04,Damaged in Transit,1116.0,Refunded,7,Books
RET001691,ORD0009154,PROD0418,CUST04678,2022-11-04,Wrong Item,4011.0,Rejected,14,Books
RET001692,ORD0009154,PROD0069,CUST04678,2022-11-04,Better Price Found,5908.0,Refunded,6,Sports & Fitness
RET001693,ORD0009166,PROD0164,CUST04535,2022-04-25,Changed Mind,4818.0,Refunded,9,Beauty & Health
RET001694,ORD0009176,PROD0709,CUST00256,2024-12-27,Changed Mind,129023.0,Refunded,6,Electronics
RET001695,ORD0009181,PROD0081,CUST04443,2020-02-20,Defective Product,6138.0,Refunded,12,Fashion
RET001696,ORD0009183,PROD0111,CUST01290,2020-12-04,Size Issue,6222.0,Refunded,5,Toys & Games
RET001697,ORD0009184,PROD0623,CUST01768,2023-06-06,Defective Product,3242.0,Refunded,7,Office Supplies
RET001698,ORD0009185,PROD0749,CUST01449,2023-08-28,Defective Product,10888.0,Refunded,8,Fashion
RET001699,ORD0009190,PROD0770,CUST00686,2021-09-01,Defective Product,628.0,Refunded,5,Books
RET001700,ORD0009190,PROD0784,CUST00686,2021-09-01,Wrong Item,1065.0,Refunded,10,Books
RET001701,ORD0009190,PROD0108,CUST00686,2021-09-01,Changed Mind,33303.0,Refunded,14,Home & Kitchen
RET001702,ORD0009201,PROD0485,CUST00911,2022-06-14,Changed Mind,2108.0,Pending,13,Beauty & Health
RET001703,ORD0009201,PROD0751,CUST00911,2022-06-14,Damaged in Transit,706.0,Refunded,10,Grocery
RET001704,ORD0009207,PROD0151,CUST00285,2023-01-16,Changed Mind,7128.0,Refunded,11,Sports & Fitness
RET001705,ORD0009207,PROD0513,CUST00285,2023-01-16,Wrong Item,21326.0,Refunded,4,Automotive
RET001706,ORD0009207,PROD0209,CUST00285,2023-01-16,Size Issue,20374.0,Refunded,6,Sports & Fitness
RET001707,ORD0009211,PROD0195,CUST01605,2023-05-17,Changed Mind,2922.0,Refunded,3,Automotive
RET001708,ORD0009214,PROD0646,CUST01198,2020-06-11,Changed Mind,16013.0,Refunded,11,Sports & Fitness
RET001709,ORD0009217,PROD0092,CUST03511,2022-04-17,Defective Product,6924.0,Refunded,7,Beauty & Health
RET001710,ORD0009218,PROD0089,CUST00877,2024-06-11,Size Issue,1345.0,Pending,9,Office Supplies
RET001711,ORD0009231,PROD0529,CUST01484,2023-09-22,Damaged in Transit,1356.0,Refunded,7,Books
RET001712,ORD0009257,PROD0366,CUST00114,2020-02-26,Changed Mind,4160.0,Refunded,13,Beauty & Health
RET001713,ORD0009257,PROD0077,CUST00114,2020-02-26,Changed Mind,8405.0,Refunded,6,Automotive
RET001714,ORD0009264,PROD0636,CUST03891,2020-02-18,Changed Mind,119853.0,Refunded,7,Electronics
RET001715,ORD0009264,PROD0666,CUST03891,2020-02-18,Changed Mind,1825.0,Refunded,5,Home & Kitchen
RET001716,ORD0009264,PROD0321,CUST03891,2020-02-18,Wrong Item,16299.0,Refunded,11,Home & Kitchen
RET001717,ORD0009264,PROD0172,CUST03891,2020-02-18,Size Issue,3789.0,Refunded,14,Fashion
RET001718,ORD0009273,PROD0171,CUST02253,2022-08-26,Defective Product,15098.0,Refunded,3,Toys & Games
RET001719,ORD0009273,PROD0134,CUST02253,2022-08-26,Wrong Item,5451.0,Refunded,9,Beauty & Health
RET001720,ORD0009273,PROD0339,CUST02253,2022-08-26,Better Price Found,1218.0,Pending,5,Grocery
RET001721,ORD0009274,PROD0759,CUST00042,2020-02-15,Changed Mind,6542.0,Refunded,14,Toys & Games
RET001722,ORD0009274,PROD0107,CUST00042,2020-02-15,Wrong Item,586.0,Refunded,12,Grocery
RET001723,ORD0009274,PROD0245,CUST00042,2020-02-15,Wrong Item,23304.0,Refunded,11,Sports & Fitness
RET001724,ORD0009274,PROD0209,CUST00042,2020-02-15,Defective Product,18230.0,Refunded,13,Sports & Fitness
RET001725,ORD0009277,PROD0766,CUST01257,2024-07-13,Wrong Item,15778.0,Refunded,3,Home & Kitchen
RET001726,ORD0009277,PROD0341,CUST01257,2024-07-13,Better Price Found,5391.0,Refunded,4,Fashion
RET001727,ORD0009277,PROD0287,CUST01257,2024-07-13,Wrong Item,3446.0,Refunded,11,Automotive
RET001728,ORD0009277,PROD0378,CUST01257,2024-07-13,Changed Mind,1687.0,Refunded,8,Office Supplies
RET001729,ORD0009304,PROD0602,CUST00547,2023-09-30,Wrong Item,8304.0,Pending,4,Office Supplies
RET001730,ORD0009304,PROD0351,CUST00547,2023-09-30,Changed Mind,8529.0,Pending,5,Sports & Fitness
RET001731,ORD0009304,PROD0749,CUST00547,2023-09-30,Size Issue,4900.0,Refunded,8,Fashion
RET001732,ORD0009306,PROD0060,CUST03696,2020-03-16,Damaged in Transit,15744.0,Refunded,11,Fashion
RET001733,ORD0009325,PROD0649,CUST00066,2024-04-05,Defective Product,13852.0,Refunded,11,Automotive
RET001734,ORD0009325,PROD0259,CUST00066,2024-04-05,Size Issue,3045.0,Refunded,6,Fashion
RET001735,ORD0009325,PROD0456,CUST00066,2024-04-05,Wrong Item,6524.0,Refunded,5,Beauty & Health
RET001736,ORD0009328,PROD0408,CUST02352,2023-06-23,Wrong Item,18724.0,Refunded,3,Sports & Fitness
RET001737,ORD0009328,PROD0152,CUST02352,2023-06-23,Wrong Item,13680.0,Refunded,7,Sports & Fitness
RET001738,ORD0009332,PROD0235,CUST04243,2021-01-22,Defective Product,13476.0,Refunded,8,Toys & Games
RET001739,ORD0009332,PROD0629,CUST04243,2021-01-22,Damaged in Transit,1316.0,Refunded,13,Books
RET001740,ORD0009346,PROD0088,CUST04097,2024-02-11,Wrong Item,37386.0,Refunded,9,Electronics
RET001741,ORD0009346,PROD0662,CUST04097,2024-02-11,Changed Mind,12279.0,Refunded,6,Automotive
RET001742,ORD0009358,PROD0184,CUST04569,2021-04-25,Wrong Item,2602.0,Rejected,4,Office Supplies
RET001743,ORD0009371,PROD0349,CUST00173,2022-02-06,Damaged in Transit,640.0,Refunded,12,Toys & Games
RET001744,ORD0009389,PROD0487,CUST00781,2021-02-24,Damaged in Transit,9820.0,Refunded,7,Toys & Games
RET001745,ORD0009391,PROD0016,CUST04829,2023-11-24,Defective Product,714.0,Rejected,11,Books
RET001746,ORD0009392,PROD0174,CUST01205,2024-06-21,Wrong Item,3588.0,Refunded,7,Toys & Games
RET001747,ORD0009401,PROD0246,CUST04440,2021-05-05,Changed Mind,2665.0,Rejected,5,Beauty & Health
RET001748,ORD0009410,PROD0712,CUST01915,2022-09-06,Size Issue,18383.0,Refunded,7,Home & Kitchen
RET001749,ORD0009410,PROD0220,CUST01915,2022-09-06,Damaged in Transit,53034.0,Refunded,5,Sports & Fitness
RET001750,ORD0009410,PROD0682,CUST01915,2022-09-06,Changed Mind,5956.0,Pending,7,Toys & Games
RET001751,ORD0009410,PROD0666,CUST01915,2022-09-06,Wrong Item,1825.0,Refunded,6,Home & Kitchen
RET001752,ORD0009410,PROD0142,CUST01915,2022-09-06,Damaged in Transit,1505.0,Pending,14,Grocery
RET001753,ORD0009411,PROD0467,CUST04907,2020-11-03,Damaged in Transit,2602.0,Refunded,10,Beauty & Health
RET001754,ORD0009411,PROD0168,CUST04907,2020-11-03,Wrong Item,4882.0,Refunded,8,Office Supplies
RET001755,ORD0009417,PROD0139,CUST04103,2022-08-06,Damaged in Transit,14773.0,Refunded,5,Home & Kitchen
RET001756,ORD0009417,PROD0765,CUST04103,2022-08-06,Wrong Item,7127.0,Refunded,7,Home & Kitchen
RET001757,ORD0009417,PROD0202,CUST04103,2022-08-06,Better Price Found,11662.0,Refunded,8,Sports & Fitness
RET001758,ORD0009417,PROD0240,CUST04103,2022-08-06,Defective Product,1593.0,Refunded,4,Beauty & Health
RET001759,ORD0009420,PROD0772,CUST01939,2021-04-15,Changed Mind,71575.0,Refunded,6,Electronics
RET001760,ORD0009422,PROD0724,CUST02903,2023-06-27,Defective Product,873.0,Refunded,4,Grocery
RET001761,ORD0009450,PROD0644,CUST00007,2021-03-24,Changed Mind,3792.0,Refunded,11,Beauty & Health
RET001762,ORD0009454,PROD0080,CUST02783,2023-07-14,Defective Product,24346.0,Refunded,8,Sports & Fitness
RET001763,ORD0009462,PROD0151,CUST03623,2024-11-17,Defective Product,7676.0,Refunded,5,Sports & Fitness
RET001764,ORD0009462,PROD0566,CUST03623,2024-11-17,Wrong Item,4823.0,Refunded,7,Sports & Fitness
RET001765,ORD0009462,PROD0174,CUST03623,2024-11-17,Damaged in Transit,2140.0,Refunded,5,Toys & Games
RET001766,ORD0009490,PROD0731,CUST04297,2020-06-13,Defective Product,6700.0,Pending,11,Fashion
RET001767,ORD0009491,PROD0442,CUST03424,2024-03-12,Defective Product,686.0,Refunded,8,Grocery
RET001768,ORD0009491,PROD0313,CUST03424,2024-03-12,Wrong Item,3566.0,Refunded,7,Fashion
RET001769,ORD0009491,PROD0389,CUST03424,2024-03-12,Size Issue,31368.0,Rejected,3,Sports & Fitness
RET001770,ORD0009517,PROD0658,CUST00526,2020-07-22,Size Issue,2500.0,Refunded,14,Books
RET001771,ORD0009534,PROD0697,CUST00022,2021-09-11,Changed Mind,33176.0,Refunded,13,Sports & Fitness
RET001772,ORD0009546,PROD0281,CUST01197,2021-03-23,Defective Product,1122.0,Rejected,5,Grocery
RET001773,ORD0009546,PROD0358,CUST01197,2021-03-23,Defective Product,3850.0,Refunded,4,Office Supplies
RET001774,ORD0009546,PROD0495,CUST01197,2021-03-23,Changed Mind,92098.0,Refunded,5,Electronics
RET001775,ORD0009558,PROD0737,CUST03173,2021-07-23,Defective Product,2208.0,Refunded,4,Beauty & Health
RET001776,ORD0009590,PROD0724,CUST02161,2020-02-25,Changed Mind,873.0,Refunded,9,Grocery
RET001777,ORD0009602,PROD0760,CUST00352,2020-12-19,Wrong Item,22761.0,Refunded,12,Fashion
RET001778,ORD0009607,PROD0106,CUST02445,2021-01-31,Wrong Item,1002.0,Refunded,10,Books
RET001779,ORD0009615,PROD0107,CUST01372,2022-11-21,Damaged in Transit,537.0,Pending,7,Grocery
RET001780,ORD0009623,PROD0326,CUST00255,2021-06-29,Changed Mind,6502.0,Refunded,12,Automotive
RET001781,ORD0009630,PROD0618,CUST03398,2023-02-02,Wrong Item,3992.0,Refunded,7,Books
RET001782,ORD0009634,PROD0638,CUST01592,2020-08-28,Better Price Found,301964.0,Refunded,7,Electronics
RET001783,ORD0009640,PROD0780,CUST01290,2021-06-26,Size Issue,9982.0,Refunded,12,Electronics
RET001784,ORD0009640,PROD0685,CUST01290,2021-06-26,Changed Mind,10734.0,Pending,7,Home & Kitchen
RET001785,ORD0009640,PROD0228,CUST01290,2021-06-26,Defective Product,202.0,Refunded,14,Books
RET001786,ORD0009640,PROD0286,CUST01290,2021-06-26,Changed Mind,7210.0,Refunded,8,Sports & Fitness
RET001787,ORD0009645,PROD0103,CUST04240,2022-03-21,Wrong Item,2170.0,Refunded,12,Fashion
RET001788,ORD0009645,PROD0550,CUST04240,2022-03-21,Defective Product,23655.0,Refunded,14,Home & Kitchen
RET001789,ORD0009659,PROD0612,CUST04906,2022-09-01,Defective Product,277.0,Refunded,3,Grocery
RET001790,ORD0009659,PROD0393,CUST04906,2022-09-01,Damaged in Transit,531.0,Pending,4,Grocery
RET001791,ORD0009678,PROD0686,CUST02720,2021-06-09,Damaged in Transit,4407.0,Refunded,3,Toys & Games
RET001792,ORD0009678,PROD0494,CUST02720,2021-06-09,Better Price Found,38458.0,Pending,6,Automotive
RET001793,ORD0009685,PROD0164,CUST01075,2020-05-23,Defective Product,2409.0,Refunded,12,Beauty & Health
RET001794,ORD0009702,PROD0325,CUST03810,2022-09-18,Wrong Item,17354.0,Refunded,6,Automotive
RET001795,ORD0009717,PROD0409,CUST04053,2024-12-08,Size Issue,12828.0,Rejected,14,Office Supplies
RET001796,ORD0009721,PROD0673,CUST04085,2024-08-26,Wrong Item,44404.0,Refunded,5,Electronics
RET001797,ORD0009721,PROD0154,CUST04085,2024-08-26,Size Issue,13744.0,Refunded,13,Beauty & Health
RET001798,ORD0009721,PROD0313,CUST04085,2024-08-26,Changed Mind,3388.0,Refunded,9,Fashion
RET001799,ORD0009732,PROD0152,CUST00379,2023-11-12,Size Issue,4560.0,Refunded,3,Sports & Fitness
RET001800,ORD0009740,PROD0329,CUST01805,2024-08-24,Changed Mind,1584.0,Refunded,6,Grocery
RET001801,ORD0009755,PROD0628,CUST02967,2024-03-13,Changed Mind,1640.0,Refunded,3,Grocery
RET001802,ORD0009755,PROD0458,CUST02967,2024-03-13,Changed Mind,7840.0,Refunded,4,Fashion
RET001803,ORD0009759,PROD0686,CUST04899,2023-05-25,Changed Mind,4746.0,Refunded,5,Toys & Games
RET001804,ORD0009761,PROD0202,CUST02056,2023-01-29,Defective Product,5183.0,Refunded,3,Sports & Fitness
RET001805,ORD0009761,PROD0483,CUST02056,2023-01-29,Size Issue,970.0,Refunded,9,Books
RET001806,ORD0009763,PROD0106,CUST02583,2022-01-20,Defective Product,470.0,Refunded,7,Books
RET001807,ORD0009767,PROD0126,CUST03023,2022-10-28,Wrong Item,5207.0,Refunded,6,Fashion
RET001808,ORD0009767,PROD0624,CUST03023,2022-10-28,Better Price Found,657.0,Refunded,7,Books
RET001809,ORD0009771,PROD0761,CUST02218,2023-02-20,Changed Mind,1533.0,Refunded,3,Books
RET001810,ORD0009771,PROD0287,CUST02218,2023-02-20,Wrong Item,3446.0,Refunded,6,Automotive
RET001811,ORD0009776,PROD0058,CUST04340,2024-06-24,Changed Mind,29568.0,Refunded,5,Home & Kitchen
RET001812,ORD0009776,PROD0401,CUST04340,2024-06-24,Better Price Found,38942.0,Refunded,7,Home & Kitchen
RET001813,ORD0009776,PROD0558,CUST04340,2024-06-24,Better Price Found,14488.0,Refunded,11,Sports & Fitness
RET001814,ORD0009776,PROD0007,CUST04340,2024-06-24,Changed Mind,11868.0,Rejected,14,Sports & Fitness
RET001815,ORD0009780,PROD0192,CUST02511,2024-10-11,Changed Mind,1116.0,Refunded,14,Grocery
RET001816,ORD0009780,PROD0149,CUST02511,2024-10-11,Damaged in Transit,22760.0,Refunded,14,Home & Kitchen
RET001817,ORD0009784,PROD0270,CUST01761,2020-06-28,Better Price Found,662.0,Refunded,3,Books
RET001818,ORD0009787,PROD0141,CUST04896,2022-12-24,Defective Product,3178.0,Refunded,3,Toys & Games
RET001819,ORD0009796,PROD0092,CUST03131,2024-06-08,Damaged in Transit,3709.0,Pending,7,Beauty & Health
RET001820,ORD0009796,PROD0232,CUST03131,2024-06-08,Wrong Item,462.0,Refunded,9,Books
RET001821,ORD0009798,PROD0666,CUST01448,2022-09-28,Wrong Item,1597.0,Refunded,14,Home & Kitchen
RET001822,ORD0009805,PROD0047,CUST02546,2020-12-23,Damaged in Transit,166.0,Rejected,3,Automotive
RET001823,ORD0009806,PROD0640,CUST04963,2023-03-05,Changed Mind,7032.0,Refunded,3,Toys & Games
RET001824,ORD0009806,PROD0218,CUST04963,2023-03-05,Defective Product,87962.0,Refunded,13,Home & Kitchen
RET001825,ORD0009806,PROD0419,CUST04963,2023-03-05,Better Price Found,3598.0,Refunded,9,Automotive
RET001826,ORD0009806,PROD0006,CUST04963,2023-03-05,Size Issue,2906.0,Refunded,6,Beauty & Health
RET001827,ORD0009814,PROD0504,CUST04089,2020-01-30,Better Price Found,17022.0,Refunded,14,Home & Kitchen
RET001828,ORD0009817,PROD0649,CUST04831,2022-04-03,Size Issue,13852.0,Refunded,13,Automotive
RET001829,ORD0009820,PROD0436,CUST04429,2020-03-02,Changed Mind,61770.0,Refunded,9,Electronics
RET001830,ORD0009839,PROD0041,CUST00928,2022-07-28,Damaged in Transit,97259.0,Refunded,4,Electronics
RET001831,ORD0009851,PROD0232,CUST00541,2022-07-24,Size Issue,216.0,Refunded,3,Books
RET001832,ORD0009851,PROD0656,CUST00541,2022-07-24,Size Issue,260320.0,Refunded,14,Electronics
RET001833,ORD0009851,PROD0610,CUST00541,2022-07-24,Damaged in Transit,3598.0,Refunded,10,Toys & Games
RET001834,ORD0009875,PROD0477,CUST03388,2022-02-17,Size Issue,2036.0,Refunded,5,Fashion
RET001835,ORD0009880,PROD0428,CUST01980,2023-07-17,Better Price Found,3490.0,Refunded,12,Grocery
RET001836,ORD0009893,PROD0382,CUST04702,2021-10-05,Better Price Found,953.0,Refunded,8,Beauty & Health
RET001837,ORD0009893,PROD0571,CUST04702,2021-10-05,Changed Mind,2583.0,Refunded,12,Grocery
RET001838,ORD0009893,PROD0715,CUST04702,2021-10-05,Size Issue,1996.0,Refunded,7,Home & Kitchen
RET001839,ORD0009902,PROD0638,CUST01197,2022-12-12,Damaged in Transit,71518.0,Pending,10,Electronics
RET001840,ORD0009902,PROD0057,CUST01197,2022-12-12,Defective Product,3666.0,Refunded,3,Automotive
RET001841,ORD0009905,PROD0702,CUST01487,2023-03-03,Damaged in Transit,2657.0,Refunded,11,Toys & Games
RET001842,ORD0009921,PROD0459,CUST00639,2022-02-14,Changed Mind,41511.0,Refunded,14,Home & Kitchen
RET001843,ORD0009921,PROD0394,CUST00639,2022-02-14,Damaged in Transit,4367.0,Refunded,11,Office Supplies
RET001844,ORD0009931,PROD0232,CUST00792,2020-01-27,Defective Product,492.0,Refunded,4,Books
RET001845,ORD0009932,PROD0144,CUST01775,2024-11-23,Changed Mind,10445.0,Refunded,11,Sports & Fitness
RET001846,ORD0009935,PROD0428,CUST02109,2024-05-02,Changed Mind,1745.0,Refunded,5,Grocery
RET001847,ORD0009939,PROD0383,CUST03881,2024-12-21,Defective Product,27444.0,Refunded,14,Fashion
RET001848,ORD0009949,PROD0413,CUST03693,2021-09-29,Changed Mind,14232.0,Refunded,5,Sports & Fitness
RET001849,ORD0009949,PROD0103,CUST03693,2021-09-29,Wrong Item,2411.0,Pending,5,Fashion
RET001850,ORD0009949,PROD0379,CUST03693,2021-09-29,Changed Mind,416.0,Refunded,8,Grocery
RET001851,ORD0009949,PROD0361,CUST03693,2021-09-29,Changed Mind,41539.0,Refunded,14,Home & Kitchen
RET001852,ORD0009976,PROD0343,CUST00975,2022-12-09,Size Issue,1432.0,Refunded,5,Beauty & Health
RET001853,ORD0009996,PROD0580,CUST00496,2020-04-03,Damaged in Transit,6618.0,Refunded,13,Fashion
RET001854,ORD0009996,PROD0709,CUST00496,2020-04-03,Damaged in Transit,258046.0,Pending,10,Electronics
RET001855,ORD0010012,PROD0165,CUST01123,2021-06-23,Size Issue,414.0,Refunded,13,Books
RET001856,ORD0010023,PROD0128,CUST04462,2021-05-20,Defective Product,1670.0,Refunded,3,Toys & Games
RET001857,ORD0010023,PROD0608,CUST04462,2021-05-20,Damaged in Transit,876.0,Refunded,5,Grocery
RET001858,ORD0010023,PROD0457,CUST04462,2021-05-20,Changed Mind,5501.0,Pending,8,Fashion
RET001859,ORD0010023,PROD0177,CUST04462,2021-05-20,Wrong Item,2703.0,Refunded,6,Sports & Fitness
RET001860,ORD0010023,PROD0360,CUST04462,2021-05-20,Defective Product,6234.0,Refunded,3,Electronics
RET001861,ORD0010045,PROD0297,CUST04977,2022-07-27,Better Price Found,15593.0,Refunded,7,Automotive
RET001862,ORD0010045,PROD0732,CUST04977,2022-07-27,Changed Mind,1345.0,Refunded,7,Grocery
RET001863,ORD0010051,PROD0760,CUST02457,2024-03-30,Damaged in Transit,7587.0,Rejected,11,Fashion
RET001864,ORD0010059,PROD0574,CUST00559,2023-01-11,Changed Mind,37206.0,Pending,14,Electronics
RET001865,ORD0010059,PROD0076,CUST00559,2023-01-11,Damaged in Transit,1437.0,Pending,10,Grocery
RET001866,ORD0010112,PROD0020,CUST04142,2020-04-09,Better Price Found,1256.0,Refunded,3,Office Supplies
RET001867,ORD0010117,PROD0585,CUST02701,2021-09-30,Better Price Found,4654.0,Refunded,12,Sports & Fitness
RET001868,ORD0010125,PROD0053,CUST01692,2022-03-21,Size Issue,9643.0,Pending,6,Fashion
RET001869,ORD0010125,PROD0286,CUST01692,2022-03-21,Changed Mind,4006.0,Refunded,12,Sports & Fitness
RET001870,ORD0010135,PROD0545,CUST01333,2021-01-05,Defective Product,89837.0,Refunded,3,Electronics
RET001871,ORD0010142,PROD0638,CUST00297,2020-03-18,Changed Mind,226473.0,Refunded,7,Electronics
RET001872,ORD0010171,PROD0347,CUST00111,2024-02-02,Defective Product,2902.0,Pending,13,Fashion
RET001873,ORD0010182,PROD0107,CUST02242,2020-05-21,Wrong Item,976.0,Refunded,11,Grocery
RET001874,ORD0010182,PROD0271,CUST02242,2020-05-21,Wrong Item,4725.0,Refunded,13,Toys & Games
RET001875,ORD0010184,PROD0660,CUST00573,2024-10-31,Size Issue,16406.0,Refunded,9,Sports & Fitness
RET001876,ORD0010184,PROD0393,CUST00573,2024-10-31,Better Price Found,531.0,Refunded,7,Grocery
RET001877,ORD0010185,PROD0008,CUST02136,2021-12-29,Wrong Item,3882.0,Pending,14,Office Supplies
RET001878,ORD0010189,PROD0581,CUST04817,2021-04-01,Damaged in Transit,668.0,Refunded,13,Grocery
RET001879,ORD0010201,PROD0393,CUST02495,2021-01-27,Damaged in Transit,992.0,Refunded,13,Grocery
RET001880,ORD0010201,PROD0315,CUST02495,2021-01-27,Size Issue,12897.0,Refunded,13,Sports & Fitness
RET001881,ORD0010201,PROD0029,CUST02495,2021-01-27,Defective Product,1153.0,Refunded,4,Books
RET001882,ORD0010204,PROD0569,CUST04984,2021-12-25,Better Price Found,3240.0,Refunded,7,Office Supplies
RET001883,ORD0010204,PROD0370,CUST04984,2021-12-25,Wrong Item,3825.0,Refunded,12,Fashion
RET001884,ORD0010217,PROD0215,CUST00828,2021-02-17,Damaged in Transit,913.0,Refunded,6,Books
RET001885,ORD0010218,PROD0205,CUST00945,2023-10-20,Defective Product,4057.0,Refunded,7,Toys & Games
RET001886,ORD0010235,PROD0462,CUST04434,2023-02-02,Better Price Found,198880.0,Refunded,14,Electronics
RET001887,ORD0010242,PROD0544,CUST02747,2020-03-23,Changed Mind,419.0,Pending,4,Beauty & Health
RET001888,ORD0010242,PROD0366,CUST02747,2020-03-23,Damaged in Transit,4160.0,Refunded,5,Beauty & Health
RET001889,ORD0010242,PROD0799,CUST02747,2020-03-23,Damaged in Transit,9881.0,Refunded,7,Electronics
RET001890,ORD0010242,PROD0493,CUST02747,2020-03-23,Changed Mind,18195.0,Rejected,10,Automotive
RET001891,ORD0010254,PROD0400,CUST00145,2020-01-31,Damaged in Transit,2332.0,Refunded,12,Books
RET001892,ORD0010254,PROD0315,CUST00145,2020-01-31,Size Issue,4299.0,Refunded,3,Sports & Fitness
RET001893,ORD0010258,PROD0424,CUST03105,2024-03-30,Defective Product,4688.0,Refunded,8,Toys & Games
RET001894,ORD0010258,PROD0412,CUST03105,2024-03-30,Defective Product,15520.0,Refunded,14,Home & Kitchen
RET001895,ORD0010282,PROD0375,CUST01546,2022-01-16,Changed Mind,3176.0,Refunded,9,Sports & Fitness
RET001896,ORD0010285,PROD0624,CUST00708,2020-10-06,Damaged in Transit,1126.0,Pending,4,Books
RET001897,ORD0010290,PROD0306,CUST00752,2024-05-25,Size Issue,7918.0,Rejected,6,Beauty & Health
RET001898,ORD0010310,PROD0221,CUST02021,2020-02-28,Size Issue,63140.0,Refunded,8,Home & Kitchen
RET001899,ORD0010326,PROD0200,CUST00928,2020-05-27,Wrong Item,1042.0,Refunded,9,Fashion
RET001900,ORD0010326,PROD0360,CUST00928,2020-05-27,Defective Product,2078.0,Refunded,10,Electronics
RET001901,ORD0010326,PROD0689,CUST00928,2020-05-27,Damaged in Transit,2853.0,Refunded,8,Sports & Fitness
RET001902,ORD0010337,PROD0671,CUST04772,2020-09-30,Better Price Found,8578.0,Refunded,5,Fashion
RET001903,ORD0010339,PROD0396,CUST04396,2024-09-09,Wrong Item,30661.0,Refunded,10,Home & Kitchen
RET001904,ORD0010340,PROD0119,CUST04168,2022-11-14,Better Price Found,65694.0,Rejected,5,Electronics
RET001905,ORD0010340,PROD0735,CUST04168,2022-11-14,Defective Product,1656.0,Pending,8,Office Supplies
RET001906,ORD0010340,PROD0392,CUST04168,2022-11-14,Defective Product,13314.0,Refunded,14,Sports & Fitness
RET001907,ORD0010341,PROD0516,CUST02001,2022-01-15,Defective Product,28470.0,Pending,8,Sports & Fitness
RET001908,ORD0010342,PROD0399,CUST03785,2020-02-05,Changed Mind,49350.0,Refunded,5,Electronics
RET001909,ORD0010342,PROD0424,CUST03785,2020-02-05,Damaged in Transit,5239.0,Refunded,14,Toys & Games
RET001910,ORD0010360,PROD0631,CUST03332,2020-06-13,Size Issue,1249.0,Refunded,7,Beauty & Health
RET001911,ORD0010360,PROD0079,CUST03332,2020-06-13,Size Issue,6214.0,Refunded,7,Toys & Games
RET001912,ORD0010368,PROD0371,CUST00650,2021-12-17,Wrong Item,416.0,Refunded,10,Beauty & Health
RET001913,ORD0010376,PROD0551,CUST04005,2021-10-19,Wrong Item,1031.0,Refunded,4,Fashion
RET001914,ORD0010377,PROD0376,CUST00928,2020-07-19,Damaged in Transit,1897.0,Refunded,11,Beauty & Health
RET001915,ORD0010377,PROD0306,CUST00928,2020-07-19,Defective Product,4179.0,Refunded,13,Beauty & Health
RET001916,ORD0010380,PROD0254,CUST04724,2020-09-09,Damaged in Transit,12704.0,Pending,4,Sports & Fitness
RET001917,ORD0010380,PROD0259,CUST04724,2020-09-09,Damaged in Transit,10656.0,Refunded,5,Fashion
RET001918,ORD0010382,PROD0605,CUST02799,2020-09-20,Better Price Found,89928.0,Refunded,9,Sports & Fitness
RET001919,ORD0010382,PROD0015,CUST02799,2020-09-20,Changed Mind,5126.0,Refunded,13,Fashion
RET001920,ORD0010386,PROD0373,CUST02222,2020-10-20,Wrong Item,19554.0,Refunded,5,Home & Kitchen
RET001921,ORD0010386,PROD0616,CUST02222,2020-10-20,Size Issue,23336.0,Refunded,10,Automotive
RET001922,ORD0010386,PROD0202,CUST02222,2020-10-20,Defective Product,5183.0,Refunded,12,Sports & Fitness
RET001923,ORD0010386,PROD0567,CUST02222,2020-10-20,Wrong Item,323.0,Refunded,13,Office Supplies
RET001924,ORD0010386,PROD0032,CUST02222,2020-10-20,Changed Mind,16898.0,Refunded,11,Home & Kitchen
RET001925,ORD0010391,PROD0442,CUST04057,2022-04-30,Size Issue,2744.0,Refunded,10,Grocery
RET001926,ORD0010391,PROD0539,CUST04057,2022-04-30,Damaged in Transit,7509.0,Rejected,4,Home & Kitchen
RET001927,ORD0010391,PROD0689,CUST04057,2022-04-30,Size Issue,3170.0,Refunded,12,Sports & Fitness
RET001928,ORD0010391,PROD0114,CUST04057,2022-04-30,Better Price Found,7923.0,Refunded,9,Beauty & Health
RET001929,ORD0010407,PROD0595,CUST02632,2021-07-23,Better Price Found,4556.0,Refunded,11,Automotive
RET001930,ORD0010411,PROD0724,CUST04407,2024-03-22,Wrong Item,2487.0,Refunded,4,Grocery
RET001931,ORD0010424,PROD0222,CUST04981,2021-05-26,Wrong Item,8274.0,Refunded,13,Office Supplies
RET001932,ORD0010429,PROD0131,CUST02750,2021-09-18,Damaged in Transit,10446.0,Refunded,7,Office Supplies
RET001933,ORD0010444,PROD0545,CUST03535,2024-05-31,Better Price Found,231009.0,Refunded,13,Electronics
RET001934,ORD0010480,PROD0078,CUST04428,2021-07-09,Better Price Found,3832.0,Refunded,7,Office Supplies
RET001935,ORD0010480,PROD0132,CUST04428,2021-07-09,Better Price Found,6048.0,Refunded,11,Automotive
RET001936,ORD0010480,PROD0168,CUST04428,2021-07-09,Defective Product,9764.0,Refunded,10,Office Supplies
RET001937,ORD0010485,PROD0343,CUST01499,2024-06-01,Damaged in Transit,1624.0,Refunded,14,Beauty & Health
RET001938,ORD0010517,PROD0758,CUST00923,2022-02-05,Defective Product,1334.0,Refunded,6,Toys & Games
RET001939,ORD0010529,PROD0722,CUST04412,2021-03-28,Changed Mind,5892.0,Refunded,10,Grocery
RET001940,ORD0010549,PROD0556,CUST03469,2021-07-06,Better Price Found,1924.0,Refunded,10,Toys & Games
RET001941,ORD0010549,PROD0293,CUST03469,2021-07-06,Better Price Found,174722.0,Rejected,14,Electronics
RET001942,ORD0010571,PROD0246,CUST01490,2023-07-29,Defective Product,5016.0,Refunded,14,Beauty & Health
RET001943,ORD0010571,PROD0064,CUST01490,2023-07-29,Size Issue,136.0,Refunded,4,Books
RET001944,ORD0010604,PROD0651,CUST03447,2020-11-09,Wrong Item,14985.0,Refunded,11,Sports & Fitness
RET001945,ORD0010608,PROD0138,CUST03823,2023-05-29,Changed Mind,3935.0,Refunded,4,Fashion
RET001946,ORD0010608,PROD0401,CUST03823,2023-05-29,Changed Mind,77884.0,Refunded,11,Home & Kitchen
RET001947,ORD0010609,PROD0360,CUST03938,2024-11-29,Better Price Found,1662.0,Pending,9,Electronics
RET001948,ORD0010609,PROD0321,CUST03938,2024-11-29,Defective Product,17157.0,Refunded,8,Home & Kitchen
RET001949,ORD0010609,PROD0031,CUST03938,2024-11-29,Wrong Item,3084.0,Refunded,6,Grocery
RET001950,ORD0010609,PROD0272,CUST03938,2024-11-29,Size Issue,1990.0,Refunded,7,Beauty & Health
RET001951,ORD0010623,PROD0267,CUST02716,2020-12-15,Size Issue,47620.0,Refunded,6,Home & Kitchen
RET001952,ORD0010624,PROD0413,CUST01299,2024-01-28,Better Price Found,7116.0,Refunded,4,Sports & Fitness
RET001953,ORD0010624,PROD0660,CUST01299,2024-01-28,Changed Mind,16406.0,Rejected,11,Sports & Fitness
RET001954,ORD0010630,PROD0424,CUST01250,2022-04-28,Damaged in Transit,5239.0,Refunded,4,Toys & Games
RET001955,ORD0010660,PROD0183,CUST03921,2021-03-18,Changed Mind,98596.0,Refunded,14,Electronics
RET001956,ORD0010660,PROD0133,CUST03921,2021-03-18,Changed Mind,5688.0,Refunded,7,Office Supplies
RET001957,ORD0010703,PROD0002,CUST01593,2024-07-02,Better Price Found,6215.0,Pending,6,Toys & Games
RET001958,ORD0010713,PROD0334,CUST01879,2023-08-16,Damaged in Transit,27167.0,Refunded,12,Home & Kitchen
RET001959,ORD0010713,PROD0678,CUST01879,2023-08-16,Better Price Found,3766.0,Refunded,4,Office Supplies
RET001960,ORD0010727,PROD0452,CUST03774,2023-09-23,Size Issue,28198.0,Refunded,13,Sports & Fitness
RET001961,ORD0010731,PROD0596,CUST00658,2020-02-06,Changed Mind,554.0,Refunded,5,Books
RET001962,ORD0010757,PROD0402,CUST02575,2020-06-08,Damaged in Transit,8304.0,Refunded,8,Office Supplies
RET001963,ORD0010757,PROD0199,CUST02575,2020-06-08,Changed Mind,2028.0,Rejected,6,Fashion
RET001964,ORD0010772,PROD0088,CUST00922,2020-12-25,Wrong Item,126177.0,Refunded,3,Electronics
RET001965,ORD0010772,PROD0748,CUST00922,2020-12-25,Wrong Item,2481.0,Refunded,11,Beauty & Health
RET001966,ORD0010772,PROD0208,CUST00922,2020-12-25,Changed Mind,40692.0,Refunded,12,Sports & Fitness
RET001967,ORD0010782,PROD0030,CUST03625,2020-08-07,Wrong Item,12404.0,Refunded,14,Sports & Fitness
RET001968,ORD0010782,PROD0381,CUST03625,2020-08-07,Changed Mind,4139.0,Refunded,6,Office Supplies
RET001969,ORD0010809,PROD0708,CUST01061,2021-05-05,Damaged in Transit,4854.0,Refunded,11,Fashion
RET001970,ORD0010813,PROD0734,CUST00206,2024-02-08,Size Issue,10455.0,Pending,12,Fashion
RET001971,ORD0010824,PROD0659,CUST03129,2024-11-21,Defective Product,485.0,Refunded,13,Grocery
RET001972,ORD0010835,PROD0062,CUST01212,2021-03-23,Better Price Found,5343.0,Refunded,12,Office Supplies
RET001973,ORD0010835,PROD0484,CUST01212,2021-03-23,Better Price Found,13950.0,Refunded,3,Home & Kitchen
RET001974,ORD0010835,PROD0760,CUST01212,2021-03-23,Defective Product,6828.0,Refunded,13,Fashion
RET001975,ORD0010835,PROD0785,CUST01212,2021-03-23,Better Price Found,1476.0,Pending,7,Books
RET001976,ORD0010835,PROD0582,CUST01212,2021-03-23,Changed Mind,2459.0,Refunded,14,Beauty & Health
RET001977,ORD0010852,PROD0327,CUST02310,2024-03-07,Wrong Item,1731.0,Refunded,12,Toys & Games
RET001978,ORD0010852,PROD0302,CUST02310,2024-03-07,Better Price Found,2206.0,Refunded,4,Beauty & Health
RET001979,ORD0010854,PROD0634,CUST04782,2022-04-27,Changed Mind,1626.0,Refunded,13,Books
RET001980,ORD0010858,PROD0198,CUST01508,2020-01-13,Wrong Item,2438.0,Refunded,5,Toys & Games
RET001981,ORD0010858,PROD0452,CUST01508,2020-01-13,Damaged in Transit,25230.0,Refunded,7,Sports & Fitness
RET001982,ORD0010864,PROD0398,CUST00169,2021-12-17,Damaged in Transit,1912.0,Refunded,9,Toys & Games
RET001983,ORD0010864,PROD0206,CUST00169,2021-12-17,Better Price Found,5191.0,Refunded,13,Office Supplies
RET001984,ORD0010878,PROD0466,CUST03214,2020-04-05,Wrong Item,31334.0,Pending,13,Home & Kitchen
RET001985,ORD0010878,PROD0420,CUST03214,2020-04-05,Wrong Item,26746.0,Pending,10,Sports & Fitness
RET001986,ORD0010883,PROD0621,CUST03800,2024-05-20,Better Price Found,4931.0,Refunded,7,Fashion
RET001987,ORD0010883,PROD0431,CUST03800,2024-05-20,Size Issue,494.0,Refunded,11,Toys & Games
RET001988,ORD0010884,PROD0320,CUST02430,2021-08-26,Better Price Found,10265.0,Pending,12,Fashion
RET001989,ORD0010889,PROD0607,CUST02279,2020-08-01,Wrong Item,280.0,Refunded,10,Books
RET001990,ORD0010889,PROD0543,CUST02279,2020-08-01,Defective Product,4049.0,Refunded,5,Automotive
RET001991,ORD0010898,PROD0733,CUST00571,2022-03-28,Better Price Found,15852.0,Refunded,4,Automotive
RET001992,ORD0010898,PROD0111,CUST00571,2022-03-28,Changed Mind,13100.0,Rejected,5,Toys & Games
RET001993,ORD0010905,PROD0316,CUST04167,2020-05-11,Wrong Item,1128.0,Refunded,5,Toys & Games
RET001994,ORD0010905,PROD0389,CUST04167,2020-05-11,Damaged in Transit,13444.0,Refunded,14,Sports & Fitness
RET001995,ORD0010921,PROD0693,CUST01535,2024-07-28,Defective Product,3427.0,Refunded,7,Toys & Games
RET001996,ORD0010937,PROD0722,CUST03167,2022-02-08,Defective Product,1310.0,Rejected,7,Grocery
RET001997,ORD0010937,PROD0691,CUST03167,2022-02-08,Changed Mind,6229.0,Refunded,9,Automotive
RET001998,ORD0010937,PROD0411,CUST03167,2022-02-08,Wrong Item,740.0,Pending,13,Grocery
RET001999,ORD0010956,PROD0057,CUST02405,2024-01-03,Defective Product,1060.0,Refunded,10,Automotive
RET002000,ORD0010967,PROD0196,CUST03544,2020-12-12,Defective Product,748.0,Refunded,4,Books
RET002001,ORD0010967,PROD0570,CUST03544,2020-12-12,Size Issue,1313.0,Refunded,7,Books
RET002002,ORD0010976,PROD0093,CUST02339,2021-05-04,Wrong Item,8152.0,Refunded,5,Office Supplies
RET002003,ORD0010976,PROD0398,CUST02339,2021-05-04,Changed Mind,3824.0,Refunded,9,Toys & Games
RET002004,ORD0010982,PROD0132,CUST04859,2021-02-11,Damaged in Transit,6854.0,Refunded,10,Automotive
RET002005,ORD0010982,PROD0616,CUST04859,2021-02-11,Changed Mind,10939.0,Refunded,13,Automotive
RET002006,ORD0010982,PROD0112,CUST04859,2021-02-11,Size Issue,99.0,Pending,10,Grocery
RET002007,ORD0010994,PROD0457,CUST01182,2020-12-16,Defective Product,5226.0,Rejected,14,Fashion
RET002008,ORD0010999,PROD0125,CUST01840,2022-10-24,Size Issue,1646.0,Pending,12,Grocery
RET002009,ORD0010999,PROD0293,CUST01840,2022-10-24,Defective Product,87361.0,Refunded,13,Electronics
RET002010,ORD0011009,PROD0567,CUST02288,2022-06-10,Damaged in Transit,341.0,Refunded,7,Office Supplies
RET002011,ORD0011009,PROD0723,CUST02288,2022-06-10,Size Issue,9375.0,Refunded,12,Beauty & Health
RET002012,ORD0011009,PROD0613,CUST02288,2022-06-10,Defective Product,687.0,Refunded,7,Grocery
RET002013,ORD0011009,PROD0731,CUST02288,2022-06-10,Better Price Found,6700.0,Pending,7,Fashion
RET002014,ORD0011011,PROD0144,CUST01276,2023-04-30,Size Issue,23676.0,Refunded,3,Sports & Fitness
RET002015,ORD0011011,PROD0756,CUST01276,2023-04-30,Wrong Item,18834.0,Refunded,10,Automotive
RET002016,ORD0011011,PROD0671,CUST01276,2023-04-30,Better Price Found,7148.0,Refunded,11,Fashion
RET002017,ORD0011011,PROD0029,CUST01276,2023-04-30,Better Price Found,1153.0,Pending,4,Books
RET002018,ORD0011012,PROD0050,CUST01219,2022-05-18,Changed Mind,103000.0,Refunded,11,Electronics
RET002019,ORD0011012,PROD0286,CUST01219,2022-05-18,Defective Product,10815.0,Refunded,11,Sports & Fitness
RET002020,ORD0011012,PROD0468,CUST01219,2022-05-18,Changed Mind,1420.0,Refunded,8,Fashion
RET002021,ORD0011012,PROD0303,CUST01219,2022-05-18,Size Issue,90568.0,Refunded,5,Electronics
RET002022,ORD0011019,PROD0716,CUST04861,2021-02-16,Better Price Found,4867.0,Rejected,12,Toys & Games
RET002023,ORD0011020,PROD0469,CUST00089,2020-01-20,Size Issue,34.0,Refunded,9,Grocery
RET002024,ORD0011020,PROD0563,CUST00089,2020-01-20,Damaged in Transit,2867.0,Refunded,14,Home & Kitchen
RET002025,ORD0011020,PROD0405,CUST00089,2020-01-20,Defective Product,7096.0,Refunded,8,Fashion
RET002026,ORD0011020,PROD0301,CUST00089,2020-01-20,Changed Mind,2008.0,Refunded,5,Sports & Fitness
RET002027,ORD0011024,PROD0148,CUST03042,2023-12-18,Better Price Found,29138.0,Pending,12,Electronics
RET002028,ORD0011024,PROD0442,CUST03042,2023-12-18,Damaged in Transit,686.0,Refunded,9,Grocery
RET002029,ORD0011034,PROD0274,CUST00780,2024-01-21,Wrong Item,103722.0,Refunded,3,Electronics
RET002030,ORD0011038,PROD0538,CUST02682,2023-05-08,Defective Product,1456.0,Refunded,11,Books
RET002031,ORD0011038,PROD0548,CUST02682,2023-05-08,Better Price Found,9418.0,Refunded,6,Automotive
RET002032,ORD0011039,PROD0119,CUST03518,2023-04-14,Changed Mind,36496.0,Rejected,11,Electronics
RET002033,ORD0011058,PROD0420,CUST02921,2024-04-07,Size Issue,12259.0,Refunded,8,Sports & Fitness
RET002034,ORD0011086,PROD0753,CUST04903,2020-08-04,Defective Product,6819.0,Refunded,14,Office Supplies
RET002035,ORD0011087,PROD0678,CUST04755,2022-07-29,Changed Mind,1661.0,Refunded,9,Office Supplies
RET002036,ORD0011087,PROD0349,CUST04755,2022-07-29,Wrong Item,288.0,Refunded,8,Toys & Games
RET002037,ORD0011090,PROD0403,CUST03345,2020-09-11,Better Price Found,12237.0,Refunded,8,Office Supplies
RET002038,ORD0011090,PROD0682,CUST03345,2020-09-11,Wrong Item,2581.0,Refunded,6,Toys & Games
RET002039,ORD0011098,PROD0172,CUST00204,2021-09-23,Defective Product,12990.0,Refunded,4,Fashion
RET002040,ORD0011098,PROD0093,CUST00204,2021-09-23,Defective Product,2038.0,Refunded,6,Office Supplies
RET002041,ORD0011130,PROD0310,CUST02843,2021-11-24,Changed Mind,3928.0,Refunded,14,Sports & Fitness
RET002042,ORD0011130,PROD0728,CUST02843,2021-11-24,Size Issue,10314.0,Refunded,9,Fashion
RET002043,ORD0011130,PROD0390,CUST02843,2021-11-24,Better Price Found,4199.0,Rejected,9,Electronics
RET002044,ORD0011134,PROD0695,CUST01358,2023-05-19,Defective Product,5472.0,Refunded,12,Grocery
RET002045,ORD0011135,PROD0344,CUST01033,2020-08-04,Better Price Found,11628.0,Refunded,8,Fashion
RET002046,ORD0011135,PROD0311,CUST01033,2020-08-04,Wrong Item,1662.0,Refunded,9,Books
RET002047,ORD0011135,PROD0452,CUST01033,2020-08-04,Defective Product,28198.0,Refunded,10,Sports & Fitness
RET002048,ORD0011144,PROD0061,CUST04245,2023-01-09,Defective Product,38034.0,Refunded,10,Home & Kitchen
RET002049,ORD0011176,PROD0492,CUST01112,2021-07-02,Damaged in Transit,1130.0,Refunded,7,Books
RET002050,ORD0011176,PROD0082,CUST01112,2021-07-02,Defective Product,18704.0,Refunded,4,Automotive
RET002051,ORD0011185,PROD0375,CUST04668,2020-02-28,Size Issue,3176.0,Refunded,5,Sports & Fitness
RET002052,ORD0011195,PROD0096,CUST00810,2024-01-17,Damaged in Transit,3510.0,Pending,9,Office Supplies
RET002053,ORD0011195,PROD0382,CUST00810,2024-01-17,Changed Mind,1022.0,Refunded,7,Beauty & Health
RET002054,ORD0011195,PROD0524,CUST00810,2024-01-17,Defective Product,8396.0,Refunded,10,Fashion
RET002055,ORD0011195,PROD0579,CUST00810,2024-01-17,Changed Mind,898.0,Refunded,6,Grocery
RET002056,ORD0011195,PROD0736,CUST00810,2024-01-17,Size Issue,73834.0,Refunded,11,Home & Kitchen
RET002057,ORD0011198,PROD0792,CUST01737,2021-02-24,Better Price Found,324.0,Refunded,11,Books
RET002058,ORD0011221,PROD0756,CUST00041,2024-09-15,Defective Product,6278.0,Refunded,5,Automotive
RET002059,ORD0011221,PROD0744,CUST00041,2024-09-15,Changed Mind,313.0,Refunded,4,Grocery
RET002060,ORD0011221,PROD0127,CUST00041,2024-09-15,Wrong Item,3201.0,Refunded,3,Sports & Fitness
RET002061,ORD0011223,PROD0536,CUST03447,2023-07-24,Size Issue,292.0,Pending,13,Grocery
RET002062,ORD0011235,PROD0633,CUST02214,2022-12-15,Size Issue,5142.0,Rejected,8,Toys & Games
RET002063,ORD0011247,PROD0738,CUST03489,2023-02-15,Defective Product,2637.0,Pending,9,Beauty & Health
RET002064,ORD0011249,PROD0326,CUST02254,2021-03-04,Defective Product,5852.0,Refunded,3,Automotive
RET002065,ORD0011249,PROD0277,CUST02254,2021-03-04,Defective Product,370.0,Refunded,7,Beauty & Health
RET002066,ORD0011249,PROD0660,CUST02254,2021-03-04,Wrong Item,8834.0,Refunded,7,Sports & Fitness
RET002067,ORD0011256,PROD0669,CUST04653,2024-02-25,Changed Mind,29742.0,Refunded,4,Home & Kitchen
RET002068,ORD0011266,PROD0348,CUST00755,2020-01-18,Damaged in Transit,24769.0,Refunded,14,Electronics
RET002069,ORD0011266,PROD0109,CUST00755,2020-01-18,Size Issue,56328.0,Refunded,10,Electronics
RET002070,ORD0011269,PROD0084,CUST00627,2024-09-03,Changed Mind,16351.0,Refunded,8,Automotive
RET002071,ORD0011269,PROD0148,CUST00627,2024-09-03,Better Price Found,72844.0,Refunded,10,Electronics
RET002072,ORD0011269,PROD0438,CUST00627,2024-09-03,Defective Product,820.0,Rejected,10,Automotive
RET002073,ORD0011269,PROD0210,CUST00627,2024-09-03,Defective Product,13926.0,Refunded,6,Home & Kitchen
RET002074,ORD0011272,PROD0240,CUST03910,2023-08-30,Changed Mind,1593.0,Refunded,14,Beauty & Health
RET002075,ORD0011282,PROD0360,CUST02614,2022-03-29,Size Issue,3324.0,Refunded,7,Electronics
RET002076,ORD0011282,PROD0251,CUST02614,2022-03-29,Wrong Item,33709.0,Refunded,3,Electronics
RET002077,ORD0011282,PROD0295,CUST02614,2022-03-29,Better Price Found,490.0,Refunded,3,Toys & Games
RET002078,ORD0011282,PROD0649,CUST02614,2022-03-29,Wrong Item,27704.0,Refunded,9,Automotive
RET002079,ORD0011287,PROD0044,CUST00206,2021-03-24,Defective Product,11716.0,Refunded,5,Beauty & Health
RET002080,ORD0011294,PROD0150,CUST04489,2021-10-23,Wrong Item,1930.0,Refunded,12,Home & Kitchen
RET002081,ORD0011296,PROD0646,CUST00853,2023-11-27,Defective Product,16013.0,Refunded,7,Sports & Fitness
RET002082,ORD0011296,PROD0566,CUST00853,2023-11-27,Size Issue,5145.0,Refunded,8,Sports & Fitness
RET002083,ORD0011297,PROD0499,CUST03898,2025-01-10,Changed Mind,7782.0,Refunded,8,Beauty & Health
RET002084,ORD0011316,PROD0111,CUST04417,2020-02-18,Better Price Found,18666.0,Pending,13,Toys & Games
RET002085,ORD0011316,PROD0493,CUST04417,2020-02-18,Size Issue,10702.0,Refunded,9,Automotive
RET002086,ORD0011319,PROD0391,CUST02379,2021-05-06,Better Price Found,24580.0,Refunded,10,Home & Kitchen
RET002087,ORD0011325,PROD0306,CUST02966,2024-09-02,Wrong Item,4399.0,Refunded,7,Beauty & Health
RET002088,ORD0011325,PROD0029,CUST02966,2024-09-02,Better Price Found,2114.0,Refunded,3,Books
RET002089,ORD0011327,PROD0497,CUST03728,2020-05-29,Defective Product,8048.0,Refunded,4,Automotive
RET002090,ORD0011349,PROD0508,CUST01652,2024-09-11,Size Issue,13933.0,Refunded,13,Automotive
RET002091,ORD0011351,PROD0453,CUST00233,2023-08-16,Damaged in Transit,2196.0,Refunded,9,Beauty & Health
RET002092,ORD0011351,PROD0451,CUST00233,2023-08-16,Damaged in Transit,263.0,Refunded,12,Beauty & Health
RET002093,ORD0011351,PROD0038,CUST00233,2023-08-16,Defective Product,3999.0,Refunded,12,Beauty & Health
RET002094,ORD0011351,PROD0505,CUST00233,2023-08-16,Defective Product,21464.0,Pending,10,Fashion
RET002095,ORD0011364,PROD0501,CUST04465,2021-11-12,Changed Mind,20800.0,Pending,13,Home & Kitchen
RET002096,ORD0011389,PROD0418,CUST00443,2022-01-08,Better Price Found,1337.0,Pending,10,Books
RET002097,ORD0011389,PROD0365,CUST00443,2022-01-08,Damaged in Transit,5316.0,Refunded,5,Automotive
RET002098,ORD0011396,PROD0159,CUST04730,2020-08-03,Size Issue,2200.0,Refunded,3,Toys & Games
RET002099,ORD0011407,PROD0412,CUST03751,2023-12-30,Changed Mind,17460.0,Rejected,5,Home & Kitchen
RET002100,ORD0011407,PROD0025,CUST03751,2023-12-30,Better Price Found,12580.0,Pending,8,Automotive
RET002101,ORD0011414,PROD0040,CUST00848,2023-02-07,Changed Mind,1431.0,Refunded,12,Grocery
RET002102,ORD0011419,PROD0169,CUST04575,2021-09-28,Damaged in Transit,9901.0,Refunded,7,Home & Kitchen
RET002103,ORD0011419,PROD0594,CUST04575,2021-09-28,Size Issue,125.0,Refunded,14,Books
RET002104,ORD0011424,PROD0587,CUST04765,2024-07-24,Damaged in Transit,5308.0,Refunded,8,Beauty & Health
RET002105,ORD0011424,PROD0192,CUST04765,2024-07-24,Damaged in Transit,1116.0,Refunded,10,Grocery
RET002106,ORD0011434,PROD0285,CUST04588,2024-09-03,Damaged in Transit,34676.0,Refunded,14,Home & Kitchen
RET002107,ORD0011434,PROD0236,CUST04588,2024-09-03,Changed Mind,387.0,Refunded,14,Grocery
RET002108,ORD0011434,PROD0079,CUST04588,2024-09-03,Wrong Item,11774.0,Pending,10,Toys & Games
RET002109,ORD0011434,PROD0074,CUST04588,2024-09-03,Wrong Item,448.0,Refunded,10,Books
RET002110,ORD0011459,PROD0670,CUST00752,2024-03-02,Changed Mind,1404.0,Pending,11,Books
RET002111,ORD0011459,PROD0475,CUST00752,2024-03-02,Defective Product,554.0,Pending,8,Books
RET002112,ORD0011462,PROD0537,CUST04832,2022-12-02,Changed Mind,380.0,Refunded,5,Books
RET002113,ORD0011462,PROD0407,CUST04832,2022-12-02,Damaged in Transit,1227.0,Refunded,14,Books
RET002114,ORD0011462,PROD0574,CUST04832,2022-12-02,Damaged in Transit,39686.0,Refunded,11,Electronics
RET002115,ORD0011462,PROD0549,CUST04832,2022-12-02,Wrong Item,18699.0,Refunded,4,Home & Kitchen
RET002116,ORD0011462,PROD0634,CUST04832,2022-12-02,Damaged in Transit,1626.0,Refunded,14,Books
RET002117,ORD0011468,PROD0165,CUST00130,2022-04-23,Wrong Item,466.0,Pending,6,Books
RET002118,ORD0011468,PROD0576,CUST00130,2022-04-23,Defective Product,10832.0,Refunded,11,Fashion
RET002119,ORD0011477,PROD0132,CUST03009,2024-04-16,Changed Mind,6048.0,Pending,10,Automotive
RET002120,ORD0011496,PROD0090,CUST03565,2022-01-14,Damaged in Transit,10445.0,Refunded,6,Sports & Fitness
RET002121,ORD0011496,PROD0241,CUST03565,2022-01-14,Wrong Item,33181.0,Refunded,9,Home & Kitchen
RET002122,ORD0011496,PROD0015,CUST03565,2022-01-14,Defective Product,15378.0,Rejected,8,Fashion
RET002123,ORD0011496,PROD0512,CUST03565,2022-01-14,Changed Mind,4911.0,Refunded,13,Toys & Games
RET002124,ORD0011496,PROD0727,CUST03565,2022-01-14,Better Price Found,4978.0,Rejected,6,Office Supplies
RET002125,ORD0011515,PROD0071,CUST04636,2021-01-04,Defective Product,1444.0,Refunded,10,Books
RET002126,ORD0011523,PROD0728,CUST00727,2020-10-17,Wrong Item,9626.0,Pending,3,Fashion
RET002127,ORD0011523,PROD0281,CUST00727,2020-10-17,Wrong Item,981.0,Refunded,10,Grocery
RET002128,ORD0011557,PROD0765,CUST03237,2020-10-07,Wrong Item,15092.0,Refunded,7,Home & Kitchen
RET002129,ORD0011566,PROD0158,CUST03913,2024-05-19,Better Price Found,7305.0,Refunded,14,Automotive
RET002130,ORD0011566,PROD0368,CUST03913,2024-05-19,Changed Mind,11538.0,Refunded,12,Beauty & Health
RET002131,ORD0011583,PROD0745,CUST04080,2023-02-26,Changed Mind,32342.0,Refunded,12,Home & Kitchen
RET002132,ORD0011583,PROD0290,CUST04080,2023-02-26,Changed Mind,1816.0,Refunded,10,Toys & Games
RET002133,ORD0011583,PROD0324,CUST04080,2023-02-26,Better Price Found,2140.0,Refunded,3,Grocery
RET002134,ORD0011592,PROD0146,CUST03702,2022-08-28,Damaged in Transit,262.0,Rejected,14,Office Supplies
RET002135,ORD0011606,PROD0142,CUST00845,2020-02-03,Defective Product,1584.0,Refunded,9,Grocery
RET002136,ORD0011611,PROD0674,CUST02502,2022-11-28,Changed Mind,872.0,Refunded,13,Grocery
RET002137,ORD0011616,PROD0800,CUST00365,2020-11-29,Size Issue,12702.0,Refunded,4,Sports & Fitness
RET002138,ORD0011616,PROD0780,CUST00365,2020-11-29,Damaged in Transit,6238.0,Refunded,7,Electronics
RET002139,ORD0011628,PROD0538,CUST00726,2024-02-02,Size Issue,1456.0,Refunded,13,Books
RET002140,ORD0011628,PROD0169,CUST00726,2024-02-02,Damaged in Transit,9901.0,Refunded,7,Home & Kitchen
RET002141,ORD0011632,PROD0074,CUST02165,2020-06-19,Changed Mind,747.0,Rejected,9,Books
RET002142,ORD0011632,PROD0588,CUST02165,2020-06-19,Better Price Found,108.0,Pending,3,Grocery
RET002143,ORD0011632,PROD0094,CUST02165,2020-06-19,Damaged in Transit,28410.0,Refunded,12,Home & Kitchen
RET002144,ORD0011660,PROD0192,CUST04736,2023-07-19,Better Price Found,1116.0,Refunded,3,Grocery
RET002145,ORD0011661,PROD0069,CUST04834,2020-09-04,Better Price Found,5908.0,Refunded,13,Sports & Fitness
RET002146,ORD0011664,PROD0296,CUST01385,2024-01-01,Defective Product,2238.0,Refunded,6,Toys & Games
RET002147,ORD0011682,PROD0082,CUST00802,2023-02-22,Defective Product,5299.0,Refunded,4,Automotive
RET002148,ORD0011700,PROD0685,CUST03618,2023-02-24,Defective Product,5367.0,Refunded,12,Home & Kitchen
RET002149,ORD0011700,PROD0419,CUST03618,2023-02-24,Wrong Item,10794.0,Refunded,5,Automotive
RET002150,ORD0011702,PROD0489,CUST04363,2020-04-20,Changed Mind,4792.0,Refunded,14,Fashion
RET002151,ORD0011705,PROD0463,CUST04766,2022-10-04,Changed Mind,2351.0,Refunded,14,Sports & Fitness
RET002152,ORD0011705,PROD0144,CUST04766,2022-10-04,Damaged in Transit,11838.0,Pending,14,Sports & Fitness
RET002153,ORD0011722,PROD0370,CUST04460,2021-10-03,Changed Mind,7104.0,Refunded,3,Fashion
RET002154,ORD0011722,PROD0765,CUST04460,2021-10-03,Defective Product,14254.0,Refunded,3,Home & Kitchen
RET002155,ORD0011732,PROD0794,CUST02519,2022-04-15,Defective Product,385.0,Refunded,9,Toys & Games
RET002156,ORD0011732,PROD0090,CUST02519,2022-04-15,Better Price Found,10445.0,Refunded,3,Sports & Fitness
RET002157,ORD0011740,PROD0221,CUST03921,2024-11-23,Changed Mind,33324.0,Refunded,5,Home & Kitchen
RET002158,ORD0011740,PROD0787,CUST03921,2024-11-23,Better Price Found,15724.0,Pending,13,Office Supplies
RET002159,ORD0011744,PROD0511,CUST01698,2021-11-22,Defective Product,1365.0,Refunded,6,Office Supplies
RET002160,ORD0011744,PROD0425,CUST01698,2021-11-22,Size Issue,9217.0,Refunded,6,Sports & Fitness
RET002161,ORD0011744,PROD0069,CUST01698,2021-11-22,Better Price Found,15753.0,Refunded,10,Sports & Fitness
RET002162,ORD0011744,PROD0202,CUST01698,2021-11-22,Better Price Found,12958.0,Refunded,10,Sports & Fitness
RET002163,ORD0011746,PROD0757,CUST00300,2024-05-22,Size Issue,1644.0,Refunded,10,Grocery
RET002164,ORD0011746,PROD0247,CUST00300,2024-05-22,Changed Mind,802.0,Refunded,9,Books
RET002165,ORD0011748,PROD0322,CUST00798,2023-02-26,Better Price Found,40593.0,Pending,12,Electronics
RET002166,ORD0011760,PROD0365,CUST01639,2021-10-15,Better Price Found,5316.0,Refunded,6,Automotive
RET002167,ORD0011779,PROD0252,CUST03492,2021-03-05,Defective Product,109298.0,Refunded,13,Electronics
RET002168,ORD0011779,PROD0656,CUST03492,2021-03-05,Size Issue,65080.0,Refunded,13,Electronics
RET002169,ORD0011783,PROD0342,CUST01478,2024-07-18,Defective Product,9888.0,Refunded,9,Sports & Fitness
RET002170,ORD0011783,PROD0740,CUST01478,2024-07-18,Defective Product,1044.0,Refunded,7,Grocery
RET002171,ORD0011812,PROD0147,CUST00891,2022-06-13,Better Price Found,13720.0,Refunded,13,Beauty & Health
RET002172,ORD0011826,PROD0618,CUST02612,2021-11-29,Damaged in Transit,998.0,Refunded,4,Books
RET002173,ORD0011827,PROD0357,CUST02258,2024-01-08,Damaged in Transit,42753.0,Refunded,8,Home & Kitchen
RET002174,ORD0011827,PROD0489,CUST02258,2024-01-08,Better Price Found,5750.0,Refunded,4,Fashion
RET002175,ORD0011830,PROD0727,CUST04596,2020-10-14,Changed Mind,4701.0,Refunded,11,Office Supplies
RET002176,ORD0011856,PROD0792,CUST04670,2021-10-22,Defective Product,324.0,Refunded,11,Books
RET002177,ORD0011863,PROD0695,CUST04398,2020-10-04,Changed Mind,1271.0,Refunded,9,Grocery
RET002178,ORD0011871,PROD0279,CUST04291,2024-01-11,Size Issue,1053.0,Refunded,8,Grocery
RET002179,ORD0011871,PROD0040,CUST04291,2024-01-11,Size Issue,1352.0,Refunded,11,Grocery
RET002180,ORD0011871,PROD0252,CUST04291,2024-01-11,Defective Product,327894.0,Refunded,14,Electronics
RET002181,ORD0011897,PROD0235,CUST04498,2021-05-31,Changed Mind,10107.0,Refunded,6,Toys & Games
RET002182,ORD0011901,PROD0107,CUST03140,2023-10-28,Better Price Found,488.0,Refunded,12,Grocery
RET002183,ORD0011901,PROD0204,CUST03140,2023-10-28,Defective Product,4200.0,Refunded,10,Office Supplies
RET002184,ORD0011901,PROD0173,CUST03140,2023-10-28,Changed Mind,1173.0,Refunded,9,Automotive
RET002185,ORD0011901,PROD0287,CUST03140,2023-10-28,Better Price Found,3446.0,Refunded,3,Automotive
RET002186,ORD0011901,PROD0072,CUST03140,2023-10-28,Changed Mind,146420.0,Refunded,11,Electronics
RET002187,ORD0011903,PROD0024,CUST03038,2024-12-28,Size Issue,5636.0,Refunded,10,Fashion
RET002188,ORD0011903,PROD0258,CUST03038,2024-12-28,Better Price Found,5163.0,Refunded,6,Beauty & Health
RET002189,ORD0011903,PROD0460,CUST03038,2024-12-28,Damaged in Transit,11590.0,Refunded,6,Electronics
RET002190,ORD0011903,PROD0425,CUST03038,2024-12-28,Changed Mind,7374.0,Refunded,11,Sports & Fitness
RET002191,ORD0011907,PROD0770,CUST00959,2020-01-31,Wrong Item,165.0,Refunded,10,Books
RET002192,ORD0011911,PROD0766,CUST00699,2020-02-22,Wrong Item,15778.0,Refunded,13,Home & Kitchen
RET002193,ORD0011922,PROD0679,CUST01763,2023-08-11,Defective Product,5791.0,Refunded,12,Sports & Fitness
RET002194,ORD0011946,PROD0135,CUST01941,2020-08-20,Size Issue,26049.0,Pending,12,Automotive
RET002195,ORD0011946,PROD0187,CUST01941,2020-08-20,Defective Product,926.0,Refunded,3,Books
RET002196,ORD0011946,PROD0497,CUST01941,2020-08-20,Defective Product,8048.0,Refunded,4,Automotive
RET002197,ORD0011946,PROD0230,CUST01941,2020-08-20,Better Price Found,16448.0,Refunded,12,Office Supplies
RET002198,ORD0011954,PROD0661,CUST02580,2023-07-07,Size Issue,23808.0,Refunded,3,Home & Kitchen
RET002199,ORD0011954,PROD0708,CUST02580,2023-07-07,Defective Product,14562.0,Refunded,9,Fashion
RET002200,ORD0011976,PROD0190,CUST04350,2025-01-17,Wrong Item,2920.0,Refunded,13,Automotive
RET002201,ORD0011986,PROD0168,CUST00448,2020-02-23,Wrong Item,20924.0,Refunded,3,Office Supplies
RET002202,ORD0011986,PROD0170,CUST00448,2020-02-23,Wrong Item,980.0,Refunded,5,Grocery
RET002203,ORD0011986,PROD0068,CUST00448,2020-02-23,Wrong Item,18025.0,Pending,6,Electronics
RET002204,ORD0012005,PROD0692,CUST02109,2021-10-07,Defective Product,2063.0,Rejected,9,Office Supplies
RET002205,ORD0012008,PROD0206,CUST00008,2022-02-11,Better Price Found,4758.0,Refunded,11,Office Supplies
RET002206,ORD0012008,PROD0090,CUST00008,2022-02-11,Defective Product,10445.0,Refunded,12,Sports & Fitness
RET002207,ORD0012011,PROD0262,CUST01735,2020-02-13,Better Price Found,29856.0,Refunded,5,Home & Kitchen
RET002208,ORD0012028,PROD0079,CUST00084,2022-01-20,Size Issue,17661.0,Refunded,14,Toys & Games
RET002209,ORD0012029,PROD0597,CUST00532,2022-05-24,Size Issue,1412.0,Refunded,11,Books
RET002210,ORD0012041,PROD0346,CUST00946,2022-03-16,Size Issue,20088.0,Refunded,12,Home & Kitchen
RET002211,ORD0012052,PROD0388,CUST03532,2023-01-30,Size Issue,606.0,Refunded,14,Toys & Games
RET002212,ORD0012052,PROD0147,CUST03532,2023-01-30,Wrong Item,7622.0,Refunded,9,Beauty & Health
RET002213,ORD0012052,PROD0041,CUST03532,2023-01-30,Wrong Item,109417.0,Pending,6,Electronics
RET002214,ORD0012052,PROD0282,CUST03532,2023-01-30,Changed Mind,3230.0,Refunded,10,Books
RET002215,ORD0012052,PROD0108,CUST03532,2023-01-30,Damaged in Transit,37466.0,Refunded,13,Home & Kitchen
RET002216,ORD0012053,PROD0798,CUST03775,2023-05-28,Better Price Found,6712.0,Refunded,13,Beauty & Health
RET002217,ORD0012053,PROD0320,CUST03775,2023-05-28,Size Issue,20530.0,Refunded,11,Fashion
RET002218,ORD0012063,PROD0242,CUST01875,2023-05-15,Better Price Found,748.0,Pending,11,Grocery
RET002219,ORD0012063,PROD0397,CUST01875,2023-05-15,Defective Product,2032.0,Refunded,10,Automotive
RET002220,ORD0012063,PROD0044,CUST01875,2023-05-15,Size Issue,5858.0,Rejected,14,Beauty & Health
RET002221,ORD0012063,PROD0327,CUST01875,2023-05-15,Defective Product,1731.0,Refunded,6,Toys & Games
RET002222,ORD0012081,PROD0032,CUST01503,2022-07-06,Size Issue,18776.0,Refunded,3,Home & Kitchen
RET002223,ORD0012091,PROD0276,CUST03812,2021-11-03,Size Issue,27462.0,Refunded,13,Fashion
RET002224,ORD0012092,PROD0150,CUST04379,2021-05-23,Better Price Found,4290.0,Pending,3,Home & Kitchen
RET002225,ORD0012092,PROD0155,CUST04379,2021-05-23,Defective Product,5088.0,Refunded,5,Office Supplies
RET002226,ORD0012092,PROD0735,CUST04379,2021-05-23,Size Issue,3976.0,Refunded,4,Office Supplies
RET002227,ORD0012092,PROD0104,CUST04379,2021-05-23,Better Price Found,16299.0,Refunded,5,Sports & Fitness
RET002228,ORD0012092,PROD0169,CUST04379,2021-05-23,Wrong Item,9901.0,Refunded,3,Home & Kitchen
RET002229,ORD0012104,PROD0355,CUST01437,2022-07-16,Better Price Found,8163.0,Refunded,12,Fashion
RET002230,ORD0012110,PROD0642,CUST02917,2022-01-05,Size Issue,27692.0,Refunded,9,Automotive
RET002231,ORD0012115,PROD0211,CUST02056,2022-11-08,Wrong Item,16634.0,Pending,11,Home & Kitchen
RET002232,ORD0012115,PROD0527,CUST02056,2022-11-08,Better Price Found,3321.0,Pending,12,Automotive
RET002233,ORD0012123,PROD0074,CUST02190,2024-03-23,Better Price Found,249.0,Refunded,9,Books
RET002234,ORD0012123,PROD0202,CUST02190,2024-03-23,Size Issue,6479.0,Refunded,3,Sports & Fitness
RET002235,ORD0012130,PROD0392,CUST00709,2020-12-01,Changed Mind,7988.0,Pending,14,Sports & Fitness
RET002236,ORD0012130,PROD0234,CUST00709,2020-12-01,Wrong Item,396.0,Refunded,4,Grocery
RET002237,ORD0012130,PROD0010,CUST00709,2020-12-01,Damaged in Transit,9650.0,Refunded,7,Sports & Fitness
RET002238,ORD0012130,PROD0369,CUST00709,2020-12-01,Wrong Item,65846.0,Refunded,10,Electronics
RET002239,ORD0012130,PROD0413,CUST00709,2020-12-01,Wrong Item,6100.0,Refunded,8,Sports & Fitness
RET002240,ORD0012135,PROD0249,CUST01764,2022-03-02,Defective Product,684.0,Refunded,3,Books
RET002241,ORD0012141,PROD0746,CUST01743,2022-12-05,Damaged in Transit,538.0,Refunded,4,Grocery
RET002242,ORD0012142,PROD0416,CUST01418,2020-09-09,Wrong Item,4308.0,Refunded,3,Fashion
RET002243,ORD0012142,PROD0702,CUST01418,2020-09-09,Size Issue,5904.0,Refunded,7,Toys & Games
RET002244,ORD0012142,PROD0141,CUST01418,2020-09-09,Damaged in Transit,3814.0,Refunded,6,Toys & Games
RET002245,ORD0012142,PROD0496,CUST01418,2020-09-09,Wrong Item,6576.0,Refunded,11,Sports & Fitness
RET002246,ORD0012151,PROD0709,CUST00738,2020-01-17,Wrong Item,387069.0,Rejected,9,Electronics
RET002247,ORD0012151,PROD0637,CUST00738,2020-01-17,Defective Product,1152.0,Refunded,8,Beauty & Health
RET002248,ORD0012151,PROD0066,CUST00738,2020-01-17,Better Price Found,420.0,Refunded,8,Books
RET002249,ORD0012168,PROD0172,CUST04090,2020-12-28,Damaged in Transit,8660.0,Refunded,7,Fashion
RET002250,ORD0012174,PROD0234,CUST01319,2023-03-12,Wrong Item,792.0,Refunded,3,Grocery
RET002251,ORD0012197,PROD0201,CUST00858,2022-08-10,Wrong Item,7043.0,Refunded,7,Sports & Fitness
RET002252,ORD0012197,PROD0476,CUST00858,2022-08-10,Better Price Found,3911.0,Refunded,14,Toys & Games
RET002253,ORD0012197,PROD0792,CUST00858,2022-08-10,Damaged in Transit,324.0,Refunded,9,Books
RET002254,ORD0012209,PROD0100,CUST00065,2024-07-18,Size Issue,10297.0,Refunded,7,Automotive
RET002255,ORD0012212,PROD0167,CUST01213,2021-04-29,Wrong Item,79671.0,Pending,7,Electronics
RET002256,ORD0012225,PROD0217,CUST01817,2022-05-03,Better Price Found,7680.0,Refunded,12,Toys & Games
RET002257,ORD0012232,PROD0716,CUST00392,2020-09-11,Changed Mind,10952.0,Pending,13,Toys & Games
RET002258,ORD0012232,PROD0484,CUST00392,2020-09-11,Size Issue,13950.0,Refunded,8,Home & Kitchen
RET002259,ORD0012232,PROD0298,CUST00392,2020-09-11,Defective Product,7798.0,Refunded,4,Home & Kitchen
RET002260,ORD0012232,PROD0548,CUST00392,2020-09-11,Changed Mind,9418.0,Refunded,7,Automotive
RET002261,ORD0012232,PROD0411,CUST00392,2020-09-11,Size Issue,1480.0,Refunded,5,Grocery
RET002262,ORD0012237,PROD0374,CUST03258,2024-06-22,Damaged in Transit,763.0,Refunded,10,Toys & Games
RET002263,ORD0012237,PROD0087,CUST03258,2024-06-22,Better Price Found,3704.0,Refunded,4,Automotive
RET002264,ORD0012239,PROD0747,CUST01028,2024-07-16,Better Price Found,9230.0,Refunded,7,Fashion
RET002265,ORD0012246,PROD0772,CUST04497,2023-03-01,Wrong Item,76688.0,Refunded,3,Electronics
RET002266,ORD0012246,PROD0417,CUST04497,2023-03-01,Size Issue,2628.0,Refunded,10,Automotive
RET002267,ORD0012246,PROD0469,CUST04497,2023-03-01,Size Issue,34.0,Refunded,3,Grocery
RET002268,ORD0012254,PROD0744,CUST04667,2024-01-25,Changed Mind,626.0,Refunded,9,Grocery
RET002269,ORD0012254,PROD0342,CUST04667,2024-01-25,Size Issue,9888.0,Pending,5,Sports & Fitness
RET002270,ORD0012254,PROD0149,CUST04667,2024-01-25,Damaged in Transit,26011.0,Refunded,3,Home & Kitchen
RET002271,ORD0012274,PROD0437,CUST02317,2024-12-16,Size Issue,9888.0,Refunded,7,Automotive
RET002272,ORD0012283,PROD0394,CUST02075,2022-08-01,Defective Product,16376.0,Rejected,9,Office Supplies
RET002273,ORD0012285,PROD0469,CUST00801,2020-08-29,Damaged in Transit,78.0,Refunded,9,Grocery
RET002274,ORD0012297,PROD0708,CUST00165,2020-12-31,Size Issue,4569.0,Refunded,8,Fashion
RET002275,ORD0012300,PROD0695,CUST04417,2020-10-23,Damaged in Transit,1368.0,Refunded,12,Grocery
RET002276,ORD0012304,PROD0025,CUST02192,2023-07-16,Better Price Found,25160.0,Refunded,13,Automotive
RET002277,ORD0012304,PROD0125,CUST02192,2023-07-16,Size Issue,823.0,Refunded,11,Grocery
RET002278,ORD0012306,PROD0212,CUST03797,2020-10-24,Better Price Found,2372.0,Refunded,9,Fashion
RET002279,ORD0012307,PROD0775,CUST00089,2020-02-28,Wrong Item,22382.0,Refunded,8,Home & Kitchen
RET002280,ORD0012314,PROD0763,CUST02570,2020-07-04,Changed Mind,5286.0,Pending,3,Office Supplies
RET002281,ORD0012314,PROD0474,CUST02570,2020-07-04,Damaged in Transit,6362.0,Refunded,8,Automotive
RET002282,ORD0012322,PROD0476,CUST02255,2024-02-21,Size Issue,3555.0,Refunded,7,Toys & Games
RET002283,ORD0012322,PROD0249,CUST02255,2024-02-21,Changed Mind,1026.0,Pending,10,Books
RET002284,ORD0012326,PROD0719,CUST00245,2023-08-22,Size Issue,1369.0,Refunded,10,Books
RET002285,ORD0012326,PROD0681,CUST00245,2023-08-22,Damaged in Transit,12536.0,Refunded,14,Beauty & Health
RET002286,ORD0012372,PROD0529,CUST00110,2022-06-18,Size Issue,723.0,Pending,13,Books
RET002287,ORD0012372,PROD0029,CUST00110,2022-06-18,Changed Mind,1153.0,Refunded,11,Books
RET002288,ORD0012372,PROD0013,CUST00110,2022-06-18,Size Issue,26917.0,Refunded,11,Electronics
RET002289,ORD0012400,PROD0363,CUST03262,2024-12-02,Size Issue,7748.0,Refunded,6,Fashion
RET002290,ORD0012405,PROD0771,CUST04240,2022-12-18,Wrong Item,10730.0,Refunded,13,Fashion
RET002291,ORD0012405,PROD0783,CUST04240,2022-12-18,Size Issue,113666.0,Refunded,10,Electronics
RET002292,ORD0012407,PROD0507,CUST02904,2023-12-24,Damaged in Transit,7472.0,Refunded,5,Automotive
RET002293,ORD0012430,PROD0016,CUST02059,2020-03-22,Defective Product,1538.0,Refunded,5,Books
RET002294,ORD0012430,PROD0021,CUST02059,2020-03-22,Better Price Found,3838.0,Refunded,13,Beauty & Health
RET002295,ORD0012460,PROD0752,CUST03987,2023-06-16,Better Price Found,300.0,Refunded,8,Office Supplies
RET002296,ORD0012488,PROD0513,CUST01153,2023-04-02,Better Price Found,31989.0,Refunded,3,Automotive
RET002297,ORD0012500,PROD0246,CUST02369,2022-08-30,Size Issue,2665.0,Pending,9,Beauty & Health
RET002298,ORD0012500,PROD0162,CUST02369,2022-08-30,Better Price Found,13479.0,Pending,4,Beauty & Health
RET002299,ORD0012510,PROD0302,CUST01644,2024-10-12,Better Price Found,8088.0,Refunded,8,Beauty & Health
RET002300,ORD0012535,PROD0008,CUST04482,2023-01-31,Damaged in Transit,11646.0,Refunded,6,Office Supplies
RET002301,ORD0012535,PROD0210,CUST04482,2023-01-31,Better Price Found,44564.0,Refunded,11,Home & Kitchen
RET002302,ORD0012535,PROD0270,CUST04482,2023-01-31,Size Issue,1324.0,Rejected,14,Books
RET002303,ORD0012537,PROD0169,CUST04453,2020-11-30,Defective Product,8251.0,Refunded,10,Home & Kitchen
RET002304,ORD0012537,PROD0647,CUST04453,2020-11-30,Changed Mind,8680.0,Refunded,9,Office Supplies
RET002305,ORD0012538,PROD0195,CUST00323,2025-01-10,Better Price Found,6494.0,Refunded,6,Automotive
RET002306,ORD0012539,PROD0386,CUST04310,2021-11-02,Damaged in Transit,4414.0,Refunded,14,Fashion
RET002307,ORD0012560,PROD0557,CUST02340,2021-12-08,Wrong Item,4564.0,Refunded,3,Office Supplies
RET002308,ORD0012560,PROD0501,CUST02340,2021-12-08,Size Issue,41600.0,Refunded,4,Home & Kitchen
RET002309,ORD0012560,PROD0106,CUST02340,2021-12-08,Changed Mind,501.0,Refunded,10,Books
RET002310,ORD0012562,PROD0286,CUST02897,2024-10-22,Wrong Item,3205.0,Refunded,9,Sports & Fitness
RET002311,ORD0012563,PROD0518,CUST02702,2023-12-08,Changed Mind,4909.0,Rejected,3,Office Supplies
RET002312,ORD0012565,PROD0058,CUST04314,2024-02-20,Defective Product,9856.0,Pending,14,Home & Kitchen
RET002313,ORD0012567,PROD0430,CUST03324,2022-04-21,Damaged in Transit,17451.0,Refunded,9,Sports & Fitness
RET002314,ORD0012567,PROD0798,CUST03324,2022-04-21,Damaged in Transit,7192.0,Pending,7,Beauty & Health
RET002315,ORD0012574,PROD0095,CUST03711,2022-11-17,Damaged in Transit,1238.0,Refunded,4,Toys & Games
RET002316,ORD0012578,PROD0186,CUST04594,2024-05-07,Changed Mind,42670.0,Refunded,10,Electronics
RET002317,ORD0012579,PROD0234,CUST01404,2024-01-20,Size Issue,396.0,Refunded,12,Grocery
RET002318,ORD0012592,PROD0473,CUST01176,2022-11-05,Wrong Item,875.0,Refunded,14,Office Supplies
RET002319,ORD0012609,PROD0031,CUST04779,2022-02-09,Changed Mind,3084.0,Pending,9,Grocery
RET002320,ORD0012643,PROD0136,CUST02744,2022-12-02,Defective Product,185640.0,Refunded,8,Electronics
RET002321,ORD0012654,PROD0066,CUST03775,2020-10-04,Size Issue,840.0,Refunded,12,Books
RET002322,ORD0012663,PROD0036,CUST01397,2022-03-01,Wrong Item,4990.0,Refunded,14,Fashion
RET002323,ORD0012665,PROD0566,CUST01984,2020-10-13,Size Issue,5145.0,Refunded,6,Sports & Fitness
RET002324,ORD0012705,PROD0323,CUST04575,2024-12-13,Better Price Found,837.0,Refunded,9,Grocery
RET002325,ORD0012709,PROD0203,CUST01006,2021-10-13,Size Issue,7804.0,Refunded,7,Fashion
RET002326,ORD0012710,PROD0230,CUST03369,2024-11-23,Better Price Found,8224.0,Refunded,11,Office Supplies
RET002327,ORD0012712,PROD0800,CUST03812,2020-07-14,Better Price Found,25404.0,Pending,10,Sports & Fitness
RET002328,ORD0012713,PROD0550,CUST00254,2022-01-17,Defective Product,27598.0,Refunded,14,Home & Kitchen
RET002329,ORD0012713,PROD0023,CUST00254,2022-01-17,Size Issue,47264.0,Refunded,7,Electronics
RET002330,ORD0012725,PROD0130,CUST01934,2020-11-18,Wrong Item,5767.0,Refunded,7,Office Supplies
RET002331,ORD0012740,PROD0130,CUST00014,2021-02-18,Defective Product,6151.0,Refunded,9,Office Supplies
RET002332,ORD0012757,PROD0569,CUST03784,2020-11-15,Wrong Item,1800.0,Refunded,11,Office Supplies
RET002333,ORD0012757,PROD0394,CUST03784,2020-11-15,Wrong Item,4094.0,Refunded,3,Office Supplies
RET002334,ORD0012762,PROD0165,CUST00640,2024-01-20,Size Issue,1864.0,Refunded,11,Books
RET002335,ORD0012762,PROD0695,CUST00640,2024-01-20,Wrong Item,2542.0,Refunded,14,Grocery
RET002336,ORD0012770,PROD0122,CUST03592,2020-05-02,Wrong Item,49464.0,Refunded,6,Sports & Fitness
RET002337,ORD0012770,PROD0681,CUST03592,2020-05-02,Defective Product,3134.0,Pending,7,Beauty & Health
RET002338,ORD0012770,PROD0352,CUST03592,2020-05-02,Damaged in Transit,1720.0,Refunded,13,Beauty & Health
RET002339,ORD0012770,PROD0749,CUST03592,2020-05-02,Changed Mind,5444.0,Rejected,5,Fashion
RET002340,ORD0012774,PROD0418,CUST04691,2024-09-20,Defective Product,2360.0,Refunded,9,Books
RET002341,ORD0012779,PROD0530,CUST00859,2023-05-05,Size Issue,23874.0,Refunded,9,Electronics
RET002342,ORD0012786,PROD0434,CUST00540,2021-11-01,Defective Product,3684.0,Refunded,6,Sports & Fitness
RET002343,ORD0012795,PROD0694,CUST01692,2020-07-21,Damaged in Transit,36402.0,Refunded,8,Sports & Fitness
RET002344,ORD0012805,PROD0514,CUST02186,2023-05-19,Wrong Item,153963.0,Pending,10,Electronics
RET002345,ORD0012805,PROD0438,CUST02186,2023-05-19,Size Issue,865.0,Pending,4,Automotive
RET002346,ORD0012805,PROD0049,CUST02186,2023-05-19,Wrong Item,924.0,Refunded,14,Sports & Fitness
RET002347,ORD0012805,PROD0457,CUST02186,2023-05-19,Defective Product,11002.0,Refunded,11,Fashion
RET002348,ORD0012805,PROD0636,CUST02186,2023-05-19,Changed Mind,31961.0,Pending,7,Electronics
RET002349,ORD0012811,PROD0220,CUST02212,2021-05-22,Size Issue,20204.0,Pending,12,Sports & Fitness
RET002350,ORD0012811,PROD0117,CUST02212,2021-05-22,Wrong Item,12907.0,Refunded,10,Automotive
RET002351,ORD0012812,PROD0580,CUST02729,2020-05-16,Defective Product,6618.0,Refunded,14,Fashion
RET002352,ORD0012844,PROD0715,CUST03060,2022-02-14,Better Price Found,998.0,Refunded,14,Home & Kitchen
RET002353,ORD0012844,PROD0283,CUST03060,2022-02-14,Defective Product,287.0,Refunded,4,Grocery
RET002354,ORD0012844,PROD0716,CUST03060,2022-02-14,Defective Product,5476.0,Refunded,9,Toys & Games
RET002355,ORD0012846,PROD0706,CUST04870,2020-02-18,Changed Mind,44568.0,Rejected,14,Sports & Fitness
RET002356,ORD0012846,PROD0735,CUST04870,2020-02-18,Size Issue,7288.0,Refunded,5,Office Supplies
RET002357,ORD0012847,PROD0416,CUST04639,2023-10-24,Defective Product,2350.0,Refunded,3,Fashion
RET002358,ORD0012847,PROD0651,CUST04639,2023-10-24,Size Issue,14985.0,Refunded,9,Sports & Fitness
RET002359,ORD0012856,PROD0139,CUST00771,2020-07-20,Wrong Item,15758.0,Pending,4,Home & Kitchen
RET002360,ORD0012856,PROD0185,CUST00771,2020-07-20,Damaged in Transit,6753.0,Refunded,4,Fashion
RET002361,ORD0012892,PROD0338,CUST04468,2021-12-14,Better Price Found,32068.0,Refunded,9,Sports & Fitness
RET002362,ORD0012899,PROD0452,CUST01581,2022-10-16,Defective Product,56396.0,Refunded,10,Sports & Fitness
RET002363,ORD0012925,PROD0501,CUST04955,2024-03-09,Better Price Found,41600.0,Refunded,10,Home & Kitchen
RET002364,ORD0012925,PROD0367,CUST04955,2024-03-09,Size Issue,5499.0,Refunded,10,Office Supplies
RET002365,ORD0012937,PROD0458,CUST03197,2021-02-08,Changed Mind,22344.0,Pending,10,Fashion
RET002366,ORD0012937,PROD0346,CUST03197,2021-02-08,Damaged in Transit,16740.0,Refunded,14,Home & Kitchen
RET002367,ORD0012937,PROD0451,CUST03197,2021-02-08,Defective Product,840.0,Refunded,11,Beauty & Health
RET002368,ORD0012947,PROD0567,CUST03377,2025-01-03,Wrong Item,341.0,Pending,11,Office Supplies
RET002369,ORD0012947,PROD0377,CUST03377,2025-01-03,Wrong Item,1601.0,Refunded,7,Toys & Games
RET002370,ORD0012947,PROD0156,CUST03377,2025-01-03,Defective Product,1336.0,Refunded,3,Toys & Games
RET002371,ORD0012947,PROD0428,CUST03377,2025-01-03,Size Issue,1648.0,Rejected,10,Grocery
RET002372,ORD0012948,PROD0758,CUST03812,2024-11-25,Wrong Item,4002.0,Refunded,9,Toys & Games
RET002373,ORD0012950,PROD0532,CUST00494,2024-10-14,Wrong Item,2810.0,Refunded,6,Beauty & Health
RET002374,ORD0012950,PROD0302,CUST00494,2024-10-14,Better Price Found,5514.0,Refunded,10,Beauty & Health
RET002375,ORD0012954,PROD0599,CUST02314,2022-04-20,Wrong Item,12398.0,Refunded,8,Home & Kitchen
RET002376,ORD0012954,PROD0032,CUST02314,2022-04-20,Wrong Item,60084.0,Refunded,10,Home & Kitchen
RET002377,ORD0012954,PROD0321,CUST02314,2022-04-20,Better Price Found,51471.0,Refunded,9,Home & Kitchen
RET002378,ORD0012956,PROD0091,CUST01566,2024-03-15,Better Price Found,4038.0,Refunded,8,Beauty & Health
RET002379,ORD0012975,PROD0331,CUST03596,2023-01-31,Wrong Item,4348.0,Refunded,14,Toys & Games
RET002380,ORD0012979,PROD0414,CUST03599,2022-09-01,Changed Mind,762.0,Refunded,14,Books
RET002381,ORD0012985,PROD0205,CUST01729,2020-12-07,Changed Mind,12171.0,Refunded,12,Toys & Games
RET002382,ORD0012985,PROD0429,CUST01729,2020-12-07,Damaged in Transit,526.0,Pending,10,Office Supplies
RET002383,ORD0012992,PROD0608,CUST04382,2023-09-09,Defective Product,876.0,Refunded,9,Grocery
RET002384,ORD0012992,PROD0569,CUST04382,2023-09-09,Better Price Found,1620.0,Pending,3,Office Supplies
RET002385,ORD0012999,PROD0403,CUST01090,2020-12-10,Damaged in Transit,3865.0,Refunded,9,Office Supplies
RET002386,ORD0012999,PROD0455,CUST01090,2020-12-10,Defective Product,8865.0,Refunded,7,Automotive
RET002387,ORD0012999,PROD0127,CUST01090,2020-12-10,Size Issue,1014.0,Pending,9,Sports & Fitness
RET002388,ORD0012999,PROD0709,CUST01090,2020-12-10,Size Issue,367716.0,Rejected,12,Electronics
RET002389,ORD0013002,PROD0722,CUST00941,2020-06-26,Defective Product,1310.0,Refunded,5,Grocery
RET002390,ORD0013008,PROD0604,CUST03488,2023-09-30,Better Price Found,60300.0,Refunded,8,Sports & Fitness
RET002391,ORD0013008,PROD0105,CUST03488,2023-09-30,Defective Product,780.0,Refunded,8,Beauty & Health
RET002392,ORD0013008,PROD0344,CUST03488,2023-09-30,Defective Product,21888.0,Refunded,14,Fashion
RET002393,ORD0013008,PROD0086,CUST03488,2023-09-30,Defective Product,1190.0,Refunded,3,Beauty & Health
RET002394,ORD0013009,PROD0004,CUST00474,2021-10-25,Changed Mind,51898.0,Refunded,8,Home & Kitchen
RET002395,ORD0013023,PROD0103,CUST03757,2022-12-15,Defective Product,2290.0,Rejected,8,Fashion
RET002396,ORD0013027,PROD0375,CUST00274,2023-02-05,Changed Mind,9528.0,Pending,14,Sports & Fitness
RET002397,ORD0013038,PROD0503,CUST04811,2021-10-29,Damaged in Transit,9408.0,Refunded,13,Office Supplies
RET002398,ORD0013038,PROD0556,CUST04811,2021-10-29,Damaged in Transit,5772.0,Refunded,8,Toys & Games
RET002399,ORD0013049,PROD0708,CUST03200,2021-06-24,Size Issue,8566.0,Refunded,12,Fashion
RET002400,ORD0013049,PROD0214,CUST03200,2021-06-24,Changed Mind,3940.0,Pending,14,Beauty & Health
RET002401,ORD0013049,PROD0215,CUST03200,2021-06-24,Wrong Item,2739.0,Refunded,3,Books
RET002402,ORD0013050,PROD0205,CUST03522,2021-08-21,Better Price Found,13911.0,Refunded,8,Toys & Games
RET002403,ORD0013059,PROD0617,CUST02908,2024-02-14,Defective Product,4032.0,Refunded,13,Beauty & Health
RET002404,ORD0013059,PROD0470,CUST02908,2024-02-14,Size Issue,15564.0,Refunded,5,Electronics
RET002405,ORD0013100,PROD0438,CUST02155,2020-02-01,Wrong Item,1730.0,Rejected,11,Automotive
RET002406,ORD0013100,PROD0476,CUST02155,2020-02-01,Changed Mind,4266.0,Refunded,14,Toys & Games
RET002407,ORD0013103,PROD0601,CUST04433,2022-04-30,Size Issue,1054.0,Refunded,8,Books
RET002408,ORD0013114,PROD0460,CUST00965,2022-06-21,Changed Mind,11590.0,Refunded,6,Electronics
RET002409,ORD0013116,PROD0408,CUST04067,2022-07-01,Better Price Found,9362.0,Pending,8,Sports & Fitness
RET002410,ORD0013116,PROD0591,CUST04067,2022-07-01,Better Price Found,834.0,Refunded,12,Grocery
RET002411,ORD0013125,PROD0181,CUST00513,2022-04-28,Defective Product,264.0,Refunded,14,Books
RET002412,ORD0013125,PROD0250,CUST00513,2022-04-28,Defective Product,311.0,Refunded,9,Grocery
RET002413,ORD0013125,PROD0400,CUST00513,2022-04-28,Better Price Found,1166.0,Refunded,9,Books
RET002414,ORD0013128,PROD0055,CUST03088,2023-06-13,Changed Mind,3747.0,Refunded,12,Toys & Games
RET002415,ORD0013147,PROD0561,CUST00393,2020-01-13,Changed Mind,3648.0,Refunded,8,Books
RET002416,ORD0013147,PROD0098,CUST00393,2020-01-13,Damaged in Transit,27936.0,Refunded,8,Sports & Fitness
RET002417,ORD0013165,PROD0369,CUST02989,2024-02-15,Damaged in Transit,65846.0,Pending,3,Electronics
RET002418,ORD0013181,PROD0600,CUST00849,2022-05-09,Defective Product,7680.0,Refunded,11,Beauty & Health
RET002419,ORD0013189,PROD0478,CUST02569,2023-06-03,Size Issue,3395.0,Refunded,12,Beauty & Health
RET002420,ORD0013189,PROD0013,CUST02569,2023-06-03,Changed Mind,23072.0,Refunded,12,Electronics
RET002421,ORD0013206,PROD0125,CUST02751,2021-01-11,Wrong Item,823.0,Refunded,5,Grocery
RET002422,ORD0013218,PROD0312,CUST02003,2024-08-12,Size Issue,60468.0,Refunded,10,Sports & Fitness
RET002423,ORD0013218,PROD0363,CUST02003,2024-08-12,Damaged in Transit,7292.0,Refunded,13,Fashion
RET002424,ORD0013218,PROD0499,CUST02003,2024-08-12,Changed Mind,2766.0,Refunded,13,Beauty & Health
RET002425,ORD0013218,PROD0217,CUST02003,2024-08-12,Damaged in Transit,4042.0,Refunded,8,Toys & Games
RET002426,ORD0013218,PROD0710,CUST02003,2024-08-12,Size Issue,45128.0,Pending,6,Sports & Fitness
RET002427,ORD0013234,PROD0281,CUST04428,2021-04-13,Size Issue,2244.0,Refunded,12,Grocery
RET002428,ORD0013237,PROD0660,CUST04602,2020-05-02,Size Issue,7572.0,Refunded,14,Sports & Fitness
RET002429,ORD0013237,PROD0638,CUST04602,2020-05-02,Damaged in Transit,71518.0,Refunded,11,Electronics
RET002430,ORD0013237,PROD0430,CUST04602,2020-05-02,Wrong Item,16288.0,Refunded,9,Sports & Fitness
RET002431,ORD0013237,PROD0270,CUST04602,2020-05-02,Wrong Item,1104.0,Refunded,10,Books
RET002432,ORD0013242,PROD0002,CUST01969,2024-01-17,Size Issue,6215.0,Refunded,12,Toys & Games
RET002433,ORD0013242,PROD0427,CUST01969,2024-01-17,Better Price Found,2101.0,Refunded,13,Sports & Fitness
RET002434,ORD0013244,PROD0425,CUST03299,2020-05-03,Defective Product,36868.0,Refunded,6,Sports & Fitness
RET002435,ORD0013247,PROD0476,CUST02166,2021-09-04,Better Price Found,17064.0,Pending,6,Toys & Games
RET002436,ORD0013247,PROD0118,CUST02166,2021-09-04,Damaged in Transit,6005.0,Refunded,3,Office Supplies
RET002437,ORD0013247,PROD0244,CUST02166,2021-09-04,Better Price Found,1026.0,Refunded,10,Grocery
RET002438,ORD0013247,PROD0128,CUST02166,2021-09-04,Wrong Item,1670.0,Refunded,6,Toys & Games
RET002439,ORD0013247,PROD0400,CUST02166,2021-09-04,Better Price Found,2476.0,Refunded,11,Books
RET002440,ORD0013287,PROD0410,CUST02684,2021-01-15,Better Price Found,3282.0,Refunded,7,Toys & Games
RET002441,ORD0013289,PROD0261,CUST03407,2023-04-21,Damaged in Transit,1824.0,Pending,7,Grocery
RET002442,ORD0013289,PROD0534,CUST03407,2023-04-21,Damaged in Transit,5056.0,Pending,5,Toys & Games
RET002443,ORD0013289,PROD0606,CUST03407,2023-04-21,Damaged in Transit,8216.0,Refunded,7,Toys & Games
RET002444,ORD0013289,PROD0119,CUST03407,2023-04-21,Defective Product,36496.0,Refunded,8,Electronics
RET002445,ORD0013327,PROD0507,CUST04338,2023-09-18,Size Issue,4203.0,Refunded,5,Automotive
RET002446,ORD0013327,PROD0132,CUST04338,2023-09-18,Defective Product,3427.0,Refunded,4,Automotive
RET002447,ORD0013335,PROD0775,CUST04802,2022-06-06,Changed Mind,23699.0,Refunded,3,Home & Kitchen
RET002448,ORD0013335,PROD0150,CUST04802,2022-06-06,Size Issue,8580.0,Pending,8,Home & Kitchen
RET002449,ORD0013343,PROD0036,CUST01942,2020-11-30,Damaged in Transit,5374.0,Refunded,5,Fashion
RET002450,ORD0013343,PROD0328,CUST01942,2020-11-30,Damaged in Transit,6420.0,Refunded,11,Office Supplies
RET002451,ORD0013347,PROD0155,CUST00298,2020-06-11,Damaged in Transit,2363.0,Refunded,10,Office Supplies
RET002452,ORD0013363,PROD0463,CUST02941,2020-07-15,Changed Mind,2351.0,Refunded,3,Sports & Fitness
RET002453,ORD0013368,PROD0095,CUST00955,2021-11-05,Better Price Found,1238.0,Refunded,13,Toys & Games
RET002454,ORD0013371,PROD0225,CUST02033,2021-01-12,Size Issue,139924.0,Refunded,13,Electronics
RET002455,ORD0013371,PROD0274,CUST02033,2021-01-12,Wrong Item,195920.0,Refunded,6,Electronics
RET002456,ORD0013375,PROD0763,CUST02549,2024-03-11,Damaged in Transit,10572.0,Refunded,12,Office Supplies
RET002457,ORD0013375,PROD0437,CUST02549,2024-03-11,Damaged in Transit,9888.0,Refunded,13,Automotive
RET002458,ORD0013381,PROD0559,CUST03839,2020-09-19,Damaged in Transit,5128.0,Rejected,5,Electronics
RET002459,ORD0013381,PROD0643,CUST03839,2020-09-19,Size Issue,30308.0,Refunded,9,Fashion
RET002460,ORD0013387,PROD0652,CUST04304,2023-09-03,Defective Product,1541.0,Refunded,12,Beauty & Health
RET002461,ORD0013398,PROD0264,CUST00686,2024-06-15,Wrong Item,37416.0,Rejected,11,Electronics
RET002462,ORD0013398,PROD0479,CUST00686,2024-06-15,Wrong Item,8224.0,Rejected,14,Home & Kitchen
RET002463,ORD0013402,PROD0524,CUST04599,2022-10-06,Wrong Item,4198.0,Refunded,3,Fashion
RET002464,ORD0013402,PROD0518,CUST04599,2022-10-06,Damaged in Transit,9818.0,Refunded,6,Office Supplies
RET002465,ORD0013402,PROD0707,CUST04599,2022-10-06,Changed Mind,300.0,Refunded,14,Books
RET002466,ORD0013408,PROD0031,CUST00210,2021-03-29,Defective Product,3084.0,Refunded,12,Grocery
RET002467,ORD0013408,PROD0456,CUST00210,2021-03-29,Wrong Item,9786.0,Refunded,7,Beauty & Health
RET002468,ORD0013408,PROD0684,CUST00210,2021-03-29,Wrong Item,57612.0,Refunded,3,Electronics
RET002469,ORD0013408,PROD0177,CUST00210,2021-03-29,Damaged in Transit,2703.0,Refunded,9,Sports & Fitness
RET002470,ORD0013409,PROD0269,CUST00014,2024-03-21,Better Price Found,4300.0,Refunded,11,Sports & Fitness
RET002471,ORD0013409,PROD0183,CUST00014,2024-03-21,Wrong Item,147894.0,Rejected,4,Electronics
RET002472,ORD0013413,PROD0259,CUST03661,2020-07-18,Better Price Found,2664.0,Refunded,13,Fashion
RET002473,ORD0013421,PROD0025,CUST02377,2021-05-31,Damaged in Transit,25160.0,Refunded,12,Automotive
RET002474,ORD0013428,PROD0757,CUST01685,2024-12-09,Size Issue,4386.0,Refunded,9,Grocery
RET002475,ORD0013428,PROD0433,CUST01685,2024-12-09,Changed Mind,68037.0,Refunded,3,Electronics
RET002476,ORD0013428,PROD0747,CUST01685,2024-12-09,Better Price Found,4872.0,Refunded,4,Fashion
RET002477,ORD0013428,PROD0724,CUST01685,2024-12-09,Wrong Item,873.0,Refunded,6,Grocery
RET002478,ORD0013430,PROD0089,CUST00917,2021-11-11,Better Price Found,2240.0,Pending,4,Office Supplies
RET002479,ORD0013435,PROD0752,CUST00980,2020-06-28,Damaged in Transit,100.0,Refunded,10,Office Supplies
RET002480,ORD0013435,PROD0174,CUST00980,2020-06-28,Size Issue,1070.0,Refunded,3,Toys & Games
RET002481,ORD0013435,PROD0289,CUST00980,2020-06-28,Changed Mind,959.0,Refunded,9,Books
RET002482,ORD0013448,PROD0010,CUST02176,2021-03-08,Damaged in Transit,18284.0,Refunded,9,Sports & Fitness
RET002483,ORD0013448,PROD0409,CUST02176,2021-03-08,Damaged in Transit,6414.0,Pending,4,Office Supplies
RET002484,ORD0013461,PROD0504,CUST01465,2022-06-22,Defective Product,18440.0,Pending,8,Home & Kitchen
RET002485,ORD0013461,PROD0130,CUST01465,2022-06-22,Size Issue,18453.0,Pending,14,Office Supplies
RET002486,ORD0013464,PROD0414,CUST01924,2020-06-23,Defective Product,762.0,Refunded,10,Books
RET002487,ORD0013470,PROD0183,CUST02684,2022-06-08,Size Issue,49298.0,Refunded,9,Electronics
RET002488,ORD0013470,PROD0739,CUST02684,2022-06-08,Defective Product,7681.0,Rejected,10,Fashion
RET002489,ORD0013470,PROD0388,CUST02684,2022-06-08,Size Issue,677.0,Refunded,13,Toys & Games
RET002490,ORD0013470,PROD0476,CUST02684,2022-06-08,Changed Mind,10665.0,Refunded,7,Toys & Games
RET002491,ORD0013471,PROD0545,CUST04369,2022-12-06,Size Issue,89837.0,Refunded,11,Electronics
RET002492,ORD0013471,PROD0635,CUST04369,2022-12-06,Better Price Found,94092.0,Refunded,6,Electronics
RET002493,ORD0013489,PROD0210,CUST02035,2024-08-11,Wrong Item,13926.0,Refunded,14,Home & Kitchen
RET002494,ORD0013489,PROD0587,CUST02035,2024-08-11,Defective Product,5014.0,Refunded,6,Beauty & Health
RET002495,ORD0013500,PROD0563,CUST00178,2022-12-27,Defective Product,5734.0,Refunded,11,Home & Kitchen
RET002496,ORD0013500,PROD0577,CUST00178,2022-12-27,Changed Mind,6444.0,Pending,12,Office Supplies
RET002497,ORD0013511,PROD0750,CUST01356,2020-09-11,Damaged in Transit,852.0,Refunded,14,Beauty & Health
RET002498,ORD0013539,PROD0684,CUST00277,2022-06-15,Size Issue,28806.0,Refunded,14,Electronics
RET002499,ORD0013551,PROD0445,CUST03066,2022-01-12,Size Issue,33386.0,Refunded,11,Home & Kitchen
RET002500,ORD0013551,PROD0363,CUST03066,2022-01-12,Changed Mind,3874.0,Refunded,10,Fashion
RET002501,ORD0013551,PROD0634,CUST03066,2022-01-12,Better Price Found,2616.0,Refunded,12,Books
RET002502,ORD0013551,PROD0120,CUST03066,2022-01-12,Damaged in Transit,77008.0,Refunded,6,Sports & Fitness
RET002503,ORD0013551,PROD0083,CUST03066,2022-01-12,Damaged in Transit,4100.0,Refunded,8,Toys & Games
RET002504,ORD0013563,PROD0438,CUST01728,2021-09-23,Better Price Found,865.0,Refunded,6,Automotive
RET002505,ORD0013563,PROD0242,CUST01728,2021-09-23,Better Price Found,660.0,Refunded,8,Grocery
RET002506,ORD0013566,PROD0165,CUST02634,2020-03-26,Better Price Found,440.0,Refunded,10,Books
RET002507,ORD0013566,PROD0328,CUST02634,2020-03-26,Defective Product,1426.0,Refunded,14,Office Supplies
RET002508,ORD0013571,PROD0781,CUST04792,2023-12-30,Better Price Found,3602.0,Refunded,3,Beauty & Health
RET002509,ORD0013580,PROD0128,CUST00907,2023-04-28,Better Price Found,5010.0,Refunded,7,Toys & Games
RET002510,ORD0013580,PROD0448,CUST00907,2023-04-28,Better Price Found,108436.0,Pending,10,Electronics
RET002511,ORD0013580,PROD0332,CUST00907,2023-04-28,Damaged in Transit,460.0,Refunded,5,Books
RET002512,ORD0013580,PROD0557,CUST00907,2023-04-28,Changed Mind,2282.0,Refunded,4,Office Supplies
RET002513,ORD0013610,PROD0180,CUST01920,2021-01-11,Wrong Item,19617.0,Pending,8,Home & Kitchen
RET002514,ORD0013611,PROD0166,CUST04149,2023-12-24,Changed Mind,7384.0,Refunded,5,Fashion
RET002515,ORD0013627,PROD0718,CUST00815,2022-05-19,Size Issue,20316.0,Refunded,14,Home & Kitchen
RET002516,ORD0013627,PROD0399,CUST00815,2022-05-19,Better Price Found,30844.0,Refunded,7,Electronics
RET002517,ORD0013637,PROD0606,CUST04433,2021-06-18,Size Issue,4382.0,Refunded,3,Toys & Games
RET002518,ORD0013637,PROD0705,CUST04433,2021-06-18,Damaged in Transit,367.0,Pending,3,Books
RET002519,ORD0013637,PROD0413,CUST04433,2021-06-18,Changed Mind,7116.0,Refunded,12,Sports & Fitness
RET002520,ORD0013643,PROD0695,CUST04850,2023-09-05,Better Price Found,1368.0,Refunded,14,Grocery
RET002521,ORD0013643,PROD0383,CUST04850,2023-09-05,Wrong Item,24554.0,Refunded,5,Fashion
RET002522,ORD0013666,PROD0101,CUST02739,2023-01-20,Defective Product,14145.0,Refunded,13,Automotive
RET002523,ORD0013669,PROD0286,CUST00360,2020-08-13,Wrong Item,7210.0,Refunded,3,Sports & Fitness
RET002524,ORD0013669,PROD0735,CUST00360,2020-08-13,Wrong Item,1988.0,Refunded,10,Office Supplies
RET002525,ORD0013673,PROD0425,CUST02630,2024-03-29,Better Price Found,18434.0,Refunded,3,Sports & Fitness
RET002526,ORD0013677,PROD0334,CUST01882,2021-10-07,Size Issue,25356.0,Refunded,5,Home & Kitchen
RET002527,ORD0013687,PROD0278,CUST02801,2024-04-07,Changed Mind,5217.0,Pending,14,Toys & Games
RET002528,ORD0013687,PROD0347,CUST02801,2024-04-07,Size Issue,2516.0,Refunded,5,Fashion
RET002529,ORD0013695,PROD0497,CUST02779,2021-03-01,Changed Mind,7574.0,Refunded,4,Automotive
RET002530,ORD0013710,PROD0714,CUST00229,2022-06-18,Size Issue,7641.0,Refunded,10,Sports & Fitness
RET002531,ORD0013710,PROD0049,CUST00229,2022-06-18,Damaged in Transit,995.0,Refunded,6,Sports & Fitness
RET002532,ORD0013710,PROD0445,CUST00229,2022-06-18,Size Issue,62320.0,Refunded,6,Home & Kitchen
RET002533,ORD0013710,PROD0387,CUST00229,2022-06-18,Changed Mind,3372.0,Refunded,9,Grocery
RET002534,ORD0013710,PROD0031,CUST00229,2022-06-18,Defective Product,5844.0,Refunded,4,Grocery
RET002535,ORD0013716,PROD0336,CUST03517,2020-05-23,Better Price Found,7069.0,Refunded,9,Office Supplies
RET002536,ORD0013716,PROD0627,CUST03517,2020-05-23,Better Price Found,46809.0,Pending,11,Electronics
RET002537,ORD0013716,PROD0589,CUST03517,2020-05-23,Wrong Item,1753.0,Refunded,6,Toys & Games
RET002538,ORD0013728,PROD0680,CUST00788,2022-06-25,Size Issue,16512.0,Refunded,14,Office Supplies
RET002539,ORD0013728,PROD0521,CUST00788,2022-06-25,Better Price Found,233932.0,Pending,9,Electronics
RET002540,ORD0013752,PROD0566,CUST00233,2021-05-04,Damaged in Transit,10290.0,Pending,12,Sports & Fitness
RET002541,ORD0013752,PROD0069,CUST00233,2021-05-04,Changed Mind,5579.0,Refunded,14,Sports & Fitness
RET002542,ORD0013755,PROD0453,CUST04332,2020-03-23,Size Issue,694.0,Refunded,12,Beauty & Health
RET002543,ORD0013755,PROD0476,CUST04332,2020-03-23,Better Price Found,3911.0,Refunded,5,Toys & Games
RET002544,ORD0013758,PROD0672,CUST02637,2023-01-07,Better Price Found,826.0,Refunded,10,Grocery
RET002545,ORD0013758,PROD0286,CUST02637,2023-01-07,Damaged in Transit,3205.0,Refunded,13,Sports & Fitness
RET002546,ORD0013758,PROD0431,CUST02637,2023-01-07,Size Issue,988.0,Refunded,11,Toys & Games
RET002547,ORD0013758,PROD0796,CUST02637,2023-01-07,Wrong Item,2086.0,Refunded,11,Office Supplies
RET002548,ORD0013762,PROD0173,CUST02392,2024-11-24,Damaged in Transit,2346.0,Pending,7,Automotive
RET002549,ORD0013762,PROD0570,CUST02392,2024-11-24,Wrong Item,2626.0,Refunded,10,Books
RET002550,ORD0013762,PROD0275,CUST02392,2024-11-24,Better Price Found,1108.0,Refunded,14,Grocery
RET002551,ORD0013765,PROD0462,CUST00817,2023-01-19,Better Price Found,99440.0,Refunded,7,Electronics
RET002552,ORD0013767,PROD0591,CUST03093,2021-08-28,Size Issue,778.0,Refunded,8,Grocery
RET002553,ORD0013767,PROD0438,CUST03093,2021-08-28,Size Issue,1730.0,Refunded,14,Automotive
RET002554,ORD0013774,PROD0145,CUST03166,2022-04-08,Wrong Item,9572.0,Rejected,5,Sports & Fitness
RET002555,ORD0013778,PROD0156,CUST01745,2024-07-03,Wrong Item,4008.0,Rejected,11,Toys & Games
RET002556,ORD0013778,PROD0253,CUST01745,2024-07-03,Wrong Item,304.0,Refunded,8,Toys & Games
RET002557,ORD0013780,PROD0399,CUST04715,2020-09-04,Changed Mind,30844.0,Pending,10,Electronics
RET002558,ORD0013781,PROD0400,CUST00313,2023-03-31,Wrong Item,3498.0,Refunded,5,Books
RET002559,ORD0013788,PROD0479,CUST04799,2023-02-07,Wrong Item,16448.0,Refunded,3,Home & Kitchen
RET002560,ORD0013827,PROD0155,CUST02591,2022-09-10,Changed Mind,2544.0,Refunded,5,Office Supplies
RET002561,ORD0013842,PROD0221,CUST02126,2024-08-21,Changed Mind,33324.0,Refunded,13,Home & Kitchen
RET002562,ORD0013842,PROD0780,CUST02126,2024-08-21,Changed Mind,12476.0,Refunded,14,Electronics
RET002563,ORD0013842,PROD0019,CUST02126,2024-08-21,Better Price Found,9557.0,Refunded,5,Electronics
RET002564,ORD0013845,PROD0785,CUST02778,2020-10-13,Defective Product,738.0,Refunded,12,Books
RET002565,ORD0013845,PROD0253,CUST02778,2020-10-13,Changed Mind,548.0,Refunded,10,Toys & Games
RET002566,ORD0013845,PROD0530,CUST02778,2020-10-13,Damaged in Transit,38200.0,Refunded,12,Electronics
RET002567,ORD0013845,PROD0310,CUST02778,2020-10-13,Changed Mind,2115.0,Refunded,12,Sports & Fitness
RET002568,ORD0013847,PROD0071,CUST03515,2022-08-01,Changed Mind,2476.0,Refunded,14,Books
RET002569,ORD0013847,PROD0781,CUST03515,2022-08-01,Defective Product,3602.0,Pending,12,Beauty & Health
RET002570,ORD0013847,PROD0057,CUST03515,2022-08-01,Damaged in Transit,3423.0,Refunded,7,Automotive
RET002571,ORD0013857,PROD0398,CUST04742,2021-04-15,Defective Product,7648.0,Rejected,9,Toys & Games
RET002572,ORD0013857,PROD0044,CUST04742,2021-04-15,Wrong Item,2636.0,Refunded,4,Beauty & Health
RET002573,ORD0013857,PROD0404,CUST04742,2021-04-15,Defective Product,11850.0,Rejected,3,Automotive
RET002574,ORD0013857,PROD0244,CUST04742,2021-04-15,Changed Mind,2052.0,Refunded,3,Grocery
RET002575,ORD0013857,PROD0781,CUST04742,2021-04-15,Changed Mind,3202.0,Refunded,7,Beauty & Health
RET002576,ORD0013858,PROD0077,CUST00445,2022-07-27,Damaged in Transit,7520.0,Refunded,3,Automotive
RET002577,ORD0013858,PROD0695,CUST00445,2022-07-27,Damaged in Transit,1368.0,Refunded,3,Grocery
RET002578,ORD0013858,PROD0197,CUST00445,2022-07-27,Wrong Item,1414.0,Refunded,12,Beauty & Health
RET002579,ORD0013868,PROD0026,CUST04672,2020-07-02,Better Price Found,3914.0,Refunded,4,Sports & Fitness
RET002580,ORD0013868,PROD0578,CUST04672,2020-07-02,Size Issue,14490.0,Refunded,4,Fashion
RET002581,ORD0013868,PROD0149,CUST04672,2020-07-02,Defective Product,24386.0,Refunded,5,Home & Kitchen
RET002582,ORD0013872,PROD0167,CUST01012,2022-04-30,Damaged in Transit,26557.0,Rejected,10,Electronics
RET002583,ORD0013872,PROD0658,CUST01012,2022-04-30,Size Issue,1686.0,Pending,8,Books
RET002584,ORD0013872,PROD0649,CUST01012,2022-04-30,Damaged in Transit,41556.0,Refunded,14,Automotive
RET002585,ORD0013872,PROD0359,CUST01012,2022-04-30,Size Issue,4528.0,Pending,10,Office Supplies
RET002586,ORD0013872,PROD0099,CUST01012,2022-04-30,Size Issue,237.0,Refunded,13,Grocery
RET002587,ORD0013878,PROD0327,CUST03081,2024-03-18,Wrong Item,1484.0,Refunded,3,Toys & Games
RET002588,ORD0013897,PROD0459,CUST00942,2023-01-17,Damaged in Transit,83022.0,Pending,7,Home & Kitchen
RET002589,ORD0013897,PROD0424,CUST00942,2023-01-17,Size Issue,15717.0,Refunded,7,Toys & Games
RET002590,ORD0013913,PROD0769,CUST03275,2021-01-18,Defective Product,5258.0,Refunded,13,Automotive
RET002591,ORD0013920,PROD0723,CUST01057,2021-04-10,Changed Mind,6250.0,Refunded,7,Beauty & Health
RET002592,ORD0013928,PROD0116,CUST03767,2020-04-10,Better Price Found,81956.0,Refunded,4,Electronics
RET002593,ORD0013931,PROD0654,CUST00541,2020-02-09,Better Price Found,408508.0,Refunded,10,Electronics
RET002594,ORD0013931,PROD0354,CUST00541,2020-02-09,Better Price Found,401.0,Refunded,7,Fashion
RET002595,ORD0013942,PROD0674,CUST02239,2023-06-30,Damaged in Transit,809.0,Refunded,8,Grocery
RET002596,ORD0013947,PROD0646,CUST01367,2020-03-11,Defective Product,16013.0,Refunded,5,Sports & Fitness
RET002597,ORD0013947,PROD0085,CUST01367,2020-03-11,Defective Product,5896.0,Refunded,12,Sports & Fitness
RET002598,ORD0013947,PROD0249,CUST01367,2020-03-11,Wrong Item,684.0,Refunded,3,Books
RET002599,ORD0013947,PROD0231,CUST01367,2020-03-11,Better Price Found,2776.0,Pending,12,Grocery
RET002600,ORD0013957,PROD0529,CUST03784,2021-09-05,Better Price Found,768.0,Refunded,7,Books
RET002601,ORD0013957,PROD0739,CUST03784,2021-09-05,Defective Product,6401.0,Pending,12,Fashion
RET002602,ORD0013957,PROD0243,CUST03784,2021-09-05,Better Price Found,18312.0,Refunded,5,Sports & Fitness
RET002603,ORD0013995,PROD0056,CUST01009,2023-10-13,Better Price Found,2607.0,Refunded,11,Beauty & Health
RET002604,ORD0013995,PROD0604,CUST01009,2023-10-13,Changed Mind,21536.0,Refunded,3,Sports & Fitness
RET002605,ORD0014062,PROD0233,CUST04279,2024-11-23,Changed Mind,91946.0,Refunded,9,Electronics
RET002606,ORD0014082,PROD0579,CUST01378,2021-09-20,Wrong Item,898.0,Refunded,3,Grocery
RET002607,ORD0014082,PROD0406,CUST01378,2021-09-20,Wrong Item,164172.0,Refunded,13,Electronics
RET002608,ORD0014086,PROD0149,CUST01113,2021-05-05,Defective Product,26011.0,Refunded,11,Home & Kitchen
RET002609,ORD0014092,PROD0159,CUST00986,2024-03-05,Defective Product,2200.0,Refunded,8,Toys & Games
RET002610,ORD0014092,PROD0474,CUST00986,2024-03-05,Better Price Found,6362.0,Refunded,11,Automotive
RET002611,ORD0014099,PROD0665,CUST02455,2020-05-12,Size Issue,99100.0,Pending,10,Electronics
RET002612,ORD0014102,PROD0724,CUST00462,2020-07-24,Size Issue,1746.0,Refunded,4,Grocery
RET002613,ORD0014102,PROD0672,CUST00462,2020-07-24,Size Issue,392.0,Refunded,14,Grocery
RET002614,ORD0014114,PROD0589,CUST00858,2023-06-21,Wrong Item,1665.0,Refunded,13,Toys & Games
RET002615,ORD0014114,PROD0092,CUST00858,2023-06-21,Defective Product,3709.0,Refunded,3,Beauty & Health
RET002616,ORD0014125,PROD0536,CUST03479,2023-10-24,Wrong Item,584.0,Refunded,11,Grocery
RET002617,ORD0014125,PROD0336,CUST03479,2023-10-24,Better Price Found,7069.0,Refunded,14,Office Supplies
RET002618,ORD0014125,PROD0672,CUST03479,2023-10-24,Wrong Item,370.0,Refunded,10,Grocery
RET002619,ORD0014125,PROD0427,CUST03479,2023-10-24,Damaged in Transit,2101.0,Refunded,6,Sports & Fitness
RET002620,ORD0014125,PROD0355,CUST03479,2023-10-24,Changed Mind,8163.0,Refunded,9,Fashion
RET002621,ORD0014130,PROD0193,CUST04705,2023-08-01,Wrong Item,1110.0,Refunded,10,Books
RET002622,ORD0014138,PROD0722,CUST02490,2021-05-26,Better Price Found,2620.0,Refunded,10,Grocery
RET002623,ORD0014138,PROD0065,CUST02490,2021-05-26,Defective Product,898.0,Pending,10,Beauty & Health
RET002624,ORD0014145,PROD0135,CUST01711,2023-04-28,Better Price Found,9194.0,Refunded,9,Automotive
RET002625,ORD0014146,PROD0221,CUST02269,2024-03-31,Wrong Item,33324.0,Refunded,8,Home & Kitchen
RET002626,ORD0014146,PROD0639,CUST02269,2024-03-31,Damaged in Transit,3526.0,Pending,6,Toys & Games
RET002627,ORD0014153,PROD0583,CUST02468,2020-07-13,Better Price Found,37096.0,Refunded,13,Automotive
RET002628,ORD0014153,PROD0710,CUST02468,2020-07-13,Wrong Item,12787.0,Refunded,10,Sports & Fitness
RET002629,ORD0014153,PROD0329,CUST02468,2020-07-13,Damaged in Transit,1760.0,Refunded,6,Grocery
RET002630,ORD0014157,PROD0539,CUST02531,2024-02-09,Better Price Found,7926.0,Pending,6,Home & Kitchen
RET002631,ORD0014157,PROD0355,CUST02531,2024-02-09,Changed Mind,8163.0,Refunded,6,Fashion
RET002632,ORD0014171,PROD0323,CUST02762,2023-07-21,Damaged in Transit,624.0,Refunded,8,Grocery
RET002633,ORD0014177,PROD0124,CUST02311,2023-10-17,Better Price Found,5564.0,Refunded,14,Fashion
RET002634,ORD0014177,PROD0548,CUST02311,2023-10-17,Changed Mind,18836.0,Refunded,9,Automotive
RET002635,ORD0014177,PROD0275,CUST02311,2023-10-17,Wrong Item,5064.0,Refunded,13,Grocery
RET002636,ORD0014181,PROD0571,CUST01754,2024-05-18,Damaged in Transit,861.0,Refunded,6,Grocery
RET002637,ORD0014204,PROD0735,CUST02087,2020-04-03,Damaged in Transit,1822.0,Refunded,11,Office Supplies
RET002638,ORD0014204,PROD0221,CUST02087,2020-04-03,Defective Product,33324.0,Rejected,7,Home & Kitchen
RET002639,ORD0014226,PROD0494,CUST04524,2020-02-08,Damaged in Transit,38458.0,Refunded,11,Automotive
RET002640,ORD0014226,PROD0363,CUST04524,2020-02-08,Damaged in Transit,3874.0,Refunded,5,Fashion
RET002641,ORD0014226,PROD0058,CUST04524,2020-02-08,Wrong Item,18068.0,Refunded,6,Home & Kitchen
RET002642,ORD0014226,PROD0638,CUST04524,2020-02-08,Better Price Found,75491.0,Pending,4,Electronics
RET002643,ORD0014226,PROD0508,CUST04524,2020-02-08,Size Issue,55732.0,Refunded,11,Automotive
RET002644,ORD0014227,PROD0319,CUST03224,2022-03-19,Defective Product,2342.0,Refunded,12,Beauty & Health
RET002645,ORD0014227,PROD0646,CUST03224,2022-03-19,Defective Product,16013.0,Refunded,5,Sports & Fitness
RET002646,ORD0014227,PROD0124,CUST03224,2022-03-19,Damaged in Transit,9540.0,Refunded,6,Fashion
RET002647,ORD0014227,PROD0329,CUST03224,2022-03-19,Damaged in Transit,3344.0,Refunded,5,Grocery
RET002648,ORD0014227,PROD0105,CUST03224,2022-03-19,Changed Mind,422.0,Refunded,10,Beauty & Health
RET002649,ORD0014250,PROD0493,CUST01474,2024-07-23,Damaged in Transit,12130.0,Pending,7,Automotive
RET002650,ORD0014271,PROD0528,CUST02416,2020-10-06,Defective Product,14736.0,Refunded,10,Home & Kitchen
RET002651,ORD0014272,PROD0198,CUST00988,2021-01-31,Defective Product,6705.0,Refunded,14,Toys & Games
RET002652,ORD0014276,PROD0054,CUST01319,2023-03-26,Wrong Item,1782.0,Refunded,5,Office Supplies
RET002653,ORD0014276,PROD0760,CUST01319,2023-03-26,Changed Mind,27312.0,Refunded,12,Fashion
RET002654,ORD0014281,PROD0405,CUST03359,2024-10-14,Better Price Found,7096.0,Refunded,10,Fashion
RET002655,ORD0014297,PROD0633,CUST02973,2021-11-06,Damaged in Transit,5538.0,Refunded,14,Toys & Games
RET002656,ORD0014297,PROD0783,CUST02973,2021-11-06,Damaged in Transit,113666.0,Refunded,9,Electronics
RET002657,ORD0014303,PROD0653,CUST02865,2020-11-20,Wrong Item,3851.0,Refunded,14,Sports & Fitness
RET002658,ORD0014304,PROD0680,CUST01744,2020-09-06,Defective Product,24768.0,Refunded,10,Office Supplies
RET002659,ORD0014317,PROD0510,CUST04857,2024-07-19,Size Issue,55092.0,Refunded,11,Electronics
RET002660,ORD0014322,PROD0033,CUST00481,2021-09-23,Size Issue,73653.0,Refunded,8,Electronics
RET002661,ORD0014322,PROD0440,CUST00481,2021-09-23,Damaged in Transit,4722.0,Refunded,13,Automotive
RET002662,ORD0014322,PROD0465,CUST00481,2021-09-23,Better Price Found,573.0,Refunded,4,Grocery
RET002663,ORD0014322,PROD0063,CUST00481,2021-09-23,Better Price Found,2440.0,Refunded,10,Beauty & Health
RET002664,ORD0014322,PROD0407,CUST00481,2021-09-23,Changed Mind,5200.0,Refunded,6,Books
RET002665,ORD0014326,PROD0724,CUST01963,2023-02-27,Defective Product,873.0,Pending,9,Grocery
RET002666,ORD0014326,PROD0752,CUST01963,2023-02-27,Better Price Found,100.0,Refunded,11,Office Supplies
RET002667,ORD0014338,PROD0056,CUST04872,2022-03-08,Size Issue,10428.0,Refunded,3,Beauty & Health
RET002668,ORD0014338,PROD0194,CUST04872,2022-03-08,Size Issue,11768.0,Refunded,8,Sports & Fitness
RET002669,ORD0014338,PROD0096,CUST04872,2022-03-08,Changed Mind,4680.0,Refunded,6,Office Supplies
RET002670,ORD0014351,PROD0162,CUST03083,2024-06-14,Defective Product,4493.0,Refunded,6,Beauty & Health
RET002671,ORD0014351,PROD0233,CUST03083,2024-06-14,Defective Product,137919.0,Refunded,14,Electronics
RET002672,ORD0014351,PROD0526,CUST03083,2024-06-14,Better Price Found,976.0,Refunded,14,Books
RET002673,ORD0014363,PROD0106,CUST00313,2021-04-19,Wrong Item,501.0,Pending,4,Books
RET002674,ORD0014363,PROD0612,CUST00313,2021-04-19,Defective Product,554.0,Refunded,9,Grocery
RET002675,ORD0014366,PROD0761,CUST02781,2023-12-13,Wrong Item,1533.0,Refunded,9,Books
RET002676,ORD0014366,PROD0322,CUST02781,2023-12-13,Wrong Item,40593.0,Rejected,14,Electronics
RET002677,ORD0014366,PROD0504,CUST02781,2023-12-13,Wrong Item,19859.0,Rejected,5,Home & Kitchen
RET002678,ORD0014383,PROD0772,CUST01483,2021-05-31,Changed Mind,66462.0,Refunded,4,Electronics
RET002679,ORD0014402,PROD0434,CUST03028,2024-01-30,Changed Mind,1842.0,Refunded,3,Sports & Fitness
RET002680,ORD0014409,PROD0731,CUST04828,2020-09-23,Defective Product,26800.0,Refunded,7,Fashion
RET002681,ORD0014409,PROD0501,CUST04828,2020-09-23,Changed Mind,20800.0,Refunded,13,Home & Kitchen
RET002682,ORD0014409,PROD0717,CUST04828,2020-09-23,Changed Mind,14736.0,Pending,4,Home & Kitchen
RET002683,ORD0014421,PROD0419,CUST03626,2021-05-16,Wrong Item,3598.0,Refunded,3,Automotive
RET002684,ORD0014421,PROD0586,CUST03626,2021-05-16,Damaged in Transit,3589.0,Refunded,12,Toys & Games
RET002685,ORD0014421,PROD0564,CUST03626,2021-05-16,Better Price Found,15034.0,Refunded,9,Office Supplies
RET002686,ORD0014424,PROD0258,CUST00878,2023-11-09,Damaged in Transit,3226.0,Refunded,3,Beauty & Health
RET002687,ORD0014425,PROD0735,CUST04426,2022-12-19,Better Price Found,1656.0,Refunded,11,Office Supplies
RET002688,ORD0014425,PROD0223,CUST04426,2022-12-19,Damaged in Transit,25656.0,Refunded,6,Sports & Fitness
RET002689,ORD0014433,PROD0122,CUST03547,2022-10-25,Size Issue,14839.0,Rejected,5,Sports & Fitness
RET002690,ORD0014433,PROD0081,CUST03547,2022-10-25,Wrong Item,7164.0,Rejected,14,Fashion
RET002691,ORD0014447,PROD0792,CUST01289,2021-08-04,Wrong Item,324.0,Refunded,4,Books
RET002692,ORD0014462,PROD0385,CUST00399,2024-08-26,Better Price Found,3860.0,Refunded,9,Toys & Games
RET002693,ORD0014478,PROD0430,CUST04850,2021-12-28,Changed Mind,17451.0,Refunded,11,Sports & Fitness
RET002694,ORD0014478,PROD0085,CUST04850,2021-12-28,Wrong Item,7370.0,Refunded,8,Sports & Fitness
RET002695,ORD0014479,PROD0630,CUST04539,2022-11-11,Wrong Item,4572.0,Refunded,4,Fashion
RET002696,ORD0014479,PROD0466,CUST04539,2022-11-11,Wrong Item,88128.0,Pending,14,Home & Kitchen
RET002697,ORD0014479,PROD0150,CUST04539,2022-11-11,Changed Mind,6864.0,Refunded,7,Home & Kitchen
RET002698,ORD0014479,PROD0772,CUST04539,2022-11-11,Changed Mind,76688.0,Refunded,5,Electronics
RET002699,ORD0014480,PROD0426,CUST02225,2020-03-26,Better Price Found,114897.0,Refunded,11,Home & Kitchen
RET002700,ORD0014484,PROD0538,CUST02130,2022-07-20,Defective Product,1359.0,Refunded,7,Books
RET002701,ORD0014486,PROD0025,CUST04081,2020-06-19,Damaged in Transit,25160.0,Refunded,13,Automotive
RET002702,ORD0014497,PROD0698,CUST04865,2021-09-21,Defective Product,8452.0,Refunded,4,Fashion
RET002703,ORD0014497,PROD0264,CUST04865,2021-09-21,Wrong Item,15590.0,Refunded,3,Electronics
RET002704,ORD0014497,PROD0302,CUST04865,2021-09-21,Size Issue,1838.0,Refunded,11,Beauty & Health
RET002705,ORD0014497,PROD0278,CUST04865,2021-09-21,Changed Mind,4695.0,Refunded,8,Toys & Games
RET002706,ORD0014502,PROD0680,CUST01027,2020-06-04,Changed Mind,16512.0,Refunded,13,Office Supplies
RET002707,ORD0014526,PROD0056,CUST03425,2024-12-29,Size Issue,7821.0,Refunded,3,Beauty & Health
RET002708,ORD0014526,PROD0357,CUST03425,2024-12-29,Changed Mind,14251.0,Pending,7,Home & Kitchen
RET002709,ORD0014526,PROD0557,CUST03425,2024-12-29,Changed Mind,2282.0,Rejected,3,Office Supplies
RET002710,ORD0014532,PROD0609,CUST03398,2022-10-01,Damaged in Transit,1652.0,Refunded,9,Fashion
RET002711,ORD0014536,PROD0649,CUST00736,2024-01-07,Wrong Item,12222.0,Refunded,3,Automotive
RET002712,ORD0014541,PROD0739,CUST03520,2022-12-23,Better Price Found,15362.0,Pending,3,Fashion
RET002713,ORD0014541,PROD0379,CUST03520,2022-12-23,Damaged in Transit,1248.0,Refunded,3,Grocery
RET002714,ORD0014551,PROD0077,CUST03458,2021-11-26,Changed Mind,33620.0,Refunded,9,Automotive
RET002715,ORD0014551,PROD0420,CUST03458,2021-11-26,Wrong Item,13373.0,Refunded,12,Sports & Fitness
RET002716,ORD0014551,PROD0518,CUST03458,2021-11-26,Damaged in Transit,4500.0,Refunded,10,Office Supplies
RET002717,ORD0014551,PROD0331,CUST03458,2021-11-26,Damaged in Transit,4682.0,Pending,5,Toys & Games
RET002718,ORD0014551,PROD0195,CUST03458,2021-11-26,Wrong Item,3247.0,Refunded,11,Automotive
RET002719,ORD0014571,PROD0213,CUST04691,2022-12-06,Changed Mind,7916.0,Refunded,13,Office Supplies
RET002720,ORD0014574,PROD0632,CUST01647,2024-03-22,Better Price Found,6074.0,Rejected,14,Beauty & Health
RET002721,ORD0014574,PROD0684,CUST01647,2024-03-22,Better Price Found,28806.0,Refunded,6,Electronics
RET002722,ORD0014574,PROD0631,CUST01647,2024-03-22,Better Price Found,1249.0,Refunded,12,Beauty & Health
RET002723,ORD0014574,PROD0158,CUST01647,2024-03-22,Changed Mind,6899.0,Refunded,3,Automotive
RET002724,ORD0014574,PROD0442,CUST01647,2024-03-22,Damaged in Transit,652.0,Rejected,6,Grocery
RET002725,ORD0014580,PROD0752,CUST04281,2022-10-16,Size Issue,178.0,Refunded,14,Office Supplies
RET002726,ORD0014580,PROD0114,CUST04281,2022-10-16,Changed Mind,5282.0,Refunded,14,Beauty & Health
RET002727,ORD0014580,PROD0382,CUST04281,2022-10-16,Damaged in Transit,1022.0,Refunded,4,Beauty & Health
RET002728,ORD0014580,PROD0704,CUST04281,2022-10-16,Changed Mind,9671.0,Rejected,12,Automotive
RET002729,ORD0014587,PROD0547,CUST00307,2022-11-17,Changed Mind,700.0,Refunded,5,Grocery
RET002730,ORD0014587,PROD0341,CUST00307,2022-11-17,Defective Product,12322.0,Refunded,6,Fashion
RET002731,ORD0014587,PROD0295,CUST00307,2022-11-17,Wrong Item,262.0,Rejected,11,Toys & Games
RET002732,ORD0014587,PROD0133,CUST00307,2022-11-17,Better Price Found,2275.0,Pending,8,Office Supplies
RET002733,ORD0014587,PROD0495,CUST00307,2022-11-17,Changed Mind,207220.0,Refunded,8,Electronics
RET002734,ORD0014589,PROD0117,CUST00476,2023-02-22,Wrong Item,51628.0,Pending,10,Automotive
RET002735,ORD0014589,PROD0771,CUST00476,2023-02-22,Wrong Item,21460.0,Refunded,7,Fashion
RET002736,ORD0014594,PROD0575,CUST03006,2021-09-16,Better Price Found,642.0,Refunded,8,Fashion
RET002737,ORD0014606,PROD0123,CUST03473,2021-07-10,Defective Product,22315.0,Refunded,3,Sports & Fitness
RET002738,ORD0014606,PROD0506,CUST03473,2021-07-10,Damaged in Transit,2046.0,Refunded,13,Sports & Fitness
RET002739,ORD0014607,PROD0722,CUST04269,2024-01-11,Changed Mind,2782.0,Refunded,7,Grocery
RET002740,ORD0014608,PROD0318,CUST02986,2023-10-18,Defective Product,22445.0,Refunded,9,Home & Kitchen
RET002741,ORD0014614,PROD0664,CUST01524,2022-03-31,Changed Mind,12470.0,Refunded,8,Home & Kitchen
RET002742,ORD0014640,PROD0435,CUST01165,2022-04-06,Damaged in Transit,822.0,Refunded,10,Books
RET002743,ORD0014644,PROD0318,CUST02450,2021-09-07,Size Issue,22445.0,Rejected,5,Home & Kitchen
RET002744,ORD0014645,PROD0242,CUST02558,2023-07-12,Size Issue,374.0,Refunded,8,Grocery
RET002745,ORD0014645,PROD0423,CUST02558,2023-07-12,Size Issue,14146.0,Refunded,13,Electronics
RET002746,ORD0014669,PROD0019,CUST03666,2022-07-26,Damaged in Transit,17920.0,Refunded,5,Electronics
RET002747,ORD0014669,PROD0574,CUST03666,2022-07-26,Defective Product,39686.0,Refunded,9,Electronics
RET002748,ORD0014678,PROD0361,CUST02987,2022-04-25,Wrong Item,87964.0,Pending,10,Home & Kitchen
RET002749,ORD0014678,PROD0367,CUST02987,2022-04-25,Changed Mind,12690.0,Refunded,3,Office Supplies
RET002750,ORD0014696,PROD0415,CUST01525,2024-12-11,Size Issue,6099.0,Refunded,11,Office Supplies
RET002751,ORD0014731,PROD0083,CUST00938,2023-04-12,Size Issue,8200.0,Refunded,8,Toys & Games
RET002752,ORD0014731,PROD0537,CUST00938,2023-04-12,Wrong Item,431.0,Refunded,8,Books
RET002753,ORD0014737,PROD0192,CUST03672,2021-06-16,Defective Product,2232.0,Rejected,12,Grocery
RET002754,ORD0014737,PROD0003,CUST03672,2021-06-16,Defective Product,25338.0,Refunded,8,Electronics
RET002755,ORD0014737,PROD0422,CUST03672,2021-06-16,Damaged in Transit,22950.0,Refunded,6,Fashion
RET002756,ORD0014759,PROD0393,CUST03348,2024-03-13,Changed Mind,531.0,Refunded,9,Grocery
RET002757,ORD0014759,PROD0569,CUST03348,2024-03-13,Size Issue,1440.0,Refunded,6,Office Supplies
RET002758,ORD0014763,PROD0026,CUST01794,2020-02-02,Defective Product,3914.0,Refunded,4,Sports & Fitness
RET002759,ORD0014786,PROD0334,CUST00156,2021-02-13,Better Price Found,27167.0,Refunded,14,Home & Kitchen
RET002760,ORD0014825,PROD0244,CUST04097,2022-02-28,Wrong Item,1026.0,Refunded,6,Grocery
RET002761,ORD0014825,PROD0573,CUST04097,2022-02-28,Wrong Item,14010.0,Pending,6,Sports & Fitness
RET002762,ORD0014849,PROD0521,CUST03099,2023-01-25,Wrong Item,103970.0,Refunded,7,Electronics
RET002763,ORD0014854,PROD0537,CUST04546,2024-05-14,Defective Product,380.0,Pending,3,Books
RET002764,ORD0014854,PROD0238,CUST04546,2024-05-14,Wrong Item,1023.0,Refunded,14,Fashion
RET002765,ORD0014854,PROD0170,CUST04546,2024-05-14,Size Issue,1852.0,Refunded,14,Grocery
RET002766,ORD0014854,PROD0148,CUST04546,2024-05-14,Wrong Item,72844.0,Refunded,4,Electronics
RET002767,ORD0014867,PROD0508,CUST04908,2022-09-23,Size Issue,23884.0,Refunded,10,Automotive
RET002768,ORD0014867,PROD0558,CUST04908,2022-09-23,Better Price Found,14488.0,Pending,3,Sports & Fitness
RET002769,ORD0014867,PROD0501,CUST04908,2022-09-23,Size Issue,20800.0,Refunded,3,Home & Kitchen
RET002770,ORD0014867,PROD0290,CUST04908,2022-09-23,Better Price Found,4358.0,Refunded,10,Toys & Games
RET002771,ORD0014894,PROD0427,CUST00647,2022-04-09,Wrong Item,1926.0,Refunded,13,Sports & Fitness
RET002772,ORD0014898,PROD0510,CUST00478,2024-02-12,Damaged in Transit,14691.0,Refunded,6,Electronics
RET002773,ORD0014898,PROD0301,CUST00478,2024-02-12,Better Price Found,2510.0,Refunded,14,Sports & Fitness
RET002774,ORD0014898,PROD0552,CUST00478,2024-02-12,Wrong Item,755.0,Refunded,12,Beauty & Health
RET002775,ORD0014898,PROD0795,CUST00478,2024-02-12,Changed Mind,45843.0,Rejected,14,Electronics
RET002776,ORD0014898,PROD0346,CUST00478,2024-02-12,Damaged in Transit,18414.0,Refunded,10,Home & Kitchen
RET002777,ORD0014903,PROD0725,CUST04304,2023-05-04,Defective Product,2984.0,Pending,8,Office Supplies
RET002778,ORD0014919,PROD0470,CUST00573,2023-11-18,Better Price Found,16761.0,Refunded,8,Electronics
RET002779,ORD0014919,PROD0795,CUST00573,2023-11-18,Wrong Item,50010.0,Refunded,13,Electronics
RET002780,ORD0014919,PROD0104,CUST00573,2023-11-18,Wrong Item,37614.0,Refunded,8,Sports & Fitness
RET002781,ORD0014919,PROD0253,CUST00573,2023-11-18,Better Price Found,912.0,Refunded,8,Toys & Games
RET002782,ORD0014919,PROD0062,CUST00573,2023-11-18,Better Price Found,5624.0,Pending,12,Office Supplies
RET002783,ORD0014935,PROD0593,CUST01496,2024-02-01,Damaged in Transit,9230.0,Refunded,13,Home & Kitchen
RET002784,ORD0014935,PROD0365,CUST01496,2024-02-01,Wrong Item,11960.0,Rejected,6,Automotive
RET002785,ORD0014947,PROD0655,CUST01141,2020-11-03,Wrong Item,1546.0,Refunded,12,Automotive
RET002786,ORD0014947,PROD0645,CUST01141,2020-11-03,Wrong Item,94818.0,Pending,9,Electronics
RET002787,ORD0014947,PROD0732,CUST01141,2020-11-03,Changed Mind,1441.0,Pending,4,Grocery
RET002788,ORD0014947,PROD0558,CUST01141,2020-11-03,Size Issue,6520.0,Refunded,12,Sports & Fitness
RET002789,ORD0014947,PROD0152,CUST01141,2020-11-03,Wrong Item,4886.0,Refunded,9,Sports & Fitness
RET002790,ORD0014952,PROD0433,CUST01660,2023-10-31,Wrong Item,125606.0,Refunded,13,Electronics
RET002791,ORD0014958,PROD0686,CUST00055,2021-06-08,Wrong Item,4068.0,Pending,12,Toys & Games
RET002792,ORD0014963,PROD0230,CUST02322,2023-07-17,Damaged in Transit,8224.0,Refunded,4,Office Supplies
RET002793,ORD0014963,PROD0276,CUST02322,2023-07-17,Defective Product,9154.0,Refunded,5,Fashion
RET002794,ORD0014963,PROD0226,CUST02322,2023-07-17,Changed Mind,18778.0,Refunded,10,Home & Kitchen
RET002795,ORD0014964,PROD0269,CUST04231,2020-05-16,Size Issue,2150.0,Refunded,7,Sports & Fitness
RET002796,ORD0014969,PROD0536,CUST01461,2023-06-25,Damaged in Transit,292.0,Refunded,3,Grocery
RET002797,ORD0014969,PROD0586,CUST01461,2023-06-25,Damaged in Transit,6280.0,Refunded,14,Toys & Games
RET002798,ORD0014975,PROD0461,CUST00371,2021-12-01,Size Issue,802.0,Refunded,3,Office Supplies
RET002799,ORD0014985,PROD0504,CUST00396,2023-03-12,Wrong Item,19859.0,Refunded,8,Home & Kitchen
RET002800,ORD0014992,PROD0186,CUST00009,2023-01-07,Size Issue,45952.0,Pending,7,Electronics
RET002801,ORD0014992,PROD0789,CUST00009,2023-01-07,Better Price Found,139020.0,Refunded,8,Electronics
RET002802,ORD0014992,PROD0121,CUST00009,2023-01-07,Wrong Item,8878.0,Refunded,13,Office Supplies
RET002803,ORD0015001,PROD0050,CUST00775,2021-12-04,Changed Mind,103000.0,Refunded,9,Electronics
RET002804,ORD0015001,PROD0754,CUST00775,2021-12-04,Wrong Item,6693.0,Refunded,4,Office Supplies
RET002805,ORD0015013,PROD0772,CUST03845,2023-06-09,Changed Mind,76688.0,Refunded,8,Electronics
RET002806,ORD0015013,PROD0115,CUST03845,2023-06-09,Wrong Item,5120.0,Refunded,4,Toys & Games
RET002807,ORD0015017,PROD0703,CUST04370,2024-05-19,Changed Mind,22854.0,Refunded,14,Electronics
RET002808,ORD0015031,PROD0016,CUST03466,2024-07-06,Better Price Found,714.0,Refunded,10,Books
RET002809,ORD0015034,PROD0622,CUST02573,2022-08-11,Size Issue,2536.0,Pending,12,Toys & Games
RET002810,ORD0015035,PROD0691,CUST02650,2021-01-27,Better Price Found,6229.0,Refunded,8,Automotive
RET002811,ORD0015036,PROD0695,CUST00651,2022-07-16,Better Price Found,1368.0,Refunded,10,Grocery
RET002812,ORD0015036,PROD0542,CUST00651,2022-07-16,Wrong Item,29845.0,Refunded,3,Home & Kitchen
RET002813,ORD0015043,PROD0606,CUST01744,2021-01-18,Changed Mind,4382.0,Refunded,13,Toys & Games
RET002814,ORD0015043,PROD0671,CUST01744,2021-01-18,Wrong Item,8578.0,Refunded,11,Fashion
RET002815,ORD0015070,PROD0214,CUST04522,2022-06-05,Wrong Item,1861.0,Pending,12,Beauty & Health
RET002816,ORD0015072,PROD0514,CUST01843,2021-07-16,Changed Mind,94088.0,Refunded,12,Electronics
RET002817,ORD0015072,PROD0075,CUST01843,2021-07-16,Defective Product,774.0,Pending,10,Grocery
RET002818,ORD0015075,PROD0447,CUST03887,2021-04-08,Better Price Found,3230.0,Refunded,9,Fashion
RET002819,ORD0015077,PROD0043,CUST01683,2021-08-03,Damaged in Transit,4428.0,Refunded,3,Beauty & Health
RET002820,ORD0015080,PROD0652,CUST02228,2025-01-07,Damaged in Transit,3082.0,Refunded,7,Beauty & Health
RET002821,ORD0015100,PROD0148,CUST04781,2022-12-13,Size Issue,109266.0,Refunded,9,Electronics
RET002822,ORD0015116,PROD0603,CUST00240,2023-07-08,Wrong Item,520.0,Refunded,11,Beauty & Health
RET002823,ORD0015116,PROD0491,CUST00240,2023-07-08,Damaged in Transit,27812.0,Refunded,11,Automotive
RET002824,ORD0015116,PROD0662,CUST00240,2023-07-08,Damaged in Transit,12279.0,Refunded,6,Automotive
RET002825,ORD0015116,PROD0653,CUST00240,2023-07-08,Damaged in Transit,10974.0,Refunded,4,Sports & Fitness
RET002826,ORD0015116,PROD0118,CUST00240,2023-07-08,Size Issue,12010.0,Refunded,12,Office Supplies
RET002827,ORD0015125,PROD0664,CUST04352,2021-04-03,Changed Mind,28266.0,Pending,4,Home & Kitchen
RET002828,ORD0015130,PROD0668,CUST01174,2020-10-07,Damaged in Transit,5694.0,Refunded,3,Fashion
RET002829,ORD0015130,PROD0677,CUST01174,2020-10-07,Defective Product,2501.0,Pending,10,Toys & Games
RET002830,ORD0015130,PROD0215,CUST01174,2020-10-07,Damaged in Transit,913.0,Refunded,11,Books
RET002831,ORD0015131,PROD0582,CUST04238,2023-07-06,Better Price Found,4918.0,Refunded,7,Beauty & Health
RET002832,ORD0015131,PROD0457,CUST04238,2023-07-06,Defective Product,5501.0,Pending,14,Fashion
RET002833,ORD0015150,PROD0607,CUST01281,2021-08-20,Defective Product,251.0,Refunded,12,Books
RET002834,ORD0015150,PROD0357,CUST01281,2021-08-20,Better Price Found,26602.0,Refunded,10,Home & Kitchen
RET002835,ORD0015150,PROD0514,CUST01281,2021-08-20,Defective Product,102642.0,Refunded,4,Electronics
RET002836,ORD0015155,PROD0117,CUST01010,2020-07-23,Wrong Item,51628.0,Pending,10,Automotive
RET002837,ORD0015155,PROD0135,CUST01010,2020-07-23,Defective Product,32688.0,Refunded,4,Automotive
RET002838,ORD0015186,PROD0372,CUST04774,2022-09-03,Damaged in Transit,1770.0,Pending,14,Books
RET002839,ORD0015186,PROD0535,CUST04774,2022-09-03,Changed Mind,47516.0,Refunded,13,Sports & Fitness
RET002840,ORD0015186,PROD0107,CUST04774,2022-09-03,Size Issue,1758.0,Refunded,5,Grocery
RET002841,ORD0015186,PROD0226,CUST04774,2022-09-03,Better Price Found,20030.0,Refunded,11,Home & Kitchen
RET002842,ORD0015186,PROD0288,CUST04774,2022-09-03,Size Issue,12117.0,Refunded,13,Toys & Games
RET002843,ORD0015191,PROD0438,CUST04241,2020-09-13,Better Price Found,1640.0,Pending,3,Automotive
RET002844,ORD0015194,PROD0571,CUST03275,2023-05-07,Defective Product,4016.0,Refunded,14,Grocery
RET002845,ORD0015194,PROD0603,CUST03275,2023-05-07,Size Issue,520.0,Pending,6,Beauty & Health
RET002846,ORD0015194,PROD0329,CUST03275,2023-05-07,Changed Mind,1584.0,Pending,9,Grocery
RET002847,ORD0015194,PROD0102,CUST03275,2023-05-07,Wrong Item,39241.0,Pending,14,Electronics
RET002848,ORD0015194,PROD0043,CUST03275,2023-05-07,Wrong Item,8364.0,Refunded,13,Beauty & Health
RET002849,ORD0015198,PROD0745,CUST01738,2020-11-16,Defective Product,32342.0,Refunded,5,Home & Kitchen
RET002850,ORD0015206,PROD0269,CUST02795,2021-12-01,Better Price Found,1792.0,Refunded,12,Sports & Fitness
RET002851,ORD0015219,PROD0461,CUST01433,2022-08-18,Damaged in Transit,1203.0,Refunded,4,Office Supplies
RET002852,ORD0015219,PROD0580,CUST01433,2022-08-18,Wrong Item,11346.0,Refunded,4,Fashion
RET002853,ORD0015223,PROD0484,CUST04998,2023-01-17,Defective Product,13950.0,Rejected,8,Home & Kitchen
RET002854,ORD0015223,PROD0617,CUST04998,2023-01-17,Wrong Item,4256.0,Refunded,14,Beauty & Health
RET002855,ORD0015227,PROD0232,CUST04080,2021-09-23,Better Price Found,216.0,Refunded,10,Books
RET002856,ORD0015244,PROD0135,CUST00619,2021-02-11,Wrong Item,8172.0,Pending,14,Automotive
RET002857,ORD0015244,PROD0562,CUST00619,2021-02-11,Size Issue,104508.0,Refunded,3,Electronics
RET002858,ORD0015253,PROD0542,CUST03683,2021-08-09,Damaged in Transit,29845.0,Refunded,3,Home & Kitchen
RET002859,ORD0015257,PROD0727,CUST04330,2022-11-12,Better Price Found,4978.0,Refunded,9,Office Supplies
RET002860,ORD0015257,PROD0526,CUST04330,2022-11-12,Changed Mind,570.0,Refunded,11,Books
RET002861,ORD0015257,PROD0067,CUST04330,2022-11-12,Defective Product,3372.0,Refunded,10,Toys & Games
RET002862,ORD0015257,PROD0004,CUST04330,2022-11-12,Wrong Item,55142.0,Refunded,10,Home & Kitchen
RET002863,ORD0015266,PROD0603,CUST02757,2022-08-11,Better Price Found,1560.0,Refunded,4,Beauty & Health
RET002864,ORD0015273,PROD0377,CUST00136,2021-03-28,Wrong Item,1708.0,Refunded,14,Toys & Games
RET002865,ORD0015276,PROD0250,CUST02423,2020-08-24,Size Issue,311.0,Refunded,11,Grocery
RET002866,ORD0015297,PROD0686,CUST04135,2021-11-17,Size Issue,9492.0,Pending,10,Toys & Games
RET002867,ORD0015322,PROD0030,CUST01764,2023-10-24,Better Price Found,6202.0,Refunded,14,Sports & Fitness
RET002868,ORD0015330,PROD0669,CUST00353,2020-09-23,Better Price Found,29742.0,Refunded,3,Home & Kitchen
RET002869,ORD0015330,PROD0738,CUST00353,2020-09-23,Size Issue,2505.0,Rejected,9,Beauty & Health
RET002870,ORD0015330,PROD0672,CUST00353,2020-09-23,Changed Mind,413.0,Rejected,9,Grocery
RET002871,ORD0015330,PROD0656,CUST00353,2020-09-23,Wrong Item,61012.0,Refunded,6,Electronics
RET002872,ORD0015330,PROD0721,CUST00353,2020-09-23,Wrong Item,1507.0,Pending,3,Grocery
RET002873,ORD0015334,PROD0079,CUST02340,2020-06-09,Wrong Item,11120.0,Refunded,4,Toys & Games
RET002874,ORD0015334,PROD0236,CUST02340,2020-06-09,Defective Product,364.0,Pending,12,Grocery
RET002875,ORD0015334,PROD0750,CUST02340,2020-06-09,Size Issue,383.0,Refunded,8,Beauty & Health
RET002876,ORD0015353,PROD0402,CUST03447,2021-01-20,Damaged in Transit,4152.0,Refunded,6,Office Supplies
RET002877,ORD0015356,PROD0290,CUST01123,2023-02-10,Size Issue,1997.0,Refunded,8,Toys & Games
RET002878,ORD0015368,PROD0755,CUST03340,2022-12-29,Size Issue,206632.0,Refunded,9,Electronics
RET002879,ORD0015369,PROD0530,CUST02860,2021-07-06,Damaged in Transit,47748.0,Refunded,5,Electronics
RET002880,ORD0015395,PROD0174,CUST03927,2025-01-14,Size Issue,1196.0,Pending,8,Toys & Games
RET002881,ORD0015395,PROD0589,CUST03927,2025-01-14,Size Issue,1753.0,Pending,5,Toys & Games
RET002882,ORD0015400,PROD0444,CUST01303,2024-10-29,Size Issue,1770.0,Refunded,14,Grocery
RET002883,ORD0015418,PROD0136,CUST00205,2020-06-21,Size Issue,116884.0,Refunded,3,Electronics
RET002884,ORD0015428,PROD0435,CUST00036,2023-10-24,Defective Product,1826.0,Pending,13,Books
RET002885,ORD0015428,PROD0672,CUST00036,2023-10-24,Size Issue,826.0,Refunded,5,Grocery
RET002886,ORD0015428,PROD0597,CUST00036,2023-10-24,Defective Product,666.0,Pending,8,Books
RET002887,ORD0015432,PROD0136,CUST04486,2020-05-20,Changed Mind,61880.0,Refunded,14,Electronics
RET002888,ORD0015435,PROD0214,CUST03797,2021-01-06,Changed Mind,1861.0,Refunded,13,Beauty & Health
RET002889,ORD0015457,PROD0011,CUST04612,2023-01-28,Damaged in Transit,2108.0,Rejected,4,Grocery
RET002890,ORD0015457,PROD0268,CUST04612,2023-01-28,Changed Mind,10264.0,Refunded,5,Automotive
RET002891,ORD0015462,PROD0554,CUST03608,2021-10-18,Better Price Found,2195.0,Refunded,14,Fashion
RET002892,ORD0015462,PROD0560,CUST03608,2021-10-18,Damaged in Transit,18884.0,Refunded,11,Home & Kitchen
RET002893,ORD0015465,PROD0294,CUST03776,2020-03-16,Defective Product,12349.0,Refunded,14,Sports & Fitness
RET002894,ORD0015465,PROD0623,CUST03776,2020-03-16,Better Price Found,7350.0,Refunded,5,Office Supplies
RET002895,ORD0015465,PROD0625,CUST03776,2020-03-16,Wrong Item,5446.0,Refunded,4,Toys & Games
RET002896,ORD0015465,PROD0019,CUST03776,2020-03-16,Damaged in Transit,19114.0,Refunded,12,Electronics
RET002897,ORD0015472,PROD0353,CUST02518,2025-01-09,Changed Mind,34155.0,Refunded,13,Electronics
RET002898,ORD0015487,PROD0384,CUST01530,2020-06-08,Wrong Item,13662.0,Refunded,5,Toys & Games
RET002899,ORD0015487,PROD0527,CUST01530,2020-06-08,Size Issue,3084.0,Pending,8,Automotive
RET002900,ORD0015487,PROD0509,CUST01530,2020-06-08,Better Price Found,23947.0,Refunded,12,Electronics
RET002901,ORD0015488,PROD0465,CUST03614,2023-04-17,Better Price Found,573.0,Refunded,9,Grocery
RET002902,ORD0015488,PROD0754,CUST03614,2023-04-17,Defective Product,6358.0,Refunded,3,Office Supplies
RET002903,ORD0015504,PROD0756,CUST03285,2023-01-28,Better Price Found,13252.0,Pending,11,Automotive
RET002904,ORD0015508,PROD0712,CUST01504,2021-10-15,Better Price Found,18383.0,Refunded,11,Home & Kitchen
RET002905,ORD0015508,PROD0151,CUST01504,2021-10-15,Better Price Found,4112.0,Refunded,5,Sports & Fitness
RET002906,ORD0015508,PROD0773,CUST01504,2021-10-15,Size Issue,1800.0,Refunded,7,Grocery
RET002907,ORD0015514,PROD0248,CUST01344,2022-01-27,Damaged in Transit,2564.0,Refunded,14,Grocery
RET002908,ORD0015514,PROD0342,CUST01344,2022-01-27,Damaged in Transit,24720.0,Refunded,6,Sports & Fitness
RET002909,ORD0015538,PROD0510,CUST03816,2021-01-24,Defective Product,46827.0,Refunded,4,Electronics
RET002910,ORD0015538,PROD0132,CUST03816,2021-01-24,Better Price Found,13708.0,Pending,6,Automotive
RET002911,ORD0015542,PROD0793,CUST01965,2022-09-28,Defective Product,8034.0,Refunded,10,Beauty & Health
RET002912,ORD0015544,PROD0013,CUST03648,2023-05-30,Damaged in Transit,23072.0,Refunded,8,Electronics
RET002913,ORD0015555,PROD0046,CUST04590,2023-11-17,Defective Product,26200.0,Rejected,13,Electronics
RET002914,ORD0015560,PROD0699,CUST04479,2023-02-24,Defective Product,8501.0,Refunded,14,Automotive
RET002915,ORD0015564,PROD0407,CUST01023,2024-12-11,Defective Product,1227.0,Refunded,10,Books
RET002916,ORD0015564,PROD0575,CUST01023,2024-12-11,Better Price Found,1284.0,Refunded,3,Fashion
RET002917,ORD0015564,PROD0460,CUST01023,2024-12-11,Wrong Item,11590.0,Refunded,4,Electronics
RET002918,ORD0015564,PROD0187,CUST01023,2024-12-11,Changed Mind,463.0,Refunded,6,Books
RET002919,ORD0015567,PROD0556,CUST00722,2023-11-14,Better Price Found,1924.0,Refunded,6,Toys & Games
RET002920,ORD0015567,PROD0638,CUST00722,2023-11-14,Damaged in Transit,71518.0,Refunded,6,Electronics
RET002921,ORD0015567,PROD0371,CUST00722,2023-11-14,Size Issue,416.0,Refunded,7,Beauty & Health
RET002922,ORD0015567,PROD0594,CUST00722,2023-11-14,Better Price Found,125.0,Refunded,5,Books
RET002923,ORD0015567,PROD0151,CUST00722,2023-11-14,Changed Mind,5346.0,Refunded,11,Sports & Fitness
RET002924,ORD0015569,PROD0391,CUST03058,2022-07-13,Wrong Item,21303.0,Refunded,10,Home & Kitchen
RET002925,ORD0015569,PROD0403,CUST03058,2022-07-13,Better Price Found,4079.0,Refunded,3,Office Supplies
RET002926,ORD0015569,PROD0594,CUST03058,2022-07-13,Better Price Found,139.0,Refunded,9,Books
RET002927,ORD0015569,PROD0260,CUST03058,2022-07-13,Defective Product,849.0,Refunded,3,Books
RET002928,ORD0015569,PROD0306,CUST03058,2022-07-13,Defective Product,4179.0,Refunded,14,Beauty & Health
RET002929,ORD0015590,PROD0566,CUST01020,2024-10-22,Defective Product,5145.0,Rejected,14,Sports & Fitness
RET002930,ORD0015590,PROD0287,CUST01020,2024-10-22,Better Price Found,3446.0,Rejected,6,Automotive
RET002931,ORD0015590,PROD0040,CUST01020,2024-10-22,Better Price Found,1352.0,Pending,5,Grocery
RET002932,ORD0015590,PROD0176,CUST01020,2024-10-22,Damaged in Transit,803.0,Refunded,8,Books
RET002933,ORD0015596,PROD0471,CUST04201,2024-04-08,Defective Product,6171.0,Pending,8,Toys & Games
RET002934,ORD0015596,PROD0367,CUST04201,2024-04-08,Wrong Item,6345.0,Refunded,13,Office Supplies
RET002935,ORD0015596,PROD0701,CUST04201,2024-04-08,Damaged in Transit,24486.0,Pending,11,Home & Kitchen
RET002936,ORD0015596,PROD0549,CUST04201,2024-04-08,Wrong Item,33462.0,Refunded,7,Home & Kitchen
RET002937,ORD0015596,PROD0746,CUST04201,2024-04-08,Changed Mind,269.0,Refunded,14,Grocery
RET002938,ORD0015603,PROD0557,CUST01741,2024-04-02,Wrong Item,2148.0,Refunded,8,Office Supplies
RET002939,ORD0015610,PROD0242,CUST00561,2021-06-03,Defective Product,352.0,Refunded,11,Grocery
RET002940,ORD0015610,PROD0608,CUST00561,2021-06-03,Defective Product,1752.0,Refunded,3,Grocery
RET002941,ORD0015610,PROD0370,CUST00561,2021-06-03,Better Price Found,3825.0,Refunded,7,Fashion
RET002942,ORD0015610,PROD0679,CUST00561,2021-06-03,Better Price Found,11582.0,Refunded,10,Sports & Fitness
RET002943,ORD0015620,PROD0553,CUST03571,2021-03-09,Wrong Item,2080.0,Refunded,4,Grocery
RET002944,ORD0015637,PROD0308,CUST03964,2024-10-20,Better Price Found,5703.0,Refunded,14,Office Supplies
RET002945,ORD0015643,PROD0713,CUST04498,2021-11-14,Better Price Found,6870.0,Refunded,13,Toys & Games
RET002946,ORD0015648,PROD0367,CUST00057,2022-10-29,Wrong Item,5922.0,Refunded,9,Office Supplies
RET002947,ORD0015648,PROD0548,CUST00057,2022-10-29,Defective Product,9418.0,Refunded,9,Automotive
RET002948,ORD0015648,PROD0643,CUST00057,2022-10-29,Damaged in Transit,6819.0,Refunded,9,Fashion
RET002949,ORD0015648,PROD0005,CUST00057,2022-10-29,Better Price Found,5870.0,Refunded,10,Automotive
RET002950,ORD0015656,PROD0473,CUST04486,2023-04-28,Damaged in Transit,972.0,Refunded,10,Office Supplies
RET002951,ORD0015661,PROD0495,CUST02496,2021-01-23,Damaged in Transit,310830.0,Refunded,12,Electronics
RET002952,ORD0015661,PROD0088,CUST02496,2021-01-23,Better Price Found,42059.0,Refunded,3,Electronics
RET002953,ORD0015690,PROD0235,CUST00163,2021-04-02,Defective Product,3369.0,Refunded,6,Toys & Games
RET002954,ORD0015704,PROD0471,CUST03117,2022-01-16,Damaged in Transit,2351.0,Refunded,12,Toys & Games
RET002955,ORD0015704,PROD0003,CUST03117,2022-01-16,Better Price Found,47056.0,Refunded,5,Electronics
RET002956,ORD0015705,PROD0431,CUST03092,2022-02-15,Better Price Found,432.0,Refunded,3,Toys & Games
RET002957,ORD0015705,PROD0332,CUST03092,2022-02-15,Damaged in Transit,920.0,Pending,9,Books
RET002958,ORD0015705,PROD0399,CUST03092,2022-02-15,Changed Mind,98700.0,Refunded,11,Electronics
RET002959,ORD0015706,PROD0179,CUST02464,2022-09-26,Damaged in Transit,1138.0,Pending,14,Grocery
RET002960,ORD0015709,PROD0472,CUST04507,2022-09-27,Defective Product,26458.0,Refunded,10,Home & Kitchen
RET002961,ORD0015709,PROD0386,CUST04507,2022-09-27,Wrong Item,16616.0,Pending,9,Fashion
RET002962,ORD0015713,PROD0589,CUST01100,2023-05-07,Size Issue,3330.0,Pending,8,Toys & Games
RET002963,ORD0015713,PROD0649,CUST01100,2023-05-07,Changed Mind,13037.0,Refunded,13,Automotive
RET002964,ORD0015720,PROD0092,CUST03791,2024-04-11,Changed Mind,3709.0,Refunded,14,Beauty & Health
RET002965,ORD0015723,PROD0642,CUST00650,2020-01-13,Wrong Item,12461.0,Refunded,9,Automotive
RET002966,ORD0015725,PROD0529,CUST02393,2020-02-09,Damaged in Transit,768.0,Refunded,7,Books
RET002967,ORD0015727,PROD0167,CUST02772,2022-07-22,Changed Mind,26557.0,Pending,5,Electronics
RET002968,ORD0015747,PROD0154,CUST02672,2023-03-29,Changed Mind,3436.0,Refunded,3,Beauty & Health
RET002969,ORD0015749,PROD0529,CUST04432,2020-10-28,Wrong Item,768.0,Refunded,11,Books
RET002970,ORD0015749,PROD0226,CUST04432,2020-10-28,Changed Mind,40060.0,Refunded,10,Home & Kitchen
RET002971,ORD0015749,PROD0498,CUST04432,2020-10-28,Wrong Item,121645.0,Refunded,12,Electronics
RET002972,ORD0015749,PROD0170,CUST04432,2020-10-28,Better Price Found,871.0,Refunded,12,Grocery
RET002973,ORD0015749,PROD0544,CUST04432,2020-10-28,Size Issue,734.0,Refunded,9,Beauty & Health
RET002974,ORD0015764,PROD0350,CUST00150,2020-09-21,Defective Product,10682.0,Refunded,14,Sports & Fitness
RET002975,ORD0015764,PROD0209,CUST00150,2020-09-21,Size Issue,9115.0,Refunded,14,Sports & Fitness
RET002976,ORD0015771,PROD0234,CUST04859,2020-05-17,Defective Product,316.0,Refunded,9,Grocery
RET002977,ORD0015773,PROD0478,CUST03979,2023-09-11,Changed Mind,6790.0,Refunded,4,Beauty & Health
RET002978,ORD0015773,PROD0379,CUST03979,2023-09-11,Size Issue,416.0,Refunded,6,Grocery
RET002979,ORD0015792,PROD0254,CUST03110,2020-03-25,Changed Mind,11433.0,Pending,10,Sports & Fitness
RET002980,ORD0015792,PROD0268,CUST03110,2020-03-25,Defective Product,8553.0,Refunded,7,Automotive
RET002981,ORD0015792,PROD0568,CUST03110,2020-03-25,Size Issue,22118.0,Refunded,6,Fashion
RET002982,ORD0015800,PROD0730,CUST01893,2022-01-22,Defective Product,626.0,Refunded,8,Grocery
RET002983,ORD0015800,PROD0405,CUST01893,2022-01-22,Better Price Found,9978.0,Refunded,14,Fashion
RET002984,ORD0015802,PROD0322,CUST02263,2020-07-26,Better Price Found,43299.0,Pending,14,Electronics
RET002985,ORD0015810,PROD0438,CUST04363,2020-06-06,Damaged in Transit,1640.0,Refunded,3,Automotive
RET002986,ORD0015813,PROD0092,CUST04901,2022-12-05,Wrong Item,3709.0,Refunded,5,Beauty & Health
RET002987,ORD0015813,PROD0220,CUST04901,2022-12-05,Size Issue,80816.0,Refunded,5,Sports & Fitness
RET002988,ORD0015813,PROD0420,CUST04901,2022-12-05,Size Issue,26746.0,Pending,6,Sports & Fitness
RET002989,ORD0015824,PROD0089,CUST02506,2024-10-10,Defective Product,1120.0,Refunded,5,Office Supplies
RET002990,ORD0015824,PROD0355,CUST02506,2024-10-10,Better Price Found,29216.0,Rejected,3,Fashion
RET002991,ORD0015824,PROD0326,CUST02506,2024-10-10,Defective Product,26008.0,Rejected,5,Automotive
RET002992,ORD0015828,PROD0522,CUST00210,2023-06-30,Size Issue,5291.0,Refunded,3,Toys & Games
RET002993,ORD0015834,PROD0458,CUST02070,2024-01-12,Defective Product,7840.0,Pending,3,Fashion
RET002994,ORD0015834,PROD0647,CUST02070,2024-01-12,Defective Product,15532.0,Refunded,6,Office Supplies
RET002995,ORD0015834,PROD0637,CUST02070,2024-01-12,Better Price Found,1088.0,Refunded,10,Beauty & Health
RET002996,ORD0015834,PROD0577,CUST02070,2024-01-12,Changed Mind,6444.0,Refunded,7,Office Supplies
RET002997,ORD0015837,PROD0468,CUST03807,2021-12-04,Wrong Item,710.0,Pending,13,Fashion
RET002998,ORD0015838,PROD0064,CUST03420,2022-12-25,Wrong Item,408.0,Refunded,6,Books
RET002999,ORD0015838,PROD0514,CUST03420,2022-12-25,Better Price Found,102642.0,Pending,10,Electronics
RET003000,ORD0015838,PROD0748,CUST03420,2022-12-25,Changed Mind,2627.0,Refunded,4,Beauty & Health
RET003001,ORD0015838,PROD0545,CUST03420,2022-12-25,Wrong Item,359348.0,Pending,6,Electronics
RET003002,ORD0015846,PROD0150,CUST04418,2020-10-21,Wrong Item,5790.0,Refunded,9,Home & Kitchen
RET003003,ORD0015846,PROD0500,CUST04418,2020-10-21,Damaged in Transit,75128.0,Pending,5,Home & Kitchen
RET003004,ORD0015852,PROD0698,CUST01710,2024-03-05,Wrong Item,8029.0,Refunded,10,Fashion
RET003005,ORD0015852,PROD0458,CUST01710,2024-03-05,Size Issue,7448.0,Pending,5,Fashion
RET003006,ORD0015852,PROD0772,CUST01710,2024-03-05,Defective Product,76688.0,Refunded,4,Electronics
RET003007,ORD0015852,PROD0357,CUST01710,2024-03-05,Defective Product,14251.0,Refunded,13,Home & Kitchen
RET003008,ORD0015852,PROD0030,CUST01710,2024-03-05,Changed Mind,22196.0,Refunded,4,Sports & Fitness
RET003009,ORD0015853,PROD0429,CUST03415,2020-06-28,Defective Product,608.0,Rejected,8,Office Supplies
RET003010,ORD0015853,PROD0269,CUST03415,2020-06-28,Size Issue,2150.0,Refunded,5,Sports & Fitness
RET003011,ORD0015856,PROD0076,CUST01984,2021-04-28,Wrong Item,536.0,Refunded,8,Grocery
RET003012,ORD0015856,PROD0445,CUST01984,2021-04-28,Better Price Found,33386.0,Refunded,7,Home & Kitchen
RET003013,ORD0015866,PROD0722,CUST02422,2024-05-24,Damaged in Transit,2782.0,Refunded,9,Grocery
RET003014,ORD0015866,PROD0155,CUST02422,2024-05-24,Better Price Found,2363.0,Pending,5,Office Supplies
RET003015,ORD0015866,PROD0690,CUST02422,2024-05-24,Damaged in Transit,1104.0,Refunded,7,Books
RET003016,ORD0015871,PROD0313,CUST00855,2021-11-09,Damaged in Transit,3566.0,Refunded,10,Fashion
RET003017,ORD0015871,PROD0088,CUST00855,2021-11-09,Wrong Item,42059.0,Refunded,13,Electronics
RET003018,ORD0015871,PROD0068,CUST00855,2021-11-09,Defective Product,19527.0,Refunded,13,Electronics
RET003019,ORD0015877,PROD0554,CUST03094,2022-05-21,Defective Product,1830.0,Refunded,5,Fashion
RET003020,ORD0015880,PROD0006,CUST03311,2020-10-29,Changed Mind,3293.0,Refunded,10,Beauty & Health
RET003021,ORD0015888,PROD0127,CUST00522,2020-05-14,Defective Product,1014.0,Refunded,5,Sports & Fitness
RET003022,ORD0015888,PROD0188,CUST00522,2020-05-14,Damaged in Transit,788.0,Refunded,10,Books
RET003023,ORD0015898,PROD0690,CUST00803,2024-06-17,Wrong Item,736.0,Refunded,3,Books
RET003024,ORD0015900,PROD0377,CUST04437,2020-02-25,Size Issue,5445.0,Pending,13,Toys & Games
RET003025,ORD0015900,PROD0043,CUST04437,2020-02-25,Wrong Item,4182.0,Pending,7,Beauty & Health
RET003026,ORD0015926,PROD0284,CUST04553,2024-03-22,Changed Mind,1572.0,Pending,3,Beauty & Health
RET003027,ORD0015926,PROD0503,CUST04553,2024-03-22,Wrong Item,6272.0,Refunded,14,Office Supplies
RET003028,ORD0015931,PROD0715,CUST03561,2024-04-10,Size Issue,1996.0,Refunded,5,Home & Kitchen
RET003029,ORD0015952,PROD0742,CUST00325,2022-09-02,Wrong Item,206.0,Refunded,4,Books
RET003030,ORD0015952,PROD0759,CUST00325,2022-09-02,Damaged in Transit,6886.0,Refunded,3,Toys & Games
RET003031,ORD0015957,PROD0189,CUST00199,2021-01-13,Better Price Found,5341.0,Pending,8,Office Supplies
RET003032,ORD0015957,PROD0058,CUST00199,2021-01-13,Changed Mind,9856.0,Rejected,4,Home & Kitchen
RET003033,ORD0015959,PROD0799,CUST00062,2024-05-12,Changed Mind,42160.0,Pending,6,Electronics
RET003034,ORD0015987,PROD0418,CUST04186,2022-03-25,Changed Mind,1337.0,Refunded,11,Books
RET003035,ORD0015987,PROD0375,CUST04186,2022-03-25,Size Issue,8574.0,Refunded,12,Sports & Fitness
RET003036,ORD0016003,PROD0423,CUST03544,2021-11-10,Changed Mind,14146.0,Pending,5,Electronics
RET003037,ORD0016005,PROD0082,CUST04123,2021-09-16,Better Price Found,5299.0,Refunded,3,Automotive
RET003038,ORD0016005,PROD0173,CUST04123,2021-09-16,Defective Product,3519.0,Refunded,9,Automotive
RET003039,ORD0016005,PROD0768,CUST04123,2021-09-16,Better Price Found,3234.0,Refunded,8,Books
RET003040,ORD0016005,PROD0052,CUST04123,2021-09-16,Wrong Item,261620.0,Refunded,5,Electronics
RET003041,ORD0016005,PROD0162,CUST04123,2021-09-16,Better Price Found,4493.0,Refunded,7,Beauty & Health
RET003042,ORD0016009,PROD0670,CUST01000,2022-02-08,Wrong Item,5616.0,Refunded,6,Books
RET003043,ORD0016009,PROD0587,CUST01000,2022-02-08,Size Issue,5308.0,Refunded,10,Beauty & Health
RET003044,ORD0016009,PROD0299,CUST01000,2022-02-08,Damaged in Transit,8175.0,Rejected,12,Sports & Fitness
RET003045,ORD0016009,PROD0254,CUST01000,2022-02-08,Defective Product,11433.0,Refunded,11,Sports & Fitness
RET003046,ORD0016019,PROD0784,CUST01558,2020-12-15,Better Price Found,913.0,Refunded,13,Books
RET003047,ORD0016027,PROD0297,CUST01382,2020-11-01,Size Issue,31186.0,Rejected,8,Automotive
RET003048,ORD0016028,PROD0018,CUST00558,2024-06-27,Wrong Item,8236.0,Refunded,9,Fashion
RET003049,ORD0016036,PROD0350,CUST03790,2022-11-19,Better Price Found,9495.0,Refunded,10,Sports & Fitness
RET003050,ORD0016036,PROD0539,CUST03790,2022-11-19,Defective Product,15852.0,Refunded,5,Home & Kitchen
RET003051,ORD0016067,PROD0550,CUST02916,2022-03-02,Better Price Found,55196.0,Refunded,13,Home & Kitchen
RET003052,ORD0016067,PROD0729,CUST02916,2022-03-02,Changed Mind,1528.0,Rejected,6,Books
RET003053,ORD0016072,PROD0155,CUST01556,2020-11-23,Changed Mind,2363.0,Refunded,11,Office Supplies
RET003054,ORD0016072,PROD0110,CUST01556,2020-11-23,Better Price Found,2104.0,Refunded,13,Beauty & Health
RET003055,ORD0016099,PROD0615,CUST01264,2021-09-05,Wrong Item,14115.0,Pending,13,Toys & Games
RET003056,ORD0016099,PROD0539,CUST01264,2021-09-05,Wrong Item,21276.0,Refunded,10,Home & Kitchen
RET003057,ORD0016107,PROD0654,CUST00188,2024-04-04,Defective Product,108935.0,Refunded,5,Electronics
RET003058,ORD0016128,PROD0071,CUST03592,2022-07-26,Changed Mind,670.0,Refunded,6,Books
RET003059,ORD0016128,PROD0128,CUST03592,2022-07-26,Better Price Found,1503.0,Rejected,8,Toys & Games
RET003060,ORD0016131,PROD0420,CUST00049,2020-09-10,Size Issue,44576.0,Refunded,7,Sports & Fitness
RET003061,ORD0016134,PROD0538,CUST01874,2020-04-28,Better Price Found,1456.0,Pending,6,Books
RET003062,ORD0016134,PROD0300,CUST01874,2020-04-28,Defective Product,4438.0,Rejected,12,Beauty & Health
RET003063,ORD0016134,PROD0008,CUST01874,2020-04-28,Wrong Item,3882.0,Refunded,8,Office Supplies
RET003064,ORD0016134,PROD0695,CUST01874,2020-04-28,Wrong Item,2346.0,Refunded,8,Grocery
RET003065,ORD0016139,PROD0295,CUST00457,2020-05-08,Size Issue,490.0,Refunded,8,Toys & Games
RET003066,ORD0016139,PROD0483,CUST00457,2020-05-08,Better Price Found,1552.0,Refunded,13,Books
RET003067,ORD0016150,PROD0500,CUST01787,2023-10-17,Changed Mind,37564.0,Refunded,5,Home & Kitchen
RET003068,ORD0016156,PROD0205,CUST04228,2024-10-04,Damaged in Transit,9274.0,Refunded,10,Toys & Games
RET003069,ORD0016169,PROD0265,CUST03660,2022-02-09,Damaged in Transit,4774.0,Refunded,5,Toys & Games
RET003070,ORD0016169,PROD0503,CUST03660,2022-02-09,Better Price Found,5644.0,Refunded,14,Office Supplies
RET003071,ORD0016180,PROD0600,CUST03682,2022-01-09,Changed Mind,2560.0,Pending,8,Beauty & Health
RET003072,ORD0016180,PROD0332,CUST03682,2022-01-09,Better Price Found,368.0,Refunded,9,Books
RET003073,ORD0016180,PROD0782,CUST03682,2022-01-09,Better Price Found,19760.0,Refunded,6,Sports & Fitness
RET003074,ORD0016180,PROD0603,CUST03682,2022-01-09,Size Issue,1908.0,Refunded,10,Beauty & Health
RET003075,ORD0016181,PROD0696,CUST04444,2023-12-17,Size Issue,621.0,Rejected,10,Books
RET003076,ORD0016181,PROD0320,CUST04444,2023-12-17,Changed Mind,29085.0,Refunded,13,Fashion
RET003077,ORD0016181,PROD0458,CUST04444,2023-12-17,Defective Product,14112.0,Refunded,8,Fashion
RET003078,ORD0016193,PROD0154,CUST04849,2022-05-25,Wrong Item,3436.0,Refunded,7,Beauty & Health
RET003079,ORD0016193,PROD0545,CUST04849,2022-05-25,Wrong Item,179674.0,Refunded,9,Electronics
RET003080,ORD0016194,PROD0683,CUST00778,2023-09-18,Better Price Found,672.0,Pending,9,Books
RET003081,ORD0016198,PROD0420,CUST01432,2023-05-29,Defective Product,13373.0,Refunded,12,Sports & Fitness
RET003082,ORD0016198,PROD0467,CUST01432,2023-05-29,Changed Mind,2602.0,Refunded,13,Beauty & Health
RET003083,ORD0016198,PROD0092,CUST01432,2023-05-29,Wrong Item,7418.0,Refunded,7,Beauty & Health
RET003084,ORD0016198,PROD0102,CUST01432,2023-05-29,Size Issue,83098.0,Refunded,9,Electronics
RET003085,ORD0016198,PROD0752,CUST01432,2023-05-29,Size Issue,100.0,Refunded,12,Office Supplies
RET003086,ORD0016233,PROD0149,CUST00622,2021-02-01,Changed Mind,52022.0,Refunded,14,Home & Kitchen
RET003087,ORD0016233,PROD0291,CUST00622,2021-02-01,Defective Product,2478.0,Refunded,8,Office Supplies
RET003088,ORD0016244,PROD0036,CUST01102,2024-01-20,Better Price Found,10748.0,Refunded,9,Fashion
RET003089,ORD0016283,PROD0126,CUST00687,2021-05-26,Size Issue,5207.0,Refunded,3,Fashion
RET003090,ORD0016292,PROD0294,CUST01558,2022-12-08,Size Issue,23326.0,Refunded,12,Sports & Fitness
RET003091,ORD0016304,PROD0439,CUST00635,2021-03-12,Defective Product,5160.0,Refunded,13,Fashion
RET003092,ORD0016309,PROD0377,CUST03356,2020-11-13,Size Issue,1708.0,Refunded,11,Toys & Games
RET003093,ORD0016309,PROD0544,CUST03356,2020-11-13,Wrong Item,367.0,Refunded,8,Beauty & Health
RET003094,ORD0016309,PROD0136,CUST03356,2020-11-13,Damaged in Transit,123760.0,Pending,7,Electronics
RET003095,ORD0016309,PROD0239,CUST03356,2020-11-13,Size Issue,2842.0,Refunded,7,Fashion
RET003096,ORD0016309,PROD0139,CUST03356,2020-11-13,Changed Mind,47274.0,Rejected,13,Home & Kitchen
RET003097,ORD0016337,PROD0599,CUST00057,2023-10-01,Size Issue,14050.0,Pending,3,Home & Kitchen
RET003098,ORD0016345,PROD0327,CUST02575,2021-06-22,Damaged in Transit,1731.0,Refunded,13,Toys & Games
RET003099,ORD0016345,PROD0228,CUST02575,2021-06-22,Changed Mind,202.0,Refunded,14,Books
RET003100,ORD0016349,PROD0324,CUST00926,2022-11-25,Wrong Item,1013.0,Pending,11,Grocery
RET003101,ORD0016351,PROD0108,CUST00517,2023-02-21,Size Issue,33303.0,Refunded,7,Home & Kitchen
RET003102,ORD0016355,PROD0254,CUST01696,2023-09-16,Damaged in Transit,38112.0,Refunded,9,Sports & Fitness
RET003103,ORD0016355,PROD0529,CUST01696,2023-09-16,Size Issue,723.0,Refunded,12,Books
RET003104,ORD0016378,PROD0721,CUST02059,2022-12-07,Size Issue,3172.0,Refunded,5,Grocery
RET003105,ORD0016378,PROD0650,CUST02059,2022-12-07,Changed Mind,744.0,Pending,11,Books
RET003106,ORD0016383,PROD0396,CUST02318,2022-09-13,Size Issue,28958.0,Refunded,11,Home & Kitchen
RET003107,ORD0016394,PROD0463,CUST03348,2021-10-05,Changed Mind,4702.0,Refunded,11,Sports & Fitness
RET003108,ORD0016394,PROD0241,CUST03348,2021-10-05,Changed Mind,35551.0,Refunded,10,Home & Kitchen
RET003109,ORD0016397,PROD0146,CUST04860,2020-10-03,Defective Product,1048.0,Pending,8,Office Supplies
RET003110,ORD0016397,PROD0324,CUST04860,2020-10-03,Defective Product,2026.0,Refunded,14,Grocery
RET003111,ORD0016404,PROD0699,CUST02702,2020-09-13,Defective Product,16152.0,Refunded,3,Automotive
RET003112,ORD0016404,PROD0027,CUST02702,2020-09-13,Size Issue,6290.0,Refunded,6,Office Supplies
RET003113,ORD0016407,PROD0556,CUST02317,2020-10-11,Size Issue,3574.0,Pending,6,Toys & Games
RET003114,ORD0016413,PROD0103,CUST04982,2024-03-30,Size Issue,4580.0,Refunded,9,Fashion
RET003115,ORD0016413,PROD0072,CUST04982,2024-03-30,Size Issue,175704.0,Refunded,6,Electronics
RET003116,ORD0016415,PROD0368,CUST00890,2024-02-18,Better Price Found,4299.0,Refunded,7,Beauty & Health
RET003117,ORD0016418,PROD0429,CUST04256,2021-09-10,Better Price Found,567.0,Refunded,12,Office Supplies
RET003118,ORD0016431,PROD0223,CUST01152,2022-11-29,Damaged in Transit,12828.0,Refunded,3,Sports & Fitness
RET003119,ORD0016432,PROD0055,CUST03841,2023-09-16,Better Price Found,3747.0,Refunded,8,Toys & Games
RET003120,ORD0016432,PROD0133,CUST03841,2023-09-16,Better Price Found,2844.0,Rejected,13,Office Supplies
RET003121,ORD0016443,PROD0613,CUST00429,2023-08-10,Wrong Item,687.0,Refunded,6,Grocery
RET003122,ORD0016463,PROD0727,CUST00949,2021-04-27,Damaged in Transit,4701.0,Refunded,5,Office Supplies
RET003123,ORD0016475,PROD0428,CUST02565,2021-08-02,Changed Mind,3102.0,Refunded,12,Grocery
RET003124,ORD0016492,PROD0108,CUST00667,2020-04-12,Damaged in Transit,37466.0,Refunded,12,Home & Kitchen
RET003125,ORD0016492,PROD0427,CUST00667,2020-04-12,Size Issue,2101.0,Refunded,3,Sports & Fitness
RET003126,ORD0016492,PROD0069,CUST00667,2020-04-12,Changed Mind,10502.0,Refunded,13,Sports & Fitness
RET003127,ORD0016517,PROD0495,CUST00844,2023-11-18,Changed Mind,414440.0,Refunded,14,Electronics
RET003128,ORD0016517,PROD0078,CUST00844,2023-11-18,Better Price Found,15328.0,Refunded,9,Office Supplies
RET003129,ORD0016526,PROD0602,CUST00841,2024-10-20,Damaged in Transit,15568.0,Refunded,14,Office Supplies
RET003130,ORD0016537,PROD0699,CUST00121,2024-08-18,Changed Mind,17002.0,Refunded,8,Automotive
RET003131,ORD0016537,PROD0504,CUST00121,2024-08-18,Better Price Found,18440.0,Pending,8,Home & Kitchen
RET003132,ORD0016541,PROD0173,CUST01916,2023-09-12,Size Issue,4456.0,Refunded,6,Automotive
RET003133,ORD0016574,PROD0628,CUST01498,2024-07-19,Damaged in Transit,956.0,Refunded,14,Grocery
RET003134,ORD0016580,PROD0652,CUST00632,2021-02-12,Wrong Item,4623.0,Refunded,3,Beauty & Health
RET003135,ORD0016580,PROD0178,CUST00632,2021-02-12,Better Price Found,1119.0,Refunded,11,Toys & Games
RET003136,ORD0016580,PROD0218,CUST00632,2021-02-12,Better Price Found,39352.0,Refunded,6,Home & Kitchen
RET003137,ORD0016580,PROD0033,CUST00632,2021-02-12,Better Price Found,73653.0,Pending,8,Electronics
RET003138,ORD0016580,PROD0693,CUST00632,2021-02-12,Defective Product,6452.0,Rejected,3,Toys & Games
RET003139,ORD0016582,PROD0155,CUST01123,2021-08-20,Damaged in Transit,2363.0,Refunded,5,Office Supplies
RET003140,ORD0016584,PROD0386,CUST00283,2021-04-29,Damaged in Transit,8828.0,Refunded,9,Fashion
RET003141,ORD0016584,PROD0309,CUST00283,2021-04-29,Size Issue,77476.0,Refunded,6,Electronics
RET003142,ORD0016584,PROD0364,CUST00283,2021-04-29,Damaged in Transit,218.0,Refunded,8,Books
RET003143,ORD0016603,PROD0216,CUST00970,2021-10-20,Changed Mind,10830.0,Refunded,3,Fashion
RET003144,ORD0016605,PROD0526,CUST00130,2024-08-29,Defective Product,529.0,Refunded,11,Books
RET003145,ORD0016629,PROD0187,CUST00189,2024-04-30,Changed Mind,463.0,Refunded,9,Books
RET003146,ORD0016643,PROD0257,CUST01416,2020-07-12,Defective Product,50900.0,Refunded,5,Electronics
RET003147,ORD0016644,PROD0009,CUST01481,2022-07-08,Defective Product,4170.0,Refunded,4,Beauty & Health
RET003148,ORD0016653,PROD0741,CUST04350,2023-10-01,Better Price Found,7374.0,Refunded,12,Fashion
RET003149,ORD0016658,PROD0643,CUST03641,2021-06-06,Changed Mind,15154.0,Rejected,10,Fashion
RET003150,ORD0016658,PROD0435,CUST03641,2021-06-06,Size Issue,913.0,Refunded,13,Books
RET003151,ORD0016658,PROD0514,CUST03641,2021-06-06,Size Issue,47044.0,Refunded,4,Electronics
RET003152,ORD0016666,PROD0347,CUST01425,2020-07-29,Damaged in Transit,1451.0,Refunded,3,Fashion
RET003153,ORD0016666,PROD0241,CUST01425,2020-07-29,Damaged in Transit,71102.0,Refunded,4,Home & Kitchen
RET003154,ORD0016684,PROD0438,CUST04202,2021-02-13,Damaged in Transit,1730.0,Refunded,5,Automotive
RET003155,ORD0016696,PROD0365,CUST04299,2025-01-06,Wrong Item,5648.0,Pending,3,Automotive
RET003156,ORD0016703,PROD0526,CUST02812,2024-09-21,Better Price Found,570.0,Rejected,12,Books
RET003157,ORD0016704,PROD0232,CUST04945,2023-11-02,Size Issue,246.0,Refunded,14,Books
RET003158,ORD0016704,PROD0100,CUST04945,2023-11-02,Changed Mind,10297.0,Refunded,10,Automotive
RET003159,ORD0016704,PROD0441,CUST04945,2023-11-02,Defective Product,704.0,Refunded,4,Grocery
RET003160,ORD0016704,PROD0368,CUST04945,2023-11-02,Defective Product,8598.0,Refunded,10,Beauty & Health
RET003161,ORD0016706,PROD0362,CUST04704,2021-03-21,Changed Mind,74331.0,Pending,4,Electronics
RET003162,ORD0016706,PROD0575,CUST04704,2021-03-21,Wrong Item,577.0,Refunded,9,Fashion
RET003163,ORD0016713,PROD0279,CUST03199,2020-05-12,Damaged in Transit,921.0,Refunded,13,Grocery
RET003164,ORD0016713,PROD0013,CUST03199,2020-05-12,Changed Mind,26917.0,Pending,9,Electronics
RET003165,ORD0016721,PROD0115,CUST04119,2023-07-09,Damaged in Transit,14550.0,Refunded,11,Toys & Games
RET003166,ORD0016722,PROD0314,CUST02885,2022-12-02,Better Price Found,15700.0,Refunded,5,Home & Kitchen
RET003167,ORD0016731,PROD0743,CUST03348,2021-06-05,Changed Mind,9976.0,Refunded,10,Beauty & Health
RET003168,ORD0016734,PROD0463,CUST00667,2022-04-19,Better Price Found,2687.0,Pending,12,Sports & Fitness
RET003169,ORD0016739,PROD0756,CUST02081,2024-01-04,Wrong Item,6626.0,Refunded,4,Automotive
RET003170,ORD0016750,PROD0469,CUST01543,2021-04-28,Damaged in Transit,39.0,Refunded,12,Grocery
RET003171,ORD0016750,PROD0260,CUST01543,2021-04-28,Defective Product,914.0,Refunded,8,Books
RET003172,ORD0016753,PROD0059,CUST02132,2021-05-30,Better Price Found,4450.0,Pending,13,Beauty & Health
RET003173,ORD0016753,PROD0584,CUST02132,2021-05-30,Size Issue,2651.0,Rejected,10,Toys & Games
RET003174,ORD0016753,PROD0190,CUST02132,2021-05-30,Wrong Item,2920.0,Refunded,8,Automotive
RET003175,ORD0016756,PROD0416,CUST00761,2020-12-01,Damaged in Transit,2350.0,Refunded,7,Fashion
RET003176,ORD0016756,PROD0215,CUST00761,2020-12-01,Defective Product,1826.0,Rejected,7,Books
RET003177,ORD0016756,PROD0533,CUST00761,2020-12-01,Defective Product,17310.0,Refunded,5,Office Supplies
RET003178,ORD0016756,PROD0122,CUST00761,2020-12-01,Size Issue,29678.0,Refunded,9,Sports & Fitness
RET003179,ORD0016757,PROD0376,CUST04535,2024-02-19,Better Price Found,1897.0,Refunded,14,Beauty & Health
RET003180,ORD0016757,PROD0508,CUST04535,2024-02-19,Size Issue,25876.0,Pending,9,Automotive
RET003181,ORD0016757,PROD0479,CUST04535,2024-02-19,Better Price Found,8812.0,Refunded,6,Home & Kitchen
RET003182,ORD0016757,PROD0115,CUST04535,2024-02-19,Changed Mind,5120.0,Refunded,6,Toys & Games
RET003183,ORD0016790,PROD0346,CUST03295,2022-10-17,Size Issue,36828.0,Refunded,8,Home & Kitchen
RET003184,ORD0016790,PROD0175,CUST03295,2022-10-17,Damaged in Transit,1788.0,Refunded,11,Grocery
RET003185,ORD0016790,PROD0472,CUST03295,2022-10-17,Damaged in Transit,52916.0,Refunded,13,Home & Kitchen
RET003186,ORD0016813,PROD0654,CUST03364,2024-07-03,Damaged in Transit,115744.0,Refunded,12,Electronics
RET003187,ORD0016833,PROD0361,CUST00547,2024-04-25,Size Issue,43982.0,Refunded,11,Home & Kitchen
RET003188,ORD0016833,PROD0138,CUST00547,2024-04-25,Wrong Item,3935.0,Refunded,7,Fashion
RET003189,ORD0016836,PROD0434,CUST01721,2021-02-04,Better Price Found,1842.0,Rejected,10,Sports & Fitness
RET003190,ORD0016866,PROD0623,CUST04291,2020-01-29,Changed Mind,13832.0,Pending,14,Office Supplies
RET003191,ORD0016881,PROD0172,CUST03458,2024-08-02,Defective Product,4330.0,Refunded,7,Fashion
RET003192,ORD0016901,PROD0351,CUST03899,2022-05-20,Damaged in Transit,7676.0,Refunded,3,Sports & Fitness
RET003193,ORD0016901,PROD0505,CUST03899,2022-05-20,Damaged in Transit,5648.0,Refunded,12,Fashion
RET003194,ORD0016901,PROD0446,CUST03899,2022-05-20,Damaged in Transit,1424.0,Refunded,10,Books
RET003195,ORD0016901,PROD0052,CUST03899,2022-05-20,Defective Product,130810.0,Refunded,13,Electronics
RET003196,ORD0016905,PROD0013,CUST01903,2022-07-12,Defective Product,26917.0,Refunded,8,Electronics
RET003197,ORD0016905,PROD0030,CUST01903,2022-07-12,Size Issue,6202.0,Pending,9,Sports & Fitness
RET003198,ORD0016905,PROD0405,CUST01903,2022-07-12,Better Price Found,3104.0,Refunded,7,Fashion
RET003199,ORD0016915,PROD0209,CUST03164,2021-12-21,Wrong Item,10187.0,Refunded,5,Sports & Fitness
RET003200,ORD0016919,PROD0084,CUST04177,2025-01-21,Wrong Item,17260.0,Refunded,6,Automotive
RET003201,ORD0016919,PROD0148,CUST04177,2025-01-21,Better Price Found,36422.0,Pending,9,Electronics
RET003202,ORD0016919,PROD0392,CUST04177,2025-01-21,Wrong Item,15976.0,Refunded,5,Sports & Fitness
RET003203,ORD0016919,PROD0775,CUST04177,2025-01-21,Size Issue,23699.0,Refunded,6,Home & Kitchen
RET003204,ORD0016922,PROD0743,CUST03183,2021-04-08,Wrong Item,2494.0,Rejected,3,Beauty & Health
RET003205,ORD0016935,PROD0402,CUST00754,2024-07-01,Better Price Found,3460.0,Refunded,8,Office Supplies
RET003206,ORD0016935,PROD0510,CUST00754,2024-07-01,Size Issue,15609.0,Pending,12,Electronics
RET003207,ORD0016941,PROD0088,CUST02734,2021-01-10,Wrong Item,42059.0,Refunded,7,Electronics
RET003208,ORD0016942,PROD0258,CUST03964,2023-07-31,Better Price Found,1721.0,Pending,7,Beauty & Health
RET003209,ORD0016943,PROD0329,CUST00250,2024-05-12,Wrong Item,3520.0,Refunded,5,Grocery
RET003210,ORD0016943,PROD0285,CUST00250,2024-05-12,Changed Mind,31026.0,Refunded,12,Home & Kitchen
RET003211,ORD0016953,PROD0794,CUST02346,2024-08-09,Damaged in Transit,362.0,Refunded,8,Toys & Games
RET003212,ORD0016953,PROD0349,CUST02346,2024-08-09,Wrong Item,256.0,Pending,11,Toys & Games
RET003213,ORD0016953,PROD0434,CUST02346,2024-08-09,Wrong Item,1842.0,Pending,4,Sports & Fitness
RET003214,ORD0016953,PROD0755,CUST02346,2024-08-09,Changed Mind,110204.0,Refunded,14,Electronics
RET003215,ORD0016961,PROD0127,CUST00182,2020-12-01,Size Issue,1067.0,Refunded,12,Sports & Fitness
RET003216,ORD0016961,PROD0593,CUST00182,2020-12-01,Defective Product,20766.0,Refunded,9,Home & Kitchen
RET003217,ORD0016966,PROD0068,CUST00753,2021-01-30,Wrong Item,39054.0,Refunded,9,Electronics
RET003218,ORD0016966,PROD0089,CUST00753,2021-01-30,Defective Product,2690.0,Refunded,8,Office Supplies
RET003219,ORD0016980,PROD0528,CUST02180,2020-03-01,Changed Mind,29472.0,Refunded,8,Home & Kitchen
RET003220,ORD0016983,PROD0536,CUST03498,2023-08-14,Wrong Item,260.0,Pending,6,Grocery
RET003221,ORD0016988,PROD0670,CUST02758,2022-03-06,Wrong Item,2528.0,Refunded,12,Books
RET003222,ORD0017003,PROD0650,CUST01906,2022-06-03,Size Issue,372.0,Refunded,8,Books
RET003223,ORD0017003,PROD0359,CUST01906,2022-06-03,Changed Mind,4528.0,Refunded,6,Office Supplies
RET003224,ORD0017006,PROD0545,CUST04717,2024-11-14,Damaged in Transit,179674.0,Refunded,11,Electronics
RET003225,ORD0017006,PROD0800,CUST04717,2024-11-14,Better Price Found,31755.0,Refunded,6,Sports & Fitness
RET003226,ORD0017006,PROD0067,CUST04717,2024-11-14,Defective Product,3794.0,Rejected,11,Toys & Games
RET003227,ORD0017006,PROD0574,CUST04717,2024-11-14,Damaged in Transit,84334.0,Refunded,3,Electronics
RET003228,ORD0017007,PROD0465,CUST01818,2023-12-19,Changed Mind,573.0,Refunded,12,Grocery
RET003229,ORD0017007,PROD0792,CUST01818,2023-12-19,Damaged in Transit,308.0,Pending,11,Books
RET003230,ORD0017012,PROD0434,CUST04674,2024-10-09,Wrong Item,7368.0,Refunded,13,Sports & Fitness
RET003231,ORD0017019,PROD0264,CUST01010,2022-02-10,Damaged in Transit,37416.0,Rejected,7,Electronics
RET003232,ORD0017037,PROD0723,CUST02233,2022-01-24,Size Issue,3125.0,Refunded,10,Beauty & Health
RET003233,ORD0017043,PROD0456,CUST00467,2020-04-23,Size Issue,3262.0,Pending,12,Beauty & Health
RET003234,ORD0017052,PROD0386,CUST01278,2023-12-29,Changed Mind,4154.0,Pending,13,Fashion
RET003235,ORD0017052,PROD0740,CUST01278,2023-12-29,Defective Product,1105.0,Refunded,14,Grocery
RET003236,ORD0017052,PROD0207,CUST01278,2023-12-29,Wrong Item,981.0,Pending,7,Books
RET003237,ORD0017052,PROD0545,CUST01278,2023-12-29,Defective Product,359348.0,Refunded,4,Electronics
RET003238,ORD0017060,PROD0719,CUST02472,2023-12-17,Better Price Found,1174.0,Refunded,11,Books
RET003239,ORD0017074,PROD0665,CUST02301,2021-12-24,Damaged in Transit,99100.0,Refunded,14,Electronics
RET003240,ORD0017075,PROD0164,CUST02372,2020-07-10,Better Price Found,2409.0,Refunded,8,Beauty & Health
RET003241,ORD0017075,PROD0625,CUST02372,2020-07-10,Changed Mind,2723.0,Refunded,10,Toys & Games
RET003242,ORD0017075,PROD0429,CUST02372,2020-07-10,Size Issue,1824.0,Refunded,8,Office Supplies
RET003243,ORD0017075,PROD0461,CUST02372,2020-07-10,Wrong Item,401.0,Pending,14,Office Supplies
RET003244,ORD0017085,PROD0064,CUST04874,2021-06-16,Changed Mind,136.0,Pending,8,Books
RET003245,ORD0017085,PROD0783,CUST04874,2021-06-16,Size Issue,113666.0,Pending,10,Electronics
RET003246,ORD0017087,PROD0368,CUST02426,2024-10-29,Damaged in Transit,4299.0,Pending,11,Beauty & Health
RET003247,ORD0017091,PROD0791,CUST01347,2021-02-26,Wrong Item,2184.0,Refunded,13,Fashion
RET003248,ORD0017091,PROD0196,CUST01347,2021-02-26,Wrong Item,798.0,Refunded,8,Books
RET003249,ORD0017091,PROD0370,CUST01347,2021-02-26,Size Issue,4099.0,Refunded,12,Fashion
RET003250,ORD0017091,PROD0467,CUST01347,2021-02-26,Changed Mind,2602.0,Refunded,8,Beauty & Health
RET003251,ORD0017092,PROD0046,CUST04338,2024-03-05,Defective Product,14556.0,Refunded,4,Electronics
RET003252,ORD0017092,PROD0131,CUST04338,2024-03-05,Defective Product,10446.0,Pending,5,Office Supplies
RET003253,ORD0017092,PROD0232,CUST04338,2024-03-05,Changed Mind,738.0,Pending,14,Books
RET003254,ORD0017096,PROD0605,CUST04623,2020-09-26,Wrong Item,29976.0,Refunded,3,Sports & Fitness
RET003255,ORD0017096,PROD0396,CUST04623,2020-09-26,Defective Product,61322.0,Pending,9,Home & Kitchen
RET003256,ORD0017098,PROD0240,CUST00822,2024-11-16,Changed Mind,3186.0,Refunded,12,Beauty & Health
RET003257,ORD0017099,PROD0199,CUST03660,2023-12-15,Size Issue,4056.0,Refunded,14,Fashion
RET003258,ORD0017114,PROD0195,CUST00503,2020-11-21,Wrong Item,3247.0,Rejected,7,Automotive
RET003259,ORD0017114,PROD0597,CUST00503,2020-11-21,Size Issue,627.0,Refunded,10,Books
RET003260,ORD0017114,PROD0269,CUST00503,2020-11-21,Size Issue,3942.0,Refunded,5,Sports & Fitness
RET003261,ORD0017114,PROD0620,CUST00503,2020-11-21,Size Issue,1391.0,Refunded,10,Books
RET003262,ORD0017114,PROD0374,CUST00503,2020-11-21,Wrong Item,1424.0,Refunded,6,Toys & Games
RET003263,ORD0017116,PROD0481,CUST00442,2024-08-27,Wrong Item,3161.0,Refunded,8,Beauty & Health
RET003264,ORD0017122,PROD0003,CUST04195,2020-03-31,Defective Product,25338.0,Refunded,5,Electronics
RET003265,ORD0017122,PROD0605,CUST04195,2020-03-31,Wrong Item,80934.0,Refunded,12,Sports & Fitness
RET003266,ORD0017124,PROD0180,CUST03756,2023-01-20,Defective Product,36432.0,Refunded,8,Home & Kitchen
RET003267,ORD0017124,PROD0397,CUST03756,2023-01-20,Changed Mind,5226.0,Refunded,6,Automotive
RET003268,ORD0017133,PROD0302,CUST01462,2022-07-19,Wrong Item,2206.0,Refunded,7,Beauty & Health
RET003269,ORD0017133,PROD0669,CUST01462,2022-07-19,Damaged in Transit,16110.0,Refunded,4,Home & Kitchen
RET003270,ORD0017136,PROD0605,CUST04220,2021-08-10,Wrong Item,29976.0,Refunded,6,Sports & Fitness
RET003271,ORD0017139,PROD0235,CUST04580,2024-08-19,Wrong Item,3369.0,Refunded,9,Toys & Games
RET003272,ORD0017139,PROD0667,CUST04580,2024-08-19,Defective Product,14598.0,Refunded,8,Home & Kitchen
RET003273,ORD0017143,PROD0552,CUST03808,2024-09-04,Wrong Item,3232.0,Refunded,11,Beauty & Health
RET003274,ORD0017145,PROD0697,CUST03635,2022-12-10,Better Price Found,16588.0,Refunded,5,Sports & Fitness
RET003275,ORD0017153,PROD0257,CUST04147,2020-09-17,Size Issue,27147.0,Refunded,4,Electronics
RET003276,ORD0017156,PROD0472,CUST01857,2021-07-22,Changed Mind,26458.0,Pending,4,Home & Kitchen
RET003277,ORD0017158,PROD0477,CUST01598,2024-10-27,Size Issue,6870.0,Pending,6,Fashion
RET003278,ORD0017159,PROD0102,CUST03693,2023-12-20,Defective Product,36933.0,Refunded,3,Electronics
RET003279,ORD0017159,PROD0718,CUST03693,2023-12-20,Changed Mind,45412.0,Pending,14,Home & Kitchen
RET003280,ORD0017162,PROD0683,CUST00734,2020-03-18,Wrong Item,336.0,Pending,14,Books
RET003281,ORD0017162,PROD0139,CUST00734,2020-03-18,Better Price Found,13788.0,Refunded,3,Home & Kitchen
RET003282,ORD0017162,PROD0714,CUST00734,2020-03-18,Wrong Item,7641.0,Refunded,12,Sports & Fitness
RET003283,ORD0017191,PROD0199,CUST00755,2020-07-19,Changed Mind,1622.0,Refunded,14,Fashion
RET003284,ORD0017191,PROD0279,CUST00755,2020-07-19,Damaged in Transit,1053.0,Refunded,8,Grocery
RET003285,ORD0017191,PROD0591,CUST00755,2020-07-19,Damaged in Transit,778.0,Refunded,13,Grocery
RET003286,ORD0017191,PROD0710,CUST00755,2020-07-19,Changed Mind,25574.0,Refunded,13,Sports & Fitness
RET003287,ORD0017191,PROD0129,CUST00755,2020-07-19,Size Issue,8935.0,Refunded,7,Automotive
RET003288,ORD0017202,PROD0738,CUST00343,2024-03-02,Better Price Found,2505.0,Refunded,13,Beauty & Health
RET003289,ORD0017202,PROD0278,CUST00343,2024-03-02,Defective Product,15651.0,Refunded,9,Toys & Games
RET003290,ORD0017202,PROD0466,CUST00343,2024-03-02,Wrong Item,58752.0,Refunded,5,Home & Kitchen
RET003291,ORD0017206,PROD0421,CUST04519,2022-07-04,Size Issue,6258.0,Refunded,10,Fashion
RET003292,ORD0017206,PROD0796,CUST04519,2022-07-04,Defective Product,4172.0,Refunded,8,Office Supplies
RET003293,ORD0017218,PROD0283,CUST04010,2021-01-05,Better Price Found,255.0,Refunded,6,Grocery
RET003294,ORD0017219,PROD0291,CUST00092,2023-03-03,Size Issue,2752.0,Refunded,6,Office Supplies
RET003295,ORD0017240,PROD0446,CUST01552,2022-11-24,Changed Mind,1424.0,Refunded,3,Books
RET003296,ORD0017243,PROD0240,CUST02460,2022-03-04,Wrong Item,3186.0,Refunded,6,Beauty & Health
RET003297,ORD0017250,PROD0696,CUST00271,2020-06-16,Better Price Found,1863.0,Refunded,12,Books
RET003298,ORD0017250,PROD0049,CUST00271,2020-06-16,Size Issue,995.0,Refunded,6,Sports & Fitness
RET003299,ORD0017250,PROD0226,CUST00271,2020-06-16,Size Issue,20030.0,Refunded,11,Home & Kitchen
RET003300,ORD0017263,PROD0419,CUST02674,2023-01-03,Defective Product,3238.0,Refunded,5,Automotive
RET003301,ORD0017263,PROD0488,CUST02674,2023-01-03,Defective Product,8846.0,Refunded,14,Fashion
RET003302,ORD0017266,PROD0350,CUST02176,2021-03-14,Damaged in Transit,32046.0,Refunded,4,Sports & Fitness
RET003303,ORD0017266,PROD0247,CUST02176,2021-03-14,Wrong Item,936.0,Refunded,7,Books
RET003304,ORD0017266,PROD0016,CUST02176,2021-03-14,Wrong Item,2307.0,Refunded,6,Books
RET003305,ORD0017276,PROD0170,CUST04275,2021-12-15,Wrong Item,980.0,Refunded,11,Grocery
RET003306,ORD0017279,PROD0469,CUST04903,2020-12-03,Damaged in Transit,36.0,Rejected,11,Grocery
RET003307,ORD0017280,PROD0221,CUST01549,2022-04-28,Damaged in Transit,31570.0,Refunded,14,Home & Kitchen
RET003308,ORD0017280,PROD0166,CUST01549,2022-04-28,Damaged in Transit,14768.0,Refunded,13,Fashion
RET003309,ORD0017303,PROD0372,CUST04293,2021-03-24,Size Issue,738.0,Pending,4,Books
RET003310,ORD0017303,PROD0256,CUST04293,2021-03-24,Better Price Found,4258.0,Refunded,8,Home & Kitchen
RET003311,ORD0017303,PROD0289,CUST04293,2021-03-24,Wrong Item,959.0,Refunded,3,Books
RET003312,ORD0017303,PROD0720,CUST04293,2021-03-24,Changed Mind,15150.0,Refunded,5,Home & Kitchen
RET003313,ORD0017327,PROD0379,CUST03287,2023-04-13,Damaged in Transit,416.0,Refunded,12,Grocery
RET003314,ORD0017341,PROD0203,CUST03921,2021-04-05,Better Price Found,9366.0,Refunded,11,Fashion
RET003315,ORD0017350,PROD0401,CUST03137,2023-10-28,Damaged in Transit,77884.0,Refunded,5,Home & Kitchen
RET003316,ORD0017350,PROD0646,CUST03137,2023-10-28,Changed Mind,41178.0,Pending,5,Sports & Fitness
RET003317,ORD0017359,PROD0333,CUST01943,2021-08-03,Changed Mind,1156.0,Rejected,9,Home & Kitchen
RET003318,ORD0017359,PROD0552,CUST01943,2021-08-03,Defective Product,3232.0,Rejected,4,Beauty & Health
RET003319,ORD0017359,PROD0703,CUST01943,2021-08-03,Size Issue,13059.0,Refunded,14,Electronics
RET003320,ORD0017359,PROD0640,CUST01943,2021-08-03,Size Issue,6680.0,Refunded,14,Toys & Games
RET003321,ORD0017368,PROD0325,CUST01163,2020-06-02,Defective Product,8677.0,Refunded,8,Automotive
RET003322,ORD0017389,PROD0442,CUST02251,2022-11-01,Better Price Found,686.0,Refunded,11,Grocery
RET003323,ORD0017417,PROD0612,CUST02446,2020-11-23,Size Issue,277.0,Refunded,5,Grocery
RET003324,ORD0017437,PROD0353,CUST00433,2022-04-19,Better Price Found,42694.0,Refunded,6,Electronics
RET003325,ORD0017437,PROD0306,CUST00433,2022-04-19,Size Issue,7918.0,Pending,8,Beauty & Health
RET003326,ORD0017437,PROD0203,CUST00433,2022-04-19,Better Price Found,4683.0,Refunded,3,Fashion
RET003327,ORD0017438,PROD0630,CUST02064,2024-10-30,Changed Mind,2708.0,Refunded,5,Fashion
RET003328,ORD0017439,PROD0391,CUST02619,2022-11-18,Wrong Item,24580.0,Refunded,12,Home & Kitchen
RET003329,ORD0017441,PROD0653,CUST01697,2024-01-27,Defective Product,3851.0,Rejected,14,Sports & Fitness
RET003330,ORD0017449,PROD0472,CUST00001,2023-12-02,Wrong Item,79374.0,Refunded,10,Home & Kitchen
RET003331,ORD0017451,PROD0501,CUST00950,2024-11-09,Wrong Item,19576.0,Pending,9,Home & Kitchen
RET003332,ORD0017451,PROD0693,CUST00950,2024-11-09,Better Price Found,3024.0,Refunded,7,Toys & Games
RET003333,ORD0017451,PROD0735,CUST00950,2024-11-09,Changed Mind,1988.0,Refunded,6,Office Supplies
RET003334,ORD0017462,PROD0124,CUST02683,2020-08-23,Changed Mind,2782.0,Refunded,8,Fashion
RET003335,ORD0017464,PROD0197,CUST00721,2021-02-07,Size Issue,2828.0,Refunded,9,Beauty & Health
RET003336,ORD0017488,PROD0429,CUST02062,2023-05-14,Size Issue,1052.0,Refunded,3,Office Supplies
RET003337,ORD0017493,PROD0142,CUST01207,2023-04-20,Wrong Item,3168.0,Refunded,10,Grocery
RET003338,ORD0017506,PROD0325,CUST05000,2023-05-19,Size Issue,18932.0,Refunded,3,Automotive
RET003339,ORD0017543,PROD0466,CUST00318,2022-03-06,Changed Mind,33293.0,Refunded,11,Home & Kitchen
RET003340,ORD0017543,PROD0577,CUST00318,2022-03-06,Changed Mind,25776.0,Refunded,10,Office Supplies
RET003341,ORD0017583,PROD0792,CUST02511,2020-07-25,Size Issue,324.0,Pending,5,Books
RET003342,ORD0017583,PROD0534,CUST02511,2020-07-25,Defective Product,5372.0,Refunded,6,Toys & Games
RET003343,ORD0017583,PROD0680,CUST02511,2020-07-25,Size Issue,7822.0,Refunded,11,Office Supplies
RET003344,ORD0017606,PROD0418,CUST03981,2021-03-29,Defective Product,1258.0,Rejected,3,Books
RET003345,ORD0017610,PROD0463,CUST03299,2021-09-02,Defective Product,2351.0,Refunded,6,Sports & Fitness
RET003346,ORD0017610,PROD0396,CUST03299,2021-09-02,Defective Product,109016.0,Pending,6,Home & Kitchen
RET003347,ORD0017610,PROD0404,CUST03299,2021-09-02,Wrong Item,3950.0,Refunded,8,Automotive
RET003348,ORD0017610,PROD0599,CUST03299,2021-09-02,Better Price Found,56200.0,Refunded,11,Home & Kitchen
RET003349,ORD0017615,PROD0404,CUST01307,2021-03-26,Defective Product,3950.0,Refunded,3,Automotive
RET003350,ORD0017615,PROD0453,CUST01307,2021-03-26,Damaged in Transit,2313.0,Refunded,12,Beauty & Health
RET003351,ORD0017615,PROD0302,CUST01307,2021-03-26,Changed Mind,6618.0,Refunded,7,Beauty & Health
RET003352,ORD0017619,PROD0687,CUST03806,2024-07-14,Better Price Found,11929.0,Refunded,7,Automotive
RET003353,ORD0017638,PROD0712,CUST00955,2022-10-30,Damaged in Transit,18383.0,Pending,6,Home & Kitchen
RET003354,ORD0017642,PROD0295,CUST03535,2022-11-07,Better Price Found,524.0,Pending,9,Toys & Games
RET003355,ORD0017651,PROD0289,CUST02135,2020-02-04,Better Price Found,3560.0,Refunded,10,Books
RET003356,ORD0017651,PROD0275,CUST02135,2020-02-04,Wrong Item,1266.0,Refunded,3,Grocery
RET003357,ORD0017663,PROD0012,CUST01492,2021-08-05,Wrong Item,468.0,Refunded,11,Grocery
RET003358,ORD0017663,PROD0216,CUST01492,2021-08-05,Better Price Found,11507.0,Refunded,3,Fashion
RET003359,ORD0017675,PROD0609,CUST02524,2020-11-29,Changed Mind,3304.0,Refunded,6,Fashion
RET003360,ORD0017675,PROD0210,CUST02524,2020-11-29,Better Price Found,13926.0,Refunded,13,Home & Kitchen
RET003361,ORD0017680,PROD0145,CUST04194,2022-08-10,Changed Mind,10104.0,Refunded,14,Sports & Fitness
RET003362,ORD0017688,PROD0039,CUST04391,2021-10-17,Damaged in Transit,4890.0,Refunded,9,Automotive
RET003363,ORD0017713,PROD0312,CUST04769,2023-05-04,Wrong Item,64497.0,Refunded,10,Sports & Fitness
RET003364,ORD0017713,PROD0209,CUST04769,2023-05-04,Wrong Item,30561.0,Refunded,12,Sports & Fitness
RET003365,ORD0017713,PROD0259,CUST04769,2023-05-04,Size Issue,3045.0,Refunded,13,Fashion
RET003366,ORD0017713,PROD0126,CUST04769,2023-05-04,Damaged in Transit,20828.0,Refunded,14,Fashion
RET003367,ORD0017724,PROD0158,CUST03462,2023-02-01,Changed Mind,7305.0,Refunded,4,Automotive
RET003368,ORD0017727,PROD0041,CUST01863,2024-08-15,Changed Mind,109417.0,Refunded,13,Electronics
RET003369,ORD0017727,PROD0729,CUST01863,2024-08-15,Damaged in Transit,764.0,Refunded,5,Books
RET003370,ORD0017727,PROD0212,CUST01863,2024-08-15,Changed Mind,2689.0,Pending,11,Fashion
RET003371,ORD0017727,PROD0181,CUST01863,2024-08-15,Size Issue,132.0,Refunded,13,Books
RET003372,ORD0017727,PROD0372,CUST01863,2024-08-15,Wrong Item,1476.0,Refunded,12,Books
RET003373,ORD0017729,PROD0463,CUST03216,2024-08-17,Defective Product,4702.0,Pending,9,Sports & Fitness
RET003374,ORD0017748,PROD0628,CUST03180,2020-05-01,Changed Mind,956.0,Refunded,4,Grocery
RET003375,ORD0017748,PROD0665,CUST03180,2020-05-01,Size Issue,92021.0,Pending,7,Electronics
RET003376,ORD0017748,PROD0515,CUST03180,2020-05-01,Defective Product,10732.0,Refunded,7,Sports & Fitness
RET003377,ORD0017748,PROD0652,CUST03180,2020-05-01,Damaged in Transit,4137.0,Refunded,11,Beauty & Health
RET003378,ORD0017770,PROD0083,CUST02903,2024-01-03,Better Price Found,2050.0,Refunded,10,Toys & Games
RET003379,ORD0017770,PROD0072,CUST02903,2024-01-03,Wrong Item,146420.0,Refunded,5,Electronics
RET003380,ORD0017770,PROD0022,CUST02903,2024-01-03,Changed Mind,25488.0,Refunded,4,Home & Kitchen
RET003381,ORD0017770,PROD0496,CUST02903,2024-01-03,Wrong Item,3288.0,Pending,11,Sports & Fitness
RET003382,ORD0017775,PROD0642,CUST00735,2024-10-03,Wrong Item,13846.0,Refunded,5,Automotive
RET003383,ORD0017775,PROD0589,CUST00735,2024-10-03,Changed Mind,3506.0,Refunded,5,Toys & Games
RET003384,ORD0017775,PROD0024,CUST00735,2024-10-03,Changed Mind,5636.0,Pending,7,Fashion
RET003385,ORD0017775,PROD0002,CUST00735,2024-10-03,Defective Product,5904.0,Pending,12,Toys & Games
RET003386,ORD0017778,PROD0484,CUST02132,2024-02-27,Wrong Item,55800.0,Rejected,9,Home & Kitchen
RET003387,ORD0017778,PROD0692,CUST02132,2024-02-27,Defective Product,2063.0,Pending,14,Office Supplies
RET003388,ORD0017778,PROD0511,CUST02132,2024-02-27,Damaged in Transit,4095.0,Refunded,13,Office Supplies
RET003389,ORD0017778,PROD0766,CUST02132,2024-02-27,Changed Mind,18032.0,Refunded,4,Home & Kitchen
RET003390,ORD0017783,PROD0474,CUST01243,2023-05-06,Better Price Found,6362.0,Refunded,11,Automotive
RET003391,ORD0017783,PROD0101,CUST01243,2023-05-06,Better Price Found,13400.0,Pending,11,Automotive
RET003392,ORD0017784,PROD0772,CUST03734,2022-11-29,Size Issue,132924.0,Refunded,10,Electronics
RET003393,ORD0017787,PROD0037,CUST03361,2024-11-25,Size Issue,421.0,Refunded,8,Beauty & Health
RET003394,ORD0017787,PROD0272,CUST03361,2024-11-25,Defective Product,7960.0,Pending,3,Beauty & Health
RET003395,ORD0017787,PROD0038,CUST03361,2024-11-25,Size Issue,7198.0,Refunded,13,Beauty & Health
RET003396,ORD0017787,PROD0780,CUST03361,2024-11-25,Changed Mind,5615.0,Refunded,13,Electronics
RET003397,ORD0017798,PROD0441,CUST04538,2021-11-17,Better Price Found,787.0,Pending,6,Grocery
RET003398,ORD0017816,PROD0044,CUST04444,2024-05-27,Better Price Found,5858.0,Refunded,5,Beauty & Health
RET003399,ORD0017816,PROD0071,CUST04444,2024-05-27,Better Price Found,2166.0,Refunded,4,Books
RET003400,ORD0017816,PROD0752,CUST04444,2024-05-27,Changed Mind,178.0,Refunded,7,Office Supplies
RET003401,ORD0017816,PROD0215,CUST04444,2024-05-27,Wrong Item,913.0,Refunded,13,Books
RET003402,ORD0017816,PROD0411,CUST04444,2024-05-27,Changed Mind,395.0,Pending,12,Grocery
RET003403,ORD0017827,PROD0155,CUST04825,2024-05-08,Damaged in Transit,7632.0,Refunded,8,Office Supplies
RET003404,ORD0017827,PROD0616,CUST04825,2024-05-08,Better Price Found,23336.0,Refunded,13,Automotive
RET003405,ORD0017829,PROD0396,CUST01996,2022-05-14,Changed Mind,57916.0,Refunded,11,Home & Kitchen
RET003406,ORD0017844,PROD0470,CUST03988,2023-12-07,Wrong Item,16761.0,Rejected,3,Electronics
RET003407,ORD0017857,PROD0223,CUST02768,2020-09-23,Wrong Item,12828.0,Refunded,3,Sports & Fitness
RET003408,ORD0017862,PROD0585,CUST03863,2020-07-31,Better Price Found,5817.0,Refunded,10,Sports & Fitness
RET003409,ORD0017862,PROD0070,CUST03863,2020-07-31,Damaged in Transit,106.0,Refunded,3,Books
RET003410,ORD0017862,PROD0708,CUST03863,2020-07-31,Better Price Found,4854.0,Refunded,10,Fashion
RET003411,ORD0017862,PROD0107,CUST03863,2020-07-31,Damaged in Transit,488.0,Refunded,6,Grocery
RET003412,ORD0017885,PROD0218,CUST00079,2022-04-14,Damaged in Transit,83332.0,Refunded,12,Home & Kitchen
RET003413,ORD0017885,PROD0334,CUST00079,2022-04-14,Wrong Item,101424.0,Refunded,9,Home & Kitchen
RET003414,ORD0017885,PROD0611,CUST00079,2022-04-14,Changed Mind,10668.0,Refunded,11,Office Supplies
RET003415,ORD0017896,PROD0432,CUST02321,2022-07-26,Defective Product,9988.0,Refunded,6,Beauty & Health
RET003416,ORD0017896,PROD0107,CUST02321,2022-07-26,Defective Product,488.0,Rejected,8,Grocery
RET003417,ORD0017929,PROD0342,CUST02470,2023-08-29,Wrong Item,12360.0,Refunded,8,Sports & Fitness
RET003418,ORD0017931,PROD0450,CUST03581,2023-02-05,Damaged in Transit,9486.0,Refunded,4,Sports & Fitness
RET003419,ORD0017931,PROD0409,CUST03581,2023-02-05,Defective Product,6414.0,Refunded,11,Office Supplies
RET003420,ORD0017932,PROD0438,CUST03074,2024-11-19,Size Issue,2595.0,Refunded,5,Automotive
RET003421,ORD0017932,PROD0707,CUST03074,2024-11-19,Better Price Found,300.0,Refunded,9,Books
RET003422,ORD0017932,PROD0101,CUST03074,2024-11-19,Changed Mind,14145.0,Refunded,8,Automotive
RET003423,ORD0017932,PROD0275,CUST03074,2024-11-19,Damaged in Transit,1108.0,Refunded,3,Grocery
RET003424,ORD0017958,PROD0045,CUST04050,2020-10-26,Better Price Found,1539.0,Refunded,4,Grocery
RET003425,ORD0017958,PROD0559,CUST04050,2020-10-26,Wrong Item,17092.0,Refunded,6,Electronics
RET003426,ORD0017964,PROD0497,CUST03947,2021-02-26,Size Issue,16096.0,Refunded,12,Automotive
RET003427,ORD0017982,PROD0661,CUST04123,2024-05-08,Size Issue,61221.0,Refunded,6,Home & Kitchen
RET003428,ORD0017990,PROD0644,CUST03377,2024-06-13,Defective Product,1896.0,Refunded,9,Beauty & Health
RET003429,ORD0017991,PROD0179,CUST03743,2024-02-25,Changed Mind,1226.0,Refunded,3,Grocery
RET003430,ORD0017995,PROD0388,CUST01060,2024-03-17,Size Issue,606.0,Refunded,10,Toys & Games
RET003431,ORD0017995,PROD0621,CUST01060,2024-03-17,Defective Product,4931.0,Refunded,14,Fashion
RET003432,ORD0018003,PROD0146,CUST02451,2021-06-26,Better Price Found,262.0,Refunded,7,Office Supplies
RET003433,ORD0018008,PROD0122,CUST03928,2024-03-02,Better Price Found,14839.0,Pending,8,Sports & Fitness
RET003434,ORD0018008,PROD0119,CUST03928,2024-03-02,Size Issue,36496.0,Refunded,14,Electronics
RET003435,ORD0018008,PROD0422,CUST03928,2024-03-02,Size Issue,11475.0,Refunded,6,Fashion
RET003436,ORD0018008,PROD0540,CUST03928,2024-03-02,Size Issue,2475.0,Refunded,14,Office Supplies
RET003437,ORD0018008,PROD0570,CUST03928,2024-03-02,Wrong Item,1313.0,Pending,3,Books
RET003438,ORD0018015,PROD0191,CUST02337,2023-01-01,Size Issue,6602.0,Pending,11,Office Supplies
RET003439,ORD0018038,PROD0139,CUST01384,2023-08-31,Damaged in Transit,31516.0,Refunded,4,Home & Kitchen
RET003440,ORD0018043,PROD0637,CUST02456,2024-02-03,Defective Product,1024.0,Refunded,7,Beauty & Health
RET003441,ORD0018051,PROD0104,CUST02850,2020-11-21,Damaged in Transit,48897.0,Refunded,4,Sports & Fitness
RET003442,ORD0018068,PROD0619,CUST04538,2021-05-15,Damaged in Transit,10640.0,Refunded,12,Fashion
RET003443,ORD0018068,PROD0032,CUST04538,2021-05-15,Damaged in Transit,37552.0,Refunded,10,Home & Kitchen
RET003444,ORD0018068,PROD0349,CUST04538,2021-05-15,Changed Mind,256.0,Refunded,6,Toys & Games
RET003445,ORD0018084,PROD0342,CUST03219,2024-08-02,Damaged in Transit,24720.0,Refunded,10,Sports & Fitness
RET003446,ORD0018089,PROD0194,CUST03393,2024-08-22,Defective Product,23536.0,Refunded,11,Sports & Fitness
RET003447,ORD0018089,PROD0769,CUST03393,2024-08-22,Wrong Item,14790.0,Refunded,14,Automotive
RET003448,ORD0018089,PROD0053,CUST03393,2024-08-22,Defective Product,9000.0,Rejected,6,Fashion
RET003449,ORD0018089,PROD0800,CUST03393,2024-08-22,Wrong Item,11644.0,Refunded,9,Sports & Fitness
RET003450,ORD0018089,PROD0468,CUST03393,2024-08-22,Wrong Item,710.0,Refunded,6,Fashion
RET003451,ORD0018090,PROD0785,CUST01669,2020-07-29,Damaged in Transit,692.0,Refunded,12,Books
RET003452,ORD0018090,PROD0027,CUST01669,2020-07-29,Better Price Found,2960.0,Refunded,13,Office Supplies
RET003453,ORD0018090,PROD0558,CUST01669,2020-07-29,Defective Product,19560.0,Refunded,10,Sports & Fitness
RET003454,ORD0018090,PROD0314,CUST01669,2020-07-29,Changed Mind,17271.0,Refunded,14,Home & Kitchen
RET003455,ORD0018115,PROD0539,CUST03635,2024-05-17,Wrong Item,7509.0,Refunded,9,Home & Kitchen
RET003456,ORD0018120,PROD0171,CUST00942,2021-06-12,Changed Mind,7549.0,Refunded,8,Toys & Games
RET003457,ORD0018144,PROD0496,CUST04896,2022-09-26,Defective Product,3288.0,Refunded,7,Sports & Fitness
RET003458,ORD0018161,PROD0799,CUST01063,2022-09-18,Defective Product,19762.0,Refunded,14,Electronics
RET003459,ORD0018161,PROD0366,CUST01063,2022-09-18,Defective Product,13866.0,Refunded,8,Beauty & Health
RET003460,ORD0018163,PROD0166,CUST02239,2024-04-05,Defective Product,6769.0,Refunded,10,Fashion
RET003461,ORD0018163,PROD0355,CUST02239,2024-04-05,Size Issue,8163.0,Pending,4,Fashion
RET003462,ORD0018176,PROD0263,CUST00297,2024-04-27,Defective Product,1252.0,Refunded,9,Beauty & Health
RET003463,ORD0018178,PROD0580,CUST04448,2024-05-20,Size Issue,19854.0,Rejected,9,Fashion
RET003464,ORD0018195,PROD0400,CUST04516,2020-04-21,Defective Product,1311.0,Refunded,4,Books
RET003465,ORD0018198,PROD0558,CUST03186,2023-12-29,Defective Product,5795.0,Refunded,3,Sports & Fitness
RET003466,ORD0018198,PROD0544,CUST03186,2023-12-29,Wrong Item,419.0,Refunded,12,Beauty & Health
RET003467,ORD0018198,PROD0039,CUST03186,2023-12-29,Changed Mind,15483.0,Refunded,3,Automotive
RET003468,ORD0018199,PROD0677,CUST00999,2024-12-07,Better Price Found,2501.0,Pending,9,Toys & Games
RET003469,ORD0018210,PROD0191,CUST03690,2024-03-17,Size Issue,19806.0,Pending,10,Office Supplies
RET003470,ORD0018221,PROD0014,CUST00075,2020-03-18,Better Price Found,2145.0,Refunded,10,Beauty & Health
RET003471,ORD0018224,PROD0456,CUST03887,2021-05-05,Changed Mind,2827.0,Refunded,3,Beauty & Health
RET003472,ORD0018224,PROD0161,CUST03887,2021-05-05,Wrong Item,6314.0,Rejected,4,Automotive
RET003473,ORD0018224,PROD0655,CUST03887,2021-05-05,Defective Product,1739.0,Refunded,13,Automotive
RET003474,ORD0018224,PROD0600,CUST03887,2021-05-05,Better Price Found,2133.0,Rejected,8,Beauty & Health
RET003475,ORD0018233,PROD0724,CUST01346,2022-09-05,Size Issue,873.0,Refunded,6,Grocery
RET003476,ORD0018233,PROD0010,CUST01346,2022-09-05,Changed Mind,17268.0,Refunded,13,Sports & Fitness
RET003477,ORD0018234,PROD0666,CUST03085,2023-05-26,Better Price Found,7300.0,Refunded,13,Home & Kitchen
RET003478,ORD0018234,PROD0665,CUST03085,2023-05-26,Wrong Item,84943.0,Refunded,6,Electronics
RET003479,ORD0018243,PROD0134,CUST00533,2024-11-19,Defective Product,5451.0,Refunded,4,Beauty & Health
RET003480,ORD0018268,PROD0540,CUST04132,2024-04-29,Changed Mind,2475.0,Pending,11,Office Supplies
RET003481,ORD0018287,PROD0484,CUST02830,2022-05-21,Changed Mind,12400.0,Rejected,12,Home & Kitchen
RET003482,ORD0018298,PROD0124,CUST01201,2020-12-06,Changed Mind,5564.0,Refunded,12,Fashion
RET003483,ORD0018344,PROD0542,CUST00327,2022-08-31,Changed Mind,29845.0,Refunded,8,Home & Kitchen
RET003484,ORD0018344,PROD0191,CUST00327,2022-08-31,Size Issue,26408.0,Refunded,13,Office Supplies
RET003485,ORD0018344,PROD0799,CUST00327,2022-08-31,Better Price Found,10540.0,Refunded,10,Electronics
RET003486,ORD0018353,PROD0164,CUST04037,2024-06-29,Changed Mind,4818.0,Rejected,14,Beauty & Health
RET003487,ORD0018360,PROD0345,CUST03706,2022-01-09,Defective Product,4724.0,Refunded,10,Electronics
RET003488,ORD0018360,PROD0653,CUST03706,2022-01-09,Size Issue,3851.0,Refunded,10,Sports & Fitness
RET003489,ORD0018360,PROD0405,CUST03706,2022-01-09,Size Issue,14192.0,Refunded,10,Fashion
RET003490,ORD0018373,PROD0233,CUST04010,2020-11-19,Size Issue,41376.0,Refunded,5,Electronics
RET003491,ORD0018417,PROD0573,CUST04702,2024-03-03,Changed Mind,26020.0,Refunded,10,Sports & Fitness
RET003492,ORD0018430,PROD0586,CUST01918,2021-01-28,Changed Mind,3140.0,Refunded,14,Toys & Games
RET003493,ORD0018430,PROD0558,CUST01918,2021-01-28,Size Issue,21732.0,Refunded,13,Sports & Fitness
RET003494,ORD0018430,PROD0787,CUST01918,2021-01-28,Defective Product,3931.0,Refunded,4,Office Supplies
RET003495,ORD0018430,PROD0760,CUST01918,2021-01-28,Better Price Found,7208.0,Refunded,13,Fashion
RET003496,ORD0018430,PROD0420,CUST01918,2021-01-28,Damaged in Transit,13373.0,Pending,4,Sports & Fitness
RET003497,ORD0018439,PROD0626,CUST03480,2023-05-23,Damaged in Transit,13546.0,Refunded,14,Sports & Fitness
RET003498,ORD0018439,PROD0773,CUST03480,2023-05-23,Changed Mind,1200.0,Refunded,4,Grocery
RET003499,ORD0018441,PROD0129,CUST01994,2024-10-03,Changed Mind,26805.0,Refunded,8,Automotive
RET003500,ORD0018441,PROD0092,CUST01994,2024-10-03,Size Issue,11127.0,Pending,3,Beauty & Health
RET003501,ORD0018467,PROD0291,CUST03365,2023-07-27,Changed Mind,1376.0,Refunded,7,Office Supplies
RET003502,ORD0018467,PROD0373,CUST03365,2023-07-27,Defective Product,43018.0,Refunded,13,Home & Kitchen
RET003503,ORD0018467,PROD0267,CUST03365,2023-07-27,Damaged in Transit,23810.0,Refunded,6,Home & Kitchen
RET003504,ORD0018467,PROD0218,CUST03365,2023-07-27,Better Price Found,124998.0,Refunded,3,Home & Kitchen
RET003505,ORD0018487,PROD0360,CUST04443,2023-05-04,Changed Mind,1662.0,Rejected,14,Electronics
RET003506,ORD0018487,PROD0521,CUST04443,2023-05-04,Better Price Found,220936.0,Refunded,5,Electronics
RET003507,ORD0018487,PROD0265,CUST04443,2023-05-04,Changed Mind,2527.0,Refunded,11,Toys & Games
RET003508,ORD0018487,PROD0713,CUST04443,2023-05-04,Defective Product,6870.0,Refunded,7,Toys & Games
RET003509,ORD0018487,PROD0449,CUST04443,2023-05-04,Damaged in Transit,13583.0,Refunded,7,Home & Kitchen
RET003510,ORD0018495,PROD0647,CUST03105,2020-01-15,Damaged in Transit,8680.0,Rejected,5,Office Supplies
RET003511,ORD0018498,PROD0446,CUST00534,2023-09-19,Damaged in Transit,664.0,Refunded,8,Books
RET003512,ORD0018498,PROD0318,CUST00534,2023-09-19,Better Price Found,44890.0,Refunded,3,Home & Kitchen
RET003513,ORD0018498,PROD0112,CUST00534,2023-09-19,Damaged in Transit,94.0,Pending,10,Grocery
RET003514,ORD0018499,PROD0239,CUST03357,2022-06-22,Size Issue,2842.0,Refunded,11,Fashion
RET003515,ORD0018499,PROD0407,CUST03357,2022-06-22,Wrong Item,2600.0,Pending,6,Books
RET003516,ORD0018499,PROD0196,CUST03357,2022-06-22,Wrong Item,1496.0,Rejected,14,Books
RET003517,ORD0018499,PROD0266,CUST03357,2022-06-22,Defective Product,27649.0,Refunded,9,Electronics
RET003518,ORD0018511,PROD0798,CUST04538,2024-11-13,Changed Mind,7670.0,Refunded,5,Beauty & Health
RET003519,ORD0018511,PROD0520,CUST04538,2024-11-13,Wrong Item,75492.0,Pending,14,Electronics
RET003520,ORD0018517,PROD0782,CUST03515,2022-08-09,Wrong Item,39520.0,Refunded,14,Sports & Fitness
RET003521,ORD0018520,PROD0753,CUST04244,2020-01-19,Changed Mind,13638.0,Pending,7,Office Supplies
RET003522,ORD0018520,PROD0093,CUST04244,2020-01-19,Wrong Item,1834.0,Refunded,9,Office Supplies
RET003523,ORD0018525,PROD0499,CUST00015,2024-09-28,Better Price Found,2594.0,Refunded,11,Beauty & Health
RET003524,ORD0018528,PROD0680,CUST00028,2024-03-05,Size Issue,8256.0,Refunded,6,Office Supplies
RET003525,ORD0018530,PROD0414,CUST04254,2022-02-05,Better Price Found,762.0,Refunded,4,Books
RET003526,ORD0018530,PROD0088,CUST04254,2022-02-05,Better Price Found,42059.0,Refunded,5,Electronics
RET003527,ORD0018541,PROD0175,CUST00078,2020-02-05,Size Issue,447.0,Pending,4,Grocery
RET003528,ORD0018542,PROD0281,CUST00752,2024-12-10,Damaged in Transit,3366.0,Refunded,6,Grocery
RET003529,ORD0018545,PROD0754,CUST00433,2020-07-05,Size Issue,26772.0,Refunded,7,Office Supplies
RET003530,ORD0018547,PROD0731,CUST00806,2024-09-15,Wrong Item,5912.0,Refunded,3,Fashion
RET003531,ORD0018547,PROD0789,CUST00806,2024-09-15,Size Issue,146742.0,Refunded,3,Electronics
RET003532,ORD0018547,PROD0183,CUST00806,2024-09-15,Better Price Found,44368.0,Refunded,4,Electronics
RET003533,ORD0018547,PROD0646,CUST00806,2024-09-15,Better Price Found,13726.0,Pending,3,Sports & Fitness
RET003534,ORD0018547,PROD0699,CUST00806,2024-09-15,Defective Product,8501.0,Refunded,14,Automotive
RET003535,ORD0018554,PROD0060,CUST00794,2023-10-14,Size Issue,15744.0,Pending,12,Fashion
RET003536,ORD0018558,PROD0360,CUST03708,2024-02-16,Damaged in Transit,1662.0,Pending,8,Electronics
RET003537,ORD0018558,PROD0407,CUST03708,2024-02-16,Damaged in Transit,1227.0,Refunded,11,Books
RET003538,ORD0018558,PROD0043,CUST03708,2024-02-16,Wrong Item,16728.0,Refunded,7,Beauty & Health
RET003539,ORD0018558,PROD0056,CUST03708,2024-02-16,Changed Mind,5214.0,Refunded,12,Beauty & Health
RET003540,ORD0018573,PROD0404,CUST00404,2024-05-22,Changed Mind,3386.0,Refunded,13,Automotive
RET003541,ORD0018573,PROD0713,CUST00404,2024-05-22,Wrong Item,6870.0,Refunded,9,Toys & Games
RET003542,ORD0018590,PROD0326,CUST02996,2020-10-14,Wrong Item,13004.0,Refunded,12,Automotive
RET003543,ORD0018590,PROD0728,CUST02996,2020-10-14,Damaged in Transit,10314.0,Refunded,13,Fashion
RET003544,ORD0018590,PROD0697,CUST02996,2020-10-14,Defective Product,33176.0,Refunded,3,Sports & Fitness
RET003545,ORD0018597,PROD0783,CUST01912,2023-09-04,Wrong Item,53281.0,Refunded,6,Electronics
RET003546,ORD0018598,PROD0596,CUST02518,2024-06-01,Size Issue,615.0,Refunded,7,Books
RET003547,ORD0018601,PROD0123,CUST01865,2020-07-07,Damaged in Transit,44630.0,Refunded,13,Sports & Fitness
RET003548,ORD0018605,PROD0071,CUST03555,2022-10-17,Damaged in Transit,1444.0,Pending,4,Books
RET003549,ORD0018605,PROD0678,CUST03555,2022-10-17,Better Price Found,5649.0,Pending,8,Office Supplies
RET003550,ORD0018605,PROD0670,CUST03555,2022-10-17,Size Issue,2808.0,Refunded,11,Books
RET003551,ORD0018606,PROD0175,CUST03858,2021-06-04,Changed Mind,1161.0,Refunded,9,Grocery
RET003552,ORD0018606,PROD0684,CUST03858,2021-06-04,Changed Mind,28806.0,Refunded,10,Electronics
RET003553,ORD0018607,PROD0433,CUST01831,2021-03-01,Changed Mind,62803.0,Refunded,12,Electronics
RET003554,ORD0018618,PROD0093,CUST02212,2021-03-20,Wrong Item,1630.0,Refunded,7,Office Supplies
RET003555,ORD0018636,PROD0156,CUST04091,2022-10-19,Defective Product,1336.0,Refunded,10,Toys & Games
RET003556,ORD0018636,PROD0263,CUST04091,2022-10-19,Defective Product,1002.0,Refunded,4,Beauty & Health
RET003557,ORD0018662,PROD0657,CUST04782,2022-05-10,Damaged in Transit,730.0,Refunded,9,Books
RET003558,ORD0018662,PROD0677,CUST04782,2022-05-10,Better Price Found,2238.0,Refunded,8,Toys & Games
RET003559,ORD0018662,PROD0179,CUST04782,2022-05-10,Damaged in Transit,657.0,Refunded,12,Grocery
RET003560,ORD0018665,PROD0470,CUST03727,2024-07-16,Changed Mind,16761.0,Refunded,8,Electronics
RET003561,ORD0018672,PROD0447,CUST00078,2020-09-05,Wrong Item,2961.0,Refunded,4,Fashion
RET003562,ORD0018672,PROD0485,CUST00078,2020-09-05,Better Price Found,2258.0,Refunded,3,Beauty & Health
RET003563,ORD0018672,PROD0129,CUST00078,2020-09-05,Size Issue,26805.0,Pending,3,Automotive
RET003564,ORD0018672,PROD0677,CUST00078,2020-09-05,Damaged in Transit,4476.0,Refunded,13,Toys & Games
RET003565,ORD0018679,PROD0219,CUST00055,2021-07-19,Better Price Found,2364.0,Refunded,14,Office Supplies
RET003566,ORD0018679,PROD0137,CUST00055,2021-07-19,Wrong Item,5615.0,Refunded,5,Office Supplies
RET003567,ORD0018683,PROD0732,CUST01068,2021-03-30,Size Issue,1441.0,Refunded,9,Grocery
RET003568,ORD0018710,PROD0600,CUST00897,2021-04-01,Better Price Found,7680.0,Refunded,13,Beauty & Health
RET003569,ORD0018710,PROD0156,CUST00897,2021-04-01,Damaged in Transit,1195.0,Refunded,14,Toys & Games
RET003570,ORD0018710,PROD0208,CUST00897,2021-04-01,Damaged in Transit,19275.0,Refunded,14,Sports & Fitness
RET003571,ORD0018710,PROD0513,CUST00897,2021-04-01,Defective Product,10102.0,Refunded,14,Automotive
RET003572,ORD0018718,PROD0677,CUST02902,2024-10-06,Better Price Found,4740.0,Refunded,8,Toys & Games
RET003573,ORD0018718,PROD0092,CUST02902,2024-10-06,Better Price Found,6924.0,Pending,13,Beauty & Health
RET003574,ORD0018722,PROD0306,CUST03955,2023-02-08,Size Issue,4179.0,Refunded,5,Beauty & Health
RET003575,ORD0018722,PROD0483,CUST03955,2023-02-08,Damaged in Transit,1940.0,Refunded,12,Books
RET003576,ORD0018722,PROD0320,CUST03955,2023-02-08,Damaged in Transit,9695.0,Refunded,4,Fashion
RET003577,ORD0018800,PROD0395,CUST04921,2022-06-18,Wrong Item,28242.0,Refunded,13,Fashion
RET003578,ORD0018810,PROD0094,CUST02308,2023-02-14,Better Price Found,11048.0,Refunded,5,Home & Kitchen
RET003579,ORD0018812,PROD0374,CUST01199,2021-08-03,Wrong Item,712.0,Rejected,9,Toys & Games
RET003580,ORD0018815,PROD0125,CUST04482,2024-03-10,Defective Product,823.0,Refunded,9,Grocery
RET003581,ORD0018830,PROD0192,CUST00856,2023-10-10,Defective Product,558.0,Refunded,3,Grocery
RET003582,ORD0018830,PROD0649,CUST00856,2023-10-10,Size Issue,13852.0,Refunded,6,Automotive
RET003583,ORD0018830,PROD0357,CUST00856,2023-10-10,Defective Product,14251.0,Refunded,8,Home & Kitchen
RET003584,ORD0018830,PROD0355,CUST00856,2023-10-10,Size Issue,16326.0,Refunded,9,Fashion
RET003585,ORD0018832,PROD0399,CUST03136,2020-07-09,Changed Mind,30844.0,Pending,11,Electronics
RET003586,ORD0018838,PROD0268,CUST00046,2020-02-11,Better Price Found,41056.0,Refunded,8,Automotive
RET003587,ORD0018864,PROD0706,CUST00558,2021-12-15,Changed Mind,24906.0,Refunded,5,Sports & Fitness
RET003588,ORD0018864,PROD0486,CUST00558,2021-12-15,Damaged in Transit,31376.0,Refunded,7,Electronics
RET003589,ORD0018864,PROD0667,CUST00558,2021-12-15,Better Price Found,14598.0,Refunded,11,Home & Kitchen
RET003590,ORD0018872,PROD0644,CUST00495,2024-09-27,Better Price Found,1896.0,Refunded,12,Beauty & Health
RET003591,ORD0018883,PROD0317,CUST01285,2021-07-26,Better Price Found,5909.0,Refunded,7,Office Supplies
RET003592,ORD0018883,PROD0170,CUST01285,2021-07-26,Damaged in Transit,1960.0,Refunded,7,Grocery
RET003593,ORD0018892,PROD0445,CUST01474,2020-05-16,Damaged in Transit,28935.0,Refunded,5,Home & Kitchen
RET003594,ORD0018892,PROD0185,CUST01474,2020-05-16,Defective Product,22644.0,Refunded,9,Fashion
RET003595,ORD0018892,PROD0535,CUST01474,2020-05-16,Wrong Item,50312.0,Pending,3,Sports & Fitness
RET003596,ORD0018892,PROD0210,CUST01474,2020-05-16,Changed Mind,13926.0,Refunded,13,Home & Kitchen
RET003597,ORD0018892,PROD0700,CUST01474,2020-05-16,Defective Product,1800.0,Refunded,8,Books
RET003598,ORD0018901,PROD0765,CUST02994,2022-09-02,Better Price Found,7546.0,Refunded,5,Home & Kitchen
RET003599,ORD0018901,PROD0108,CUST02994,2022-09-02,Wrong Item,74932.0,Refunded,10,Home & Kitchen
RET003600,ORD0018901,PROD0058,CUST02994,2022-09-02,Size Issue,9856.0,Refunded,11,Home & Kitchen
RET003601,ORD0018911,PROD0097,CUST02207,2021-03-15,Size Issue,8042.0,Refunded,9,Automotive
RET003602,ORD0018913,PROD0072,CUST01578,2022-03-09,Damaged in Transit,146420.0,Refunded,12,Electronics
RET003603,ORD0018923,PROD0648,CUST04382,2023-03-10,Defective Product,3332.0,Refunded,9,Fashion
RET003604,ORD0018927,PROD0079,CUST01276,2023-05-28,Wrong Item,12428.0,Refunded,8,Toys & Games
RET003605,ORD0018928,PROD0594,CUST00425,2023-09-02,Changed Mind,125.0,Refunded,7,Books
RET003606,ORD0018934,PROD0252,CUST04406,2024-02-29,Size Issue,103226.0,Refunded,9,Electronics
RET003607,ORD0018934,PROD0124,CUST04406,2024-02-29,Wrong Item,2584.0,Pending,13,Fashion
RET003608,ORD0018934,PROD0300,CUST04406,2024-02-29,Size Issue,4438.0,Refunded,6,Beauty & Health
RET003609,ORD0018944,PROD0060,CUST02517,2020-04-21,Size Issue,7872.0,Refunded,11,Fashion
RET003610,ORD0018946,PROD0690,CUST03614,2020-07-29,Changed Mind,319.0,Refunded,10,Books
RET003611,ORD0018946,PROD0339,CUST03614,2020-07-29,Damaged in Transit,1146.0,Refunded,3,Grocery
RET003612,ORD0018969,PROD0092,CUST02405,2023-07-20,Defective Product,7418.0,Refunded,4,Beauty & Health
RET003613,ORD0018983,PROD0089,CUST00506,2021-10-29,Size Issue,1345.0,Refunded,9,Office Supplies
RET003614,ORD0018983,PROD0027,CUST00506,2021-10-29,Size Issue,3330.0,Refunded,14,Office Supplies
RET003615,ORD0018999,PROD0146,CUST01331,2022-12-13,Better Price Found,262.0,Pending,12,Office Supplies
RET003616,ORD0019005,PROD0076,CUST01600,2023-10-16,Defective Product,2144.0,Refunded,3,Grocery
RET003617,ORD0019007,PROD0030,CUST04946,2021-01-03,Wrong Item,6202.0,Refunded,4,Sports & Fitness
RET003618,ORD0019008,PROD0034,CUST02373,2024-10-24,Wrong Item,42865.0,Refunded,9,Electronics
RET003619,ORD0019008,PROD0536,CUST02373,2024-10-24,Defective Product,520.0,Pending,6,Grocery
RET003620,ORD0019008,PROD0196,CUST02373,2024-10-24,Size Issue,798.0,Refunded,10,Books
RET003621,ORD0019032,PROD0097,CUST01323,2020-07-10,Wrong Item,8042.0,Refunded,11,Automotive
RET003622,ORD0019041,PROD0191,CUST02176,2022-09-05,Damaged in Transit,6255.0,Pending,6,Office Supplies
RET003623,ORD0019050,PROD0644,CUST04586,2020-11-21,Changed Mind,1643.0,Refunded,11,Beauty & Health
RET003624,ORD0019050,PROD0380,CUST04586,2020-11-21,Defective Product,5914.0,Refunded,3,Automotive
RET003625,ORD0019050,PROD0666,CUST04586,2020-11-21,Defective Product,1597.0,Refunded,3,Home & Kitchen
RET003626,ORD0019058,PROD0691,CUST03123,2023-01-11,Wrong Item,5918.0,Refunded,5,Automotive
RET003627,ORD0019066,PROD0109,CUST00279,2023-09-01,Better Price Found,59642.0,Pending,3,Electronics
RET003628,ORD0019066,PROD0556,CUST00279,2023-09-01,Better Price Found,1787.0,Rejected,5,Toys & Games
RET003629,ORD0019066,PROD0271,CUST00279,2023-09-01,Damaged in Transit,4725.0,Refunded,4,Toys & Games
RET003630,ORD0019066,PROD0765,CUST00279,2023-09-01,Better Price Found,7546.0,Refunded,7,Home & Kitchen
RET003631,ORD0019066,PROD0629,CUST00279,2023-09-01,Size Issue,2806.0,Refunded,5,Books
RET003632,ORD0019068,PROD0429,CUST04527,2020-11-25,Wrong Item,608.0,Refunded,14,Office Supplies
RET003633,ORD0019070,PROD0086,CUST04234,2024-07-22,Damaged in Transit,1785.0,Pending,10,Beauty & Health
RET003634,ORD0019070,PROD0425,CUST04234,2024-07-22,Defective Product,9217.0,Refunded,14,Sports & Fitness
RET003635,ORD0019070,PROD0054,CUST04234,2024-07-22,Better Price Found,1920.0,Refunded,14,Office Supplies
RET003636,ORD0019070,PROD0104,CUST04234,2024-07-22,Wrong Item,18807.0,Refunded,7,Sports & Fitness
RET003637,ORD0019070,PROD0454,CUST04234,2024-07-22,Changed Mind,986.0,Refunded,8,Toys & Games
RET003638,ORD0019074,PROD0145,CUST03465,2020-12-23,Defective Product,18082.0,Refunded,14,Sports & Fitness
RET003639,ORD0019075,PROD0733,CUST01376,2023-06-06,Damaged in Transit,33570.0,Rejected,14,Automotive
RET003640,ORD0019075,PROD0143,CUST01376,2023-06-06,Changed Mind,17917.0,Refunded,14,Sports & Fitness
RET003641,ORD0019075,PROD0139,CUST01376,2023-06-06,Size Issue,31516.0,Refunded,10,Home & Kitchen
RET003642,ORD0019103,PROD0570,CUST00919,2021-02-02,Size Issue,2626.0,Pending,10,Books
RET003643,ORD0019109,PROD0782,CUST03991,2020-10-14,Wrong Item,37196.0,Pending,11,Sports & Fitness
RET003644,ORD0019117,PROD0268,CUST04469,2023-08-02,Defective Product,20528.0,Rejected,14,Automotive
RET003645,ORD0019131,PROD0718,CUST03089,2024-02-04,Better Price Found,22706.0,Refunded,7,Home & Kitchen
RET003646,ORD0019131,PROD0365,CUST03089,2024-02-04,Damaged in Transit,11960.0,Refunded,12,Automotive
RET003647,ORD0019131,PROD0588,CUST03089,2024-02-04,Better Price Found,116.0,Refunded,10,Grocery
RET003648,ORD0019131,PROD0412,CUST03089,2024-02-04,Better Price Found,16490.0,Refunded,11,Home & Kitchen
RET003649,ORD0019131,PROD0280,CUST03089,2024-02-04,Better Price Found,1306.0,Refunded,10,Toys & Games
RET003650,ORD0019135,PROD0584,CUST02818,2021-01-01,Better Price Found,2474.0,Refunded,13,Toys & Games
RET003651,ORD0019163,PROD0157,CUST03967,2022-08-07,Wrong Item,554.0,Pending,8,Books
RET003652,ORD0019172,PROD0242,CUST03521,2020-04-06,Better Price Found,748.0,Refunded,7,Grocery
RET003653,ORD0019172,PROD0535,CUST03521,2020-04-06,Damaged in Transit,53106.0,Refunded,6,Sports & Fitness
RET003654,ORD0019183,PROD0674,CUST00195,2023-08-09,Size Issue,1618.0,Refunded,6,Grocery
RET003655,ORD0019183,PROD0250,CUST00195,2023-08-09,Size Issue,311.0,Refunded,13,Grocery
RET003656,ORD0019191,PROD0003,CUST03243,2021-06-12,Better Price Found,11764.0,Refunded,10,Electronics
RET003657,ORD0019191,PROD0240,CUST03243,2021-06-12,Size Issue,1738.0,Refunded,7,Beauty & Health
RET003658,ORD0019214,PROD0670,CUST04823,2022-05-25,Defective Product,4002.0,Refunded,9,Books
RET003659,ORD0019214,PROD0394,CUST04823,2022-05-25,Damaged in Transit,4367.0,Refunded,11,Office Supplies
RET003660,ORD0019238,PROD0173,CUST01979,2022-02-08,Wrong Item,1173.0,Refunded,4,Automotive
RET003661,ORD0019238,PROD0560,CUST01979,2022-02-08,Defective Product,30099.0,Refunded,8,Home & Kitchen
RET003662,ORD0019238,PROD0392,CUST01979,2022-02-08,Better Price Found,7988.0,Refunded,4,Sports & Fitness
RET003663,ORD0019239,PROD0800,CUST01289,2022-11-30,Size Issue,12702.0,Refunded,10,Sports & Fitness
RET003664,ORD0019240,PROD0105,CUST01028,2024-02-25,Wrong Item,455.0,Pending,3,Beauty & Health
RET003665,ORD0019240,PROD0348,CUST01028,2024-02-25,Size Issue,57794.0,Refunded,12,Electronics
RET003666,ORD0019240,PROD0735,CUST01028,2024-02-25,Defective Product,3976.0,Pending,9,Office Supplies
RET003667,ORD0019240,PROD0672,CUST01028,2024-02-25,Defective Product,370.0,Refunded,6,Grocery
RET003668,ORD0019274,PROD0666,CUST04749,2020-07-14,Changed Mind,1825.0,Refunded,4,Home & Kitchen
RET003669,ORD0019277,PROD0281,CUST02897,2024-04-10,Size Issue,1122.0,Refunded,9,Grocery
RET003670,ORD0019277,PROD0398,CUST02897,2024-04-10,Wrong Item,1912.0,Refunded,6,Toys & Games
RET003671,ORD0019277,PROD0522,CUST02897,2024-04-10,Defective Product,13605.0,Refunded,12,Toys & Games
RET003672,ORD0019289,PROD0364,CUST03732,2022-11-24,Damaged in Transit,218.0,Pending,5,Books
RET003673,ORD0019292,PROD0244,CUST03925,2021-02-19,Wrong Item,1119.0,Refunded,8,Grocery
RET003674,ORD0019292,PROD0549,CUST03925,2021-02-19,Damaged in Transit,37398.0,Refunded,8,Home & Kitchen
RET003675,ORD0019294,PROD0256,CUST00221,2020-06-12,Wrong Item,4585.0,Refunded,14,Home & Kitchen
RET003676,ORD0019294,PROD0173,CUST00221,2020-06-12,Wrong Item,2112.0,Pending,11,Automotive
RET003677,ORD0019294,PROD0708,CUST00221,2020-06-12,Damaged in Transit,4854.0,Rejected,13,Fashion
RET003678,ORD0019298,PROD0692,CUST03578,2023-11-01,Wrong Item,2063.0,Refunded,8,Office Supplies
RET003679,ORD0019317,PROD0347,CUST04349,2023-01-03,Better Price Found,1451.0,Refunded,6,Fashion
RET003680,ORD0019317,PROD0770,CUST04349,2023-01-03,Wrong Item,296.0,Refunded,7,Books
RET003681,ORD0019328,PROD0675,CUST00485,2023-06-13,Better Price Found,3582.0,Pending,6,Toys & Games
RET003682,ORD0019328,PROD0065,CUST00485,2023-06-13,Changed Mind,998.0,Pending,10,Beauty & Health
RET003683,ORD0019335,PROD0150,CUST01902,2024-04-02,Better Price Found,4290.0,Refunded,4,Home & Kitchen
RET003684,ORD0019335,PROD0018,CUST01902,2024-04-02,Size Issue,8236.0,Refunded,4,Fashion
RET003685,ORD0019341,PROD0054,CUST01703,2022-09-20,Size Issue,960.0,Refunded,6,Office Supplies
RET003686,ORD0019341,PROD0674,CUST01703,2022-09-20,Wrong Item,934.0,Refunded,3,Grocery
RET003687,ORD0019341,PROD0617,CUST01703,2022-09-20,Defective Product,7616.0,Refunded,13,Beauty & Health
RET003688,ORD0019341,PROD0587,CUST01703,2022-09-20,Changed Mind,5604.0,Refunded,7,Beauty & Health
RET003689,ORD0019341,PROD0678,CUST01703,2022-09-20,Wrong Item,5649.0,Refunded,13,Office Supplies
RET003690,ORD0019365,PROD0538,CUST03520,2022-12-18,Changed Mind,1359.0,Refunded,14,Books
RET003691,ORD0019383,PROD0774,CUST02537,2024-08-07,Damaged in Transit,21531.0,Pending,6,Home & Kitchen
RET003692,ORD0019383,PROD0227,CUST02537,2024-08-07,Changed Mind,25969.0,Refunded,12,Home & Kitchen
RET003693,ORD0019383,PROD0315,CUST02537,2024-08-07,Size Issue,4299.0,Refunded,3,Sports & Fitness
RET003694,ORD0019388,PROD0264,CUST03274,2024-12-25,Defective Product,18708.0,Rejected,4,Electronics
RET003695,ORD0019388,PROD0060,CUST03274,2024-12-25,Wrong Item,23616.0,Refunded,6,Fashion
RET003696,ORD0019395,PROD0723,CUST03878,2022-10-17,Wrong Item,3125.0,Refunded,3,Beauty & Health
RET003697,ORD0019411,PROD0710,CUST04688,2022-12-09,Damaged in Transit,11282.0,Refunded,14,Sports & Fitness
RET003698,ORD0019411,PROD0356,CUST04688,2022-12-09,Changed Mind,4498.0,Refunded,5,Office Supplies
RET003699,ORD0019412,PROD0263,CUST00079,2024-10-14,Better Price Found,1252.0,Refunded,7,Beauty & Health
RET003700,ORD0019432,PROD0789,CUST00663,2023-03-03,Wrong Item,146742.0,Refunded,11,Electronics
RET003701,ORD0019432,PROD0059,CUST00663,2023-03-03,Defective Product,7281.0,Refunded,9,Beauty & Health
RET003702,ORD0019432,PROD0542,CUST00663,2023-03-03,Better Price Found,59690.0,Pending,4,Home & Kitchen
RET003703,ORD0019432,PROD0667,CUST00663,2023-03-03,Changed Mind,14598.0,Refunded,7,Home & Kitchen
RET003704,ORD0019432,PROD0612,CUST00663,2023-03-03,Wrong Item,1108.0,Refunded,12,Grocery
RET003705,ORD0019443,PROD0303,CUST01567,2021-11-02,Better Price Found,26126.0,Refunded,4,Electronics
RET003706,ORD0019451,PROD0477,CUST04242,2020-10-21,Better Price Found,2545.0,Pending,10,Fashion
RET003707,ORD0019459,PROD0565,CUST03177,2022-12-25,Damaged in Transit,1138.0,Refunded,3,Beauty & Health
RET003708,ORD0019459,PROD0140,CUST03177,2022-12-25,Defective Product,2240.0,Pending,6,Home & Kitchen
RET003709,ORD0019459,PROD0292,CUST03177,2022-12-25,Size Issue,11334.0,Refunded,5,Home & Kitchen
RET003710,ORD0019459,PROD0192,CUST03177,2022-12-25,Wrong Item,558.0,Refunded,4,Grocery
RET003711,ORD0019464,PROD0558,CUST03838,2024-08-22,Damaged in Transit,5795.0,Pending,11,Sports & Fitness
RET003712,ORD0019465,PROD0674,CUST03194,2022-02-12,Damaged in Transit,934.0,Pending,13,Grocery
RET003713,ORD0019466,PROD0472,CUST00528,2021-09-07,Damaged in Transit,45356.0,Refunded,9,Home & Kitchen
RET003714,ORD0019466,PROD0261,CUST00528,2021-09-07,Defective Product,2187.0,Refunded,12,Grocery
RET003715,ORD0019466,PROD0797,CUST00528,2021-09-07,Better Price Found,20067.0,Refunded,3,Home & Kitchen
RET003716,ORD0019477,PROD0323,CUST03459,2022-04-09,Damaged in Transit,312.0,Refunded,5,Grocery
RET003717,ORD0019477,PROD0378,CUST03459,2022-04-09,Changed Mind,1350.0,Refunded,5,Office Supplies
RET003718,ORD0019477,PROD0714,CUST03459,2022-04-09,Defective Product,7191.0,Pending,14,Sports & Fitness
RET003719,ORD0019477,PROD0187,CUST03459,2022-04-09,Defective Product,397.0,Refunded,14,Books
RET003720,ORD0019478,PROD0104,CUST03138,2024-01-15,Damaged in Transit,52659.0,Refunded,14,Sports & Fitness
RET003721,ORD0019478,PROD0369,CUST03138,2024-01-15,Size Issue,105354.0,Refunded,6,Electronics
RET003722,ORD0019485,PROD0350,CUST00632,2021-01-31,Changed Mind,9495.0,Pending,5,Sports & Fitness
RET003723,ORD0019497,PROD0397,CUST02134,2021-07-11,Wrong Item,4064.0,Refunded,12,Automotive
RET003724,ORD0019498,PROD0474,CUST03993,2024-08-10,Defective Product,6362.0,Refunded,6,Automotive
RET003725,ORD0019505,PROD0242,CUST04296,2024-12-20,Wrong Item,1056.0,Refunded,7,Grocery
RET003726,ORD0019505,PROD0266,CUST04296,2024-12-20,Damaged in Transit,25806.0,Refunded,9,Electronics
RET003727,ORD0019512,PROD0679,CUST00969,2023-05-16,Size Issue,9266.0,Refunded,7,Sports & Fitness
RET003728,ORD0019517,PROD0639,CUST01598,2022-10-05,Wrong Item,8138.0,Refunded,8,Toys & Games
RET003729,ORD0019542,PROD0208,CUST01142,2022-11-08,Size Issue,61038.0,Refunded,9,Sports & Fitness
RET003730,ORD0019542,PROD0047,CUST01142,2022-11-08,Defective Product,166.0,Refunded,6,Automotive
RET003731,ORD0019542,PROD0128,CUST01142,2022-11-08,Wrong Item,1670.0,Pending,4,Toys & Games
RET003732,ORD0019546,PROD0513,CUST01119,2024-10-17,Defective Product,10663.0,Refunded,4,Automotive
RET003733,ORD0019555,PROD0066,CUST02541,2022-07-13,Size Issue,469.0,Pending,4,Books
RET003734,ORD0019577,PROD0267,CUST00167,2024-01-03,Defective Product,71430.0,Refunded,12,Home & Kitchen
RET003735,ORD0019582,PROD0257,CUST04553,2021-04-05,Size Issue,81441.0,Refunded,10,Electronics
RET003736,ORD0019582,PROD0646,CUST04553,2021-04-05,Changed Mind,32026.0,Refunded,6,Sports & Fitness
RET003737,ORD0019585,PROD0042,CUST04895,2024-03-07,Size Issue,819.0,Refunded,11,Books
RET003738,ORD0019586,PROD0645,CUST02959,2024-03-22,Defective Product,189636.0,Refunded,3,Electronics
RET003739,ORD0019586,PROD0281,CUST02959,2024-03-22,Defective Product,2244.0,Refunded,12,Grocery
RET003740,ORD0019589,PROD0546,CUST04835,2020-02-17,Size Issue,2726.0,Refunded,3,Sports & Fitness
RET003741,ORD0019608,PROD0579,CUST04190,2024-04-22,Defective Product,898.0,Refunded,6,Grocery
RET003742,ORD0019628,PROD0018,CUST03990,2022-08-09,Defective Product,24708.0,Refunded,8,Fashion
RET003743,ORD0019628,PROD0266,CUST03990,2022-08-09,Defective Product,71886.0,Refunded,13,Electronics
RET003744,ORD0019645,PROD0553,CUST04725,2022-05-05,Defective Product,4404.0,Refunded,7,Grocery
RET003745,ORD0019645,PROD0105,CUST04725,2022-05-05,Damaged in Transit,455.0,Refunded,13,Beauty & Health
RET003746,ORD0019656,PROD0421,CUST01064,2020-03-07,Wrong Item,2086.0,Refunded,4,Fashion
RET003747,ORD0019656,PROD0048,CUST01064,2020-03-07,Damaged in Transit,508.0,Pending,10,Automotive
RET003748,ORD0019676,PROD0001,CUST03586,2020-10-06,Defective Product,7114.0,Pending,12,Toys & Games
RET003749,ORD0019676,PROD0376,CUST03586,2020-10-06,Better Price Found,1707.0,Refunded,12,Beauty & Health
RET003750,ORD0019684,PROD0158,CUST03765,2020-10-02,Better Price Found,14610.0,Pending,7,Automotive
RET003751,ORD0019684,PROD0078,CUST03765,2020-10-02,Changed Mind,8212.0,Refunded,11,Office Supplies
RET003752,ORD0019684,PROD0359,CUST03765,2020-10-02,Size Issue,4528.0,Refunded,5,Office Supplies
RET003753,ORD0019684,PROD0594,CUST03765,2020-10-02,Size Issue,111.0,Refunded,10,Books
RET003754,ORD0019701,PROD0338,CUST01043,2023-04-30,Defective Product,17920.0,Refunded,14,Sports & Fitness
RET003755,ORD0019703,PROD0657,CUST03753,2021-08-10,Damaged in Transit,1546.0,Refunded,3,Books
RET003756,ORD0019715,PROD0517,CUST04844,2023-03-13,Changed Mind,557.0,Refunded,7,Grocery
RET003757,ORD0019715,PROD0292,CUST04844,2023-03-13,Wrong Item,11334.0,Refunded,6,Home & Kitchen
RET003758,ORD0019715,PROD0390,CUST04844,2023-03-13,Changed Mind,3674.0,Refunded,5,Electronics
RET003759,ORD0019715,PROD0484,CUST04844,2023-03-13,Damaged in Transit,13175.0,Refunded,11,Home & Kitchen
RET003760,ORD0019720,PROD0548,CUST03095,2020-07-15,Size Issue,16954.0,Refunded,5,Automotive
RET003761,ORD0019723,PROD0125,CUST04313,2023-04-10,Changed Mind,768.0,Refunded,5,Grocery
RET003762,ORD0019761,PROD0460,CUST03664,2022-06-21,Wrong Item,46360.0,Refunded,8,Electronics
RET003763,ORD0019765,PROD0183,CUST02814,2022-10-04,Changed Mind,44368.0,Refunded,11,Electronics
RET003764,ORD0019765,PROD0218,CUST02814,2022-10-04,Defective Product,87962.0,Refunded,7,Home & Kitchen
RET003765,ORD0019765,PROD0473,CUST02814,2022-10-04,Defective Product,2916.0,Refunded,3,Office Supplies
RET003766,ORD0019765,PROD0535,CUST02814,2022-10-04,Better Price Found,50312.0,Refunded,7,Sports & Fitness
RET003767,ORD0019766,PROD0142,CUST03349,2024-10-01,Better Price Found,3010.0,Refunded,11,Grocery
RET003768,ORD0019766,PROD0368,CUST03349,2024-10-01,Wrong Item,8598.0,Pending,3,Beauty & Health
RET003769,ORD0019768,PROD0437,CUST03193,2020-10-09,Size Issue,9888.0,Pending,9,Automotive
RET003770,ORD0019768,PROD0585,CUST03193,2020-10-09,Size Issue,5817.0,Refunded,10,Sports & Fitness
RET003771,ORD0019772,PROD0562,CUST01311,2022-12-28,Better Price Found,38003.0,Refunded,13,Electronics
RET003772,ORD0019779,PROD0594,CUST03814,2022-05-19,Changed Mind,139.0,Refunded,10,Books
RET003773,ORD0019790,PROD0768,CUST03478,2023-02-04,Defective Product,1018.0,Pending,12,Books
RET003774,ORD0019814,PROD0150,CUST00941,2021-04-21,Size Issue,3432.0,Refunded,13,Home & Kitchen
RET003775,ORD0019814,PROD0108,CUST00941,2021-04-21,Better Price Found,66606.0,Refunded,14,Home & Kitchen
RET003776,ORD0019822,PROD0070,CUST02637,2022-10-11,Changed Mind,212.0,Refunded,12,Books
RET003777,ORD0019848,PROD0387,CUST02847,2021-10-03,Damaged in Transit,1586.0,Refunded,5,Grocery
RET003778,ORD0019866,PROD0787,CUST00943,2023-12-24,Changed Mind,7034.0,Refunded,13,Office Supplies
RET003779,ORD0019877,PROD0435,CUST00809,2024-04-21,Changed Mind,1826.0,Refunded,6,Books
RET003780,ORD0019877,PROD0409,CUST00809,2024-04-21,Damaged in Transit,6414.0,Rejected,12,Office Supplies
RET003781,ORD0019877,PROD0065,CUST00809,2024-04-21,Defective Product,3192.0,Pending,4,Beauty & Health
RET003782,ORD0019877,PROD0761,CUST00809,2024-04-21,Better Price Found,1533.0,Pending,8,Books
RET003783,ORD0019878,PROD0275,CUST02756,2020-06-18,Changed Mind,1108.0,Refunded,9,Grocery
RET003784,ORD0019878,PROD0479,CUST02756,2020-06-18,Size Issue,8224.0,Refunded,13,Home & Kitchen
RET003785,ORD0019887,PROD0047,CUST04230,2023-01-22,Wrong Item,166.0,Refunded,8,Automotive
RET003786,ORD0019895,PROD0426,CUST03224,2024-09-27,Damaged in Transit,38299.0,Refunded,8,Home & Kitchen
RET003787,ORD0019895,PROD0225,CUST03224,2024-09-27,Better Price Found,139924.0,Refunded,7,Electronics
RET003788,ORD0019895,PROD0591,CUST03224,2024-09-27,Defective Product,1668.0,Refunded,10,Grocery
RET003789,ORD0019917,PROD0002,CUST01947,2022-11-20,Better Price Found,5904.0,Pending,3,Toys & Games
RET003790,ORD0019917,PROD0791,CUST01947,2022-11-20,Better Price Found,4368.0,Refunded,7,Fashion
RET003791,ORD0019917,PROD0436,CUST01947,2022-11-20,Wrong Item,123540.0,Pending,6,Electronics
RET003792,ORD0019917,PROD0717,CUST01947,2022-11-20,Size Issue,8841.0,Refunded,12,Home & Kitchen
RET003793,ORD0019917,PROD0571,CUST01947,2022-11-20,Damaged in Transit,1004.0,Refunded,4,Grocery
RET003794,ORD0019918,PROD0516,CUST03694,2022-01-18,Better Price Found,14235.0,Refunded,5,Sports & Fitness
RET003795,ORD0019918,PROD0347,CUST03694,2022-01-18,Damaged in Transit,1451.0,Refunded,11,Fashion
RET003796,ORD0019918,PROD0327,CUST03694,2022-01-18,Defective Product,1731.0,Refunded,12,Toys & Games
RET003797,ORD0019923,PROD0108,CUST04753,2020-04-23,Damaged in Transit,66606.0,Pending,7,Home & Kitchen
RET003798,ORD0019923,PROD0228,CUST04753,2020-04-23,Wrong Item,202.0,Refunded,6,Books
RET003799,ORD0019938,PROD0440,CUST01899,2022-07-14,Changed Mind,5312.0,Refunded,11,Automotive
RET003800,ORD0019938,PROD0002,CUST01899,2022-07-14,Changed Mind,18645.0,Pending,6,Toys & Games
RET003801,ORD0019944,PROD0730,CUST03845,2021-09-03,Size Issue,1184.0,Refunded,4,Grocery
RET003802,ORD0019968,PROD0074,CUST04128,2023-11-08,Size Issue,249.0,Refunded,13,Books
RET003803,ORD0019971,PROD0429,CUST02467,2020-02-18,Damaged in Transit,1216.0,Refunded,9,Office Supplies
RET003804,ORD0019971,PROD0020,CUST02467,2020-02-18,Damaged in Transit,1256.0,Refunded,10,Office Supplies
RET003805,ORD0019971,PROD0710,CUST02467,2020-02-18,Changed Mind,12787.0,Refunded,4,Sports & Fitness
RET003806,ORD0019971,PROD0038,CUST02467,2020-02-18,Defective Product,3999.0,Pending,4,Beauty & Health
RET003807,ORD0019972,PROD0319,CUST00841,2020-05-27,Defective Product,4684.0,Refunded,12,Beauty & Health
RET003808,ORD0019973,PROD0092,CUST04967,2024-02-11,Defective Product,3462.0,Rejected,12,Beauty & Health
RET003809,ORD0019975,PROD0148,CUST00644,2020-04-20,Changed Mind,29138.0,Refunded,9,Electronics
RET003810,ORD0019975,PROD0314,CUST00644,2020-04-20,Damaged in Transit,15700.0,Refunded,9,Home & Kitchen
RET003811,ORD0019975,PROD0458,CUST00644,2020-04-20,Defective Product,7840.0,Pending,5,Fashion
RET003812,ORD0019980,PROD0586,CUST00993,2023-12-16,Size Issue,9420.0,Refunded,11,Toys & Games
RET003813,ORD0019980,PROD0452,CUST00993,2023-12-16,Defective Product,28198.0,Refunded,13,Sports & Fitness
RET003814,ORD0019980,PROD0800,CUST00993,2023-12-16,Wrong Item,12702.0,Pending,10,Sports & Fitness
RET003815,ORD0019984,PROD0698,CUST00740,2022-12-12,Size Issue,8452.0,Refunded,5,Fashion
RET003816,ORD0019984,PROD0380,CUST00740,2022-12-12,Better Price Found,12484.0,Refunded,4,Automotive
RET003817,ORD0019984,PROD0670,CUST00740,2022-12-12,Size Issue,2668.0,Pending,10,Books
RET003818,ORD0019984,PROD0197,CUST00740,2022-12-12,Defective Product,2652.0,Pending,3,Beauty & Health
RET003819,ORD0019996,PROD0181,CUST04975,2021-09-26,Damaged in Transit,125.0,Refunded,6,Books
RET003820,ORD0019996,PROD0784,CUST04975,2021-09-26,Wrong Item,1065.0,Pending,7,Books
RET003821,ORD0019996,PROD0657,CUST04975,2021-09-26,Size Issue,2319.0,Refunded,11,Books
RET003822,ORD0020031,PROD0794,CUST03897,2021-11-20,Damaged in Transit,680.0,Rejected,12,Toys & Games
RET003823,ORD0020041,PROD0644,CUST01167,2024-10-27,Wrong Item,1896.0,Refunded,4,Beauty & Health
RET003824,ORD0020047,PROD0214,CUST02734,2023-06-11,Size Issue,1751.0,Refunded,9,Beauty & Health
RET003825,ORD0020047,PROD0082,CUST02734,2023-06-11,Size Issue,15897.0,Refunded,13,Automotive
RET003826,ORD0020051,PROD0061,CUST04200,2020-12-29,Better Price Found,34230.0,Refunded,10,Home & Kitchen
RET003827,ORD0020051,PROD0553,CUST04200,2020-12-29,Size Issue,1162.0,Pending,7,Grocery
RET003828,ORD0020051,PROD0367,CUST04200,2020-12-29,Size Issue,10998.0,Refunded,5,Office Supplies
RET003829,ORD0020051,PROD0091,CUST04200,2020-12-29,Wrong Item,1346.0,Refunded,11,Beauty & Health
RET003830,ORD0020054,PROD0564,CUST02036,2020-09-19,Size Issue,7099.0,Refunded,10,Office Supplies
RET003831,ORD0020054,PROD0594,CUST02036,2020-09-19,Defective Product,139.0,Pending,9,Books
RET003832,ORD0020054,PROD0733,CUST02036,2020-09-19,Damaged in Transit,31704.0,Refunded,9,Automotive
RET003833,ORD0020054,PROD0667,CUST02036,2020-09-19,Changed Mind,12976.0,Pending,8,Home & Kitchen
RET003834,ORD0020075,PROD0666,CUST02618,2021-07-15,Changed Mind,3194.0,Refunded,14,Home & Kitchen
RET003835,ORD0020075,PROD0434,CUST02618,2021-07-15,Damaged in Transit,1734.0,Refunded,12,Sports & Fitness
RET003836,ORD0020078,PROD0386,CUST04668,2023-07-21,Better Price Found,4154.0,Refunded,10,Fashion
RET003837,ORD0020078,PROD0225,CUST04668,2023-07-21,Size Issue,158582.0,Refunded,5,Electronics
RET003838,ORD0020078,PROD0380,CUST04668,2023-07-21,Wrong Item,12484.0,Refunded,5,Automotive
RET003839,ORD0020080,PROD0228,CUST03153,2023-08-30,Wrong Item,404.0,Refunded,6,Books
RET003840,ORD0020084,PROD0092,CUST00333,2020-07-30,Defective Product,3462.0,Refunded,9,Beauty & Health
RET003841,ORD0020100,PROD0211,CUST01978,2024-09-08,Damaged in Transit,8317.0,Refunded,8,Home & Kitchen
RET003842,ORD0020104,PROD0566,CUST00621,2024-11-04,Defective Product,4823.0,Refunded,13,Sports & Fitness
RET003843,ORD0020127,PROD0007,CUST03277,2024-12-08,Damaged in Transit,2637.0,Pending,5,Sports & Fitness
RET003844,ORD0020127,PROD0347,CUST03277,2024-12-08,Better Price Found,4353.0,Refunded,8,Fashion
RET003845,ORD0020150,PROD0139,CUST02652,2023-08-02,Defective Product,44319.0,Refunded,14,Home & Kitchen
RET003846,ORD0020158,PROD0343,CUST00013,2023-01-26,Wrong Item,1624.0,Pending,10,Beauty & Health
RET003847,ORD0020165,PROD0660,CUST04679,2022-10-19,Damaged in Transit,8834.0,Pending,7,Sports & Fitness
RET003848,ORD0020169,PROD0699,CUST03976,2020-06-15,Wrong Item,8501.0,Refunded,3,Automotive
RET003849,ORD0020170,PROD0758,CUST03498,2022-12-23,Wrong Item,1334.0,Refunded,12,Toys & Games
RET003850,ORD0020170,PROD0088,CUST03498,2022-12-23,Better Price Found,42059.0,Refunded,11,Electronics
RET003851,ORD0020170,PROD0245,CUST03498,2022-12-23,Defective Product,23304.0,Pending,6,Sports & Fitness
RET003852,ORD0020170,PROD0503,CUST03498,2022-12-23,Size Issue,3136.0,Refunded,4,Office Supplies
RET003853,ORD0020177,PROD0136,CUST02067,2021-11-17,Damaged in Transit,61880.0,Refunded,13,Electronics
RET003854,ORD0020178,PROD0357,CUST00736,2022-08-22,Damaged in Transit,42753.0,Refunded,3,Home & Kitchen
RET003855,ORD0020223,PROD0236,CUST02417,2020-02-23,Better Price Found,387.0,Refunded,9,Grocery
RET003856,ORD0020223,PROD0223,CUST02417,2020-02-23,Changed Mind,12828.0,Refunded,6,Sports & Fitness
RET003857,ORD0020223,PROD0593,CUST02417,2020-02-23,Changed Mind,9230.0,Refunded,7,Home & Kitchen
RET003858,ORD0020233,PROD0303,CUST04195,2022-12-31,Better Price Found,26126.0,Refunded,3,Electronics
RET003859,ORD0020233,PROD0363,CUST04195,2022-12-31,Size Issue,3874.0,Refunded,5,Fashion
RET003860,ORD0020242,PROD0111,CUST00025,2020-09-06,Damaged in Transit,26200.0,Pending,5,Toys & Games
RET003861,ORD0020253,PROD0573,CUST04910,2021-05-24,Better Price Found,14010.0,Refunded,13,Sports & Fitness
RET003862,ORD0020253,PROD0180,CUST04910,2021-05-24,Damaged in Transit,21018.0,Refunded,6,Home & Kitchen
RET003863,ORD0020253,PROD0173,CUST04910,2021-05-24,Wrong Item,1056.0,Refunded,10,Automotive
RET003864,ORD0020253,PROD0635,CUST04910,2021-05-24,Damaged in Transit,188184.0,Refunded,6,Electronics
RET003865,ORD0020268,PROD0215,CUST02852,2022-10-13,Defective Product,2280.0,Refunded,9,Books
RET003866,ORD0020287,PROD0094,CUST00018,2024-11-03,Changed Mind,11048.0,Refunded,7,Home & Kitchen
RET003867,ORD0020287,PROD0103,CUST00018,2024-11-03,Damaged in Transit,2411.0,Refunded,7,Fashion
RET003868,ORD0020288,PROD0583,CUST03982,2020-09-26,Size Issue,74192.0,Refunded,3,Automotive
RET003869,ORD0020293,PROD0479,CUST00037,2022-07-12,Better Price Found,8224.0,Refunded,13,Home & Kitchen
RET003870,ORD0020293,PROD0656,CUST00037,2022-07-12,Better Price Found,65080.0,Refunded,7,Electronics
RET003871,ORD0020293,PROD0648,CUST00037,2022-07-12,Defective Product,3332.0,Refunded,7,Fashion
RET003872,ORD0020293,PROD0168,CUST00037,2022-07-12,Wrong Item,4534.0,Refunded,11,Office Supplies
RET003873,ORD0020293,PROD0610,CUST00037,2022-07-12,Better Price Found,7196.0,Refunded,8,Toys & Games
RET003874,ORD0020294,PROD0407,CUST03768,2022-09-14,Size Issue,1155.0,Pending,10,Books
RET003875,ORD0020296,PROD0076,CUST03284,2021-11-09,Better Price Found,536.0,Refunded,11,Grocery
RET003876,ORD0020296,PROD0689,CUST03284,2021-11-09,Size Issue,6340.0,Refunded,4,Sports & Fitness
RET003877,ORD0020299,PROD0699,CUST04367,2023-12-13,Damaged in Transit,16152.0,Refunded,14,Automotive
RET003878,ORD0020299,PROD0073,CUST04367,2023-12-13,Better Price Found,30158.0,Pending,3,Sports & Fitness
RET003879,ORD0020299,PROD0798,CUST04367,2023-12-13,Wrong Item,3835.0,Refunded,4,Beauty & Health
RET003880,ORD0020306,PROD0631,CUST00125,2022-10-01,Damaged in Transit,2690.0,Refunded,3,Beauty & Health
RET003881,ORD0020306,PROD0737,CUST00125,2022-10-01,Size Issue,974.0,Pending,9,Beauty & Health
RET003882,ORD0020312,PROD0054,CUST00048,2021-09-17,Better Price Found,823.0,Refunded,4,Office Supplies
RET003883,ORD0020312,PROD0449,CUST00048,2021-09-17,Better Price Found,36222.0,Refunded,11,Home & Kitchen
RET003884,ORD0020315,PROD0379,CUST00650,2020-04-21,Size Issue,748.0,Refunded,14,Grocery
RET003885,ORD0020315,PROD0755,CUST00650,2020-04-21,Changed Mind,96428.0,Refunded,7,Electronics
RET003886,ORD0020318,PROD0552,CUST01913,2024-03-24,Wrong Item,2103.0,Refunded,13,Beauty & Health
RET003887,ORD0020318,PROD0658,CUST01913,2024-03-24,Damaged in Transit,562.0,Refunded,10,Books
RET003888,ORD0020331,PROD0348,CUST01777,2024-02-12,Changed Mind,24769.0,Refunded,11,Electronics
RET003889,ORD0020342,PROD0719,CUST02533,2021-09-13,Size Issue,1369.0,Refunded,4,Books
RET003890,ORD0020347,PROD0378,CUST00212,2023-11-06,Changed Mind,1518.0,Refunded,9,Office Supplies
RET003891,ORD0020347,PROD0047,CUST00212,2023-11-06,Defective Product,158.0,Pending,5,Automotive
RET003892,ORD0020347,PROD0745,CUST00212,2023-11-06,Better Price Found,32342.0,Pending,7,Home & Kitchen
RET003893,ORD0020359,PROD0142,CUST02962,2022-04-23,Better Price Found,1505.0,Refunded,6,Grocery
RET003894,ORD0020360,PROD0101,CUST01323,2023-01-10,Changed Mind,28290.0,Refunded,8,Automotive
RET003895,ORD0020360,PROD0046,CUST01323,2023-01-10,Defective Product,14556.0,Refunded,7,Electronics
RET003896,ORD0020383,PROD0230,CUST04843,2021-01-28,Changed Mind,7767.0,Refunded,7,Office Supplies
RET003897,ORD0020402,PROD0595,CUST03954,2021-11-29,Damaged in Transit,4556.0,Refunded,3,Automotive
RET003898,ORD0020402,PROD0490,CUST03954,2021-11-29,Wrong Item,49870.0,Refunded,10,Sports & Fitness
RET003899,ORD0020402,PROD0655,CUST03954,2021-11-29,Changed Mind,1932.0,Refunded,5,Automotive
RET003900,ORD0020404,PROD0356,CUST02408,2022-10-03,Better Price Found,4498.0,Refunded,7,Office Supplies
RET003901,ORD0020405,PROD0334,CUST02779,2020-03-08,Defective Product,27167.0,Refunded,4,Home & Kitchen
RET003902,ORD0020405,PROD0049,CUST02779,2020-03-08,Changed Mind,995.0,Refunded,5,Sports & Fitness
RET003903,ORD0020409,PROD0427,CUST04973,2022-02-05,Damaged in Transit,1926.0,Refunded,8,Sports & Fitness
RET003904,ORD0020409,PROD0183,CUST04973,2022-02-05,Wrong Item,147894.0,Refunded,7,Electronics
RET003905,ORD0020414,PROD0112,CUST01145,2021-07-15,Damaged in Transit,89.0,Rejected,14,Grocery
RET003906,ORD0020425,PROD0284,CUST04721,2022-07-10,Better Price Found,3144.0,Refunded,3,Beauty & Health
RET003907,ORD0020425,PROD0689,CUST04721,2022-07-10,Changed Mind,6340.0,Pending,12,Sports & Fitness
RET003908,ORD0020425,PROD0177,CUST04721,2022-07-10,Damaged in Transit,2703.0,Refunded,6,Sports & Fitness
RET003909,ORD0020425,PROD0303,CUST04721,2022-07-10,Damaged in Transit,22642.0,Pending,13,Electronics
RET003910,ORD0020425,PROD0298,CUST04721,2022-07-10,Changed Mind,15596.0,Pending,11,Home & Kitchen
RET003911,ORD0020426,PROD0780,CUST03046,2021-01-04,Better Price Found,11230.0,Pending,4,Electronics
RET003912,ORD0020458,PROD0724,CUST04526,2023-01-26,Damaged in Transit,1746.0,Refunded,14,Grocery
RET003913,ORD0020458,PROD0156,CUST04526,2023-01-26,Better Price Found,1265.0,Refunded,12,Toys & Games
RET003914,ORD0020461,PROD0079,CUST02905,2020-08-17,Wrong Item,5887.0,Rejected,9,Toys & Games
RET003915,ORD0020464,PROD0708,CUST00975,2023-02-21,Wrong Item,9138.0,Refunded,13,Fashion
RET003916,ORD0020472,PROD0143,CUST03900,2023-07-21,Defective Product,17917.0,Refunded,3,Sports & Fitness
RET003917,ORD0020475,PROD0225,CUST03166,2021-02-26,Damaged in Transit,79291.0,Refunded,7,Electronics
RET003918,ORD0020490,PROD0221,CUST02528,2021-09-28,Changed Mind,133296.0,Pending,7,Home & Kitchen
RET003919,ORD0020495,PROD0331,CUST02073,2022-08-14,Better Price Found,4682.0,Refunded,8,Toys & Games
RET003920,ORD0020495,PROD0173,CUST02073,2022-08-14,Defective Product,1173.0,Refunded,3,Automotive
RET003921,ORD0020495,PROD0716,CUST02073,2022-08-14,Size Issue,4867.0,Refunded,5,Toys & Games
RET003922,ORD0020495,PROD0748,CUST02073,2022-08-14,Damaged in Transit,2481.0,Pending,6,Beauty & Health
RET003923,ORD0020501,PROD0482,CUST02603,2021-10-03,Size Issue,1080.0,Refunded,5,Grocery
RET003924,ORD0020539,PROD0552,CUST03852,2024-10-24,Size Issue,755.0,Refunded,13,Beauty & Health
RET003925,ORD0020539,PROD0165,CUST03852,2024-10-24,Size Issue,440.0,Refunded,14,Books
RET003926,ORD0020539,PROD0282,CUST03852,2024-10-24,Changed Mind,1445.0,Refunded,10,Books
RET003927,ORD0020547,PROD0445,CUST02749,2023-05-03,Damaged in Transit,62320.0,Pending,3,Home & Kitchen
RET003928,ORD0020547,PROD0077,CUST02749,2023-05-03,Defective Product,7520.0,Refunded,4,Automotive
RET003929,ORD0020547,PROD0069,CUST02749,2023-05-03,Damaged in Transit,17724.0,Refunded,3,Sports & Fitness
RET003930,ORD0020547,PROD0587,CUST02749,2023-05-03,Size Issue,2654.0,Refunded,4,Beauty & Health
RET003931,ORD0020554,PROD0651,CUST04563,2024-09-02,Changed Mind,14985.0,Refunded,13,Sports & Fitness
RET003932,ORD0020554,PROD0253,CUST04563,2024-09-02,Damaged in Transit,822.0,Refunded,9,Toys & Games
RET003933,ORD0020555,PROD0650,CUST04664,2022-11-14,Changed Mind,744.0,Refunded,6,Books
RET003934,ORD0020558,PROD0453,CUST01129,2024-02-02,Changed Mind,2776.0,Rejected,7,Beauty & Health
RET003935,ORD0020558,PROD0588,CUST01129,2024-02-02,Changed Mind,303.0,Rejected,13,Grocery
RET003936,ORD0020558,PROD0458,CUST01129,2024-02-02,Better Price Found,7840.0,Refunded,8,Fashion
RET003937,ORD0020558,PROD0288,CUST01129,2024-02-02,Changed Mind,4264.0,Pending,14,Toys & Games
RET003938,ORD0020561,PROD0679,CUST01887,2023-11-27,Better Price Found,5212.0,Pending,6,Sports & Fitness
RET003939,ORD0020561,PROD0569,CUST01887,2023-11-27,Size Issue,5400.0,Pending,3,Office Supplies
RET003940,ORD0020561,PROD0287,CUST01887,2023-11-27,Damaged in Transit,6892.0,Refunded,5,Automotive
RET003941,ORD0020561,PROD0351,CUST01887,2023-11-27,Damaged in Transit,17058.0,Pending,4,Sports & Fitness
RET003942,ORD0020566,PROD0353,CUST00447,2024-01-04,Defective Product,128082.0,Refunded,6,Electronics
RET003943,ORD0020566,PROD0307,CUST00447,2024-01-04,Size Issue,3942.0,Refunded,12,Beauty & Health
RET003944,ORD0020566,PROD0675,CUST00447,2024-01-04,Size Issue,3582.0,Refunded,13,Toys & Games
RET003945,ORD0020568,PROD0744,CUST01499,2020-10-17,Changed Mind,586.0,Refunded,10,Grocery
RET003946,ORD0020568,PROD0185,CUST01499,2020-10-17,Better Price Found,7150.0,Refunded,4,Fashion
RET003947,ORD0020572,PROD0459,CUST00286,2023-06-15,Wrong Item,124533.0,Refunded,10,Home & Kitchen
RET003948,ORD0020572,PROD0325,CUST00286,2023-06-15,Better Price Found,28398.0,Refunded,14,Automotive
RET003949,ORD0020574,PROD0661,CUST02161,2020-07-09,Wrong Item,23808.0,Refunded,12,Home & Kitchen
RET003950,ORD0020576,PROD0344,CUST03565,2020-05-01,Defective Product,10260.0,Refunded,11,Fashion
RET003951,ORD0020577,PROD0600,CUST02013,2020-03-09,Damaged in Transit,4266.0,Refunded,4,Beauty & Health
RET003952,ORD0020577,PROD0737,CUST02013,2020-03-09,Wrong Item,974.0,Refunded,13,Beauty & Health
RET003953,ORD0020577,PROD0322,CUST02013,2020-03-09,Changed Mind,40593.0,Pending,6,Electronics
RET003954,ORD0020577,PROD0293,CUST02013,2020-03-09,Defective Product,87361.0,Refunded,14,Electronics
RET003955,ORD0020591,PROD0040,CUST02749,2021-08-13,Size Issue,1272.0,Refunded,12,Grocery
RET003956,ORD0020591,PROD0027,CUST02749,2021-08-13,Size Issue,6660.0,Refunded,3,Office Supplies
RET003957,ORD0020591,PROD0190,CUST02749,2021-08-13,Changed Mind,2725.0,Refunded,11,Automotive
RET003958,ORD0020608,PROD0075,CUST03824,2022-07-16,Wrong Item,348.0,Refunded,8,Grocery
RET003959,ORD0020615,PROD0247,CUST01080,2022-10-01,Better Price Found,936.0,Refunded,12,Books
RET003960,ORD0020615,PROD0436,CUST01080,2022-10-01,Better Price Found,61770.0,Refunded,11,Electronics
RET003961,ORD0020615,PROD0444,CUST01080,2022-10-01,Wrong Item,1180.0,Refunded,10,Grocery
RET003962,ORD0020626,PROD0363,CUST03505,2020-11-07,Wrong Item,3874.0,Refunded,6,Fashion
RET003963,ORD0020640,PROD0608,CUST03220,2022-10-30,Size Issue,876.0,Rejected,8,Grocery
RET003964,ORD0020640,PROD0249,CUST03220,2022-10-30,Wrong Item,342.0,Refunded,4,Books
RET003965,ORD0020641,PROD0072,CUST04188,2020-03-19,Damaged in Transit,73210.0,Refunded,12,Electronics
RET003966,ORD0020653,PROD0598,CUST04784,2023-04-14,Changed Mind,3686.0,Refunded,11,Automotive
RET003967,ORD0020653,PROD0294,CUST04784,2023-04-14,Better Price Found,21954.0,Pending,14,Sports & Fitness
RET003968,ORD0020653,PROD0020,CUST04784,2023-04-14,Wrong Item,1256.0,Refunded,3,Office Supplies
RET003969,ORD0020658,PROD0119,CUST00268,2023-09-01,Damaged in Transit,72992.0,Refunded,10,Electronics
RET003970,ORD0020690,PROD0579,CUST04626,2024-08-06,Size Issue,2694.0,Refunded,7,Grocery
RET003971,ORD0020690,PROD0141,CUST04626,2024-08-06,Size Issue,3496.0,Refunded,3,Toys & Games
RET003972,ORD0020690,PROD0300,CUST04626,2024-08-06,Wrong Item,2420.0,Refunded,14,Beauty & Health
RET003973,ORD0020690,PROD0502,CUST04626,2024-08-06,Wrong Item,2904.0,Refunded,8,Grocery
RET003974,ORD0020696,PROD0149,CUST00170,2020-04-25,Changed Mind,22760.0,Pending,14,Home & Kitchen
RET003975,ORD0020698,PROD0091,CUST02303,2024-01-02,Damaged in Transit,1346.0,Refunded,4,Beauty & Health
RET003976,ORD0020714,PROD0712,CUST01371,2021-07-17,Defective Product,15932.0,Refunded,3,Home & Kitchen
RET003977,ORD0020728,PROD0118,CUST01713,2023-10-29,Defective Product,6005.0,Refunded,9,Office Supplies
RET003978,ORD0020730,PROD0535,CUST02049,2022-05-11,Wrong Item,50312.0,Refunded,3,Sports & Fitness
RET003979,ORD0020734,PROD0065,CUST00868,2021-11-11,Damaged in Transit,798.0,Refunded,5,Beauty & Health
RET003980,ORD0020740,PROD0009,CUST02865,2023-05-29,Damaged in Transit,2085.0,Refunded,7,Beauty & Health
RET003981,ORD0020757,PROD0490,CUST03923,2020-02-22,Damaged in Transit,74805.0,Refunded,6,Sports & Fitness
RET003982,ORD0020757,PROD0155,CUST03923,2020-02-22,Better Price Found,2544.0,Refunded,10,Office Supplies
RET003983,ORD0020777,PROD0640,CUST01296,2021-12-13,Better Price Found,6328.0,Refunded,4,Toys & Games
RET003984,ORD0020779,PROD0245,CUST02924,2021-07-11,Size Issue,46608.0,Refunded,14,Sports & Fitness
RET003985,ORD0020779,PROD0587,CUST02924,2021-07-11,Changed Mind,8406.0,Pending,5,Beauty & Health
RET003986,ORD0020779,PROD0583,CUST02924,2021-07-11,Size Issue,37096.0,Pending,9,Automotive
RET003987,ORD0020782,PROD0432,CUST01673,2024-03-08,Better Price Found,2080.0,Refunded,13,Beauty & Health
RET003988,ORD0020792,PROD0048,CUST00353,2021-03-15,Size Issue,564.0,Refunded,8,Automotive
RET003989,ORD0020799,PROD0420,CUST02494,2023-02-15,Defective Product,12259.0,Pending,6,Sports & Fitness
RET003990,ORD0020801,PROD0553,CUST00114,2021-11-26,Damaged in Transit,1162.0,Refunded,11,Grocery
RET003991,ORD0020810,PROD0113,CUST00759,2020-12-16,Wrong Item,52.0,Refunded,3,Beauty & Health
RET003992,ORD0020815,PROD0399,CUST01500,2022-05-04,Defective Product,30844.0,Refunded,11,Electronics
RET003993,ORD0020819,PROD0389,CUST04327,2024-01-21,Damaged in Transit,62736.0,Refunded,4,Sports & Fitness
RET003994,ORD0020821,PROD0724,CUST04063,2021-01-18,Changed Mind,873.0,Refunded,8,Grocery
RET003995,ORD0020821,PROD0380,CUST04063,2021-01-18,Better Price Found,6571.0,Refunded,8,Automotive
RET003996,ORD0020832,PROD0181,CUST00784,2024-05-24,Defective Product,264.0,Refunded,9,Books
RET003997,ORD0020832,PROD0216,CUST00784,2024-05-24,Changed Mind,20308.0,Refunded,9,Fashion
RET003998,ORD0020850,PROD0369,CUST00340,2022-01-28,Better Price Found,65846.0,Refunded,5,Electronics
RET003999,ORD0020853,PROD0105,CUST02833,2024-04-21,Defective Product,455.0,Pending,10,Beauty & Health
RET004000,ORD0020853,PROD0273,CUST02833,2024-04-21,Better Price Found,10510.0,Refunded,8,Home & Kitchen
RET004001,ORD0020883,PROD0436,CUST00582,2021-03-25,Changed Mind,109812.0,Pending,14,Electronics
RET004002,ORD0020892,PROD0363,CUST04000,2021-05-09,Defective Product,3646.0,Refunded,14,Fashion
RET004003,ORD0020896,PROD0177,CUST00741,2020-02-28,Damaged in Transit,2162.0,Refunded,14,Sports & Fitness
RET004004,ORD0020896,PROD0265,CUST00741,2020-02-28,Better Price Found,5054.0,Refunded,6,Toys & Games
RET004005,ORD0020896,PROD0195,CUST00741,2020-02-28,Size Issue,3247.0,Rejected,11,Automotive
RET004006,ORD0020896,PROD0795,CUST00741,2020-02-28,Better Price Found,91686.0,Pending,13,Electronics
RET004007,ORD0020900,PROD0220,CUST04963,2023-03-07,Better Price Found,18941.0,Refunded,14,Sports & Fitness
RET004008,ORD0020928,PROD0358,CUST04090,2024-07-06,Damaged in Transit,8152.0,Rejected,5,Office Supplies
RET004009,ORD0020928,PROD0090,CUST04090,2024-07-06,Changed Mind,17906.0,Refunded,7,Sports & Fitness
RET004010,ORD0020939,PROD0027,CUST04492,2022-01-31,Defective Product,6290.0,Refunded,4,Office Supplies
RET004011,ORD0020943,PROD0002,CUST03417,2024-12-16,Damaged in Transit,6215.0,Refunded,13,Toys & Games
RET004012,ORD0020943,PROD0425,CUST03417,2024-12-16,Damaged in Transit,9217.0,Pending,4,Sports & Fitness
RET004013,ORD0020946,PROD0479,CUST04968,2022-01-23,Better Price Found,26436.0,Refunded,14,Home & Kitchen
RET004014,ORD0020947,PROD0286,CUST03246,2022-06-23,Size Issue,3605.0,Refunded,13,Sports & Fitness
RET004015,ORD0020952,PROD0547,CUST02275,2022-10-12,Defective Product,1050.0,Rejected,7,Grocery
RET004016,ORD0020970,PROD0749,CUST01537,2022-10-22,Changed Mind,4355.0,Refunded,9,Fashion
RET004017,ORD0020988,PROD0684,CUST02450,2020-05-21,Size Issue,25925.0,Refunded,5,Electronics
RET004018,ORD0020988,PROD0672,CUST02450,2020-05-21,Better Price Found,826.0,Pending,8,Grocery
RET004019,ORD0020988,PROD0299,CUST02450,2020-05-21,Defective Product,3270.0,Refunded,5,Sports & Fitness
RET004020,ORD0020988,PROD0185,CUST02450,2020-05-21,Changed Mind,7548.0,Refunded,4,Fashion
RET004021,ORD0020988,PROD0111,CUST02450,2020-05-21,Size Issue,26200.0,Refunded,4,Toys & Games
RET004022,ORD0020998,PROD0627,CUST02872,2021-07-24,Size Issue,99124.0,Refunded,3,Electronics
RET004023,ORD0020998,PROD0692,CUST02872,2021-07-24,Defective Product,4126.0,Refunded,6,Office Supplies
RET004024,ORD0021028,PROD0236,CUST01615,2020-05-17,Size Issue,387.0,Refunded,5,Grocery
RET004025,ORD0021028,PROD0110,CUST01615,2020-05-17,Damaged in Transit,2104.0,Refunded,3,Beauty & Health
RET004026,ORD0021028,PROD0457,CUST01615,2020-05-17,Defective Product,11002.0,Refunded,7,Fashion
RET004027,ORD0021028,PROD0416,CUST01615,2020-05-17,Damaged in Transit,2154.0,Refunded,14,Fashion
RET004028,ORD0021028,PROD0141,CUST01615,2020-05-17,Damaged in Transit,3814.0,Refunded,10,Toys & Games
RET004029,ORD0021048,PROD0435,CUST00950,2020-03-29,Wrong Item,822.0,Refunded,9,Books
RET004030,ORD0021048,PROD0140,CUST00950,2020-03-29,Changed Mind,3982.0,Refunded,3,Home & Kitchen
RET004031,ORD0021059,PROD0097,CUST00202,2020-09-03,Defective Product,16084.0,Refunded,5,Automotive
RET004032,ORD0021060,PROD0158,CUST00554,2020-12-04,Defective Product,7305.0,Refunded,9,Automotive
RET004033,ORD0021060,PROD0310,CUST00554,2020-12-04,Wrong Item,2115.0,Refunded,4,Sports & Fitness
RET004034,ORD0021061,PROD0790,CUST04275,2022-02-08,Changed Mind,4576.0,Refunded,8,Fashion
RET004035,ORD0021061,PROD0780,CUST04275,2022-02-08,Wrong Item,12476.0,Refunded,4,Electronics
RET004036,ORD0021061,PROD0649,CUST04275,2022-02-08,Wrong Item,26074.0,Refunded,12,Automotive
RET004037,ORD0021061,PROD0008,CUST04275,2022-02-08,Defective Product,7764.0,Pending,11,Office Supplies
RET004038,ORD0021071,PROD0169,CUST01908,2024-12-03,Size Issue,16502.0,Refunded,12,Home & Kitchen
RET004039,ORD0021071,PROD0630,CUST01908,2024-12-03,Better Price Found,1439.0,Pending,13,Fashion
RET004040,ORD0021071,PROD0650,CUST01908,2024-12-03,Changed Mind,335.0,Refunded,12,Books
RET004041,ORD0021071,PROD0584,CUST01908,2024-12-03,Wrong Item,7953.0,Refunded,11,Toys & Games
RET004042,ORD0021071,PROD0721,CUST01908,2024-12-03,Wrong Item,1586.0,Refunded,5,Grocery
RET004043,ORD0021074,PROD0187,CUST00697,2021-05-15,Damaged in Transit,1389.0,Refunded,13,Books
RET004044,ORD0021074,PROD0593,CUST00697,2021-05-15,Damaged in Transit,10383.0,Refunded,9,Home & Kitchen
RET004045,ORD0021103,PROD0777,CUST04455,2020-03-22,Changed Mind,3210.0,Rejected,10,Toys & Games
RET004046,ORD0021103,PROD0574,CUST04455,2020-03-22,Damaged in Transit,37206.0,Refunded,3,Electronics
RET004047,ORD0021107,PROD0673,CUST02941,2023-08-24,Damaged in Transit,88808.0,Pending,9,Electronics
RET004048,ORD0021107,PROD0545,CUST02941,2023-08-24,Better Price Found,89837.0,Refunded,4,Electronics
RET004049,ORD0021125,PROD0130,CUST03163,2023-05-13,Defective Product,6151.0,Pending,4,Office Supplies
RET004050,ORD0021125,PROD0133,CUST03163,2023-05-13,Damaged in Transit,6825.0,Refunded,3,Office Supplies
RET004051,ORD0021128,PROD0525,CUST03791,2020-11-06,Changed Mind,904.0,Rejected,9,Books
RET004052,ORD0021136,PROD0495,CUST00950,2024-01-25,Defective Product,103610.0,Refunded,6,Electronics
RET004053,ORD0021159,PROD0218,CUST04019,2024-06-14,Defective Product,41666.0,Refunded,10,Home & Kitchen
RET004054,ORD0021159,PROD0086,CUST04019,2024-06-14,Changed Mind,1058.0,Refunded,10,Beauty & Health
RET004055,ORD0021163,PROD0217,CUST04618,2020-11-22,Changed Mind,12126.0,Refunded,13,Toys & Games
RET004056,ORD0021193,PROD0533,CUST04201,2020-02-15,Wrong Item,8174.0,Refunded,8,Office Supplies
RET004057,ORD0021193,PROD0104,CUST04201,2020-02-15,Damaged in Transit,37614.0,Refunded,9,Sports & Fitness
RET004058,ORD0021193,PROD0054,CUST04201,2020-02-15,Wrong Item,960.0,Refunded,8,Office Supplies
RET004059,ORD0021207,PROD0216,CUST01373,2022-10-03,Better Price Found,11507.0,Refunded,4,Fashion
RET004060,ORD0021207,PROD0735,CUST01373,2022-10-03,Wrong Item,1988.0,Pending,5,Office Supplies
RET004061,ORD0021207,PROD0560,CUST01373,2022-10-03,Damaged in Transit,10033.0,Refunded,3,Home & Kitchen
RET004062,ORD0021207,PROD0136,CUST01373,2022-10-03,Wrong Item,61880.0,Refunded,10,Electronics
RET004063,ORD0021207,PROD0605,CUST01373,2022-10-03,Better Price Found,26978.0,Pending,3,Sports & Fitness
RET004064,ORD0021214,PROD0503,CUST04760,2023-09-09,Better Price Found,3136.0,Refunded,12,Office Supplies
RET004065,ORD0021214,PROD0364,CUST04760,2023-09-09,Defective Product,218.0,Refunded,10,Books
RET004066,ORD0021227,PROD0347,CUST02563,2022-10-13,Better Price Found,5804.0,Refunded,13,Fashion
RET004067,ORD0021230,PROD0108,CUST01536,2022-09-21,Wrong Item,74932.0,Refunded,9,Home & Kitchen
RET004068,ORD0021237,PROD0598,CUST04934,2023-09-13,Better Price Found,3195.0,Refunded,7,Automotive
RET004069,ORD0021237,PROD0329,CUST04934,2023-09-13,Damaged in Transit,1760.0,Pending,13,Grocery
RET004070,ORD0021239,PROD0209,CUST03474,2023-07-07,Wrong Item,27345.0,Refunded,6,Sports & Fitness
RET004071,ORD0021239,PROD0158,CUST03474,2023-07-07,Size Issue,7305.0,Refunded,11,Automotive
RET004072,ORD0021241,PROD0533,CUST01612,2020-06-29,Size Issue,8655.0,Pending,9,Office Supplies
RET004073,ORD0021242,PROD0181,CUST00125,2022-07-19,Size Issue,250.0,Refunded,3,Books
RET004074,ORD0021251,PROD0120,CUST04496,2021-05-03,Better Price Found,19252.0,Refunded,7,Sports & Fitness
RET004075,ORD0021266,PROD0197,CUST02790,2024-05-25,Size Issue,2828.0,Refunded,13,Beauty & Health
RET004076,ORD0021268,PROD0212,CUST04482,2022-11-20,Better Price Found,2372.0,Pending,8,Fashion
RET004077,ORD0021268,PROD0552,CUST04482,2022-11-20,Wrong Item,701.0,Refunded,6,Beauty & Health
RET004078,ORD0021282,PROD0480,CUST00391,2022-11-16,Changed Mind,833.0,Refunded,3,Books
RET004079,ORD0021285,PROD0451,CUST03327,2020-05-21,Size Issue,948.0,Rejected,8,Beauty & Health
RET004080,ORD0021285,PROD0600,CUST03327,2020-05-21,Size Issue,7680.0,Refunded,14,Beauty & Health
RET004081,ORD0021300,PROD0378,CUST01974,2024-12-17,Wrong Item,1687.0,Pending,12,Office Supplies
RET004082,ORD0021310,PROD0304,CUST02283,2024-02-02,Changed Mind,2984.0,Refunded,9,Beauty & Health
RET004083,ORD0021311,PROD0205,CUST03591,2023-12-09,Damaged in Transit,4637.0,Refunded,4,Toys & Games
RET004084,ORD0021311,PROD0629,CUST03591,2023-12-09,Wrong Item,2456.0,Refunded,7,Books
RET004085,ORD0021318,PROD0339,CUST00791,2021-02-12,Defective Product,1218.0,Rejected,13,Grocery
RET004086,ORD0021318,PROD0100,CUST00791,2021-02-12,Better Price Found,34752.0,Refunded,11,Automotive
RET004087,ORD0021321,PROD0317,CUST02675,2020-02-17,Better Price Found,5909.0,Pending,4,Office Supplies
RET004088,ORD0021322,PROD0168,CUST00908,2024-06-21,Size Issue,5231.0,Refunded,10,Office Supplies
RET004089,ORD0021322,PROD0167,CUST00908,2024-06-21,Size Issue,73980.0,Refunded,3,Electronics
RET004090,ORD0021322,PROD0750,CUST00908,2024-06-21,Size Issue,341.0,Refunded,3,Beauty & Health
RET004091,ORD0021322,PROD0398,CUST00908,2024-06-21,Defective Product,6752.0,Refunded,13,Toys & Games
RET004092,ORD0021324,PROD0544,CUST01120,2025-01-01,Size Issue,367.0,Refunded,11,Beauty & Health
RET004093,ORD0021327,PROD0454,CUST02278,2024-09-24,Wrong Item,1972.0,Refunded,6,Toys & Games
RET004094,ORD0021327,PROD0241,CUST02278,2024-09-24,Size Issue,61622.0,Refunded,12,Home & Kitchen
RET004095,ORD0021330,PROD0676,CUST02211,2023-02-09,Wrong Item,1196.0,Refunded,5,Grocery
RET004096,ORD0021334,PROD0090,CUST00188,2021-06-16,Defective Product,10445.0,Refunded,5,Sports & Fitness
RET004097,ORD0021334,PROD0019,CUST00188,2021-06-16,Damaged in Transit,28671.0,Refunded,4,Electronics
RET004098,ORD0021334,PROD0422,CUST00188,2021-06-16,Defective Product,11475.0,Refunded,13,Fashion
RET004099,ORD0021359,PROD0659,CUST00432,2020-11-06,Changed Mind,529.0,Refunded,5,Grocery
RET004100,ORD0021359,PROD0759,CUST00432,2020-11-06,Changed Mind,6542.0,Pending,3,Toys & Games
RET004101,ORD0021375,PROD0346,CUST01340,2024-03-06,Changed Mind,20088.0,Refunded,12,Home & Kitchen
RET004102,ORD0021400,PROD0277,CUST02079,2023-06-27,Size Issue,196.0,Refunded,14,Beauty & Health
RET004103,ORD0021400,PROD0178,CUST02079,2023-06-27,Better Price Found,3357.0,Refunded,4,Toys & Games
RET004104,ORD0021400,PROD0784,CUST02079,2023-06-27,Defective Product,2130.0,Pending,8,Books
RET004105,ORD0021416,PROD0484,CUST02168,2024-08-05,Size Issue,13175.0,Pending,6,Home & Kitchen
RET004106,ORD0021419,PROD0481,CUST01520,2021-12-12,Better Price Found,3161.0,Refunded,3,Beauty & Health
RET004107,ORD0021421,PROD0137,CUST03829,2020-07-26,Changed Mind,14040.0,Refunded,7,Office Supplies
RET004108,ORD0021431,PROD0737,CUST04824,2023-11-11,Damaged in Transit,1104.0,Pending,4,Beauty & Health
RET004109,ORD0021431,PROD0143,CUST04824,2023-11-11,Changed Mind,32848.0,Refunded,5,Sports & Fitness
RET004110,ORD0021431,PROD0555,CUST04824,2023-11-11,Changed Mind,211422.0,Refunded,12,Electronics
RET004111,ORD0021433,PROD0266,CUST04441,2023-10-11,Better Price Found,82947.0,Refunded,6,Electronics
RET004112,ORD0021452,PROD0471,CUST04310,2024-02-17,Damaged in Transit,2351.0,Refunded,12,Toys & Games
RET004113,ORD0021452,PROD0661,CUST04310,2024-02-17,Size Issue,47616.0,Refunded,9,Home & Kitchen
RET004114,ORD0021452,PROD0500,CUST04310,2024-02-17,Better Price Found,106431.0,Refunded,4,Home & Kitchen
RET004115,ORD0021454,PROD0388,CUST00479,2021-09-14,Defective Product,677.0,Refunded,8,Toys & Games
RET004116,ORD0021468,PROD0098,CUST03787,2024-12-18,Defective Product,37248.0,Refunded,12,Sports & Fitness
RET004117,ORD0021468,PROD0521,CUST03787,2024-12-18,Better Price Found,116966.0,Refunded,14,Electronics
RET004118,ORD0021468,PROD0049,CUST03787,2024-12-18,Size Issue,995.0,Refunded,9,Sports & Fitness
RET004119,ORD0021474,PROD0289,CUST02564,2024-07-10,Damaged in Transit,2466.0,Refunded,7,Books
RET004120,ORD0021486,PROD0195,CUST04650,2021-08-26,Better Price Found,3247.0,Refunded,7,Automotive
RET004121,ORD0021486,PROD0579,CUST04650,2021-08-26,Size Issue,1558.0,Refunded,10,Grocery
RET004122,ORD0021486,PROD0096,CUST04650,2021-08-26,Wrong Item,1170.0,Refunded,6,Office Supplies
RET004123,ORD0021486,PROD0706,CUST04650,2021-08-26,Wrong Item,24906.0,Refunded,3,Sports & Fitness
RET004124,ORD0021492,PROD0374,CUST02022,2021-08-02,Damaged in Transit,2848.0,Refunded,9,Toys & Games
RET004125,ORD0021509,PROD0265,CUST04272,2020-04-11,Better Price Found,2246.0,Pending,9,Toys & Games
RET004126,ORD0021509,PROD0473,CUST04272,2020-04-11,Better Price Found,778.0,Rejected,7,Office Supplies
RET004127,ORD0021509,PROD0511,CUST04272,2020-04-11,Size Issue,2536.0,Pending,7,Office Supplies
RET004128,ORD0021509,PROD0620,CUST04272,2020-04-11,Damaged in Transit,2782.0,Rejected,11,Books
RET004129,ORD0021509,PROD0703,CUST04272,2020-04-11,Defective Product,12243.0,Refunded,14,Electronics
RET004130,ORD0021514,PROD0289,CUST01671,2020-07-24,Better Price Found,890.0,Refunded,14,Books
RET004131,ORD0021514,PROD0211,CUST01671,2020-07-24,Wrong Item,14884.0,Refunded,12,Home & Kitchen
RET004132,ORD0021514,PROD0655,CUST01671,2020-07-24,Size Issue,5796.0,Refunded,6,Automotive
RET004133,ORD0021514,PROD0406,CUST01671,2020-07-24,Wrong Item,93813.0,Refunded,11,Electronics
RET004134,ORD0021516,PROD0630,CUST00251,2021-11-13,Size Issue,1524.0,Refunded,4,Fashion
RET004135,ORD0021516,PROD0060,CUST00251,2021-11-13,Wrong Item,23616.0,Refunded,5,Fashion
RET004136,ORD0021519,PROD0198,CUST01888,2024-10-16,Better Price Found,4470.0,Pending,10,Toys & Games
RET004137,ORD0021522,PROD0594,CUST02731,2024-02-25,Better Price Found,125.0,Refunded,12,Books
RET004138,ORD0021531,PROD0364,CUST00852,2023-10-17,Defective Product,218.0,Pending,13,Books
RET004139,ORD0021533,PROD0148,CUST00008,2020-09-14,Changed Mind,36422.0,Refunded,13,Electronics
RET004140,ORD0021533,PROD0021,CUST00008,2020-09-14,Better Price Found,3838.0,Refunded,6,Beauty & Health
RET004141,ORD0021534,PROD0171,CUST04119,2020-09-29,Wrong Item,15098.0,Refunded,12,Toys & Games
RET004142,ORD0021534,PROD0773,CUST04119,2020-09-29,Defective Product,1200.0,Refunded,3,Grocery
RET004143,ORD0021539,PROD0433,CUST04271,2023-07-15,Defective Product,73270.0,Refunded,6,Electronics
RET004144,ORD0021539,PROD0559,CUST04271,2023-07-15,Defective Product,4700.0,Refunded,12,Electronics
RET004145,ORD0021547,PROD0006,CUST01462,2021-02-24,Better Price Found,6586.0,Refunded,7,Beauty & Health
RET004146,ORD0021547,PROD0153,CUST01462,2021-02-24,Better Price Found,594.0,Refunded,14,Grocery
RET004147,ORD0021559,PROD0344,CUST00456,2020-06-22,Defective Product,34884.0,Refunded,8,Fashion
RET004148,ORD0021559,PROD0702,CUST00456,2020-06-22,Defective Product,2657.0,Refunded,3,Toys & Games
RET004149,ORD0021578,PROD0341,CUST04008,2020-03-10,Defective Product,5776.0,Refunded,13,Fashion
RET004150,ORD0021578,PROD0301,CUST04008,2020-03-10,Wrong Item,2259.0,Refunded,11,Sports & Fitness
RET004151,ORD0021578,PROD0713,CUST04008,2020-03-10,Wrong Item,6870.0,Refunded,11,Toys & Games
RET004152,ORD0021580,PROD0019,CUST00900,2020-06-14,Damaged in Transit,8362.0,Refunded,13,Electronics
RET004153,ORD0021596,PROD0747,CUST04124,2020-07-20,Better Price Found,9744.0,Refunded,12,Fashion
RET004154,ORD0021604,PROD0329,CUST04542,2020-04-03,Better Price Found,1760.0,Refunded,9,Grocery
RET004155,ORD0021606,PROD0362,CUST04150,2023-09-22,Damaged in Transit,148662.0,Refunded,3,Electronics
RET004156,ORD0021606,PROD0319,CUST04150,2023-09-22,Better Price Found,1952.0,Refunded,11,Beauty & Health
RET004157,ORD0021606,PROD0647,CUST04150,2023-09-22,Defective Product,24669.0,Pending,9,Office Supplies
RET004158,ORD0021606,PROD0101,CUST04150,2023-09-22,Size Issue,28290.0,Refunded,14,Automotive
RET004159,ORD0021629,PROD0135,CUST00975,2020-04-09,Size Issue,8172.0,Pending,11,Automotive
RET004160,ORD0021629,PROD0435,CUST00975,2020-04-09,Changed Mind,913.0,Refunded,4,Books
RET004161,ORD0021630,PROD0210,CUST01071,2024-08-16,Defective Product,13926.0,Refunded,8,Home & Kitchen
RET004162,ORD0021643,PROD0671,CUST01114,2023-04-07,Defective Product,8578.0,Refunded,4,Fashion
RET004163,ORD0021643,PROD0757,CUST01114,2023-04-07,Changed Mind,3288.0,Refunded,3,Grocery
RET004164,ORD0021647,PROD0022,CUST02770,2021-09-13,Defective Product,50976.0,Refunded,10,Home & Kitchen
RET004165,ORD0021647,PROD0620,CUST02770,2021-09-13,Changed Mind,1391.0,Refunded,7,Books
RET004166,ORD0021650,PROD0405,CUST02548,2023-04-30,Wrong Item,3548.0,Refunded,3,Fashion
RET004167,ORD0021650,PROD0755,CUST02548,2023-04-30,Wrong Item,192856.0,Refunded,8,Electronics
RET004168,ORD0021657,PROD0137,CUST00784,2023-02-12,Better Price Found,5615.0,Refunded,5,Office Supplies
RET004169,ORD0021657,PROD0426,CUST00784,2023-02-12,Size Issue,34043.0,Refunded,10,Home & Kitchen
RET004170,ORD0021657,PROD0004,CUST00784,2023-02-12,Better Price Found,72981.0,Refunded,14,Home & Kitchen
RET004171,ORD0021657,PROD0531,CUST00784,2023-02-12,Wrong Item,108.0,Refunded,7,Grocery
RET004172,ORD0021659,PROD0039,CUST04704,2023-12-20,Wrong Item,15483.0,Refunded,3,Automotive
RET004173,ORD0021659,PROD0781,CUST04704,2023-12-20,Wrong Item,3602.0,Refunded,11,Beauty & Health
RET004174,ORD0021659,PROD0467,CUST04704,2023-12-20,Size Issue,2602.0,Refunded,13,Beauty & Health
RET004175,ORD0021661,PROD0331,CUST01013,2024-07-16,Wrong Item,4348.0,Pending,12,Toys & Games
RET004176,ORD0021679,PROD0279,CUST03128,2022-06-28,Wrong Item,1842.0,Rejected,4,Grocery
RET004177,ORD0021679,PROD0141,CUST03128,2022-06-28,Changed Mind,3496.0,Rejected,3,Toys & Games
RET004178,ORD0021681,PROD0015,CUST00349,2022-07-27,Changed Mind,6408.0,Refunded,11,Fashion
RET004179,ORD0021688,PROD0264,CUST01269,2020-05-20,Size Issue,56124.0,Refunded,10,Electronics
RET004180,ORD0021722,PROD0190,CUST03936,2024-09-27,Defective Product,5840.0,Refunded,3,Automotive
RET004181,ORD0021722,PROD0093,CUST03936,2024-09-27,Size Issue,2038.0,Pending,9,Office Supplies
RET004182,ORD0021752,PROD0562,CUST02755,2022-07-29,Better Price Found,63338.0,Refunded,10,Electronics
RET004183,ORD0021752,PROD0482,CUST02755,2022-07-29,Changed Mind,540.0,Pending,9,Grocery
RET004184,ORD0021752,PROD0022,CUST02755,2022-07-29,Changed Mind,29129.0,Refunded,5,Home & Kitchen
RET004185,ORD0021753,PROD0187,CUST00113,2023-04-21,Better Price Found,430.0,Refunded,12,Books
RET004186,ORD0021766,PROD0778,CUST02321,2021-07-21,Changed Mind,5105.0,Refunded,9,Office Supplies
RET004187,ORD0021781,PROD0650,CUST04481,2024-02-24,Wrong Item,1116.0,Refunded,9,Books
RET004188,ORD0021781,PROD0617,CUST04481,2024-02-24,Damaged in Transit,4256.0,Refunded,10,Beauty & Health
RET004189,ORD0021781,PROD0447,CUST04481,2024-02-24,Better Price Found,5384.0,Refunded,6,Fashion
RET004190,ORD0021781,PROD0543,CUST04481,2024-02-24,Better Price Found,4049.0,Rejected,11,Automotive
RET004191,ORD0021787,PROD0672,CUST02129,2020-01-13,Damaged in Transit,826.0,Refunded,10,Grocery
RET004192,ORD0021787,PROD0534,CUST02129,2020-01-13,Changed Mind,10744.0,Refunded,5,Toys & Games
RET004193,ORD0021797,PROD0363,CUST03261,2024-07-18,Wrong Item,10938.0,Refunded,8,Fashion
RET004194,ORD0021797,PROD0545,CUST03261,2024-07-18,Better Price Found,77003.0,Refunded,10,Electronics
RET004195,ORD0021810,PROD0498,CUST00425,2024-03-23,Better Price Found,121645.0,Refunded,9,Electronics
RET004196,ORD0021810,PROD0395,CUST00425,2024-03-23,Damaged in Transit,21516.0,Refunded,10,Fashion
RET004197,ORD0021810,PROD0165,CUST00425,2024-03-23,Defective Product,932.0,Refunded,11,Books
RET004198,ORD0021810,PROD0427,CUST00425,2024-03-23,Changed Mind,2101.0,Refunded,4,Sports & Fitness
RET004199,ORD0021810,PROD0147,CUST00425,2024-03-23,Size Issue,3811.0,Refunded,4,Beauty & Health
RET004200,ORD0021818,PROD0734,CUST03273,2022-11-05,Size Issue,3753.0,Pending,8,Fashion
RET004201,ORD0021818,PROD0151,CUST03273,2022-11-05,Wrong Item,2056.0,Refunded,6,Sports & Fitness
RET004202,ORD0021818,PROD0731,CUST03273,2022-11-05,Better Price Found,13400.0,Refunded,12,Fashion
RET004203,ORD0021818,PROD0342,CUST03273,2022-11-05,Wrong Item,11124.0,Refunded,4,Sports & Fitness
RET004204,ORD0021827,PROD0263,CUST01703,2020-10-16,Changed Mind,1127.0,Refunded,6,Beauty & Health
RET004205,ORD0021833,PROD0326,CUST00228,2022-09-17,Wrong Item,6502.0,Refunded,14,Automotive
RET004206,ORD0021833,PROD0683,CUST00228,2022-09-17,Changed Mind,616.0,Pending,7,Books
RET004207,ORD0021833,PROD0654,CUST00228,2022-09-17,Changed Mind,115744.0,Refunded,11,Electronics
RET004208,ORD0021833,PROD0753,CUST00228,2022-09-17,Wrong Item,6819.0,Pending,9,Office Supplies
RET004209,ORD0021868,PROD0622,CUST04006,2023-11-25,Size Issue,1365.0,Refunded,5,Toys & Games
RET004210,ORD0021879,PROD0150,CUST01024,2021-06-29,Wrong Item,2145.0,Pending,7,Home & Kitchen
RET004211,ORD0021879,PROD0092,CUST01024,2021-06-29,Size Issue,3214.0,Pending,5,Beauty & Health
RET004212,ORD0021893,PROD0355,CUST03678,2022-03-25,Changed Mind,15468.0,Pending,8,Fashion
RET004213,ORD0021893,PROD0051,CUST03678,2022-03-25,Size Issue,91660.0,Pending,11,Electronics
RET004214,ORD0021893,PROD0737,CUST03678,2022-03-25,Changed Mind,2208.0,Pending,8,Beauty & Health
RET004215,ORD0021893,PROD0009,CUST03678,2022-03-25,Better Price Found,3336.0,Refunded,12,Beauty & Health
RET004216,ORD0021893,PROD0023,CUST03678,2022-03-25,Better Price Found,40962.0,Refunded,8,Electronics
RET004217,ORD0021896,PROD0585,CUST03051,2022-03-21,Size Issue,23268.0,Refunded,7,Sports & Fitness
RET004218,ORD0021926,PROD0007,CUST02547,2021-01-14,Size Issue,3296.0,Refunded,14,Sports & Fitness
RET004219,ORD0021946,PROD0394,CUST02902,2023-09-18,Changed Mind,4094.0,Pending,3,Office Supplies
RET004220,ORD0022002,PROD0664,CUST04740,2020-09-09,Wrong Item,14133.0,Refunded,14,Home & Kitchen
RET004221,ORD0022006,PROD0759,CUST00404,2022-01-03,Damaged in Transit,6197.0,Refunded,13,Toys & Games
RET004222,ORD0022021,PROD0665,CUST04719,2021-07-19,Defective Product,99100.0,Refunded,3,Electronics
RET004223,ORD0022022,PROD0646,CUST02920,2020-07-05,Damaged in Transit,13726.0,Refunded,3,Sports & Fitness
RET004224,ORD0022023,PROD0167,CUST00938,2020-06-27,Damaged in Transit,26557.0,Refunded,3,Electronics
RET004225,ORD0022024,PROD0161,CUST01487,2023-05-21,Better Price Found,2982.0,Refunded,8,Automotive
RET004226,ORD0022024,PROD0774,CUST01487,2023-05-21,Wrong Item,37320.0,Refunded,5,Home & Kitchen
RET004227,ORD0022024,PROD0212,CUST01487,2023-05-21,Size Issue,2372.0,Refunded,13,Fashion
RET004228,ORD0022024,PROD0496,CUST01487,2023-05-21,Defective Product,6576.0,Refunded,14,Sports & Fitness
RET004229,ORD0022028,PROD0459,CUST02213,2022-01-03,Better Price Found,37360.0,Pending,8,Home & Kitchen
RET004230,ORD0022030,PROD0056,CUST00199,2020-12-24,Changed Mind,2607.0,Pending,3,Beauty & Health
RET004231,ORD0022030,PROD0229,CUST00199,2020-12-24,Size Issue,21978.0,Refunded,11,Fashion
RET004232,ORD0022046,PROD0265,CUST00182,2020-12-03,Wrong Item,2527.0,Pending,12,Toys & Games
RET004233,ORD0022046,PROD0752,CUST00182,2020-12-03,Size Issue,200.0,Refunded,8,Office Supplies
RET004234,ORD0022060,PROD0007,CUST04708,2023-11-08,Defective Product,3296.0,Refunded,10,Sports & Fitness
RET004235,ORD0022069,PROD0760,CUST04032,2024-02-10,Damaged in Transit,6828.0,Refunded,10,Fashion
RET004236,ORD0022078,PROD0511,CUST00610,2021-04-05,Changed Mind,1268.0,Refunded,13,Office Supplies
RET004237,ORD0022079,PROD0658,CUST02139,2024-03-18,Damaged in Transit,1124.0,Refunded,6,Books
RET004238,ORD0022084,PROD0578,CUST04498,2024-12-04,Damaged in Transit,20649.0,Refunded,3,Fashion
RET004239,ORD0022084,PROD0129,CUST04498,2024-12-04,Defective Product,26805.0,Refunded,13,Automotive
RET004240,ORD0022084,PROD0477,CUST04498,2024-12-04,Wrong Item,7635.0,Refunded,6,Fashion
RET004241,ORD0022103,PROD0216,CUST01768,2024-12-31,Better Price Found,10154.0,Refunded,14,Fashion
RET004242,ORD0022140,PROD0452,CUST03835,2023-09-07,Size Issue,26714.0,Refunded,7,Sports & Fitness
RET004243,ORD0022146,PROD0612,CUST01451,2021-04-07,Damaged in Transit,277.0,Refunded,10,Grocery
RET004244,ORD0022155,PROD0348,CUST04748,2021-10-27,Changed Mind,24769.0,Refunded,3,Electronics
RET004245,ORD0022162,PROD0012,CUST00516,2021-06-25,Wrong Item,416.0,Pending,9,Grocery
RET004246,ORD0022190,PROD0364,CUST00334,2023-09-15,Size Issue,204.0,Pending,4,Books
RET004247,ORD0022190,PROD0427,CUST00334,2023-09-15,Damaged in Transit,2101.0,Refunded,11,Sports & Fitness
RET004248,ORD0022190,PROD0495,CUST00334,2023-09-15,Size Issue,97854.0,Refunded,11,Electronics
RET004249,ORD0022190,PROD0416,CUST00334,2023-09-15,Size Issue,2350.0,Refunded,4,Fashion
RET004250,ORD0022202,PROD0017,CUST01514,2023-09-12,Damaged in Transit,3392.0,Refunded,3,Automotive
RET004251,ORD0022205,PROD0654,CUST01318,2020-03-17,Changed Mind,347232.0,Refunded,10,Electronics
RET004252,ORD0022256,PROD0110,CUST00578,2020-03-03,Wrong Item,2104.0,Pending,11,Beauty & Health
RET004253,ORD0022256,PROD0210,CUST00578,2020-03-03,Size Issue,13926.0,Refunded,6,Home & Kitchen
RET004254,ORD0022268,PROD0772,CUST04042,2023-11-22,Changed Mind,71575.0,Refunded,3,Electronics
RET004255,ORD0022268,PROD0454,CUST04042,2023-11-22,Defective Product,1117.0,Rejected,10,Toys & Games
RET004256,ORD0022268,PROD0145,CUST04042,2023-11-22,Wrong Item,10104.0,Refunded,12,Sports & Fitness
RET004257,ORD0022268,PROD0427,CUST04042,2023-11-22,Better Price Found,8404.0,Pending,3,Sports & Fitness
RET004258,ORD0022268,PROD0501,CUST04042,2023-11-22,Defective Product,20800.0,Refunded,5,Home & Kitchen
RET004259,ORD0022282,PROD0359,CUST03914,2020-10-29,Better Price Found,4528.0,Refunded,12,Office Supplies
RET004260,ORD0022325,PROD0499,CUST02975,2024-03-18,Defective Product,2939.0,Refunded,4,Beauty & Health
RET004261,ORD0022334,PROD0281,CUST04404,2022-01-25,Better Price Found,2244.0,Refunded,5,Grocery
RET004262,ORD0022334,PROD0291,CUST04404,2022-01-25,Size Issue,1376.0,Refunded,4,Office Supplies
RET004263,ORD0022344,PROD0740,CUST01042,2021-07-04,Size Issue,2210.0,Refunded,10,Grocery
RET004264,ORD0022345,PROD0475,CUST01338,2020-01-08,Damaged in Transit,554.0,Pending,13,Books
RET004265,ORD0022347,PROD0190,CUST02010,2024-01-13,Changed Mind,2920.0,Pending,13,Automotive
RET004266,ORD0022347,PROD0795,CUST02010,2024-01-13,Defective Product,45843.0,Refunded,14,Electronics
RET004267,ORD0022347,PROD0305,CUST02010,2024-01-13,Damaged in Transit,53328.0,Refunded,12,Home & Kitchen
RET004268,ORD0022347,PROD0632,CUST02010,2024-01-13,Size Issue,3374.0,Rejected,13,Beauty & Health
RET004269,ORD0022347,PROD0023,CUST02010,2024-01-13,Wrong Item,47264.0,Refunded,5,Electronics
RET004270,ORD0022363,PROD0512,CUST00132,2020-02-02,Changed Mind,10338.0,Refunded,13,Toys & Games
RET004271,ORD0022363,PROD0301,CUST00132,2020-02-02,Better Price Found,2510.0,Refunded,3,Sports & Fitness
RET004272,ORD0022384,PROD0371,CUST04509,2024-11-10,Wrong Item,416.0,Refunded,5,Beauty & Health
RET004273,ORD0022386,PROD0151,CUST02914,2022-04-19,Damaged in Transit,1919.0,Refunded,6,Sports & Fitness
RET004274,ORD0022404,PROD0681,CUST03315,2023-02-27,Wrong Item,3330.0,Pending,4,Beauty & Health
RET004275,ORD0022404,PROD0550,CUST03315,2023-02-27,Defective Product,110392.0,Refunded,14,Home & Kitchen
RET004276,ORD0022418,PROD0228,CUST00261,2023-03-01,Defective Product,404.0,Refunded,11,Books
RET004277,ORD0022423,PROD0342,CUST04938,2022-07-26,Changed Mind,11124.0,Refunded,14,Sports & Fitness
RET004278,ORD0022423,PROD0160,CUST04938,2022-07-26,Damaged in Transit,5200.0,Refunded,12,Fashion
RET004279,ORD0022462,PROD0100,CUST01752,2020-02-23,Better Price Found,10940.0,Pending,8,Automotive
RET004280,ORD0022465,PROD0681,CUST04113,2020-06-09,Better Price Found,3330.0,Pending,4,Beauty & Health
RET004281,ORD0022465,PROD0360,CUST04113,2020-06-09,Damaged in Transit,4156.0,Refunded,12,Electronics
RET004282,ORD0022465,PROD0372,CUST04113,2020-06-09,Changed Mind,738.0,Pending,10,Books
RET004283,ORD0022493,PROD0417,CUST04103,2020-12-23,Wrong Item,3284.0,Pending,4,Automotive
RET004284,ORD0022494,PROD0474,CUST01536,2020-04-23,Better Price Found,5988.0,Pending,8,Automotive
RET004285,ORD0022514,PROD0364,CUST00871,2022-03-31,Wrong Item,218.0,Refunded,3,Books
RET004286,ORD0022514,PROD0413,CUST00871,2022-03-31,Wrong Item,12200.0,Refunded,6,Sports & Fitness
RET004287,ORD0022514,PROD0281,CUST00871,2022-03-31,Better Price Found,1122.0,Refunded,6,Grocery
RET004288,ORD0022514,PROD0689,CUST00871,2022-03-31,Changed Mind,5072.0,Refunded,5,Sports & Fitness
RET004289,ORD0022515,PROD0559,CUST01034,2021-09-20,Wrong Item,4700.0,Refunded,5,Electronics
RET004290,ORD0022515,PROD0296,CUST01034,2021-09-20,Damaged in Transit,4476.0,Refunded,7,Toys & Games
RET004291,ORD0022515,PROD0307,CUST01034,2021-09-20,Size Issue,7884.0,Refunded,13,Beauty & Health
RET004292,ORD0022526,PROD0019,CUST02784,2020-12-21,Defective Product,33448.0,Refunded,10,Electronics
RET004293,ORD0022530,PROD0036,CUST00483,2024-07-29,Damaged in Transit,5374.0,Pending,7,Fashion
RET004294,ORD0022535,PROD0657,CUST00175,2021-02-25,Changed Mind,687.0,Pending,5,Books
RET004295,ORD0022535,PROD0055,CUST00175,2021-02-25,Defective Product,16352.0,Refunded,5,Toys & Games
RET004296,ORD0022535,PROD0776,CUST00175,2021-02-25,Wrong Item,1461.0,Pending,10,Toys & Games
RET004297,ORD0022535,PROD0371,CUST00175,2021-02-25,Defective Product,416.0,Refunded,5,Beauty & Health
RET004298,ORD0022549,PROD0147,CUST03133,2023-12-19,Better Price Found,7240.0,Refunded,9,Beauty & Health
RET004299,ORD0022556,PROD0347,CUST04572,2021-02-08,Wrong Item,4353.0,Refunded,4,Fashion
RET004300,ORD0022557,PROD0753,CUST04152,2021-07-31,Damaged in Transit,6819.0,Refunded,10,Office Supplies
RET004301,ORD0022557,PROD0364,CUST04152,2021-07-31,Size Issue,218.0,Rejected,13,Books
RET004302,ORD0022566,PROD0100,CUST02253,2021-11-21,Changed Mind,46336.0,Pending,8,Automotive
RET004303,ORD0022566,PROD0416,CUST02253,2021-11-21,Better Price Found,2350.0,Refunded,10,Fashion
RET004304,ORD0022585,PROD0444,CUST04146,2023-10-24,Size Issue,516.0,Refunded,5,Grocery
RET004305,ORD0022585,PROD0638,CUST04146,2023-10-24,Changed Mind,75491.0,Refunded,12,Electronics
RET004306,ORD0022585,PROD0030,CUST04146,2023-10-24,Defective Product,6202.0,Refunded,4,Sports & Fitness
RET004307,ORD0022587,PROD0611,CUST04950,2021-08-07,Better Price Found,9334.0,Refunded,11,Office Supplies
RET004308,ORD0022599,PROD0267,CUST02619,2021-09-07,Changed Mind,71430.0,Refunded,8,Home & Kitchen
RET004309,ORD0022605,PROD0349,CUST01681,2022-09-14,Wrong Item,128.0,Rejected,9,Toys & Games
RET004310,ORD0022605,PROD0043,CUST01681,2022-09-14,Defective Product,7872.0,Refunded,13,Beauty & Health
RET004311,ORD0022633,PROD0749,CUST00419,2021-10-11,Wrong Item,5444.0,Refunded,14,Fashion
RET004312,ORD0022633,PROD0064,CUST00419,2021-10-11,Better Price Found,120.0,Refunded,8,Books
RET004313,ORD0022637,PROD0368,CUST03060,2024-03-06,Size Issue,4299.0,Refunded,4,Beauty & Health
RET004314,ORD0022637,PROD0309,CUST03060,2024-03-06,Defective Product,42611.0,Refunded,8,Electronics
RET004315,ORD0022654,PROD0782,CUST02239,2024-08-28,Damaged in Transit,59280.0,Refunded,4,Sports & Fitness
RET004316,ORD0022654,PROD0400,CUST02239,2024-08-28,Changed Mind,1311.0,Refunded,11,Books
RET004317,ORD0022655,PROD0300,CUST04783,2021-09-11,Changed Mind,7260.0,Refunded,6,Beauty & Health
RET004318,ORD0022655,PROD0352,CUST04783,2021-09-11,Damaged in Transit,1720.0,Refunded,4,Beauty & Health
RET004319,ORD0022655,PROD0133,CUST04783,2021-09-11,Better Price Found,5688.0,Refunded,3,Office Supplies
RET004320,ORD0022662,PROD0387,CUST02351,2024-10-03,Changed Mind,3372.0,Pending,10,Grocery
RET004321,ORD0022677,PROD0162,CUST00255,2024-01-08,Changed Mind,12768.0,Refunded,12,Beauty & Health
RET004322,ORD0022680,PROD0403,CUST02492,2024-03-05,Size Issue,4079.0,Rejected,11,Office Supplies
RET004323,ORD0022680,PROD0327,CUST02492,2024-03-05,Size Issue,1484.0,Refunded,10,Toys & Games
RET004324,ORD0022707,PROD0379,CUST04309,2024-07-03,Defective Product,664.0,Refunded,7,Grocery
RET004325,ORD0022707,PROD0419,CUST04309,2024-07-03,Changed Mind,3598.0,Refunded,7,Automotive
RET004326,ORD0022708,PROD0136,CUST03085,2022-10-28,Wrong Item,55004.0,Refunded,12,Electronics
RET004327,ORD0022710,PROD0716,CUST02281,2023-09-30,Damaged in Transit,5171.0,Refunded,12,Toys & Games
RET004328,ORD0022713,PROD0110,CUST03337,2022-02-06,Changed Mind,2104.0,Refunded,5,Beauty & Health
RET004329,ORD0022713,PROD0548,CUST03337,2022-02-06,Wrong Item,25431.0,Refunded,8,Automotive
RET004330,ORD0022713,PROD0233,CUST03337,2022-02-06,Damaged in Transit,36778.0,Refunded,11,Electronics
RET004331,ORD0022716,PROD0579,CUST01861,2022-05-24,Better Price Found,839.0,Rejected,6,Grocery
RET004332,ORD0022764,PROD0401,CUST02731,2024-04-21,Damaged in Transit,34075.0,Refunded,13,Home & Kitchen
RET004333,ORD0022765,PROD0257,CUST02591,2023-09-12,Better Price Found,27147.0,Refunded,6,Electronics
RET004334,ORD0022765,PROD0528,CUST02591,2023-09-12,Better Price Found,13262.0,Refunded,10,Home & Kitchen
RET004335,ORD0022765,PROD0409,CUST02591,2023-09-12,Defective Product,6414.0,Refunded,13,Office Supplies
RET004336,ORD0022767,PROD0107,CUST03097,2024-03-28,Changed Mind,586.0,Refunded,14,Grocery
RET004337,ORD0022767,PROD0798,CUST03097,2024-03-28,Better Price Found,3356.0,Refunded,3,Beauty & Health
RET004338,ORD0022768,PROD0092,CUST04114,2021-09-23,Changed Mind,3214.0,Pending,9,Beauty & Health
RET004339,ORD0022768,PROD0556,CUST04114,2021-09-23,Damaged in Transit,1924.0,Refunded,5,Toys & Games
RET004340,ORD0022777,PROD0368,CUST03307,2021-08-23,Changed Mind,3846.0,Refunded,7,Beauty & Health
RET004341,ORD0022777,PROD0313,CUST03307,2021-08-23,Wrong Item,14264.0,Refunded,3,Fashion
RET004342,ORD0022783,PROD0362,CUST02576,2022-10-01,Size Issue,222993.0,Refunded,7,Electronics
RET004343,ORD0022783,PROD0721,CUST02576,2022-10-01,Defective Product,3172.0,Refunded,13,Grocery
RET004344,ORD0022811,PROD0582,CUST03355,2022-04-17,Defective Product,8608.0,Refunded,14,Beauty & Health
RET004345,ORD0022811,PROD0176,CUST03355,2022-04-17,Better Price Found,3212.0,Refunded,5,Books
RET004346,ORD0022816,PROD0045,CUST04400,2020-10-20,Defective Product,1620.0,Refunded,12,Grocery
RET004347,ORD0022821,PROD0228,CUST01566,2021-09-28,Better Price Found,404.0,Refunded,10,Books
RET004348,ORD0022821,PROD0203,CUST01566,2021-09-28,Defective Product,4683.0,Refunded,14,Fashion
RET004349,ORD0022825,PROD0453,CUST03940,2022-02-12,Changed Mind,771.0,Refunded,5,Beauty & Health
RET004350,ORD0022825,PROD0652,CUST03940,2022-02-12,Damaged in Transit,3082.0,Refunded,5,Beauty & Health
RET004351,ORD0022827,PROD0267,CUST04546,2023-09-23,Defective Product,23810.0,Pending,12,Home & Kitchen
RET004352,ORD0022828,PROD0056,CUST02368,2021-11-25,Wrong Item,2332.0,Pending,7,Beauty & Health
RET004353,ORD0022846,PROD0064,CUST03771,2023-11-26,Size Issue,120.0,Refunded,11,Books
RET004354,ORD0022858,PROD0219,CUST00402,2023-06-04,Changed Mind,4728.0,Refunded,13,Office Supplies
RET004355,ORD0022858,PROD0642,CUST00402,2023-06-04,Size Issue,12461.0,Refunded,7,Automotive
RET004356,ORD0022859,PROD0712,CUST03360,2021-10-01,Defective Product,34316.0,Refunded,6,Home & Kitchen
RET004357,ORD0022859,PROD0753,CUST03360,2021-10-01,Wrong Item,13638.0,Refunded,12,Office Supplies
RET004358,ORD0022859,PROD0428,CUST03360,2021-10-01,Defective Product,1745.0,Refunded,9,Grocery
RET004359,ORD0022859,PROD0457,CUST03360,2021-10-01,Defective Product,4951.0,Refunded,12,Fashion
RET004360,ORD0022859,PROD0165,CUST03360,2021-10-01,Defective Product,466.0,Refunded,14,Books
RET004361,ORD0022872,PROD0712,CUST00062,2022-12-13,Damaged in Transit,18383.0,Rejected,10,Home & Kitchen
RET004362,ORD0022872,PROD0529,CUST00062,2022-12-13,Defective Product,768.0,Refunded,14,Books
RET004363,ORD0022872,PROD0018,CUST00062,2022-12-13,Better Price Found,8236.0,Refunded,8,Fashion
RET004364,ORD0022878,PROD0326,CUST01777,2020-01-06,Better Price Found,5202.0,Refunded,5,Automotive
RET004365,ORD0022881,PROD0218,CUST03388,2023-09-03,Size Issue,87962.0,Refunded,7,Home & Kitchen
RET004366,ORD0022881,PROD0573,CUST03388,2023-09-03,Damaged in Transit,24018.0,Refunded,4,Sports & Fitness
RET004367,ORD0022956,PROD0525,CUST01237,2023-12-25,Damaged in Transit,958.0,Refunded,4,Books
RET004368,ORD0022963,PROD0768,CUST00752,2022-02-01,Wrong Item,1916.0,Refunded,4,Books
RET004369,ORD0022963,PROD0291,CUST00752,2022-02-01,Wrong Item,1101.0,Refunded,7,Office Supplies
RET004370,ORD0022965,PROD0485,CUST01767,2020-03-18,Defective Product,9032.0,Refunded,14,Beauty & Health
RET004371,ORD0022965,PROD0050,CUST01767,2020-03-18,Wrong Item,139050.0,Refunded,13,Electronics
RET004372,ORD0022998,PROD0380,CUST04520,2021-04-26,Wrong Item,6571.0,Rejected,7,Automotive
RET004373,ORD0023002,PROD0781,CUST03518,2023-07-03,Better Price Found,3402.0,Refunded,7,Beauty & Health
RET004374,ORD0023007,PROD0058,CUST02178,2020-09-09,Wrong Item,9856.0,Refunded,14,Home & Kitchen
RET004375,ORD0023009,PROD0216,CUST02280,2024-01-06,Damaged in Transit,11507.0,Refunded,4,Fashion
RET004376,ORD0023016,PROD0391,CUST00117,2022-05-05,Changed Mind,22942.0,Rejected,8,Home & Kitchen
RET004377,ORD0023017,PROD0787,CUST01635,2024-01-14,Better Price Found,3931.0,Refunded,4,Office Supplies
RET004378,ORD0023017,PROD0576,CUST01635,2024-01-14,Size Issue,12036.0,Refunded,6,Fashion
RET004379,ORD0023018,PROD0752,CUST04159,2021-01-04,Defective Product,200.0,Refunded,4,Office Supplies
RET004380,ORD0023018,PROD0186,CUST04159,2021-01-04,Wrong Item,45952.0,Refunded,10,Electronics
RET004381,ORD0023044,PROD0438,CUST03180,2021-06-04,Defective Product,774.0,Refunded,6,Automotive
RET004382,ORD0023047,PROD0199,CUST04470,2021-04-22,Defective Product,1014.0,Refunded,7,Fashion
RET004383,ORD0023047,PROD0149,CUST04470,2021-04-22,Defective Product,45520.0,Refunded,5,Home & Kitchen
RET004384,ORD0023070,PROD0297,CUST02469,2021-11-04,Wrong Item,15593.0,Pending,4,Automotive
RET004385,ORD0023070,PROD0509,CUST02469,2021-11-04,Damaged in Transit,23947.0,Pending,11,Electronics
RET004386,ORD0023096,PROD0408,CUST03462,2023-07-29,Wrong Item,8426.0,Refunded,14,Sports & Fitness
RET004387,ORD0023096,PROD0645,CUST03462,2023-07-29,Better Price Found,88497.0,Refunded,11,Electronics
RET004388,ORD0023110,PROD0055,CUST03599,2023-07-30,Defective Product,4088.0,Refunded,6,Toys & Games
RET004389,ORD0023111,PROD0214,CUST04452,2022-09-18,Damaged in Transit,1970.0,Refunded,5,Beauty & Health
RET004390,ORD0023111,PROD0435,CUST04452,2022-09-18,Defective Product,2190.0,Refunded,6,Books
RET004391,ORD0023123,PROD0412,CUST03215,2023-12-20,Wrong Item,34920.0,Refunded,10,Home & Kitchen
RET004392,ORD0023135,PROD0637,CUST04945,2023-11-22,Defective Product,3456.0,Pending,5,Beauty & Health
RET004393,ORD0023166,PROD0248,CUST01727,2021-11-11,Size Issue,2262.0,Refunded,4,Grocery
RET004394,ORD0023166,PROD0134,CUST01727,2021-11-11,Changed Mind,2018.0,Refunded,14,Beauty & Health
RET004395,ORD0023180,PROD0449,CUST04026,2024-06-23,Damaged in Transit,24148.0,Pending,12,Home & Kitchen
RET004396,ORD0023180,PROD0345,CUST04026,2024-06-23,Size Issue,15186.0,Refunded,12,Electronics
RET004397,ORD0023185,PROD0636,CUST03603,2020-11-22,Better Price Found,35956.0,Refunded,12,Electronics
RET004398,ORD0023186,PROD0319,CUST02252,2020-04-20,Damaged in Transit,4684.0,Refunded,8,Beauty & Health
RET004399,ORD0023190,PROD0730,CUST04369,2022-04-08,Damaged in Transit,626.0,Refunded,7,Grocery
RET004400,ORD0023192,PROD0199,CUST01646,2021-10-30,Defective Product,811.0,Refunded,3,Fashion
RET004401,ORD0023206,PROD0275,CUST01779,2021-04-11,Better Price Found,2532.0,Refunded,12,Grocery
RET004402,ORD0023206,PROD0595,CUST01779,2021-04-11,Size Issue,9112.0,Pending,12,Automotive
RET004403,ORD0023227,PROD0462,CUST04982,2024-05-06,Defective Product,185622.0,Refunded,7,Electronics
RET004404,ORD0023241,PROD0726,CUST02975,2022-03-17,Changed Mind,43119.0,Pending,11,Electronics
RET004405,ORD0023247,PROD0622,CUST02341,2023-02-27,Defective Product,2730.0,Refunded,4,Toys & Games
RET004406,ORD0023252,PROD0260,CUST02321,2024-05-29,Changed Mind,849.0,Refunded,13,Books
RET004407,ORD0023274,PROD0677,CUST00294,2024-02-04,Damaged in Transit,4740.0,Refunded,5,Toys & Games
RET004408,ORD0023287,PROD0426,CUST04687,2020-01-26,Size Issue,36171.0,Refunded,13,Home & Kitchen
RET004409,ORD0023291,PROD0121,CUST04736,2022-08-08,Size Issue,8878.0,Refunded,6,Office Supplies
RET004410,ORD0023291,PROD0625,CUST04736,2022-08-08,Defective Product,10288.0,Refunded,9,Toys & Games
RET004411,ORD0023296,PROD0635,CUST01688,2024-05-18,Defective Product,282276.0,Refunded,9,Electronics
RET004412,ORD0023303,PROD0493,CUST01635,2023-11-03,Size Issue,5351.0,Pending,12,Automotive
RET004413,ORD0023303,PROD0566,CUST01635,2023-11-03,Better Price Found,5145.0,Refunded,4,Sports & Fitness
RET004414,ORD0023303,PROD0233,CUST01635,2023-11-03,Damaged in Transit,45973.0,Refunded,10,Electronics
RET004415,ORD0023303,PROD0027,CUST01635,2023-11-03,Changed Mind,3145.0,Refunded,7,Office Supplies
RET004416,ORD0023312,PROD0734,CUST03111,2024-10-07,Wrong Item,4022.0,Refunded,4,Fashion
RET004417,ORD0023312,PROD0779,CUST03111,2024-10-07,Better Price Found,1398.0,Refunded,11,Toys & Games
RET004418,ORD0023328,PROD0701,CUST03423,2021-12-28,Defective Product,54734.0,Refunded,9,Home & Kitchen
RET004419,ORD0023350,PROD0623,CUST01420,2020-04-11,Size Issue,3675.0,Refunded,7,Office Supplies
RET004420,ORD0023370,PROD0279,CUST03518,2024-03-21,Size Issue,1053.0,Refunded,12,Grocery
RET004421,ORD0023370,PROD0575,CUST03518,2024-03-21,Changed Mind,642.0,Refunded,8,Fashion
RET004422,ORD0023370,PROD0388,CUST03518,2024-03-21,Better Price Found,677.0,Pending,4,Toys & Games
RET004423,ORD0023370,PROD0678,CUST03518,2024-03-21,Size Issue,1772.0,Refunded,6,Office Supplies
RET004424,ORD0023376,PROD0072,CUST02164,2024-04-17,Size Issue,175704.0,Rejected,8,Electronics
RET004425,ORD0023388,PROD0768,CUST00783,2024-12-08,Wrong Item,1078.0,Pending,12,Books
RET004426,ORD0023399,PROD0715,CUST00927,2024-03-25,Better Price Found,998.0,Refunded,11,Home & Kitchen
RET004427,ORD0023399,PROD0180,CUST00927,2024-03-25,Size Issue,18216.0,Refunded,5,Home & Kitchen
RET004428,ORD0023403,PROD0341,CUST00159,2020-11-10,Changed Mind,5391.0,Refunded,12,Fashion
RET004429,ORD0023415,PROD0459,CUST04463,2024-07-18,Wrong Item,78870.0,Refunded,5,Home & Kitchen
RET004430,ORD0023424,PROD0312,CUST01517,2024-11-01,Changed Mind,42998.0,Refunded,6,Sports & Fitness
RET004431,ORD0023424,PROD0424,CUST01517,2024-11-01,Size Issue,10478.0,Refunded,9,Toys & Games
RET004432,ORD0023426,PROD0596,CUST03778,2021-05-16,Defective Product,554.0,Refunded,7,Books
RET004433,ORD0023429,PROD0311,CUST02016,2020-08-03,Wrong Item,640.0,Refunded,11,Books
RET004434,ORD0023429,PROD0684,CUST02016,2020-08-03,Wrong Item,57612.0,Pending,6,Electronics
RET004435,ORD0023485,PROD0206,CUST01721,2024-10-06,Size Issue,10382.0,Refunded,10,Office Supplies
RET004436,ORD0023486,PROD0418,CUST02471,2020-12-07,Wrong Item,1337.0,Refunded,13,Books
RET004437,ORD0023524,PROD0004,CUST00648,2020-03-26,Changed Mind,24327.0,Refunded,6,Home & Kitchen
RET004438,ORD0023524,PROD0322,CUST00648,2020-03-26,Defective Product,43299.0,Refunded,7,Electronics
RET004439,ORD0023524,PROD0339,CUST00648,2020-03-26,Defective Product,1218.0,Refunded,7,Grocery
RET004440,ORD0023524,PROD0299,CUST00648,2020-03-26,Damaged in Transit,2725.0,Refunded,10,Sports & Fitness
RET004441,ORD0023524,PROD0607,CUST00648,2020-03-26,Size Issue,840.0,Refunded,10,Books
RET004442,ORD0023526,PROD0070,CUST04145,2023-01-15,Better Price Found,106.0,Refunded,11,Books
RET004443,ORD0023527,PROD0303,CUST00891,2022-08-26,Damaged in Transit,26126.0,Refunded,5,Electronics
RET004444,ORD0023527,PROD0100,CUST00891,2022-08-26,Wrong Item,11584.0,Pending,9,Automotive
RET004445,ORD0023537,PROD0302,CUST01109,2022-07-06,Changed Mind,1838.0,Refunded,12,Beauty & Health
RET004446,ORD0023543,PROD0715,CUST04117,2020-09-24,Defective Product,2994.0,Refunded,14,Home & Kitchen
RET004447,ORD0023543,PROD0782,CUST04117,2020-09-24,Defective Product,18598.0,Refunded,7,Sports & Fitness
RET004448,ORD0023543,PROD0592,CUST04117,2020-09-24,Defective Product,6750.0,Rejected,11,Sports & Fitness
RET004449,ORD0023560,PROD0720,CUST01021,2022-05-07,Damaged in Transit,17043.0,Pending,5,Home & Kitchen
RET004450,ORD0023560,PROD0284,CUST01021,2022-05-07,Wrong Item,628.0,Refunded,8,Beauty & Health
RET004451,ORD0023560,PROD0561,CUST01021,2022-05-07,Size Issue,2594.0,Pending,12,Books
RET004452,ORD0023571,PROD0210,CUST03072,2023-04-24,Size Issue,22282.0,Refunded,13,Home & Kitchen
RET004453,ORD0023597,PROD0728,CUST01743,2023-02-22,Wrong Item,11002.0,Refunded,10,Fashion
RET004454,ORD0023598,PROD0611,CUST04290,2023-08-23,Wrong Item,4667.0,Refunded,3,Office Supplies
RET004455,ORD0023600,PROD0343,CUST04141,2024-03-11,Changed Mind,1624.0,Refunded,6,Beauty & Health
RET004456,ORD0023603,PROD0258,CUST00741,2023-09-03,Wrong Item,5163.0,Refunded,4,Beauty & Health
RET004457,ORD0023623,PROD0454,CUST04642,2023-12-26,Wrong Item,1051.0,Refunded,14,Toys & Games
RET004458,ORD0023635,PROD0640,CUST04327,2023-11-08,Damaged in Transit,3516.0,Refunded,6,Toys & Games
RET004459,ORD0023635,PROD0174,CUST04327,2023-11-08,Size Issue,3588.0,Refunded,13,Toys & Games
RET004460,ORD0023637,PROD0487,CUST02015,2021-05-20,Changed Mind,9820.0,Refunded,9,Toys & Games
RET004461,ORD0023637,PROD0272,CUST02015,2021-05-20,Defective Product,6342.0,Refunded,11,Beauty & Health
RET004462,ORD0023640,PROD0511,CUST00203,2021-06-11,Size Issue,5460.0,Refunded,13,Office Supplies
RET004463,ORD0023665,PROD0712,CUST00977,2021-09-08,Wrong Item,17158.0,Refunded,11,Home & Kitchen
RET004464,ORD0023669,PROD0639,CUST00391,2021-06-11,Size Issue,3526.0,Pending,3,Toys & Games
RET004465,ORD0023674,PROD0246,CUST00106,2023-11-04,Damaged in Transit,2351.0,Refunded,3,Beauty & Health
RET004466,ORD0023699,PROD0715,CUST00763,2021-04-23,Size Issue,998.0,Refunded,7,Home & Kitchen
RET004467,ORD0023718,PROD0617,CUST02563,2020-03-28,Defective Product,7616.0,Refunded,12,Beauty & Health
RET004468,ORD0023732,PROD0610,CUST01509,2024-03-17,Wrong Item,13632.0,Refunded,9,Toys & Games
RET004469,ORD0023732,PROD0541,CUST01509,2024-03-17,Better Price Found,2476.0,Pending,8,Office Supplies
RET004470,ORD0023732,PROD0607,CUST01509,2024-03-17,Damaged in Transit,280.0,Refunded,14,Books
RET004471,ORD0023747,PROD0421,CUST04610,2020-08-20,Better Price Found,4452.0,Refunded,14,Fashion
RET004472,ORD0023753,PROD0314,CUST00644,2022-12-13,Defective Product,37682.0,Refunded,9,Home & Kitchen
RET004473,ORD0023754,PROD0002,CUST00772,2022-02-22,Wrong Item,12430.0,Refunded,4,Toys & Games
RET004474,ORD0023757,PROD0149,CUST02349,2020-12-09,Damaged in Transit,52022.0,Refunded,14,Home & Kitchen
RET004475,ORD0023765,PROD0596,CUST01323,2021-06-09,Damaged in Transit,554.0,Refunded,14,Books
RET004476,ORD0023774,PROD0049,CUST00980,2023-07-23,Size Issue,1848.0,Refunded,4,Sports & Fitness
RET004477,ORD0023794,PROD0226,CUST04203,2024-12-03,Defective Product,20030.0,Refunded,11,Home & Kitchen
RET004478,ORD0023795,PROD0183,CUST01499,2020-04-06,Defective Product,49298.0,Refunded,9,Electronics
RET004479,ORD0023795,PROD0014,CUST01499,2020-04-06,Better Price Found,2279.0,Pending,8,Beauty & Health
RET004480,ORD0023798,PROD0708,CUST00864,2023-11-08,Defective Product,12849.0,Refunded,9,Fashion
RET004481,ORD0023800,PROD0515,CUST02818,2023-10-01,Better Price Found,46832.0,Refunded,12,Sports & Fitness
RET004482,ORD0023814,PROD0507,CUST02594,2022-08-09,Defective Product,9340.0,Refunded,6,Automotive
RET004483,ORD0023833,PROD0153,CUST01200,2023-06-28,Damaged in Transit,2236.0,Refunded,5,Grocery
RET004484,ORD0023833,PROD0379,CUST01200,2023-06-28,Size Issue,332.0,Pending,4,Grocery
RET004485,ORD0023839,PROD0261,CUST03784,2024-01-01,Wrong Item,820.0,Refunded,9,Grocery
RET004486,ORD0023844,PROD0305,CUST02759,2020-03-29,Better Price Found,35552.0,Refunded,8,Home & Kitchen
RET004487,ORD0023846,PROD0070,CUST00545,2020-04-24,Wrong Item,106.0,Refunded,11,Books
RET004488,ORD0023846,PROD0274,CUST00545,2020-04-24,Defective Product,311166.0,Pending,3,Electronics
RET004489,ORD0023846,PROD0430,CUST00545,2020-04-24,Size Issue,32576.0,Refunded,11,Sports & Fitness
RET004490,ORD0023850,PROD0272,CUST01321,2022-03-16,Size Issue,2114.0,Refunded,6,Beauty & Health
RET004491,ORD0023850,PROD0632,CUST01321,2022-03-16,Better Price Found,6748.0,Refunded,11,Beauty & Health
RET004492,ORD0023850,PROD0018,CUST01321,2022-03-16,Size Issue,30748.0,Pending,10,Fashion
RET004493,ORD0023870,PROD0550,CUST02363,2022-12-19,Size Issue,51252.0,Pending,10,Home & Kitchen
RET004494,ORD0023870,PROD0428,CUST02363,2022-12-19,Wrong Item,1745.0,Pending,5,Grocery
RET004495,ORD0023870,PROD0658,CUST02363,2022-12-19,Size Issue,562.0,Refunded,3,Books
RET004496,ORD0023870,PROD0577,CUST02363,2022-12-19,Damaged in Transit,6940.0,Pending,6,Office Supplies
RET004497,ORD0023875,PROD0221,CUST02821,2023-05-09,Size Issue,31570.0,Refunded,9,Home & Kitchen
RET004498,ORD0023892,PROD0163,CUST03274,2022-12-22,Changed Mind,3000.0,Refunded,7,Beauty & Health
RET004499,ORD0023901,PROD0232,CUST01012,2023-02-06,Size Issue,432.0,Refunded,10,Books
RET004500,ORD0023901,PROD0015,CUST01012,2023-02-06,Changed Mind,6408.0,Pending,13,Fashion
RET004501,ORD0023901,PROD0771,CUST01012,2023-02-06,Size Issue,18936.0,Refunded,5,Fashion
RET004502,ORD0023909,PROD0283,CUST04865,2020-11-28,Better Price Found,510.0,Refunded,12,Grocery
RET004503,ORD0023916,PROD0120,CUST04501,2020-06-25,Wrong Item,40530.0,Refunded,3,Sports & Fitness
RET004504,ORD0023916,PROD0279,CUST04501,2020-06-25,Wrong Item,1053.0,Refunded,3,Grocery
RET004505,ORD0023923,PROD0497,CUST04270,2024-01-04,Wrong Item,7574.0,Refunded,10,Automotive
RET004506,ORD0023934,PROD0171,CUST03953,2024-08-14,Damaged in Transit,7549.0,Refunded,4,Toys & Games
RET004507,ORD0023946,PROD0304,CUST00200,2022-02-28,Changed Mind,2984.0,Pending,7,Beauty & Health
RET004508,ORD0023946,PROD0436,CUST00200,2022-02-28,Size Issue,61770.0,Refunded,12,Electronics
RET004509,ORD0023946,PROD0747,CUST00200,2022-02-28,Damaged in Transit,14616.0,Refunded,6,Fashion
RET004510,ORD0023946,PROD0666,CUST00200,2022-02-28,Size Issue,1711.0,Rejected,8,Home & Kitchen
RET004511,ORD0023946,PROD0092,CUST00200,2022-02-28,Defective Product,7418.0,Refunded,4,Beauty & Health
RET004512,ORD0023947,PROD0330,CUST00679,2020-12-28,Damaged in Transit,7573.0,Refunded,5,Electronics
RET004513,ORD0023947,PROD0041,CUST00679,2020-12-28,Wrong Item,103338.0,Rejected,10,Electronics
RET004514,ORD0023949,PROD0594,CUST04297,2022-07-09,Wrong Item,417.0,Refunded,10,Books
RET004515,ORD0023949,PROD0739,CUST04297,2022-07-09,Better Price Found,7681.0,Refunded,8,Fashion
RET004516,ORD0023951,PROD0605,CUST02327,2024-01-05,Defective Product,26978.0,Refunded,5,Sports & Fitness
RET004517,ORD0023951,PROD0657,CUST02327,2024-01-05,Defective Product,773.0,Refunded,14,Books
RET004518,ORD0023956,PROD0151,CUST04973,2024-09-16,Defective Product,2056.0,Refunded,13,Sports & Fitness
RET004519,ORD0023959,PROD0146,CUST01458,2024-04-13,Better Price Found,262.0,Pending,8,Office Supplies
RET004520,ORD0023963,PROD0425,CUST03113,2021-03-10,Changed Mind,27651.0,Refunded,5,Sports & Fitness
RET004521,ORD0023964,PROD0139,CUST01631,2020-05-02,Damaged in Transit,15758.0,Refunded,8,Home & Kitchen
RET004522,ORD0023964,PROD0697,CUST01631,2020-05-02,Better Price Found,16588.0,Refunded,6,Sports & Fitness
RET004523,ORD0023980,PROD0337,CUST04417,2023-08-26,Changed Mind,6479.0,Refunded,8,Fashion
RET004524,ORD0023989,PROD0378,CUST01487,2024-04-25,Damaged in Transit,1687.0,Refunded,7,Office Supplies
RET004525,ORD0023989,PROD0607,CUST01487,2024-04-25,Size Issue,280.0,Refunded,6,Books
RET004526,ORD0023989,PROD0270,CUST01487,2024-04-25,Defective Product,662.0,Refunded,6,Books
RET004527,ORD0023989,PROD0353,CUST01487,2024-04-25,Size Issue,42694.0,Rejected,13,Electronics
RET004528,ORD0023991,PROD0785,CUST01594,2023-07-17,Changed Mind,1476.0,Refunded,5,Books
RET004529,ORD0023991,PROD0534,CUST01594,2023-07-17,Damaged in Transit,16116.0,Pending,3,Toys & Games
RET004530,ORD0023994,PROD0233,CUST02904,2020-03-23,Damaged in Transit,41376.0,Refunded,10,Electronics
RET004531,ORD0023994,PROD0630,CUST02904,2020-03-23,Size Issue,1524.0,Refunded,11,Fashion
RET004532,ORD0023995,PROD0219,CUST00844,2022-08-22,Wrong Item,7092.0,Refunded,10,Office Supplies
RET004533,ORD0023995,PROD0724,CUST00844,2022-08-22,Size Issue,1746.0,Refunded,4,Grocery
RET004534,ORD0023995,PROD0752,CUST00844,2022-08-22,Defective Product,100.0,Pending,5,Office Supplies
RET004535,ORD0023995,PROD0121,CUST00844,2022-08-22,Size Issue,8878.0,Refunded,9,Office Supplies
RET004536,ORD0023995,PROD0027,CUST00844,2022-08-22,Defective Product,6660.0,Refunded,8,Office Supplies
RET004537,ORD0024002,PROD0124,CUST04901,2020-02-05,Size Issue,2584.0,Pending,6,Fashion
RET004538,ORD0024002,PROD0114,CUST04901,2020-02-05,Wrong Item,2641.0,Refunded,11,Beauty & Health
RET004539,ORD0024003,PROD0717,CUST00760,2023-06-12,Changed Mind,26523.0,Rejected,3,Home & Kitchen
RET004540,ORD0024003,PROD0747,CUST00760,2023-06-12,Better Price Found,9744.0,Rejected,3,Fashion
RET004541,ORD0024003,PROD0250,CUST00760,2023-06-12,Defective Product,1244.0,Refunded,13,Grocery
RET004542,ORD0024004,PROD0722,CUST02728,2023-10-31,Better Price Found,1310.0,Pending,10,Grocery
RET004543,ORD0024009,PROD0455,CUST03892,2021-08-10,Defective Product,10638.0,Refunded,5,Automotive
RET004544,ORD0024013,PROD0169,CUST01915,2022-04-12,Size Issue,19802.0,Refunded,13,Home & Kitchen
RET004545,ORD0024013,PROD0574,CUST01915,2022-04-12,Changed Mind,42167.0,Refunded,6,Electronics
RET004546,ORD0024018,PROD0446,CUST03112,2024-03-26,Damaged in Transit,1851.0,Refunded,6,Books
RET004547,ORD0024023,PROD0261,CUST01597,2023-06-14,Changed Mind,912.0,Refunded,12,Grocery
RET004548,ORD0024025,PROD0450,CUST03370,2022-02-20,Damaged in Transit,4269.0,Refunded,9,Sports & Fitness
RET004549,ORD0024032,PROD0122,CUST04123,2021-03-09,Wrong Item,14839.0,Refunded,10,Sports & Fitness
RET004550,ORD0024032,PROD0371,CUST04123,2021-03-09,Defective Product,666.0,Refunded,5,Beauty & Health
RET004551,ORD0024032,PROD0798,CUST04123,2021-03-09,Changed Mind,3356.0,Refunded,5,Beauty & Health
RET004552,ORD0024032,PROD0573,CUST04123,2021-03-09,Defective Product,14010.0,Refunded,13,Sports & Fitness
RET004553,ORD0024032,PROD0202,CUST04123,2021-03-09,Wrong Item,6479.0,Pending,13,Sports & Fitness
RET004554,ORD0024035,PROD0293,CUST04853,2020-06-17,Damaged in Transit,78625.0,Refunded,14,Electronics
RET004555,ORD0024035,PROD0597,CUST04853,2020-06-17,Changed Mind,1412.0,Refunded,12,Books
RET004556,ORD0024035,PROD0171,CUST04853,2020-06-17,Damaged in Transit,7549.0,Refunded,11,Toys & Games
RET004557,ORD0024035,PROD0661,CUST04853,2020-06-17,Better Price Found,23808.0,Refunded,9,Home & Kitchen
RET004558,ORD0024035,PROD0046,CUST04853,2020-06-17,Defective Product,29112.0,Refunded,6,Electronics
RET004559,ORD0024040,PROD0351,CUST04619,2022-09-27,Defective Product,8529.0,Refunded,7,Sports & Fitness
RET004560,ORD0024040,PROD0073,CUST04619,2022-09-27,Wrong Item,28004.0,Pending,14,Sports & Fitness
RET004561,ORD0024040,PROD0545,CUST04619,2022-09-27,Size Issue,179674.0,Refunded,3,Electronics
RET004562,ORD0024040,PROD0147,CUST04619,2022-09-27,Changed Mind,3811.0,Refunded,6,Beauty & Health
RET004563,ORD0024040,PROD0698,CUST04619,2022-09-27,Wrong Item,8452.0,Refunded,10,Fashion
RET004564,ORD0024041,PROD0312,CUST02815,2020-06-07,Better Price Found,37624.0,Refunded,10,Sports & Fitness
RET004565,ORD0024044,PROD0198,CUST03696,2023-11-28,Defective Product,2235.0,Refunded,3,Toys & Games
RET004566,ORD0024048,PROD0497,CUST03797,2023-05-07,Better Price Found,30296.0,Refunded,3,Automotive
RET004567,ORD0024048,PROD0349,CUST03797,2023-05-07,Better Price Found,160.0,Refunded,9,Toys & Games
RET004568,ORD0024065,PROD0171,CUST01463,2023-10-16,Changed Mind,7549.0,Refunded,8,Toys & Games
RET004569,ORD0024070,PROD0527,CUST02913,2024-10-16,Better Price Found,3084.0,Refunded,7,Automotive
RET004570,ORD0024070,PROD0225,CUST02913,2024-10-16,Better Price Found,79291.0,Refunded,10,Electronics
RET004571,ORD0024070,PROD0050,CUST02913,2024-10-16,Defective Product,51500.0,Refunded,12,Electronics
RET004572,ORD0024072,PROD0173,CUST03285,2022-05-15,Damaged in Transit,1173.0,Rejected,3,Automotive
RET004573,ORD0024072,PROD0110,CUST03285,2022-05-15,Better Price Found,1954.0,Refunded,8,Beauty & Health
RET004574,ORD0024072,PROD0089,CUST03285,2022-05-15,Better Price Found,1345.0,Refunded,10,Office Supplies
RET004575,ORD0024073,PROD0430,CUST03173,2023-10-27,Wrong Item,32576.0,Refunded,13,Sports & Fitness
RET004576,ORD0024083,PROD0034,CUST04745,2022-05-04,Defective Product,90494.0,Refunded,11,Electronics
RET004577,ORD0024091,PROD0196,CUST03978,2023-06-07,Changed Mind,1596.0,Rejected,12,Books
RET004578,ORD0024091,PROD0048,CUST03978,2023-06-07,Damaged in Transit,1128.0,Refunded,11,Automotive
RET004579,ORD0024091,PROD0053,CUST03978,2023-06-07,Damaged in Transit,33428.0,Refunded,7,Fashion
RET004580,ORD0024091,PROD0741,CUST03978,2023-06-07,Wrong Item,6848.0,Refunded,5,Fashion
RET004581,ORD0024091,PROD0364,CUST03978,2023-06-07,Defective Product,204.0,Refunded,12,Books
RET004582,ORD0024104,PROD0373,CUST03491,2022-03-06,Defective Product,19554.0,Refunded,14,Home & Kitchen
RET004583,ORD0024104,PROD0720,CUST03491,2022-03-06,Better Price Found,16096.0,Refunded,13,Home & Kitchen
RET004584,ORD0024104,PROD0181,CUST03491,2022-03-06,Damaged in Transit,132.0,Refunded,3,Books
RET004585,ORD0024109,PROD0709,CUST04631,2024-07-09,Defective Product,129023.0,Pending,6,Electronics
RET004586,ORD0024119,PROD0344,CUST00058,2020-01-08,Defective Product,46512.0,Refunded,9,Fashion
RET004587,ORD0024119,PROD0283,CUST00058,2020-01-08,Wrong Item,1020.0,Refunded,9,Grocery
RET004588,ORD0024129,PROD0678,CUST02037,2024-08-02,Better Price Found,1661.0,Refunded,6,Office Supplies
RET004589,ORD0024130,PROD0664,CUST00060,2024-07-09,Changed Mind,28266.0,Refunded,8,Home & Kitchen
RET004590,ORD0024130,PROD0761,CUST00060,2024-07-09,Defective Product,1533.0,Refunded,4,Books
RET004591,ORD0024131,PROD0593,CUST04651,2024-10-25,Better Price Found,10383.0,Refunded,11,Home & Kitchen
RET004592,ORD0024131,PROD0513,CUST04651,2024-10-25,Wrong Item,21326.0,Refunded,11,Automotive
RET004593,ORD0024131,PROD0645,CUST04651,2024-10-25,Size Issue,82176.0,Refunded,8,Electronics
RET004594,ORD0024134,PROD0615,CUST02328,2022-06-08,Better Price Found,4391.0,Refunded,4,Toys & Games
RET004595,ORD0024137,PROD0788,CUST00832,2023-01-09,Wrong Item,1107.0,Refunded,7,Grocery
RET004596,ORD0024145,PROD0789,CUST02581,2021-05-10,Damaged in Transit,77233.0,Pending,8,Electronics
RET004597,ORD0024145,PROD0210,CUST02581,2021-05-10,Damaged in Transit,27852.0,Refunded,11,Home & Kitchen
RET004598,ORD0024145,PROD0005,CUST02581,2021-05-10,Better Price Found,21129.0,Refunded,7,Automotive
RET004599,ORD0024149,PROD0200,CUST01746,2023-07-19,Better Price Found,1122.0,Refunded,6,Fashion
RET004600,ORD0024152,PROD0173,CUST03454,2021-07-08,Damaged in Transit,3168.0,Pending,6,Automotive
RET004601,ORD0024162,PROD0405,CUST04361,2023-10-01,Size Issue,6208.0,Refunded,7,Fashion
RET004602,ORD0024181,PROD0227,CUST01268,2021-02-23,Wrong Item,51938.0,Refunded,14,Home & Kitchen
RET004603,ORD0024185,PROD0504,CUST02116,2022-11-23,Changed Mind,18440.0,Rejected,4,Home & Kitchen
RET004604,ORD0024185,PROD0330,CUST02116,2022-11-23,Size Issue,8156.0,Refunded,4,Electronics
RET004605,ORD0024189,PROD0096,CUST01440,2023-07-29,Better Price Found,1053.0,Refunded,7,Office Supplies
RET004606,ORD0024189,PROD0305,CUST01440,2023-07-29,Size Issue,35552.0,Refunded,5,Home & Kitchen
RET004607,ORD0024199,PROD0188,CUST01581,2021-06-10,Wrong Item,2364.0,Refunded,8,Books
RET004608,ORD0024217,PROD0294,CUST02649,2020-08-12,Changed Mind,21954.0,Refunded,5,Sports & Fitness
RET004609,ORD0024222,PROD0205,CUST01140,2021-11-20,Wrong Item,4347.0,Refunded,13,Toys & Games
RET004610,ORD0024223,PROD0225,CUST01769,2023-09-21,Better Price Found,158582.0,Refunded,6,Electronics
RET004611,ORD0024227,PROD0309,CUST02427,2024-02-29,Damaged in Transit,46485.0,Refunded,13,Electronics
RET004612,ORD0024227,PROD0147,CUST02427,2024-02-29,Better Price Found,3811.0,Refunded,9,Beauty & Health
RET004613,ORD0024227,PROD0475,CUST02427,2024-02-29,Damaged in Transit,524.0,Refunded,12,Books
RET004614,ORD0024227,PROD0367,CUST02427,2024-02-29,Changed Mind,6345.0,Refunded,3,Office Supplies
RET004615,ORD0024227,PROD0454,CUST02427,2024-02-29,Better Price Found,1117.0,Refunded,12,Toys & Games
RET004616,ORD0024236,PROD0778,CUST02730,2023-12-15,Changed Mind,10210.0,Refunded,5,Office Supplies
RET004617,ORD0024249,PROD0054,CUST04161,2024-07-01,Damaged in Transit,2469.0,Rejected,7,Office Supplies
RET004618,ORD0024249,PROD0462,CUST04161,2024-07-01,Changed Mind,298320.0,Refunded,11,Electronics
RET004619,ORD0024256,PROD0181,CUST04321,2023-10-14,Changed Mind,132.0,Refunded,8,Books
RET004620,ORD0024277,PROD0712,CUST02942,2021-03-07,Damaged in Transit,73532.0,Refunded,10,Home & Kitchen
RET004621,ORD0024282,PROD0106,CUST03026,2021-06-06,Size Issue,470.0,Rejected,13,Books
RET004622,ORD0024293,PROD0248,CUST03811,2021-05-28,Wrong Item,1206.0,Refunded,7,Grocery
RET004623,ORD0024294,PROD0165,CUST01702,2022-10-20,Wrong Item,828.0,Refunded,7,Books
RET004624,ORD0024299,PROD0122,CUST03965,2024-07-22,Changed Mind,27206.0,Pending,8,Sports & Fitness
RET004625,ORD0024299,PROD0770,CUST03965,2024-07-22,Size Issue,157.0,Refunded,14,Books
RET004626,ORD0024300,PROD0539,CUST03789,2023-10-10,Changed Mind,7509.0,Refunded,7,Home & Kitchen
RET004627,ORD0024301,PROD0783,CUST04275,2021-10-04,Defective Product,56833.0,Pending,8,Electronics
RET004628,ORD0024301,PROD0674,CUST04275,2021-10-04,Wrong Item,934.0,Refunded,4,Grocery
RET004629,ORD0024301,PROD0594,CUST04275,2021-10-04,Wrong Item,125.0,Pending,14,Books
RET004630,ORD0024301,PROD0259,CUST04275,2021-10-04,Damaged in Transit,2664.0,Rejected,12,Fashion
RET004631,ORD0024301,PROD0744,CUST04275,2021-10-04,Damaged in Transit,626.0,Refunded,4,Grocery
RET004632,ORD0024312,PROD0163,CUST04588,2022-01-28,Damaged in Transit,6000.0,Refunded,9,Beauty & Health
RET004633,ORD0024312,PROD0608,CUST04588,2022-01-28,Wrong Item,1650.0,Refunded,11,Grocery
RET004634,ORD0024315,PROD0155,CUST04442,2024-05-15,Size Issue,5088.0,Refunded,8,Office Supplies
RET004635,ORD0024316,PROD0727,CUST03207,2020-06-13,Changed Mind,19912.0,Rejected,10,Office Supplies
RET004636,ORD0024317,PROD0398,CUST04673,2022-07-21,Better Price Found,1800.0,Refunded,14,Toys & Games
RET004637,ORD0024317,PROD0448,CUST04673,2022-07-21,Wrong Item,108436.0,Refunded,9,Electronics
RET004638,ORD0024317,PROD0327,CUST04673,2022-07-21,Better Price Found,1731.0,Refunded,9,Toys & Games
RET004639,ORD0024317,PROD0530,CUST04673,2022-07-21,Size Issue,71622.0,Pending,5,Electronics
RET004640,ORD0024321,PROD0546,CUST00610,2021-10-26,Defective Product,2478.0,Refunded,3,Sports & Fitness
RET004641,ORD0024321,PROD0375,CUST00610,2021-10-26,Wrong Item,5716.0,Refunded,13,Sports & Fitness
RET004642,ORD0024325,PROD0552,CUST02168,2024-06-05,Size Issue,2424.0,Pending,4,Beauty & Health
RET004643,ORD0024325,PROD0025,CUST02168,2024-06-05,Size Issue,25160.0,Pending,13,Automotive
RET004644,ORD0024325,PROD0042,CUST02168,2024-06-05,Defective Product,273.0,Pending,12,Books
RET004645,ORD0024325,PROD0742,CUST02168,2024-06-05,Changed Mind,206.0,Rejected,14,Books
RET004646,ORD0024327,PROD0032,CUST01207,2023-05-23,Defective Product,33796.0,Refunded,11,Home & Kitchen
RET004647,ORD0024327,PROD0781,CUST01207,2023-05-23,Size Issue,3602.0,Pending,5,Beauty & Health
RET004648,ORD0024327,PROD0228,CUST01207,2023-05-23,Defective Product,179.0,Refunded,4,Books
RET004649,ORD0024327,PROD0600,CUST01207,2023-05-23,Defective Product,2560.0,Refunded,5,Beauty & Health
RET004650,ORD0024337,PROD0794,CUST02563,2023-07-13,Wrong Item,362.0,Refunded,12,Toys & Games
RET004651,ORD0024366,PROD0240,CUST01789,2024-01-24,Defective Product,4344.0,Refunded,10,Beauty & Health
RET004652,ORD0024366,PROD0107,CUST01789,2024-01-24,Damaged in Transit,1172.0,Refunded,6,Grocery
RET004653,ORD0024366,PROD0504,CUST01789,2024-01-24,Damaged in Transit,19859.0,Refunded,7,Home & Kitchen
RET004654,ORD0024380,PROD0575,CUST01819,2021-07-01,Defective Product,513.0,Refunded,4,Fashion
RET004655,ORD0024380,PROD0450,CUST01819,2021-07-01,Damaged in Transit,9486.0,Refunded,11,Sports & Fitness
RET004656,ORD0024380,PROD0405,CUST01819,2021-07-01,Better Price Found,7096.0,Rejected,8,Fashion
RET004657,ORD0024380,PROD0217,CUST01819,2021-07-01,Size Issue,3840.0,Refunded,8,Toys & Games
RET004658,ORD0024381,PROD0451,CUST02206,2024-02-06,Defective Product,237.0,Refunded,7,Beauty & Health
RET004659,ORD0024382,PROD0400,CUST02028,2023-02-28,Damaged in Transit,1166.0,Refunded,10,Books
RET004660,ORD0024382,PROD0749,CUST02028,2023-02-28,Damaged in Transit,10888.0,Pending,12,Fashion
RET004661,ORD0024392,PROD0143,CUST00110,2020-02-05,Changed Mind,17917.0,Refunded,9,Sports & Fitness
RET004662,ORD0024392,PROD0104,CUST00110,2020-02-05,Better Price Found,17553.0,Refunded,13,Sports & Fitness
RET004663,ORD0024392,PROD0437,CUST00110,2020-02-05,Size Issue,29664.0,Refunded,13,Automotive
RET004664,ORD0024393,PROD0717,CUST04243,2022-09-29,Wrong Item,17682.0,Refunded,7,Home & Kitchen
RET004665,ORD0024393,PROD0095,CUST04243,2022-09-29,Changed Mind,2973.0,Refunded,12,Toys & Games
RET004666,ORD0024395,PROD0618,CUST01494,2021-05-27,Defective Product,1996.0,Pending,5,Books
RET004667,ORD0024398,PROD0743,CUST02282,2021-08-11,Wrong Item,2138.0,Refunded,9,Beauty & Health
RET004668,ORD0024398,PROD0513,CUST02282,2021-08-11,Wrong Item,31989.0,Refunded,8,Automotive
RET004669,ORD0024400,PROD0651,CUST03703,2023-06-06,Defective Product,29970.0,Refunded,9,Sports & Fitness
RET004670,ORD0024400,PROD0706,CUST03703,2023-06-06,Changed Mind,23595.0,Refunded,12,Sports & Fitness
RET004671,ORD0024429,PROD0310,CUST00545,2024-08-12,Wrong Item,1964.0,Refunded,7,Sports & Fitness
RET004672,ORD0024429,PROD0405,CUST00545,2024-08-12,Damaged in Transit,3548.0,Refunded,5,Fashion
RET004673,ORD0024437,PROD0344,CUST00535,2023-07-02,Damaged in Transit,11628.0,Rejected,6,Fashion
RET004674,ORD0024437,PROD0048,CUST00535,2023-07-02,Defective Product,902.0,Refunded,6,Automotive
RET004675,ORD0024460,PROD0086,CUST01637,2020-12-22,Damaged in Transit,662.0,Refunded,9,Beauty & Health
RET004676,ORD0024471,PROD0565,CUST02057,2024-03-12,Size Issue,535.0,Pending,14,Beauty & Health
RET004677,ORD0024483,PROD0076,CUST03820,2023-10-26,Size Issue,479.0,Refunded,10,Grocery
RET004678,ORD0024500,PROD0103,CUST04790,2022-02-23,Defective Product,4822.0,Refunded,13,Fashion
RET004679,ORD0024512,PROD0099,CUST00641,2024-04-24,Size Issue,237.0,Refunded,7,Grocery
RET004680,ORD0024512,PROD0708,CUST00641,2024-04-24,Defective Product,4854.0,Refunded,9,Fashion
RET004681,ORD0024555,PROD0080,CUST00258,2020-09-13,Changed Mind,38667.0,Refunded,13,Sports & Fitness
RET004682,ORD0024555,PROD0120,CUST00258,2020-09-13,Size Issue,20265.0,Refunded,6,Sports & Fitness
RET004683,ORD0024555,PROD0113,CUST00258,2020-09-13,Wrong Item,104.0,Refunded,5,Beauty & Health
RET004684,ORD0024556,PROD0525,CUST03011,2021-06-21,Changed Mind,1916.0,Refunded,5,Books
RET004685,ORD0024558,PROD0348,CUST04382,2021-07-17,Damaged in Transit,86691.0,Pending,14,Electronics
RET004686,ORD0024558,PROD0447,CUST04382,2021-07-17,Better Price Found,12920.0,Refunded,4,Fashion
RET004687,ORD0024570,PROD0174,CUST00784,2021-02-17,Damaged in Transit,1070.0,Refunded,6,Toys & Games
RET004688,ORD0024579,PROD0628,CUST00040,2024-07-17,Size Issue,3552.0,Refunded,6,Grocery
RET004689,ORD0024579,PROD0411,CUST00040,2024-07-17,Changed Mind,420.0,Refunded,7,Grocery
RET004690,ORD0024579,PROD0052,CUST00040,2024-07-17,Wrong Item,123926.0,Refunded,10,Electronics
RET004691,ORD0024584,PROD0709,CUST03044,2022-12-10,Better Price Found,232242.0,Refunded,14,Electronics
RET004692,ORD0024585,PROD0653,CUST02657,2023-09-04,Wrong Item,11553.0,Refunded,5,Sports & Fitness
RET004693,ORD0024585,PROD0495,CUST02657,2023-09-04,Better Price Found,207220.0,Rejected,11,Electronics
RET004694,ORD0024585,PROD0231,CUST02657,2023-09-04,Better Price Found,694.0,Pending,9,Grocery
RET004695,ORD0024585,PROD0482,CUST02657,2023-09-04,Changed Mind,540.0,Refunded,5,Grocery
RET004696,ORD0024589,PROD0500,CUST01202,2020-07-19,Size Issue,39651.0,Refunded,10,Home & Kitchen
RET004697,ORD0024593,PROD0744,CUST03741,2021-09-16,Defective Product,586.0,Refunded,10,Grocery
RET004698,ORD0024593,PROD0406,CUST03741,2021-09-16,Changed Mind,351800.0,Refunded,13,Electronics
RET004699,ORD0024598,PROD0255,CUST00220,2020-01-19,Wrong Item,72955.0,Refunded,12,Electronics
RET004700,ORD0024604,PROD0638,CUST00861,2024-05-11,Better Price Found,143036.0,Refunded,8,Electronics
RET004701,ORD0024633,PROD0252,CUST02145,2022-12-15,Damaged in Transit,109298.0,Refunded,7,Electronics
RET004702,ORD0024642,PROD0453,CUST03926,2022-04-12,Size Issue,694.0,Refunded,12,Beauty & Health
RET004703,ORD0024647,PROD0599,CUST02917,2022-01-28,Defective Product,13224.0,Refunded,14,Home & Kitchen
RET004704,ORD0024663,PROD0779,CUST00125,2023-01-19,Size Issue,1631.0,Refunded,10,Toys & Games
RET004705,ORD0024663,PROD0605,CUST00125,2023-01-19,Wrong Item,89928.0,Refunded,9,Sports & Fitness
RET004706,ORD0024667,PROD0143,CUST01836,2023-04-01,Better Price Found,17917.0,Refunded,5,Sports & Fitness
RET004707,ORD0024667,PROD0262,CUST01836,2023-04-01,Defective Product,27724.0,Refunded,10,Home & Kitchen
RET004708,ORD0024673,PROD0097,CUST00493,2024-06-01,Damaged in Transit,7238.0,Refunded,11,Automotive
RET004709,ORD0024673,PROD0170,CUST00493,2024-06-01,Changed Mind,926.0,Refunded,13,Grocery
RET004710,ORD0024679,PROD0623,CUST04600,2024-06-17,Defective Product,7350.0,Refunded,5,Office Supplies
RET004711,ORD0024679,PROD0799,CUST04600,2024-06-17,Better Price Found,21080.0,Refunded,9,Electronics
RET004712,ORD0024679,PROD0157,CUST04600,2024-06-17,Size Issue,277.0,Refunded,3,Books
RET004713,ORD0024679,PROD0208,CUST04600,2024-06-17,Changed Mind,20346.0,Refunded,9,Sports & Fitness
RET004714,ORD0024679,PROD0069,CUST04600,2024-06-17,Defective Product,5579.0,Pending,4,Sports & Fitness
RET004715,ORD0024694,PROD0249,CUST03408,2021-04-03,Damaged in Transit,684.0,Refunded,3,Books
RET004716,ORD0024694,PROD0635,CUST03408,2021-04-03,Better Price Found,82330.0,Refunded,14,Electronics
RET004717,ORD0024698,PROD0694,CUST00376,2023-05-19,Better Price Found,13237.0,Refunded,4,Sports & Fitness
RET004718,ORD0024706,PROD0430,CUST02676,2020-08-15,Size Issue,15124.0,Refunded,12,Sports & Fitness
RET004719,ORD0024706,PROD0638,CUST02676,2020-08-15,Changed Mind,143036.0,Refunded,3,Electronics
RET004720,ORD0024728,PROD0690,CUST03701,2023-09-30,Changed Mind,688.0,Refunded,3,Books
RET004721,ORD0024728,PROD0463,CUST03701,2023-09-30,Size Issue,2351.0,Refunded,4,Sports & Fitness
RET004722,ORD0024728,PROD0251,CUST03701,2023-09-30,Size Issue,33709.0,Pending,8,Electronics
RET004723,ORD0024740,PROD0346,CUST00745,2023-12-25,Defective Product,40176.0,Refunded,6,Home & Kitchen
RET004724,ORD0024740,PROD0214,CUST00745,2023-12-25,Size Issue,1751.0,Refunded,3,Beauty & Health
RET004725,ORD0024746,PROD0015,CUST00120,2022-12-18,Size Issue,5767.0,Refunded,6,Fashion
RET004726,ORD0024768,PROD0669,CUST02628,2021-08-20,Changed Mind,44613.0,Refunded,3,Home & Kitchen
RET004727,ORD0024768,PROD0440,CUST02628,2021-08-20,Defective Product,2656.0,Refunded,5,Automotive
RET004728,ORD0024782,PROD0641,CUST01601,2023-05-04,Damaged in Transit,708.0,Refunded,7,Books
RET004729,ORD0024782,PROD0098,CUST01601,2023-05-04,Changed Mind,9312.0,Refunded,5,Sports & Fitness
RET004730,ORD0024782,PROD0134,CUST01601,2023-05-04,Wrong Item,1615.0,Pending,5,Beauty & Health
RET004731,ORD0024782,PROD0617,CUST01601,2023-05-04,Defective Product,8512.0,Refunded,5,Beauty & Health
RET004732,ORD0024799,PROD0499,CUST01631,2020-07-08,Defective Product,2594.0,Refunded,11,Beauty & Health
RET004733,ORD0024802,PROD0759,CUST01753,2022-01-20,Defective Product,6542.0,Refunded,14,Toys & Games
RET004734,ORD0024802,PROD0558,CUST01753,2022-01-20,Size Issue,26080.0,Refunded,9,Sports & Fitness
RET004735,ORD0024802,PROD0712,CUST01753,2022-01-20,Wrong Item,18383.0,Refunded,6,Home & Kitchen
RET004736,ORD0024804,PROD0037,CUST01721,2022-08-06,Wrong Item,972.0,Refunded,3,Beauty & Health
RET004737,ORD0024804,PROD0379,CUST01721,2022-08-06,Better Price Found,374.0,Refunded,14,Grocery
RET004738,ORD0024804,PROD0675,CUST01721,2022-08-06,Better Price Found,1928.0,Pending,13,Toys & Games
RET004739,ORD0024809,PROD0310,CUST00470,2022-04-24,Damaged in Transit,4532.0,Refunded,12,Sports & Fitness
RET004740,ORD0024818,PROD0332,CUST02618,2020-09-02,Defective Product,1380.0,Pending,4,Books
RET004741,ORD0024839,PROD0183,CUST00933,2020-05-13,Changed Mind,98596.0,Refunded,14,Electronics
RET004742,ORD0024839,PROD0500,CUST00933,2020-05-13,Damaged in Transit,118953.0,Pending,7,Home & Kitchen
RET004743,ORD0024849,PROD0228,CUST03407,2020-06-12,Damaged in Transit,716.0,Refunded,11,Books
RET004744,ORD0024849,PROD0397,CUST03407,2020-06-12,Damaged in Transit,4064.0,Rejected,13,Automotive
RET004745,ORD0024852,PROD0567,CUST01167,2020-05-10,Defective Product,682.0,Refunded,10,Office Supplies
RET004746,ORD0024852,PROD0575,CUST01167,2020-05-10,Size Issue,577.0,Refunded,3,Fashion
RET004747,ORD0024868,PROD0793,CUST04100,2022-01-03,Damaged in Transit,4724.0,Refunded,13,Beauty & Health
RET004748,ORD0024868,PROD0592,CUST04100,2022-01-03,Defective Product,3586.0,Refunded,13,Sports & Fitness
RET004749,ORD0024868,PROD0638,CUST04100,2022-01-03,Better Price Found,75491.0,Refunded,13,Electronics
RET004750,ORD0024898,PROD0406,CUST01009,2023-12-01,Size Issue,93813.0,Rejected,4,Electronics
RET004751,ORD0024898,PROD0200,CUST01009,2023-12-01,Changed Mind,1122.0,Refunded,13,Fashion
RET004752,ORD0024898,PROD0673,CUST01009,2023-12-01,Wrong Item,42067.0,Pending,5,Electronics
RET004753,ORD0024898,PROD0633,CUST01009,2023-12-01,Wrong Item,2571.0,Refunded,11,Toys & Games
RET004754,ORD0024901,PROD0696,CUST03062,2022-01-03,Damaged in Transit,543.0,Refunded,10,Books
RET004755,ORD0024901,PROD0049,CUST03062,2022-01-03,Better Price Found,2985.0,Refunded,8,Sports & Fitness
RET004756,ORD0024901,PROD0338,CUST03062,2022-01-03,Damaged in Transit,17920.0,Refunded,5,Sports & Fitness
RET004757,ORD0024916,PROD0025,CUST03747,2021-10-04,Better Price Found,10902.0,Refunded,12,Automotive
RET004758,ORD0024916,PROD0358,CUST03747,2021-10-04,Changed Mind,4076.0,Refunded,11,Office Supplies
RET004759,ORD0024918,PROD0689,CUST00613,2022-08-06,Changed Mind,3170.0,Refunded,13,Sports & Fitness
RET004760,ORD0024918,PROD0542,CUST00613,2022-08-06,Defective Product,27980.0,Pending,5,Home & Kitchen
RET004761,ORD0024918,PROD0264,CUST00613,2022-08-06,Damaged in Transit,17149.0,Refunded,3,Electronics
RET004762,ORD0024918,PROD0170,CUST00613,2022-08-06,Better Price Found,980.0,Refunded,14,Grocery
RET004763,ORD0024931,PROD0610,CUST04112,2024-11-01,Better Price Found,3408.0,Pending,5,Toys & Games
RET004764,ORD0024936,PROD0419,CUST00527,2021-10-19,Size Issue,3238.0,Refunded,9,Automotive
RET004765,ORD0024969,PROD0319,CUST02409,2023-09-03,Wrong Item,2342.0,Pending,3,Beauty & Health
RET004766,ORD0024969,PROD0522,CUST02409,2023-09-03,Defective Product,9826.0,Refunded,3,Toys & Games
RET004767,ORD0024984,PROD0323,CUST01598,2024-06-01,Damaged in Transit,279.0,Refunded,3,Grocery
RET004768,ORD0024984,PROD0128,CUST01598,2024-06-01,Defective Product,1503.0,Refunded,14,Toys & Games
RET004769,ORD0024984,PROD0257,CUST01598,2024-06-01,Better Price Found,27147.0,Refunded,9,Electronics
RET004770,ORD0025005,PROD0663,CUST04580,2023-01-24,Wrong Item,808.0,Pending,3,Books
RET004771,ORD0025007,PROD0790,CUST04418,2022-09-29,Changed Mind,3661.0,Refunded,8,Fashion
RET004772,ORD0025026,PROD0579,CUST00072,2024-07-20,Damaged in Transit,898.0,Refunded,12,Grocery
RET004773,ORD0025026,PROD0478,CUST00072,2024-07-20,Better Price Found,6790.0,Pending,14,Beauty & Health
RET004774,ORD0025026,PROD0480,CUST00072,2024-07-20,Better Price Found,833.0,Refunded,9,Books
RET004775,ORD0025026,PROD0734,CUST00072,2024-07-20,Wrong Item,4022.0,Refunded,5,Fashion
RET004776,ORD0025026,PROD0456,CUST00072,2024-07-20,Wrong Item,3262.0,Refunded,10,Beauty & Health
RET004777,ORD0025035,PROD0407,CUST03287,2023-01-27,Damaged in Transit,1300.0,Refunded,11,Books
RET004778,ORD0025035,PROD0756,CUST03287,2023-01-27,Defective Product,5929.0,Rejected,8,Automotive
RET004779,ORD0025041,PROD0454,CUST04502,2023-05-15,Defective Product,2234.0,Refunded,9,Toys & Games
RET004780,ORD0025045,PROD0610,CUST02263,2023-08-28,Changed Mind,10794.0,Refunded,12,Toys & Games
RET004781,ORD0025045,PROD0219,CUST02263,2023-08-28,Size Issue,2364.0,Refunded,7,Office Supplies
RET004782,ORD0025045,PROD0094,CUST02263,2023-08-28,Wrong Item,11048.0,Refunded,12,Home & Kitchen
RET004783,ORD0025045,PROD0733,CUST02263,2023-08-28,Better Price Found,16785.0,Refunded,5,Automotive
RET004784,ORD0025046,PROD0800,CUST02277,2020-07-31,Size Issue,12702.0,Refunded,7,Sports & Fitness
RET004785,ORD0025063,PROD0326,CUST02742,2022-11-17,Size Issue,5852.0,Pending,13,Automotive
RET004786,ORD0025063,PROD0398,CUST02742,2022-11-17,Changed Mind,7200.0,Refunded,14,Toys & Games
RET004787,ORD0025068,PROD0040,CUST02596,2022-04-03,Changed Mind,1431.0,Refunded,7,Grocery
RET004788,ORD0025077,PROD0421,CUST04200,2023-03-21,Size Issue,2226.0,Refunded,11,Fashion
RET004789,ORD0025077,PROD0371,CUST04200,2023-03-21,Better Price Found,750.0,Pending,9,Beauty & Health
RET004790,ORD0025077,PROD0171,CUST04200,2023-03-21,Wrong Item,7549.0,Refunded,4,Toys & Games
RET004791,ORD0025080,PROD0035,CUST04417,2021-09-15,Wrong Item,27126.0,Refunded,14,Automotive
RET004792,ORD0025085,PROD0592,CUST01972,2022-08-16,Size Issue,7594.0,Pending,9,Sports & Fitness
RET004793,ORD0025085,PROD0407,CUST01972,2022-08-16,Changed Mind,1300.0,Refunded,11,Books
RET004794,ORD0025085,PROD0086,CUST01972,2022-08-16,Changed Mind,595.0,Refunded,3,Beauty & Health
RET004795,ORD0025085,PROD0341,CUST01972,2022-08-16,Wrong Item,5776.0,Refunded,9,Fashion
RET004796,ORD0025093,PROD0593,CUST01367,2024-01-16,Size Issue,27690.0,Refunded,14,Home & Kitchen
RET004797,ORD0025095,PROD0383,CUST00023,2022-01-27,Changed Mind,13000.0,Refunded,6,Fashion
RET004798,ORD0025114,PROD0436,CUST04726,2022-12-25,Better Price Found,61770.0,Pending,10,Electronics
RET004799,ORD0025118,PROD0141,CUST02006,2024-12-02,Changed Mind,10488.0,Refunded,3,Toys & Games
RET004800,ORD0025120,PROD0352,CUST00557,2020-04-26,Damaged in Transit,1577.0,Refunded,9,Beauty & Health
RET004801,ORD0025120,PROD0642,CUST00557,2020-04-26,Wrong Item,13846.0,Refunded,4,Automotive
RET004802,ORD0025122,PROD0225,CUST00137,2023-09-21,Changed Mind,237873.0,Refunded,5,Electronics
RET004803,ORD0025140,PROD0281,CUST02940,2025-01-04,Better Price Found,1122.0,Refunded,14,Grocery
RET004804,ORD0025159,PROD0674,CUST03344,2024-09-25,Wrong Item,1744.0,Refunded,4,Grocery
RET004805,ORD0025165,PROD0373,CUST02678,2021-04-03,Changed Mind,23465.0,Refunded,11,Home & Kitchen
RET004806,ORD0025168,PROD0492,CUST01086,2022-02-15,Better Price Found,2422.0,Pending,13,Books
RET004807,ORD0025177,PROD0127,CUST02384,2021-11-02,Defective Product,2134.0,Refunded,5,Sports & Fitness
RET004808,ORD0025199,PROD0713,CUST04000,2024-11-26,Wrong Item,6106.0,Refunded,14,Toys & Games
RET004809,ORD0025199,PROD0704,CUST04000,2024-11-26,Damaged in Transit,9671.0,Refunded,10,Automotive
RET004810,ORD0025199,PROD0686,CUST04000,2024-11-26,Damaged in Transit,4407.0,Refunded,9,Toys & Games
RET004811,ORD0025199,PROD0349,CUST04000,2024-11-26,Changed Mind,160.0,Refunded,14,Toys & Games
RET004812,ORD0025218,PROD0760,CUST00394,2020-06-03,Better Price Found,6828.0,Refunded,7,Fashion
RET004813,ORD0025222,PROD0626,CUST04774,2023-03-11,Better Price Found,27092.0,Refunded,6,Sports & Fitness
RET004814,ORD0025232,PROD0485,CUST04536,2023-12-14,Size Issue,8432.0,Refunded,6,Beauty & Health
RET004815,ORD0025233,PROD0235,CUST02276,2023-11-04,Defective Product,6738.0,Refunded,6,Toys & Games
RET004816,ORD0025233,PROD0393,CUST02276,2023-11-04,Defective Product,1062.0,Refunded,4,Grocery
RET004817,ORD0025233,PROD0613,CUST02276,2023-11-04,Size Issue,229.0,Refunded,9,Grocery
RET004818,ORD0025239,PROD0254,CUST01097,2020-03-26,Better Price Found,50816.0,Rejected,12,Sports & Fitness
RET004819,ORD0025239,PROD0494,CUST01097,2020-03-26,Better Price Found,17306.0,Pending,8,Automotive
RET004820,ORD0025259,PROD0296,CUST03857,2020-09-11,Changed Mind,2462.0,Rejected,8,Toys & Games
RET004821,ORD0025273,PROD0016,CUST01787,2024-02-22,Better Price Found,2307.0,Refunded,8,Books
RET004822,ORD0025278,PROD0402,CUST00306,2024-02-24,Wrong Item,8304.0,Refunded,10,Office Supplies
RET004823,ORD0025278,PROD0355,CUST00306,2024-02-24,Defective Product,7734.0,Rejected,14,Fashion
RET004824,ORD0025278,PROD0045,CUST00306,2024-02-24,Size Issue,2916.0,Refunded,9,Grocery
RET004825,ORD0025283,PROD0382,CUST03451,2021-06-19,Changed Mind,1022.0,Refunded,10,Beauty & Health
RET004826,ORD0025283,PROD0798,CUST03451,2021-06-19,Size Issue,10068.0,Rejected,10,Beauty & Health
RET004827,ORD0025283,PROD0698,CUST03451,2021-06-19,Size Issue,8452.0,Refunded,9,Fashion
RET004828,ORD0025293,PROD0612,CUST03481,2024-08-26,Wrong Item,277.0,Refunded,11,Grocery
RET004829,ORD0025307,PROD0082,CUST02827,2023-03-10,Damaged in Transit,5299.0,Refunded,11,Automotive
RET004830,ORD0025307,PROD0299,CUST02827,2023-03-10,Changed Mind,2725.0,Pending,7,Sports & Fitness
RET004831,ORD0025307,PROD0104,CUST02827,2023-03-10,Size Issue,37614.0,Refunded,3,Sports & Fitness
RET004832,ORD0025344,PROD0764,CUST04686,2020-12-16,Wrong Item,522.0,Pending,13,Books
RET004833,ORD0025344,PROD0295,CUST04686,2020-12-16,Better Price Found,262.0,Refunded,5,Toys & Games
RET004834,ORD0025344,PROD0293,CUST04686,2020-12-16,Size Issue,87361.0,Refunded,12,Electronics
RET004835,ORD0025344,PROD0657,CUST04686,2020-12-16,Defective Product,1374.0,Refunded,7,Books
RET004836,ORD0025352,PROD0238,CUST00054,2022-07-17,Size Issue,3069.0,Refunded,14,Fashion
RET004837,ORD0025366,PROD0316,CUST04707,2021-12-18,Wrong Item,2256.0,Refunded,3,Toys & Games
RET004838,ORD0025366,PROD0524,CUST04707,2021-12-18,Defective Product,4198.0,Refunded,8,Fashion
RET004839,ORD0025366,PROD0326,CUST04707,2021-12-18,Size Issue,5202.0,Refunded,5,Automotive
RET004840,ORD0025366,PROD0649,CUST04707,2021-12-18,Better Price Found,13852.0,Refunded,9,Automotive
RET004841,ORD0025383,PROD0076,CUST03055,2020-01-20,Better Price Found,508.0,Refunded,13,Grocery
RET004842,ORD0025383,PROD0253,CUST03055,2020-01-20,Size Issue,608.0,Refunded,7,Toys & Games
RET004843,ORD0025383,PROD0286,CUST03055,2020-01-20,Wrong Item,3605.0,Refunded,12,Sports & Fitness
RET004844,ORD0025393,PROD0790,CUST00390,2021-10-13,Wrong Item,9152.0,Refunded,5,Fashion
RET004845,ORD0025393,PROD0088,CUST00390,2021-10-13,Damaged in Transit,42059.0,Refunded,10,Electronics
RET004846,ORD0025393,PROD0424,CUST00390,2021-10-13,Wrong Item,10478.0,Refunded,3,Toys & Games
RET004847,ORD0025396,PROD0192,CUST04982,2021-09-21,Defective Product,558.0,Refunded,9,Grocery
RET004848,ORD0025403,PROD0170,CUST02303,2021-06-02,Size Issue,1960.0,Pending,3,Grocery
RET004849,ORD0025403,PROD0354,CUST02303,2021-06-02,Wrong Item,1404.0,Refunded,5,Fashion
RET004850,ORD0025417,PROD0568,CUST02755,2021-07-21,Defective Product,31335.0,Refunded,3,Fashion
RET004851,ORD0025419,PROD0074,CUST03666,2024-11-03,Size Issue,249.0,Refunded,9,Books
RET004852,ORD0025419,PROD0432,CUST03666,2024-11-03,Wrong Item,2497.0,Refunded,3,Beauty & Health
RET004853,ORD0025419,PROD0511,CUST03666,2024-11-03,Better Price Found,1365.0,Refunded,5,Office Supplies
RET004854,ORD0025419,PROD0662,CUST03666,2024-11-03,Better Price Found,24558.0,Pending,12,Automotive
RET004855,ORD0025419,PROD0648,CUST03666,2024-11-03,Damaged in Transit,5996.0,Refunded,11,Fashion
RET004856,ORD0025433,PROD0398,CUST02882,2020-10-11,Size Issue,1912.0,Refunded,14,Toys & Games
RET004857,ORD0025454,PROD0575,CUST02311,2023-01-18,Better Price Found,513.0,Refunded,5,Fashion
RET004858,ORD0025455,PROD0147,CUST00880,2023-12-01,Damaged in Transit,11433.0,Refunded,7,Beauty & Health
RET004859,ORD0025462,PROD0040,CUST01798,2023-08-17,Defective Product,2862.0,Pending,11,Grocery
RET004860,ORD0025471,PROD0708,CUST03341,2021-02-09,Defective Product,9708.0,Pending,10,Fashion
RET004861,ORD0025471,PROD0703,CUST03341,2021-02-09,Defective Product,11427.0,Refunded,4,Electronics
RET004862,ORD0025477,PROD0143,CUST02714,2022-10-19,Wrong Item,32848.0,Refunded,9,Sports & Fitness
RET004863,ORD0025478,PROD0461,CUST02259,2024-04-25,Size Issue,344.0,Refunded,4,Office Supplies
RET004864,ORD0025478,PROD0447,CUST02259,2024-04-25,Size Issue,6460.0,Pending,4,Fashion
RET004865,ORD0025478,PROD0455,CUST02259,2024-04-25,Wrong Item,10638.0,Refunded,12,Automotive
RET004866,ORD0025495,PROD0762,CUST04882,2021-04-30,Better Price Found,6922.0,Refunded,6,Automotive
RET004867,ORD0025495,PROD0245,CUST04882,2021-04-30,Better Price Found,22139.0,Refunded,9,Sports & Fitness
RET004868,ORD0025495,PROD0064,CUST04882,2021-04-30,Changed Mind,256.0,Pending,12,Books
RET004869,ORD0025499,PROD0705,CUST04544,2022-02-11,Defective Product,1296.0,Refunded,13,Books
RET004870,ORD0025503,PROD0445,CUST04533,2022-09-09,Changed Mind,33386.0,Refunded,10,Home & Kitchen
RET004871,ORD0025506,PROD0677,CUST00373,2023-05-12,Defective Product,2501.0,Refunded,14,Toys & Games
RET004872,ORD0025511,PROD0286,CUST02809,2024-02-20,Wrong Item,3605.0,Refunded,5,Sports & Fitness
RET004873,ORD0025511,PROD0258,CUST02809,2024-02-20,Wrong Item,1613.0,Refunded,12,Beauty & Health
RET004874,ORD0025514,PROD0774,CUST04513,2023-09-09,Size Issue,64593.0,Refunded,3,Home & Kitchen
RET004875,ORD0025514,PROD0002,CUST04513,2023-09-09,Better Price Found,12430.0,Refunded,14,Toys & Games
RET004876,ORD0025516,PROD0301,CUST01232,2023-08-09,Damaged in Transit,2510.0,Refunded,10,Sports & Fitness
RET004877,ORD0025519,PROD0191,CUST00669,2024-11-06,Wrong Item,13204.0,Rejected,9,Office Supplies
RET004878,ORD0025519,PROD0656,CUST00669,2024-11-06,Changed Mind,65080.0,Pending,7,Electronics
RET004879,ORD0025533,PROD0779,CUST00594,2020-09-28,Damaged in Transit,1631.0,Rejected,8,Toys & Games
RET004880,ORD0025558,PROD0078,CUST02042,2021-11-29,Changed Mind,4106.0,Refunded,11,Office Supplies
RET004881,ORD0025558,PROD0200,CUST02042,2021-11-29,Wrong Item,1122.0,Refunded,11,Fashion
RET004882,ORD0025558,PROD0505,CUST02042,2021-11-29,Wrong Item,5648.0,Rejected,6,Fashion
RET004883,ORD0025578,PROD0587,CUST00071,2023-08-11,Size Issue,2654.0,Refunded,9,Beauty & Health
RET004884,ORD0025578,PROD0253,CUST00071,2023-08-11,Damaged in Transit,608.0,Refunded,10,Toys & Games
RET004885,ORD0025579,PROD0629,CUST00907,2025-01-11,Damaged in Transit,2806.0,Refunded,4,Books
RET004886,ORD0025579,PROD0315,CUST00907,2025-01-11,Wrong Item,3685.0,Refunded,11,Sports & Fitness
RET004887,ORD0025579,PROD0153,CUST00907,2025-01-11,Wrong Item,594.0,Refunded,11,Grocery
RET004888,ORD0025579,PROD0018,CUST00907,2025-01-11,Changed Mind,16472.0,Rejected,6,Fashion
RET004889,ORD0025580,PROD0737,CUST00059,2023-03-17,Wrong Item,1039.0,Refunded,13,Beauty & Health
RET004890,ORD0025634,PROD0383,CUST00163,2023-12-18,Damaged in Transit,13000.0,Refunded,11,Fashion
RET004891,ORD0025641,PROD0714,CUST04087,2022-03-12,Damaged in Transit,6742.0,Refunded,4,Sports & Fitness
RET004892,ORD0025646,PROD0429,CUST01997,2021-04-10,Size Issue,1824.0,Pending,4,Office Supplies
RET004893,ORD0025664,PROD0261,CUST03669,2021-09-06,Damaged in Transit,729.0,Refunded,5,Grocery
RET004894,ORD0025673,PROD0372,CUST04247,2021-07-04,Size Issue,590.0,Refunded,7,Books
RET004895,ORD0025673,PROD0044,CUST04247,2021-07-04,Better Price Found,5858.0,Pending,10,Beauty & Health
RET004896,ORD0025673,PROD0336,CUST04247,2021-07-04,Size Issue,15802.0,Refunded,4,Office Supplies
RET004897,ORD0025674,PROD0166,CUST00602,2023-11-01,Wrong Item,6154.0,Refunded,14,Fashion
RET004898,ORD0025674,PROD0312,CUST00602,2023-11-01,Defective Product,18812.0,Refunded,7,Sports & Fitness
RET004899,ORD0025680,PROD0027,CUST02184,2023-06-08,Damaged in Transit,2960.0,Refunded,8,Office Supplies
RET004900,ORD0025701,PROD0534,CUST03479,2024-09-05,Wrong Item,5372.0,Refunded,6,Toys & Games
RET004901,ORD0025701,PROD0792,CUST03479,2024-09-05,Better Price Found,648.0,Pending,12,Books
RET004902,ORD0025714,PROD0343,CUST02713,2023-03-05,Wrong Item,1528.0,Refunded,12,Beauty & Health
RET004903,ORD0025714,PROD0765,CUST02713,2023-03-05,Damaged in Transit,7127.0,Refunded,3,Home & Kitchen
RET004904,ORD0025714,PROD0266,CUST02713,2023-03-05,Damaged in Transit,25806.0,Pending,5,Electronics
RET004905,ORD0025726,PROD0131,CUST03519,2022-05-07,Changed Mind,11142.0,Refunded,10,Office Supplies
RET004906,ORD0025734,PROD0001,CUST02828,2020-06-23,Damaged in Transit,7114.0,Refunded,12,Toys & Games
RET004907,ORD0025734,PROD0122,CUST02828,2020-06-23,Better Price Found,29678.0,Pending,12,Sports & Fitness
RET004908,ORD0025734,PROD0650,CUST02828,2020-06-23,Size Issue,372.0,Refunded,5,Books
RET004909,ORD0025734,PROD0497,CUST02828,2020-06-23,Better Price Found,32192.0,Refunded,3,Automotive
RET004910,ORD0025734,PROD0777,CUST02828,2020-06-23,Damaged in Transit,2014.0,Refunded,3,Toys & Games
RET004911,ORD0025748,PROD0373,CUST04590,2024-08-28,Better Price Found,23465.0,Refunded,3,Home & Kitchen
RET004912,ORD0025758,PROD0388,CUST03737,2023-02-13,Defective Product,1926.0,Refunded,5,Toys & Games
RET004913,ORD0025758,PROD0785,CUST03737,2023-02-13,Damaged in Transit,1292.0,Pending,8,Books
RET004914,ORD0025758,PROD0501,CUST03737,2023-02-13,Changed Mind,20800.0,Rejected,9,Home & Kitchen
RET004915,ORD0025758,PROD0390,CUST03737,2023-02-13,Defective Product,4199.0,Pending,11,Electronics
RET004916,ORD0025783,PROD0577,CUST04545,2021-09-29,Defective Product,20820.0,Refunded,10,Office Supplies
RET004917,ORD0025785,PROD0322,CUST03542,2021-02-18,Damaged in Transit,86598.0,Pending,10,Electronics
RET004918,ORD0025803,PROD0419,CUST04092,2021-08-30,Wrong Item,3598.0,Pending,3,Automotive
RET004919,ORD0025805,PROD0131,CUST01712,2020-05-01,Changed Mind,5571.0,Refunded,11,Office Supplies
RET004920,ORD0025805,PROD0372,CUST01712,2020-05-01,Wrong Item,1770.0,Refunded,7,Books
RET004921,ORD0025808,PROD0433,CUST02223,2023-11-04,Better Price Found,68037.0,Refunded,11,Electronics
RET004922,ORD0025810,PROD0299,CUST01510,2020-04-08,Damaged in Transit,3270.0,Refunded,14,Sports & Fitness
RET004923,ORD0025810,PROD0552,CUST01510,2020-04-08,Damaged in Transit,701.0,Refunded,5,Beauty & Health
RET004924,ORD0025810,PROD0080,CUST01510,2020-04-08,Wrong Item,22914.0,Refunded,10,Sports & Fitness
RET004925,ORD0025810,PROD0350,CUST01510,2020-04-08,Defective Product,11869.0,Refunded,8,Sports & Fitness
RET004926,ORD0025810,PROD0562,CUST01510,2020-04-08,Defective Product,31669.0,Refunded,10,Electronics
RET004927,ORD0025811,PROD0633,CUST04207,2024-04-22,Better Price Found,2769.0,Refunded,4,Toys & Games
RET004928,ORD0025811,PROD0734,CUST04207,2024-04-22,Size Issue,4022.0,Refunded,4,Fashion
RET004929,ORD0025811,PROD0645,CUST04207,2024-04-22,Changed Mind,164352.0,Refunded,5,Electronics
RET004930,ORD0025811,PROD0266,CUST04207,2024-04-22,Size Issue,55298.0,Refunded,3,Electronics
RET004931,ORD0025817,PROD0594,CUST00293,2020-05-16,Size Issue,278.0,Refunded,4,Books
RET004932,ORD0025824,PROD0744,CUST04774,2021-05-05,Damaged in Transit,313.0,Refunded,4,Grocery
RET004933,ORD0025824,PROD0551,CUST04774,2021-05-05,Better Price Found,1031.0,Refunded,11,Fashion
RET004934,ORD0025824,PROD0763,CUST04774,2021-05-05,Size Issue,4908.0,Refunded,4,Office Supplies
RET004935,ORD0025824,PROD0747,CUST04774,2021-05-05,Defective Product,4615.0,Refunded,10,Fashion
RET004936,ORD0025824,PROD0529,CUST04774,2021-05-05,Size Issue,1536.0,Refunded,14,Books
RET004937,ORD0025831,PROD0514,CUST03860,2022-07-01,Wrong Item,51321.0,Refunded,6,Electronics
RET004938,ORD0025835,PROD0342,CUST00364,2023-05-24,Wrong Item,37080.0,Refunded,7,Sports & Fitness
RET004939,ORD0025845,PROD0638,CUST01200,2021-04-09,Size Issue,135088.0,Refunded,13,Electronics
RET004940,ORD0025845,PROD0036,CUST01200,2021-04-09,Size Issue,5374.0,Rejected,4,Fashion
RET004941,ORD0025847,PROD0584,CUST04525,2021-10-11,Damaged in Transit,2651.0,Refunded,4,Toys & Games
RET004942,ORD0025854,PROD0594,CUST00492,2023-01-20,Wrong Item,278.0,Refunded,3,Books
RET004943,ORD0025868,PROD0101,CUST04196,2024-01-11,Defective Product,14145.0,Refunded,14,Automotive
RET004944,ORD0025887,PROD0098,CUST00235,2022-02-26,Damaged in Transit,8278.0,Refunded,6,Sports & Fitness
RET004945,ORD0025905,PROD0124,CUST02686,2023-06-23,Damaged in Transit,2782.0,Refunded,4,Fashion
RET004946,ORD0025916,PROD0672,CUST03668,2020-03-21,Defective Product,413.0,Refunded,9,Grocery
RET004947,ORD0025921,PROD0213,CUST01082,2022-10-23,Defective Product,3958.0,Refunded,12,Office Supplies
RET004948,ORD0025930,PROD0195,CUST00196,2022-02-22,Better Price Found,3247.0,Refunded,10,Automotive
RET004949,ORD0025947,PROD0509,CUST00756,2021-11-03,Size Issue,102632.0,Pending,8,Electronics
RET004950,ORD0025950,PROD0525,CUST03660,2024-09-10,Damaged in Transit,1916.0,Refunded,6,Books
RET004951,ORD0025950,PROD0199,CUST03660,2024-09-10,Wrong Item,3042.0,Refunded,12,Fashion
RET004952,ORD0025950,PROD0598,CUST03660,2024-09-10,Defective Product,7372.0,Refunded,6,Automotive
RET004953,ORD0025951,PROD0289,CUST01843,2021-07-21,Changed Mind,959.0,Refunded,6,Books
RET004954,ORD0025961,PROD0357,CUST01547,2023-06-08,Wrong Item,14251.0,Refunded,5,Home & Kitchen
RET004955,ORD0025996,PROD0736,CUST03574,2020-06-30,Better Price Found,73834.0,Refunded,8,Home & Kitchen
RET004956,ORD0025997,PROD0593,CUST02834,2023-07-02,Changed Mind,9230.0,Refunded,9,Home & Kitchen
RET004957,ORD0025997,PROD0338,CUST02834,2023-07-02,Changed Mind,35840.0,Refunded,6,Sports & Fitness
RET004958,ORD0025997,PROD0672,CUST02834,2023-07-02,Size Issue,1652.0,Refunded,7,Grocery
RET004959,ORD0025997,PROD0782,CUST02834,2023-07-02,Better Price Found,17435.0,Refunded,13,Sports & Fitness
RET004960,ORD0026000,PROD0109,CUST02226,2023-04-01,Changed Mind,26507.0,Refunded,5,Electronics
RET004961,ORD0026000,PROD0181,CUST02226,2023-04-01,Defective Product,125.0,Refunded,11,Books
RET004962,ORD0026007,PROD0692,CUST04990,2022-10-31,Damaged in Transit,2063.0,Refunded,10,Office Supplies
RET004963,ORD0026015,PROD0510,CUST03704,2020-12-25,Better Price Found,15609.0,Refunded,12,Electronics
RET004964,ORD0026015,PROD0192,CUST03704,2020-12-25,Better Price Found,2232.0,Refunded,8,Grocery
RET004965,ORD0026015,PROD0010,CUST03704,2020-12-25,Defective Product,9650.0,Refunded,10,Sports & Fitness
RET004966,ORD0026015,PROD0567,CUST03704,2020-12-25,Damaged in Transit,305.0,Refunded,4,Office Supplies
RET004967,ORD0026016,PROD0604,CUST02067,2021-05-21,Wrong Item,20100.0,Refunded,13,Sports & Fitness
RET004968,ORD0026023,PROD0678,CUST03664,2024-07-18,Wrong Item,3322.0,Pending,5,Office Supplies
RET004969,ORD0026029,PROD0777,CUST02058,2024-04-12,Defective Product,1070.0,Refunded,4,Toys & Games
RET004970,ORD0026035,PROD0048,CUST02186,2020-09-21,Wrong Item,451.0,Pending,8,Automotive
RET004971,ORD0026043,PROD0275,CUST00657,2024-11-30,Defective Product,1266.0,Refunded,12,Grocery
RET004972,ORD0026043,PROD0626,CUST00657,2024-11-30,Damaged in Transit,15630.0,Pending,10,Sports & Fitness
RET004973,ORD0026043,PROD0605,CUST00657,2024-11-30,Size Issue,80934.0,Refunded,13,Sports & Fitness
RET004974,ORD0026059,PROD0548,CUST00865,2022-04-20,Size Issue,9418.0,Refunded,14,Automotive
RET004975,ORD0026059,PROD0627,CUST00865,2022-04-20,Damaged in Transit,44055.0,Refunded,7,Electronics
RET004976,ORD0026065,PROD0549,CUST04368,2023-08-31,Wrong Item,35430.0,Refunded,8,Home & Kitchen
RET004977,ORD0026065,PROD0510,CUST04368,2023-08-31,Wrong Item,15609.0,Refunded,10,Electronics
RET004978,ORD0026066,PROD0447,CUST00063,2020-06-10,Better Price Found,11844.0,Refunded,4,Fashion
RET004979,ORD0026066,PROD0754,CUST00063,2020-06-10,Damaged in Transit,6693.0,Refunded,3,Office Supplies
RET004980,ORD0026069,PROD0657,CUST01002,2023-02-06,Changed Mind,2190.0,Refunded,14,Books
RET004981,ORD0026069,PROD0327,CUST01002,2023-02-06,Defective Product,1731.0,Pending,5,Toys & Games
RET004982,ORD0026075,PROD0401,CUST00062,2020-05-08,Better Price Found,73016.0,Refunded,14,Home & Kitchen
RET004983,ORD0026075,PROD0265,CUST00062,2020-05-08,Size Issue,7161.0,Refunded,12,Toys & Games
RET004984,ORD0026082,PROD0531,CUST03889,2024-08-09,Better Price Found,108.0,Pending,7,Grocery
RET004985,ORD0026082,PROD0566,CUST03889,2024-08-09,Changed Mind,4502.0,Refunded,7,Sports & Fitness
RET004986,ORD0026083,PROD0288,CUST04434,2021-07-21,Changed Mind,8528.0,Refunded,7,Toys & Games
RET004987,ORD0026083,PROD0537,CUST04434,2021-07-21,Wrong Item,862.0,Refunded,9,Books
RET004988,ORD0026083,PROD0067,CUST04434,2021-07-21,Defective Product,7166.0,Pending,14,Toys & Games
RET004989,ORD0026086,PROD0147,CUST00516,2022-10-03,Wrong Item,15244.0,Pending,5,Beauty & Health
RET004990,ORD0026107,PROD0259,CUST01007,2022-01-19,Defective Product,3045.0,Refunded,4,Fashion
RET004991,ORD0026107,PROD0522,CUST01007,2022-01-19,Size Issue,5291.0,Refunded,11,Toys & Games
RET004992,ORD0026107,PROD0557,CUST01007,2022-01-19,Better Price Found,2148.0,Refunded,14,Office Supplies
RET004993,ORD0026107,PROD0248,CUST01007,2022-01-19,Defective Product,1282.0,Pending,12,Grocery
RET004994,ORD0026141,PROD0710,CUST04288,2022-03-05,Damaged in Transit,12787.0,Refunded,7,Sports & Fitness
RET004995,ORD0026160,PROD0467,CUST04518,2021-08-23,Size Issue,2891.0,Refunded,10,Beauty & Health
RET004996,ORD0026160,PROD0443,CUST04518,2021-08-23,Changed Mind,2381.0,Refunded,14,Sports & Fitness
RET004997,ORD0026160,PROD0060,CUST04518,2021-08-23,Better Price Found,7409.0,Pending,13,Fashion
RET004998,ORD0026168,PROD0556,CUST04705,2022-05-17,Damaged in Transit,3848.0,Refunded,7,Toys & Games
RET004999,ORD0026168,PROD0227,CUST04705,2022-05-17,Size Issue,23805.0,Refunded,3,Home & Kitchen
RET005000,ORD0026194,PROD0174,CUST01546,2022-08-14,Better Price Found,3588.0,Refunded,4,Toys & Games
RET005001,ORD0026195,PROD0148,CUST00769,2024-09-30,Size Issue,32780.0,Refunded,7,Electronics
RET005002,ORD0026222,PROD0244,CUST03106,2020-01-31,Damaged in Transit,1864.0,Refunded,10,Grocery
RET005003,ORD0026222,PROD0586,CUST03106,2020-01-31,Better Price Found,3589.0,Refunded,8,Toys & Games
RET005004,ORD0026222,PROD0211,CUST03106,2020-01-31,Wrong Item,8317.0,Refunded,8,Home & Kitchen
RET005005,ORD0026234,PROD0192,CUST02567,2022-04-12,Changed Mind,1116.0,Refunded,4,Grocery
RET005006,ORD0026234,PROD0248,CUST02567,2022-04-12,Damaged in Transit,1131.0,Refunded,5,Grocery
RET005007,ORD0026236,PROD0779,CUST03002,2022-12-05,Damaged in Transit,1631.0,Refunded,9,Toys & Games
RET005008,ORD0026241,PROD0336,CUST03317,2020-12-25,Changed Mind,14138.0,Refunded,14,Office Supplies
RET005009,ORD0026248,PROD0409,CUST04826,2021-06-19,Changed Mind,5559.0,Refunded,4,Office Supplies
RET005010,ORD0026249,PROD0371,CUST02374,2022-09-19,Defective Product,375.0,Refunded,5,Beauty & Health
RET005011,ORD0026260,PROD0660,CUST03458,2024-02-16,Better Price Found,8834.0,Refunded,6,Sports & Fitness
RET005012,ORD0026260,PROD0157,CUST03458,2024-02-16,Damaged in Transit,831.0,Refunded,3,Books
RET005013,ORD0026260,PROD0106,CUST03458,2024-02-16,Damaged in Transit,532.0,Rejected,7,Books
RET005014,ORD0026262,PROD0739,CUST04751,2022-10-03,Defective Product,7681.0,Refunded,10,Fashion
RET005015,ORD0026268,PROD0261,CUST02295,2024-12-09,Size Issue,1640.0,Refunded,13,Grocery
RET005016,ORD0026291,PROD0141,CUST01456,2022-08-10,Changed Mind,3814.0,Refunded,5,Toys & Games
RET005017,ORD0026293,PROD0052,CUST00825,2022-07-03,Better Price Found,234082.0,Refunded,12,Electronics
RET005018,ORD0026293,PROD0156,CUST00825,2022-07-03,Damaged in Transit,1265.0,Refunded,7,Toys & Games
RET005019,ORD0026299,PROD0248,CUST00457,2023-06-01,Changed Mind,1206.0,Refunded,11,Grocery
RET005020,ORD0026312,PROD0449,CUST00573,2025-01-22,Better Price Found,13583.0,Refunded,10,Home & Kitchen
RET005021,ORD0026312,PROD0523,CUST00573,2025-01-22,Wrong Item,11535.0,Refunded,3,Automotive
RET005022,ORD0026334,PROD0293,CUST00330,2023-08-18,Defective Product,78625.0,Refunded,9,Electronics
RET005023,ORD0026334,PROD0133,CUST00330,2023-08-18,Better Price Found,11376.0,Pending,8,Office Supplies
RET005024,ORD0026337,PROD0160,CUST04270,2020-11-23,Changed Mind,5200.0,Refunded,5,Fashion
RET005025,ORD0026337,PROD0086,CUST04270,2020-11-23,Better Price Found,1324.0,Refunded,11,Beauty & Health
RET005026,ORD0026337,PROD0046,CUST04270,2020-11-23,Better Price Found,26200.0,Refunded,12,Electronics
RET005027,ORD0026337,PROD0213,CUST04270,2020-11-23,Defective Product,3958.0,Rejected,5,Office Supplies
RET005028,ORD0026345,PROD0440,CUST03683,2020-08-08,Wrong Item,2508.0,Refunded,4,Automotive
RET005029,ORD0026347,PROD0098,CUST02852,2020-01-20,Better Price Found,27936.0,Refunded,4,Sports & Fitness
RET005030,ORD0026357,PROD0599,CUST04505,2022-09-04,Changed Mind,28100.0,Refunded,10,Home & Kitchen
RET005031,ORD0026360,PROD0722,CUST04090,2023-06-11,Wrong Item,1391.0,Refunded,3,Grocery
RET005032,ORD0026361,PROD0230,CUST03345,2021-12-30,Damaged in Transit,8224.0,Refunded,12,Office Supplies
RET005033,ORD0026361,PROD0071,CUST03345,2021-12-30,Wrong Item,619.0,Refunded,9,Books
RET005034,ORD0026361,PROD0167,CUST03345,2021-12-30,Damaged in Transit,26557.0,Refunded,12,Electronics
RET005035,ORD0026367,PROD0405,CUST03782,2021-08-25,Better Price Found,10644.0,Pending,8,Fashion
RET005036,ORD0026367,PROD0697,CUST03782,2021-08-25,Changed Mind,16588.0,Refunded,7,Sports & Fitness
RET005037,ORD0026369,PROD0508,CUST00531,2023-06-15,Damaged in Transit,12938.0,Refunded,11,Automotive
RET005038,ORD0026369,PROD0051,CUST00531,2023-06-15,Defective Product,173672.0,Refunded,7,Electronics
RET005039,ORD0026369,PROD0059,CUST00531,2023-06-15,Size Issue,2225.0,Refunded,13,Beauty & Health
RET005040,ORD0026369,PROD0727,CUST00531,2023-06-15,Wrong Item,4978.0,Refunded,9,Office Supplies
RET005041,ORD0026369,PROD0153,CUST00531,2023-06-15,Better Price Found,1048.0,Refunded,13,Grocery
RET005042,ORD0026375,PROD0404,CUST02234,2022-05-17,Wrong Item,7336.0,Refunded,7,Automotive
RET005043,ORD0026382,PROD0066,CUST00678,2024-12-09,Wrong Item,469.0,Refunded,10,Books
RET005044,ORD0026382,PROD0671,CUST00678,2024-12-09,Defective Product,14296.0,Refunded,4,Fashion
RET005045,ORD0026382,PROD0215,CUST00678,2024-12-09,Wrong Item,3652.0,Refunded,4,Books
RET005046,ORD0026398,PROD0211,CUST03573,2024-01-16,Better Price Found,7880.0,Refunded,7,Home & Kitchen
RET005047,ORD0026399,PROD0664,CUST02920,2022-04-13,Changed Mind,14133.0,Refunded,4,Home & Kitchen
RET005048,ORD0026399,PROD0733,CUST02920,2022-04-13,Better Price Found,63408.0,Refunded,6,Automotive
RET005049,ORD0026402,PROD0061,CUST03003,2024-05-22,Better Price Found,38034.0,Refunded,3,Home & Kitchen
RET005050,ORD0026402,PROD0450,CUST03003,2024-05-22,Changed Mind,4269.0,Refunded,4,Sports & Fitness
RET005051,ORD0026402,PROD0498,CUST03003,2024-05-22,Size Issue,121645.0,Refunded,3,Electronics
RET005052,ORD0026406,PROD0208,CUST04621,2023-04-04,Wrong Item,36408.0,Refunded,5,Sports & Fitness
RET005053,ORD0026406,PROD0063,CUST04621,2023-04-04,Damaged in Transit,3660.0,Pending,8,Beauty & Health
RET005054,ORD0026409,PROD0112,CUST02847,2021-07-19,Size Issue,94.0,Refunded,14,Grocery
RET005055,ORD0026413,PROD0126,CUST04059,2023-02-15,Better Price Found,5207.0,Refunded,14,Fashion
RET005056,ORD0026413,PROD0532,CUST04059,2023-02-15,Defective Product,2810.0,Refunded,7,Beauty & Health
RET005057,ORD0026418,PROD0313,CUST01428,2021-02-16,Defective Product,3566.0,Refunded,12,Fashion
RET005058,ORD0026422,PROD0354,CUST01023,2023-10-25,Damaged in Transit,401.0,Refunded,6,Fashion
RET005059,ORD0026422,PROD0232,CUST01023,2023-10-25,Size Issue,246.0,Refunded,13,Books
RET005060,ORD0026422,PROD0190,CUST01023,2023-10-25,Damaged in Transit,2920.0,Refunded,4,Automotive
RET005061,ORD0026422,PROD0002,CUST01023,2023-10-25,Changed Mind,6215.0,Refunded,8,Toys & Games
RET005062,ORD0026430,PROD0440,CUST01302,2022-04-05,Changed Mind,5312.0,Pending,5,Automotive
RET005063,ORD0026430,PROD0168,CUST01302,2022-04-05,Changed Mind,5231.0,Pending,10,Office Supplies
RET005064,ORD0026430,PROD0055,CUST01302,2022-04-05,Wrong Item,4088.0,Refunded,10,Toys & Games
RET005065,ORD0026430,PROD0752,CUST01302,2022-04-05,Defective Product,100.0,Pending,13,Office Supplies
RET005066,ORD0026433,PROD0730,CUST03503,2021-04-19,Wrong Item,1114.0,Refunded,8,Grocery
RET005067,ORD0026438,PROD0569,CUST03387,2022-12-20,Size Issue,4320.0,Rejected,14,Office Supplies
RET005068,ORD0026438,PROD0761,CUST03387,2022-12-20,Wrong Item,3066.0,Refunded,9,Books
RET005069,ORD0026438,PROD0013,CUST03387,2022-12-20,Size Issue,53834.0,Refunded,7,Electronics
RET005070,ORD0026438,PROD0464,CUST03387,2022-12-20,Defective Product,10863.0,Refunded,14,Beauty & Health
RET005071,ORD0026440,PROD0128,CUST04331,2024-01-22,Defective Product,3340.0,Refunded,6,Toys & Games
RET005072,ORD0026443,PROD0683,CUST04748,2022-11-14,Wrong Item,336.0,Refunded,13,Books
RET005073,ORD0026443,PROD0792,CUST04748,2022-11-14,Size Issue,1296.0,Refunded,13,Books
RET005074,ORD0026443,PROD0670,CUST04748,2022-11-14,Changed Mind,1334.0,Pending,3,Books
RET005075,ORD0026443,PROD0738,CUST04748,2022-11-14,Damaged in Transit,2637.0,Pending,11,Beauty & Health
RET005076,ORD0026443,PROD0717,CUST04748,2022-11-14,Size Issue,17682.0,Refunded,7,Home & Kitchen
RET005077,ORD0026462,PROD0631,CUST04931,2020-02-26,Changed Mind,4035.0,Refunded,5,Beauty & Health
RET005078,ORD0026467,PROD0610,CUST03741,2023-02-23,Wrong Item,3219.0,Refunded,7,Toys & Games
RET005079,ORD0026468,PROD0178,CUST02992,2024-10-13,Defective Product,1119.0,Refunded,8,Toys & Games
RET005080,ORD0026482,PROD0783,CUST02396,2024-04-09,Wrong Item,56833.0,Refunded,14,Electronics
RET005081,ORD0026482,PROD0201,CUST02396,2024-04-09,Size Issue,7043.0,Pending,11,Sports & Fitness
RET005082,ORD0026490,PROD0788,CUST04758,2023-10-15,Better Price Found,2056.0,Refunded,11,Grocery
RET005083,ORD0026505,PROD0769,CUST00028,2023-04-25,Better Price Found,13803.0,Refunded,11,Automotive
RET005084,ORD0026511,PROD0553,CUST04150,2024-08-23,Changed Mind,1040.0,Refunded,9,Grocery
RET005085,ORD0026512,PROD0360,CUST00603,2021-10-08,Changed Mind,3324.0,Rejected,10,Electronics
RET005086,ORD0026528,PROD0443,CUST04235,2021-08-25,Changed Mind,4444.0,Refunded,3,Sports & Fitness
RET005087,ORD0026528,PROD0318,CUST04235,2021-08-25,Defective Product,22445.0,Refunded,13,Home & Kitchen
RET005088,ORD0026528,PROD0728,CUST04235,2021-08-25,Better Price Found,11002.0,Refunded,9,Fashion
RET005089,ORD0026528,PROD0706,CUST04235,2021-08-25,Defective Product,23595.0,Refunded,14,Sports & Fitness
RET005090,ORD0026543,PROD0637,CUST04688,2021-01-29,Size Issue,4096.0,Refunded,11,Beauty & Health
RET005091,ORD0026573,PROD0768,CUST00793,2020-10-02,Changed Mind,3234.0,Refunded,12,Books
RET005092,ORD0026587,PROD0290,CUST03867,2023-06-06,Better Price Found,2179.0,Refunded,13,Toys & Games
RET005093,ORD0026587,PROD0449,CUST03867,2023-06-06,Better Price Found,25656.0,Refunded,10,Home & Kitchen
RET005094,ORD0026610,PROD0652,CUST00198,2020-03-18,Changed Mind,1541.0,Rejected,7,Beauty & Health
RET005095,ORD0026613,PROD0319,CUST01183,2022-11-13,Damaged in Transit,4684.0,Pending,3,Beauty & Health
RET005096,ORD0026627,PROD0440,CUST02410,2023-09-26,Damaged in Transit,10032.0,Pending,14,Automotive
RET005097,ORD0026627,PROD0298,CUST02410,2023-09-26,Defective Product,7798.0,Pending,5,Home & Kitchen
RET005098,ORD0026627,PROD0419,CUST02410,2023-09-26,Defective Product,7196.0,Refunded,11,Automotive
RET005099,ORD0026676,PROD0064,CUST01444,2021-09-04,Size Issue,136.0,Refunded,13,Books
RET005100,ORD0026686,PROD0272,CUST01117,2022-10-11,Defective Product,1990.0,Refunded,11,Beauty & Health
RET005101,ORD0026686,PROD0491,CUST01117,2022-10-11,Size Issue,24336.0,Refunded,10,Automotive
RET005102,ORD0026717,PROD0576,CUST03055,2020-03-31,Changed Mind,12036.0,Refunded,4,Fashion
RET005103,ORD0026729,PROD0354,CUST02374,2024-01-30,Wrong Item,434.0,Refunded,11,Fashion
RET005104,ORD0026733,PROD0443,CUST03965,2022-11-26,Better Price Found,2540.0,Pending,11,Sports & Fitness
RET005105,ORD0026733,PROD0346,CUST03965,2022-11-26,Size Issue,20088.0,Pending,3,Home & Kitchen
RET005106,ORD0026733,PROD0555,CUST03965,2022-11-26,Damaged in Transit,184994.0,Refunded,13,Electronics
RET005107,ORD0026733,PROD0453,CUST03965,2022-11-26,Damaged in Transit,2313.0,Refunded,8,Beauty & Health
RET005108,ORD0026734,PROD0727,CUST01703,2024-09-21,Damaged in Transit,4978.0,Pending,8,Office Supplies
RET005109,ORD0026734,PROD0493,CUST01703,2024-09-21,Better Price Found,6065.0,Pending,7,Automotive
RET005110,ORD0026740,PROD0755,CUST04717,2024-08-18,Damaged in Transit,96428.0,Refunded,12,Electronics
RET005111,ORD0026750,PROD0142,CUST04286,2021-10-06,Damaged in Transit,1426.0,Rejected,13,Grocery
RET005112,ORD0026750,PROD0488,CUST04286,2021-10-06,Wrong Item,18796.0,Refunded,10,Fashion
RET005113,ORD0026750,PROD0501,CUST04286,2021-10-06,Size Issue,20800.0,Rejected,3,Home & Kitchen
RET005114,ORD0026753,PROD0244,CUST04841,2022-06-08,Defective Product,4476.0,Refunded,10,Grocery
RET005115,ORD0026762,PROD0317,CUST01536,2024-06-07,Better Price Found,5909.0,Refunded,7,Office Supplies
RET005116,ORD0026781,PROD0701,CUST04294,2021-12-13,Changed Mind,27367.0,Refunded,12,Home & Kitchen
RET005117,ORD0026781,PROD0533,CUST04294,2021-12-13,Changed Mind,8655.0,Refunded,3,Office Supplies
RET005118,ORD0026796,PROD0012,CUST03066,2022-04-16,Wrong Item,520.0,Refunded,5,Grocery
RET005119,ORD0026815,PROD0553,CUST00092,2024-11-16,Damaged in Transit,2080.0,Refunded,3,Grocery
RET005120,ORD0026818,PROD0744,CUST01442,2024-08-07,Better Price Found,626.0,Refunded,6,Grocery
RET005121,ORD0026823,PROD0685,CUST00326,2023-05-17,Size Issue,16101.0,Refunded,6,Home & Kitchen
RET005122,ORD0026826,PROD0652,CUST04331,2023-03-25,Damaged in Transit,1541.0,Refunded,8,Beauty & Health
RET005123,ORD0026827,PROD0114,CUST04358,2022-05-18,Damaged in Transit,2641.0,Refunded,9,Beauty & Health
RET005124,ORD0026836,PROD0163,CUST02072,2020-03-11,Wrong Item,7944.0,Refunded,8,Beauty & Health
RET005125,ORD0026836,PROD0583,CUST02072,2020-03-11,Size Issue,18548.0,Rejected,4,Automotive
RET005126,ORD0026836,PROD0520,CUST02072,2020-03-11,Wrong Item,67942.0,Refunded,9,Electronics
RET005127,ORD0026848,PROD0422,CUST01262,2021-12-17,Changed Mind,11475.0,Refunded,14,Fashion
RET005128,ORD0026863,PROD0114,CUST02522,2024-08-08,Damaged in Transit,2641.0,Pending,5,Beauty & Health
RET005129,ORD0026883,PROD0360,CUST00195,2020-09-22,Defective Product,6234.0,Refunded,4,Electronics
RET005130,ORD0026883,PROD0412,CUST00195,2020-09-22,Changed Mind,34920.0,Refunded,3,Home & Kitchen
RET005131,ORD0026883,PROD0718,CUST00195,2020-09-22,Better Price Found,10158.0,Refunded,13,Home & Kitchen
RET005132,ORD0026883,PROD0755,CUST00195,2020-09-22,Wrong Item,110204.0,Pending,9,Electronics
RET005133,ORD0026892,PROD0792,CUST00766,2021-10-05,Better Price Found,308.0,Refunded,9,Books
RET005134,ORD0026892,PROD0603,CUST00766,2021-10-05,Size Issue,520.0,Rejected,13,Beauty & Health
RET005135,ORD0026902,PROD0567,CUST02527,2023-01-27,Changed Mind,1023.0,Refunded,10,Office Supplies
RET005136,ORD0026902,PROD0524,CUST02527,2023-01-27,Wrong Item,4198.0,Pending,13,Fashion
RET005137,ORD0026902,PROD0301,CUST02527,2023-01-27,Defective Product,2008.0,Refunded,9,Sports & Fitness
RET005138,ORD0026914,PROD0495,CUST02701,2024-08-04,Size Issue,195708.0,Refunded,4,Electronics
RET005139,ORD0026914,PROD0616,CUST02701,2024-08-04,Defective Product,21878.0,Refunded,12,Automotive
RET005140,ORD0026914,PROD0370,CUST02701,2024-08-04,Damaged in Transit,8198.0,Refunded,13,Fashion
RET005141,ORD0026918,PROD0331,CUST03287,2021-08-09,Changed Mind,4682.0,Refunded,12,Toys & Games
RET005142,ORD0026920,PROD0041,CUST03862,2023-01-19,Changed Mind,97259.0,Refunded,7,Electronics
RET005143,ORD0026924,PROD0212,CUST03223,2020-03-07,Size Issue,2372.0,Refunded,5,Fashion
RET005144,ORD0026924,PROD0544,CUST03223,2020-03-07,Defective Product,393.0,Refunded,7,Beauty & Health
RET005145,ORD0026940,PROD0563,CUST02697,2024-11-06,Damaged in Transit,2708.0,Pending,9,Home & Kitchen
RET005146,ORD0026940,PROD0493,CUST02697,2024-11-06,Size Issue,6065.0,Pending,3,Automotive
RET005147,ORD0026940,PROD0481,CUST02697,2024-11-06,Size Issue,10668.0,Refunded,9,Beauty & Health
RET005148,ORD0026941,PROD0737,CUST02345,2021-11-01,Wrong Item,1039.0,Refunded,8,Beauty & Health
RET005149,ORD0026953,PROD0338,CUST03638,2024-12-04,Changed Mind,17920.0,Refunded,6,Sports & Fitness
RET005150,ORD0026953,PROD0371,CUST03638,2024-12-04,Wrong Item,999.0,Refunded,12,Beauty & Health
RET005151,ORD0026964,PROD0656,CUST00799,2022-06-20,Better Price Found,61012.0,Refunded,11,Electronics
RET005152,ORD0026964,PROD0750,CUST00799,2022-06-20,Changed Mind,426.0,Refunded,3,Beauty & Health
RET005153,ORD0026964,PROD0562,CUST00799,2022-06-20,Damaged in Transit,95007.0,Rejected,11,Electronics
RET005154,ORD0026964,PROD0294,CUST00799,2022-06-20,Better Price Found,10977.0,Refunded,5,Sports & Fitness
RET005155,ORD0026975,PROD0629,CUST00244,2023-09-28,Defective Product,1403.0,Refunded,10,Books
RET005156,ORD0027004,PROD0775,CUST01433,2020-06-03,Damaged in Transit,21066.0,Pending,5,Home & Kitchen
RET005157,ORD0027004,PROD0295,CUST01433,2020-06-03,Defective Product,262.0,Refunded,11,Toys & Games
RET005158,ORD0027004,PROD0055,CUST01433,2020-06-03,Wrong Item,12264.0,Refunded,3,Toys & Games
RET005159,ORD0027022,PROD0430,CUST01059,2024-06-29,Changed Mind,17451.0,Refunded,7,Sports & Fitness
RET005160,ORD0027022,PROD0330,CUST01059,2024-06-29,Changed Mind,8156.0,Refunded,4,Electronics
RET005161,ORD0027022,PROD0419,CUST01059,2024-06-29,Damaged in Transit,3418.0,Refunded,11,Automotive
RET005162,ORD0027028,PROD0610,CUST00826,2024-11-13,Defective Product,6816.0,Pending,8,Toys & Games
RET005163,ORD0027028,PROD0782,CUST00826,2024-11-13,Size Issue,37196.0,Refunded,3,Sports & Fitness
RET005164,ORD0027030,PROD0088,CUST01471,2024-05-08,Better Price Found,39722.0,Pending,4,Electronics
RET005165,ORD0027030,PROD0790,CUST01471,2024-05-08,Better Price Found,4576.0,Refunded,4,Fashion
RET005166,ORD0027039,PROD0106,CUST01004,2021-10-30,Damaged in Transit,532.0,Refunded,11,Books
RET005167,ORD0027050,PROD0342,CUST00867,2024-09-05,Better Price Found,22248.0,Refunded,7,Sports & Fitness
RET005168,ORD0027050,PROD0430,CUST00867,2024-09-05,Defective Product,30248.0,Pending,5,Sports & Fitness
RET005169,ORD0027053,PROD0560,CUST01179,2024-02-28,Damaged in Transit,20066.0,Refunded,10,Home & Kitchen
RET005170,ORD0027055,PROD0030,CUST02256,2023-07-02,Damaged in Transit,6202.0,Refunded,8,Sports & Fitness
RET005171,ORD0027055,PROD0172,CUST02256,2023-07-02,Changed Mind,4330.0,Pending,12,Fashion
RET005172,ORD0027057,PROD0112,CUST00769,2020-09-25,Better Price Found,99.0,Refunded,14,Grocery
RET005173,ORD0027057,PROD0383,CUST00769,2020-09-25,Size Issue,12277.0,Refunded,10,Fashion
RET005174,ORD0027059,PROD0666,CUST03867,2020-05-24,Wrong Item,6388.0,Refunded,3,Home & Kitchen
RET005175,ORD0027059,PROD0311,CUST03867,2020-05-24,Changed Mind,1662.0,Refunded,6,Books
RET005176,ORD0027059,PROD0724,CUST03867,2020-05-24,Size Issue,873.0,Refunded,8,Grocery
RET005177,ORD0027059,PROD0135,CUST03867,2020-05-24,Changed Mind,9194.0,Refunded,7,Automotive
RET005178,ORD0027067,PROD0327,CUST02420,2020-08-06,Changed Mind,6924.0,Refunded,14,Toys & Games
RET005179,ORD0027070,PROD0556,CUST04077,2022-01-03,Damaged in Transit,1787.0,Refunded,12,Toys & Games
RET005180,ORD0027070,PROD0231,CUST04077,2022-01-03,Damaged in Transit,694.0,Refunded,11,Grocery
RET005181,ORD0027076,PROD0796,CUST02980,2020-05-14,Wrong Item,2364.0,Refunded,13,Office Supplies
RET005182,ORD0027078,PROD0515,CUST00309,2021-06-14,Damaged in Transit,10732.0,Refunded,4,Sports & Fitness
RET005183,ORD0027078,PROD0791,CUST00309,2021-06-14,Wrong Item,874.0,Refunded,5,Fashion
RET005184,ORD0027078,PROD0580,CUST00309,2021-06-14,Better Price Found,24584.0,Refunded,10,Fashion
RET005185,ORD0027078,PROD0653,CUST00309,2021-06-14,Damaged in Transit,7702.0,Refunded,3,Sports & Fitness
RET005186,ORD0027087,PROD0504,CUST00780,2022-01-09,Better Price Found,19859.0,Pending,5,Home & Kitchen
RET005187,ORD0027087,PROD0167,CUST00780,2022-01-09,Defective Product,79671.0,Refunded,11,Electronics
RET005188,ORD0027119,PROD0231,CUST04463,2021-07-02,Damaged in Transit,740.0,Refunded,13,Grocery
RET005189,ORD0027120,PROD0298,CUST01983,2020-12-08,Size Issue,14296.0,Refunded,10,Home & Kitchen
RET005190,ORD0027120,PROD0512,CUST01983,2020-12-08,Defective Product,5169.0,Refunded,5,Toys & Games
RET005191,ORD0027122,PROD0583,CUST03206,2023-12-10,Wrong Item,18548.0,Pending,13,Automotive
RET005192,ORD0027122,PROD0167,CUST03206,2023-12-10,Wrong Item,26557.0,Refunded,9,Electronics
RET005193,ORD0027128,PROD0092,CUST03042,2021-05-16,Size Issue,3709.0,Refunded,14,Beauty & Health
RET005194,ORD0027138,PROD0116,CUST04318,2020-07-29,Size Issue,122934.0,Pending,7,Electronics
RET005195,ORD0027138,PROD0453,CUST04318,2020-07-29,Better Price Found,732.0,Pending,7,Beauty & Health
RET005196,ORD0027138,PROD0534,CUST04318,2020-07-29,Better Price Found,16116.0,Pending,11,Toys & Games
RET005197,ORD0027138,PROD0334,CUST04318,2020-07-29,Size Issue,27167.0,Refunded,11,Home & Kitchen
RET005198,ORD0027138,PROD0027,CUST04318,2020-07-29,Size Issue,3330.0,Refunded,12,Office Supplies
RET005199,ORD0027146,PROD0439,CUST00594,2020-04-20,Damaged in Transit,5557.0,Refunded,5,Fashion
RET005200,ORD0027180,PROD0410,CUST02364,2024-08-08,Better Price Found,1094.0,Refunded,10,Toys & Games
RET005201,ORD0027181,PROD0437,CUST03282,2024-04-16,Damaged in Transit,9888.0,Refunded,3,Automotive
RET005202,ORD0027181,PROD0241,CUST03282,2024-04-16,Size Issue,132724.0,Refunded,3,Home & Kitchen
RET005203,ORD0027181,PROD0543,CUST03282,2024-04-16,Better Price Found,3810.0,Refunded,9,Automotive
RET005204,ORD0027187,PROD0520,CUST02009,2020-01-05,Changed Mind,37746.0,Refunded,13,Electronics
RET005205,ORD0027187,PROD0226,CUST02009,2020-01-05,Defective Product,35054.0,Refunded,10,Home & Kitchen
RET005206,ORD0027187,PROD0652,CUST02009,2020-01-05,Damaged in Transit,1541.0,Rejected,7,Beauty & Health
RET005207,ORD0027189,PROD0229,CUST02504,2020-09-17,Changed Mind,17582.0,Refunded,5,Fashion
RET005208,ORD0027216,PROD0554,CUST02989,2024-03-11,Defective Product,4024.0,Refunded,7,Fashion
RET005209,ORD0027221,PROD0513,CUST04059,2024-04-23,Changed Mind,21326.0,Refunded,11,Automotive
RET005210,ORD0027252,PROD0529,CUST03554,2024-11-07,Defective Product,768.0,Refunded,8,Books
RET005211,ORD0027252,PROD0453,CUST03554,2024-11-07,Damaged in Transit,771.0,Refunded,9,Beauty & Health
RET005212,ORD0027252,PROD0387,CUST03554,2024-11-07,Better Price Found,3372.0,Refunded,5,Grocery
RET005213,ORD0027267,PROD0736,CUST02332,2020-08-25,Wrong Item,36917.0,Refunded,11,Home & Kitchen
RET005214,ORD0027289,PROD0062,CUST03872,2020-09-14,Damaged in Transit,11248.0,Pending,13,Office Supplies
RET005215,ORD0027302,PROD0115,CUST01405,2023-12-14,Damaged in Transit,5120.0,Refunded,3,Toys & Games
RET005216,ORD0027302,PROD0194,CUST01405,2023-12-14,Damaged in Transit,11768.0,Refunded,8,Sports & Fitness
RET005217,ORD0027302,PROD0167,CUST01405,2023-12-14,Defective Product,53114.0,Rejected,13,Electronics
RET005218,ORD0027302,PROD0138,CUST01405,2023-12-14,Size Issue,8476.0,Refunded,9,Fashion
RET005219,ORD0027302,PROD0656,CUST01405,2023-12-14,Damaged in Transit,61012.0,Refunded,5,Electronics
RET005220,ORD0027316,PROD0165,CUST00501,2022-03-30,Better Price Found,466.0,Refunded,11,Books
RET005221,ORD0027316,PROD0480,CUST00501,2022-03-30,Wrong Item,833.0,Refunded,8,Books
RET005222,ORD0027327,PROD0694,CUST00435,2023-07-28,Wrong Item,26474.0,Rejected,4,Sports & Fitness
RET005223,ORD0027327,PROD0439,CUST00435,2023-07-28,Damaged in Transit,5160.0,Pending,5,Fashion
RET005224,ORD0027327,PROD0202,CUST00435,2023-07-28,Damaged in Transit,6479.0,Refunded,4,Sports & Fitness
RET005225,ORD0027348,PROD0282,CUST01596,2023-08-05,Wrong Item,3230.0,Refunded,3,Books
RET005226,ORD0027348,PROD0544,CUST01596,2023-08-05,Size Issue,1676.0,Rejected,6,Beauty & Health
RET005227,ORD0027352,PROD0038,CUST01993,2022-09-07,Better Price Found,15996.0,Refunded,13,Beauty & Health
RET005228,ORD0027363,PROD0629,CUST02606,2024-06-27,Size Issue,2806.0,Refunded,4,Books
RET005229,ORD0027373,PROD0035,CUST00851,2020-11-14,Defective Product,40689.0,Refunded,11,Automotive
RET005230,ORD0027397,PROD0025,CUST00163,2024-08-27,Damaged in Transit,12580.0,Refunded,4,Automotive
RET005231,ORD0027397,PROD0661,CUST00163,2024-08-27,Wrong Item,23808.0,Refunded,3,Home & Kitchen
RET005232,ORD0027402,PROD0344,CUST02831,2021-09-11,Damaged in Transit,23256.0,Refunded,12,Fashion
RET005233,ORD0027402,PROD0577,CUST02831,2021-09-11,Damaged in Transit,6940.0,Refunded,10,Office Supplies
RET005234,ORD0027422,PROD0263,CUST03723,2021-12-08,Damaged in Transit,1002.0,Refunded,9,Beauty & Health
RET005235,ORD0027422,PROD0344,CUST03723,2021-12-08,Size Issue,11628.0,Refunded,6,Fashion
RET005236,ORD0027427,PROD0676,CUST01201,2024-06-26,Wrong Item,1196.0,Rejected,10,Grocery
RET005237,ORD0027427,PROD0139,CUST01201,2024-06-26,Defective Product,14773.0,Refunded,10,Home & Kitchen
RET005238,ORD0027429,PROD0502,CUST02272,2020-07-13,Size Issue,1936.0,Refunded,10,Grocery
RET005239,ORD0027430,PROD0228,CUST01247,2023-11-11,Damaged in Transit,404.0,Refunded,5,Books
RET005240,ORD0027430,PROD0793,CUST01247,2023-11-11,Better Price Found,2678.0,Pending,14,Beauty & Health
RET005241,ORD0027430,PROD0786,CUST01247,2023-11-11,Better Price Found,39884.0,Refunded,10,Sports & Fitness
RET005242,ORD0027430,PROD0688,CUST01247,2023-11-11,Defective Product,4305.0,Refunded,9,Office Supplies
RET005243,ORD0027430,PROD0578,CUST01247,2023-11-11,Size Issue,27532.0,Refunded,11,Fashion
RET005244,ORD0027435,PROD0383,CUST02716,2020-09-23,Changed Mind,12277.0,Refunded,10,Fashion
RET005245,ORD0027435,PROD0718,CUST02716,2020-09-23,Defective Product,11353.0,Refunded,11,Home & Kitchen
RET005246,ORD0027443,PROD0112,CUST01764,2023-04-02,Defective Product,178.0,Rejected,6,Grocery
RET005247,ORD0027444,PROD0775,CUST01759,2022-02-27,Damaged in Transit,23699.0,Pending,10,Home & Kitchen
RET005248,ORD0027446,PROD0718,CUST03073,2024-06-05,Wrong Item,34059.0,Refunded,8,Home & Kitchen
RET005249,ORD0027451,PROD0489,CUST03345,2021-04-02,Damaged in Transit,14376.0,Pending,3,Fashion
RET005250,ORD0027457,PROD0394,CUST01087,2021-01-13,Damaged in Transit,4367.0,Refunded,14,Office Supplies
RET005251,ORD0027457,PROD0119,CUST01087,2021-01-13,Size Issue,36496.0,Refunded,10,Electronics
RET005252,ORD0027457,PROD0591,CUST01087,2021-01-13,Changed Mind,1446.0,Refunded,14,Grocery
RET005253,ORD0027457,PROD0052,CUST01087,2021-01-13,Size Issue,123926.0,Refunded,14,Electronics
RET005254,ORD0027480,PROD0092,CUST00453,2020-04-18,Defective Product,7418.0,Pending,8,Beauty & Health
RET005255,ORD0027484,PROD0064,CUST02275,2023-08-21,Better Price Found,272.0,Refunded,8,Books
RET005256,ORD0027484,PROD0187,CUST02275,2023-08-21,Changed Mind,926.0,Refunded,3,Books
RET005257,ORD0027497,PROD0365,CUST00016,2020-06-12,Better Price Found,11960.0,Refunded,4,Automotive
RET005258,ORD0027497,PROD0569,CUST00016,2020-06-12,Damaged in Transit,3600.0,Refunded,11,Office Supplies
RET005259,ORD0027502,PROD0669,CUST02669,2024-07-28,Better Price Found,16110.0,Refunded,14,Home & Kitchen
RET005260,ORD0027508,PROD0219,CUST01087,2021-05-13,Damaged in Transit,2364.0,Refunded,5,Office Supplies
RET005261,ORD0027512,PROD0395,CUST01512,2023-09-30,Damaged in Transit,10086.0,Pending,7,Fashion
RET005262,ORD0027513,PROD0459,CUST04395,2023-05-28,Better Price Found,166044.0,Refunded,14,Home & Kitchen
RET005263,ORD0027513,PROD0496,CUST04395,2023-05-28,Wrong Item,5918.0,Refunded,13,Sports & Fitness
RET005264,ORD0027513,PROD0168,CUST04395,2023-05-28,Damaged in Transit,5231.0,Refunded,8,Office Supplies
RET005265,ORD0027513,PROD0083,CUST04395,2023-05-28,Changed Mind,8200.0,Refunded,5,Toys & Games
RET005266,ORD0027533,PROD0121,CUST03025,2020-08-17,Changed Mind,33540.0,Refunded,13,Office Supplies
RET005267,ORD0027533,PROD0465,CUST03025,2020-08-17,Damaged in Transit,573.0,Refunded,14,Grocery
RET005268,ORD0027546,PROD0188,CUST01598,2020-06-10,Wrong Item,788.0,Refunded,3,Books
RET005269,ORD0027546,PROD0800,CUST01598,2020-06-10,Wrong Item,10585.0,Refunded,8,Sports & Fitness
RET005270,ORD0027547,PROD0760,CUST00194,2020-07-08,Defective Product,7587.0,Refunded,4,Fashion
RET005271,ORD0027547,PROD0795,CUST00194,2020-07-08,Better Price Found,45843.0,Pending,11,Electronics
RET005272,ORD0027547,PROD0692,CUST00194,2020-07-08,Size Issue,6189.0,Refunded,9,Office Supplies
RET005273,ORD0027547,PROD0027,CUST00194,2020-07-08,Changed Mind,2960.0,Rejected,10,Office Supplies
RET005274,ORD0027547,PROD0469,CUST00194,2020-07-08,Size Issue,39.0,Refunded,7,Grocery
RET005275,ORD0027567,PROD0382,CUST00013,2024-05-11,Defective Product,1022.0,Refunded,14,Beauty & Health
RET005276,ORD0027568,PROD0435,CUST04398,2023-07-15,Changed Mind,1826.0,Refunded,5,Books
RET005277,ORD0027599,PROD0343,CUST01680,2024-12-26,Better Price Found,1624.0,Refunded,4,Beauty & Health
RET005278,ORD0027599,PROD0712,CUST01680,2024-12-26,Defective Product,18383.0,Rejected,11,Home & Kitchen
RET005279,ORD0027599,PROD0765,CUST01680,2024-12-26,Better Price Found,15092.0,Pending,4,Home & Kitchen
RET005280,ORD0027606,PROD0767,CUST04659,2022-07-09,Better Price Found,1583.0,Refunded,11,Office Supplies
RET005281,ORD0027606,PROD0681,CUST04659,2022-07-09,Changed Mind,6660.0,Refunded,7,Beauty & Health
RET005282,ORD0027616,PROD0505,CUST03854,2022-04-11,Defective Product,5366.0,Rejected,5,Fashion
RET005283,ORD0027616,PROD0635,CUST03854,2022-04-11,Damaged in Transit,164660.0,Refunded,6,Electronics
RET005284,ORD0027616,PROD0429,CUST03854,2022-04-11,Changed Mind,1701.0,Pending,8,Office Supplies
RET005285,ORD0027618,PROD0658,CUST03909,2024-11-18,Changed Mind,500.0,Pending,9,Books
RET005286,ORD0027618,PROD0262,CUST03909,2024-11-18,Size Issue,29856.0,Refunded,13,Home & Kitchen
RET005287,ORD0027640,PROD0755,CUST01398,2021-10-04,Damaged in Transit,110204.0,Refunded,6,Electronics
RET005288,ORD0027654,PROD0789,CUST01825,2021-02-28,Damaged in Transit,73371.0,Refunded,10,Electronics
RET005289,ORD0027654,PROD0779,CUST01825,2021-02-28,Better Price Found,2796.0,Refunded,9,Toys & Games
RET005290,ORD0027654,PROD0061,CUST01825,2021-02-28,Changed Mind,38034.0,Refunded,10,Home & Kitchen
RET005291,ORD0027654,PROD0770,CUST01825,2021-02-28,Defective Product,296.0,Refunded,7,Books
RET005292,ORD0027657,PROD0177,CUST03531,2021-06-14,Defective Product,2703.0,Refunded,10,Sports & Fitness
RET005293,ORD0027657,PROD0382,CUST03531,2021-06-14,Wrong Item,3066.0,Pending,6,Beauty & Health
RET005294,ORD0027658,PROD0575,CUST00279,2021-05-25,Size Issue,642.0,Refunded,4,Fashion
RET005295,ORD0027667,PROD0314,CUST04938,2021-04-14,Wrong Item,18841.0,Pending,9,Home & Kitchen
RET005296,ORD0027689,PROD0608,CUST02683,2022-06-08,Better Price Found,876.0,Refunded,6,Grocery
RET005297,ORD0027689,PROD0654,CUST02683,2022-06-08,Defective Product,115744.0,Rejected,10,Electronics
RET005298,ORD0027689,PROD0390,CUST02683,2022-06-08,Damaged in Transit,12597.0,Pending,12,Electronics
RET005299,ORD0027689,PROD0314,CUST02683,2022-06-08,Damaged in Transit,56523.0,Refunded,8,Home & Kitchen
RET005300,ORD0027697,PROD0710,CUST02925,2023-12-07,Changed Mind,12787.0,Refunded,14,Sports & Fitness
RET005301,ORD0027697,PROD0637,CUST02925,2023-12-07,Better Price Found,3456.0,Refunded,11,Beauty & Health
RET005302,ORD0027697,PROD0324,CUST02925,2023-12-07,Damaged in Transit,1070.0,Refunded,8,Grocery
RET005303,ORD0027710,PROD0041,CUST00412,2024-06-06,Wrong Item,109417.0,Pending,14,Electronics
RET005304,ORD0027710,PROD0413,CUST00412,2024-06-06,Damaged in Transit,7116.0,Refunded,11,Sports & Fitness
RET005305,ORD0027710,PROD0745,CUST00412,2024-06-06,Changed Mind,32342.0,Refunded,9,Home & Kitchen
RET005306,ORD0027710,PROD0030,CUST00412,2024-06-06,Damaged in Transit,12404.0,Refunded,8,Sports & Fitness
RET005307,ORD0027712,PROD0225,CUST04680,2020-08-16,Better Price Found,79291.0,Refunded,13,Electronics
RET005308,ORD0027712,PROD0483,CUST04680,2020-08-16,Changed Mind,970.0,Refunded,6,Books
RET005309,ORD0027712,PROD0754,CUST04680,2020-08-16,Better Price Found,6024.0,Pending,8,Office Supplies
RET005310,ORD0027712,PROD0701,CUST04680,2020-08-16,Size Issue,54734.0,Refunded,3,Home & Kitchen
RET005311,ORD0027750,PROD0610,CUST03645,2021-12-02,Damaged in Transit,10224.0,Refunded,8,Toys & Games
RET005312,ORD0027751,PROD0222,CUST01170,2021-06-24,Better Price Found,7722.0,Refunded,6,Office Supplies
RET005313,ORD0027763,PROD0265,CUST03383,2022-01-21,Changed Mind,2246.0,Refunded,5,Toys & Games
RET005314,ORD0027764,PROD0447,CUST02196,2024-02-07,Wrong Item,12920.0,Refunded,9,Fashion
RET005315,ORD0027786,PROD0567,CUST02571,2023-08-11,Wrong Item,341.0,Refunded,4,Office Supplies
RET005316,ORD0027790,PROD0279,CUST00342,2024-02-14,Wrong Item,2106.0,Refunded,3,Grocery
RET005317,ORD0027791,PROD0704,CUST01306,2021-07-20,Wrong Item,9671.0,Refunded,10,Automotive
RET005318,ORD0027791,PROD0370,CUST01306,2021-07-20,Size Issue,3552.0,Refunded,12,Fashion
RET005319,ORD0027792,PROD0694,CUST04053,2025-01-13,Size Issue,11030.0,Refunded,8,Sports & Fitness
RET005320,ORD0027792,PROD0095,CUST04053,2025-01-13,Size Issue,1238.0,Refunded,9,Toys & Games
RET005321,ORD0027798,PROD0443,CUST01117,2023-01-02,Better Price Found,2540.0,Pending,7,Sports & Fitness
RET005322,ORD0027798,PROD0328,CUST01117,2023-01-02,Changed Mind,1605.0,Pending,9,Office Supplies
RET005323,ORD0027852,PROD0155,CUST00870,2020-03-24,Damaged in Transit,2544.0,Pending,10,Office Supplies
RET005324,ORD0027865,PROD0045,CUST03047,2024-01-24,Damaged in Transit,3240.0,Refunded,3,Grocery
RET005325,ORD0027866,PROD0265,CUST03029,2022-08-18,Defective Product,2527.0,Refunded,11,Toys & Games
RET005326,ORD0027867,PROD0686,CUST02380,2021-12-22,Wrong Item,4746.0,Refunded,14,Toys & Games
RET005327,ORD0027876,PROD0314,CUST01815,2020-12-24,Size Issue,18841.0,Refunded,6,Home & Kitchen
RET005328,ORD0027880,PROD0050,CUST02760,2023-03-27,Defective Product,139050.0,Refunded,13,Electronics
RET005329,ORD0027882,PROD0791,CUST01185,2022-12-08,Changed Mind,1092.0,Refunded,10,Fashion
RET005330,ORD0027882,PROD0429,CUST01185,2022-12-08,Better Price Found,608.0,Refunded,10,Office Supplies
RET005331,ORD0027892,PROD0133,CUST04327,2023-01-09,Changed Mind,2844.0,Refunded,14,Office Supplies
RET005332,ORD0027894,PROD0395,CUST01607,2023-04-09,Better Price Found,9414.0,Refunded,4,Fashion
RET005333,ORD0027901,PROD0110,CUST02075,2024-07-12,Damaged in Transit,1804.0,Refunded,10,Beauty & Health
RET005334,ORD0027901,PROD0277,CUST02075,2024-07-12,Changed Mind,412.0,Refunded,10,Beauty & Health
RET005335,ORD0027901,PROD0317,CUST02075,2024-07-12,Defective Product,13508.0,Refunded,13,Office Supplies
RET005336,ORD0027943,PROD0259,CUST03629,2024-07-27,Changed Mind,3045.0,Refunded,3,Fashion
RET005337,ORD0027945,PROD0448,CUST02105,2024-10-28,Damaged in Transit,93978.0,Refunded,3,Electronics
RET005338,ORD0027945,PROD0387,CUST02105,2024-10-28,Size Issue,1686.0,Refunded,12,Grocery
RET005339,ORD0027970,PROD0036,CUST03125,2021-09-27,Wrong Item,5374.0,Pending,7,Fashion
RET005340,ORD0027970,PROD0468,CUST03125,2021-09-27,Defective Product,2016.0,Refunded,5,Fashion
RET005341,ORD0027970,PROD0605,CUST03125,2021-09-27,Defective Product,80934.0,Pending,10,Sports & Fitness
RET005342,ORD0027984,PROD0247,CUST00132,2021-11-25,Changed Mind,936.0,Refunded,4,Books
RET005343,ORD0027984,PROD0386,CUST00132,2021-11-25,Size Issue,3895.0,Refunded,4,Fashion
RET005344,ORD0027984,PROD0720,CUST00132,2021-11-25,Size Issue,17043.0,Refunded,4,Home & Kitchen
RET005345,ORD0027984,PROD0576,CUST00132,2021-11-25,Better Price Found,12036.0,Refunded,14,Fashion
RET005346,ORD0027984,PROD0740,CUST00132,2021-11-25,Changed Mind,1105.0,Refunded,4,Grocery
RET005347,ORD0027995,PROD0598,CUST00577,2023-06-12,Size Issue,3440.0,Refunded,3,Automotive
RET005348,ORD0027997,PROD0447,CUST02666,2020-03-09,Damaged in Transit,3230.0,Refunded,6,Fashion
RET005349,ORD0028004,PROD0275,CUST03204,2024-10-22,Changed Mind,2216.0,Refunded,8,Grocery
RET005350,ORD0028004,PROD0300,CUST03204,2024-10-22,Defective Product,4840.0,Refunded,5,Beauty & Health
RET005351,ORD0028004,PROD0153,CUST03204,2024-10-22,Changed Mind,559.0,Refunded,6,Grocery
RET005352,ORD0028005,PROD0695,CUST04600,2021-04-16,Wrong Item,2736.0,Pending,7,Grocery
RET005353,ORD0028005,PROD0189,CUST04600,2021-04-16,Wrong Item,5341.0,Pending,10,Office Supplies
RET005354,ORD0028074,PROD0621,CUST02361,2020-01-13,Defective Product,9862.0,Refunded,11,Fashion
RET005355,ORD0028074,PROD0305,CUST02361,2020-01-13,Wrong Item,16730.0,Refunded,13,Home & Kitchen
RET005356,ORD0028074,PROD0559,CUST02361,2020-01-13,Size Issue,4273.0,Rejected,9,Electronics
RET005357,ORD0028083,PROD0780,CUST01703,2023-11-25,Wrong Item,11230.0,Refunded,12,Electronics
RET005358,ORD0028083,PROD0149,CUST01703,2023-11-25,Damaged in Transit,68280.0,Refunded,11,Home & Kitchen
RET005359,ORD0028090,PROD0199,CUST04386,2024-04-18,Wrong Item,811.0,Refunded,10,Fashion
RET005360,ORD0028090,PROD0165,CUST04386,2024-04-18,Size Issue,1398.0,Rejected,14,Books
RET005361,ORD0028094,PROD0116,CUST01491,2023-10-27,Damaged in Transit,153666.0,Refunded,13,Electronics
RET005362,ORD0028106,PROD0293,CUST04693,2021-04-23,Changed Mind,82993.0,Refunded,9,Electronics
RET005363,ORD0028160,PROD0570,CUST04714,2020-12-15,Better Price Found,1313.0,Refunded,3,Books
RET005364,ORD0028160,PROD0088,CUST04714,2020-12-15,Changed Mind,84118.0,Refunded,13,Electronics
RET005365,ORD0028160,PROD0259,CUST04714,2020-12-15,Size Issue,2664.0,Refunded,9,Fashion
RET005366,ORD0028160,PROD0216,CUST04714,2020-12-15,Wrong Item,10830.0,Refunded,10,Fashion
RET005367,ORD0028174,PROD0291,CUST03281,2021-06-25,Damaged in Transit,1239.0,Refunded,11,Office Supplies
RET005368,ORD0028174,PROD0356,CUST03281,2021-06-25,Size Issue,4498.0,Refunded,3,Office Supplies
RET005369,ORD0028195,PROD0399,CUST02015,2022-10-05,Size Issue,30844.0,Refunded,13,Electronics
RET005370,ORD0028210,PROD0299,CUST02816,2024-05-27,Better Price Found,5996.0,Refunded,6,Sports & Fitness
RET005371,ORD0028210,PROD0232,CUST02816,2024-05-27,Wrong Item,462.0,Refunded,5,Books
RET005372,ORD0028210,PROD0384,CUST02816,2024-05-27,Wrong Item,12296.0,Refunded,3,Toys & Games
RET005373,ORD0028224,PROD0755,CUST04661,2024-08-02,Wrong Item,413264.0,Refunded,5,Electronics
RET005374,ORD0028242,PROD0685,CUST03693,2020-02-17,Wrong Item,9540.0,Refunded,11,Home & Kitchen
RET005375,ORD0028242,PROD0370,CUST03693,2020-02-17,Changed Mind,12297.0,Pending,5,Fashion
RET005376,ORD0028243,PROD0719,CUST00341,2023-12-22,Size Issue,1174.0,Refunded,3,Books
RET005377,ORD0028243,PROD0202,CUST00341,2023-12-22,Damaged in Transit,5183.0,Refunded,11,Sports & Fitness
RET005378,ORD0028249,PROD0429,CUST04625,2021-06-19,Damaged in Transit,608.0,Refunded,12,Office Supplies
RET005379,ORD0028251,PROD0374,CUST00656,2021-05-11,Defective Product,1526.0,Pending,11,Toys & Games
RET005380,ORD0028251,PROD0266,CUST00656,2021-05-11,Defective Product,27649.0,Refunded,8,Electronics
RET005381,ORD0028251,PROD0332,CUST00656,2021-05-11,Wrong Item,368.0,Refunded,7,Books
RET005382,ORD0028251,PROD0311,CUST00656,2021-05-11,Better Price Found,597.0,Refunded,10,Books
RET005383,ORD0028251,PROD0074,CUST00656,2021-05-11,Damaged in Transit,224.0,Refunded,6,Books
RET005384,ORD0028252,PROD0038,CUST01213,2022-05-31,Defective Product,3799.0,Refunded,5,Beauty & Health
RET005385,ORD0028253,PROD0358,CUST02906,2021-04-14,Defective Product,7700.0,Refunded,6,Office Supplies
RET005386,ORD0028256,PROD0552,CUST03724,2024-06-08,Wrong Item,2424.0,Refunded,5,Beauty & Health
RET005387,ORD0028256,PROD0436,CUST03724,2024-06-08,Better Price Found,61770.0,Refunded,13,Electronics
RET005388,ORD0028263,PROD0506,CUST02763,2022-08-03,Damaged in Transit,3069.0,Refunded,13,Sports & Fitness
RET005389,ORD0028274,PROD0734,CUST04871,2023-11-30,Damaged in Transit,12066.0,Refunded,14,Fashion
RET005390,ORD0028274,PROD0512,CUST04871,2023-11-30,Changed Mind,13956.0,Refunded,7,Toys & Games
RET005391,ORD0028274,PROD0487,CUST04871,2023-11-30,Defective Product,4364.0,Refunded,6,Toys & Games
RET005392,ORD0028274,PROD0105,CUST04871,2023-11-30,Wrong Item,422.0,Refunded,5,Beauty & Health
RET005393,ORD0028274,PROD0048,CUST04871,2023-11-30,Wrong Item,508.0,Refunded,3,Automotive
RET005394,ORD0028279,PROD0674,CUST03017,2022-12-08,Better Price Found,934.0,Refunded,13,Grocery
RET005395,ORD0028287,PROD0515,CUST03559,2024-09-16,Better Price Found,32196.0,Refunded,7,Sports & Fitness
RET005396,ORD0028292,PROD0293,CUST01633,2023-09-27,Wrong Item,78625.0,Refunded,4,Electronics
RET005397,ORD0028306,PROD0721,CUST00054,2020-12-28,Size Issue,1507.0,Refunded,6,Grocery
RET005398,ORD0028306,PROD0069,CUST00054,2020-12-28,Changed Mind,5908.0,Refunded,4,Sports & Fitness
RET005399,ORD0028306,PROD0349,CUST00054,2020-12-28,Wrong Item,144.0,Refunded,6,Toys & Games
RET005400,ORD0028328,PROD0652,CUST02012,2022-07-28,Changed Mind,3082.0,Refunded,3,Beauty & Health
RET005401,ORD0028328,PROD0188,CUST02012,2022-07-28,Wrong Item,630.0,Refunded,11,Books
RET005402,ORD0028330,PROD0463,CUST01697,2022-03-27,Changed Mind,2687.0,Refunded,4,Sports & Fitness
RET005403,ORD0028330,PROD0180,CUST01697,2022-03-27,Better Price Found,19617.0,Refunded,8,Home & Kitchen
RET005404,ORD0028330,PROD0075,CUST01697,2022-03-27,Defective Product,387.0,Refunded,14,Grocery
RET005405,ORD0028330,PROD0769,CUST01697,2022-03-27,Size Issue,5258.0,Refunded,4,Automotive
RET005406,ORD0028330,PROD0028,CUST01697,2022-03-27,Changed Mind,1370.0,Refunded,8,Sports & Fitness
RET005407,ORD0028344,PROD0646,CUST00705,2023-01-28,Changed Mind,32026.0,Refunded,12,Sports & Fitness
RET005408,ORD0028345,PROD0008,CUST00359,2024-06-13,Defective Product,3882.0,Refunded,14,Office Supplies
RET005409,ORD0028345,PROD0800,CUST00359,2024-06-13,Damaged in Transit,12702.0,Refunded,3,Sports & Fitness
RET005410,ORD0028347,PROD0428,CUST01177,2023-10-28,Better Price Found,1551.0,Refunded,9,Grocery
RET005411,ORD0028371,PROD0216,CUST01573,2024-02-12,Damaged in Transit,21660.0,Refunded,7,Fashion
RET005412,ORD0028371,PROD0142,CUST01573,2024-02-12,Wrong Item,1584.0,Refunded,8,Grocery
RET005413,ORD0028379,PROD0794,CUST03404,2021-11-27,Defective Product,1360.0,Pending,7,Toys & Games
RET005414,ORD0028380,PROD0403,CUST00042,2021-05-19,Defective Product,4079.0,Refunded,5,Office Supplies
RET005415,ORD0028410,PROD0440,CUST01010,2020-10-03,Defective Product,5312.0,Rejected,8,Automotive
RET005416,ORD0028410,PROD0623,CUST01010,2020-10-03,Damaged in Transit,6484.0,Rejected,13,Office Supplies
RET005417,ORD0028410,PROD0393,CUST01010,2020-10-03,Wrong Item,531.0,Refunded,8,Grocery
RET005418,ORD0028450,PROD0769,CUST04476,2022-08-22,Defective Product,4930.0,Refunded,4,Automotive
RET005419,ORD0028450,PROD0060,CUST04476,2022-08-22,Defective Product,14818.0,Pending,5,Fashion
RET005420,ORD0028450,PROD0480,CUST04476,2022-08-22,Size Issue,3136.0,Refunded,6,Books
RET005421,ORD0028450,PROD0754,CUST04476,2022-08-22,Better Price Found,19074.0,Pending,12,Office Supplies
RET005422,ORD0028468,PROD0508,CUST04517,2021-09-23,Wrong Item,13933.0,Refunded,3,Automotive
RET005423,ORD0028468,PROD0658,CUST04517,2021-09-23,Better Price Found,1000.0,Refunded,8,Books
RET005424,ORD0028468,PROD0456,CUST04517,2021-09-23,Changed Mind,3262.0,Refunded,6,Beauty & Health
RET005425,ORD0028477,PROD0261,CUST02273,2023-10-22,Wrong Item,1458.0,Refunded,12,Grocery
RET005426,ORD0028477,PROD0604,CUST02273,2023-10-22,Better Price Found,45942.0,Pending,6,Sports & Fitness
RET005427,ORD0028512,PROD0641,CUST04831,2023-02-05,Wrong Item,354.0,Refunded,8,Books
RET005428,ORD0028525,PROD0444,CUST01361,2022-01-13,Defective Product,1180.0,Pending,7,Grocery
RET005429,ORD0028525,PROD0589,CUST01361,2022-01-13,Changed Mind,1578.0,Rejected,3,Toys & Games
RET005430,ORD0028527,PROD0094,CUST03508,2022-10-23,Changed Mind,9470.0,Refunded,3,Home & Kitchen
RET005431,ORD0028527,PROD0610,CUST03508,2022-10-23,Changed Mind,3598.0,Pending,13,Toys & Games
RET005432,ORD0028527,PROD0458,CUST03508,2022-10-23,Better Price Found,23520.0,Refunded,7,Fashion
RET005433,ORD0028527,PROD0446,CUST03508,2022-10-23,Changed Mind,712.0,Refunded,9,Books
RET005434,ORD0028535,PROD0124,CUST04549,2022-06-29,Size Issue,2584.0,Refunded,12,Fashion
RET005435,ORD0028540,PROD0478,CUST02018,2021-03-14,Defective Product,9456.0,Refunded,4,Beauty & Health
RET005436,ORD0028540,PROD0407,CUST02018,2021-03-14,Better Price Found,1300.0,Refunded,5,Books
RET005437,ORD0028542,PROD0418,CUST00938,2023-05-09,Size Issue,1337.0,Pending,7,Books
RET005438,ORD0028542,PROD0256,CUST00938,2023-05-09,Wrong Item,4585.0,Refunded,10,Home & Kitchen
RET005439,ORD0028588,PROD0675,CUST00772,2023-11-13,Size Issue,1928.0,Refunded,12,Toys & Games
RET005440,ORD0028588,PROD0480,CUST00772,2023-11-13,Defective Product,2940.0,Refunded,12,Books
RET005441,ORD0028599,PROD0143,CUST03716,2024-03-27,Damaged in Transit,14930.0,Pending,9,Sports & Fitness
RET005442,ORD0028599,PROD0724,CUST03716,2024-03-27,Better Price Found,1658.0,Refunded,14,Grocery
RET005443,ORD0028609,PROD0358,CUST02253,2020-06-04,Changed Mind,3850.0,Refunded,14,Office Supplies
RET005444,ORD0028616,PROD0512,CUST04661,2021-12-29,Changed Mind,9822.0,Refunded,7,Toys & Games
RET005445,ORD0028616,PROD0647,CUST04661,2021-12-29,Defective Product,8680.0,Pending,12,Office Supplies
RET005446,ORD0028643,PROD0299,CUST04323,2020-09-04,Defective Product,8175.0,Refunded,3,Sports & Fitness
RET005447,ORD0028643,PROD0377,CUST04323,2020-09-04,Changed Mind,1601.0,Refunded,8,Toys & Games
RET005448,ORD0028645,PROD0337,CUST03495,2022-07-10,Size Issue,12958.0,Refunded,14,Fashion
RET005449,ORD0028659,PROD0269,CUST04558,2021-04-29,Damaged in Transit,1971.0,Refunded,5,Sports & Fitness
RET005450,ORD0028668,PROD0270,CUST01157,2021-05-22,Better Price Found,662.0,Refunded,13,Books
RET005451,ORD0028668,PROD0045,CUST01157,2021-05-22,Wrong Item,1620.0,Refunded,5,Grocery
RET005452,ORD0028668,PROD0480,CUST01157,2021-05-22,Size Issue,1568.0,Refunded,9,Books
RET005453,ORD0028672,PROD0578,CUST00812,2021-01-12,Changed Mind,14490.0,Refunded,13,Fashion
RET005454,ORD0028672,PROD0456,CUST00812,2021-01-12,Size Issue,6524.0,Refunded,7,Beauty & Health
RET005455,ORD0028672,PROD0397,CUST00812,2021-01-12,Damaged in Transit,1742.0,Refunded,5,Automotive
RET005456,ORD0028672,PROD0770,CUST00812,2021-01-12,Damaged in Transit,314.0,Refunded,14,Books
RET005457,ORD0028672,PROD0203,CUST00812,2021-01-12,Better Price Found,4683.0,Pending,3,Fashion
RET005458,ORD0028683,PROD0444,CUST03231,2021-03-22,Defective Product,516.0,Refunded,6,Grocery
RET005459,ORD0028683,PROD0709,CUST03231,2021-03-22,Changed Mind,129023.0,Refunded,9,Electronics
RET005460,ORD0028688,PROD0147,CUST02884,2023-09-20,Size Issue,3811.0,Refunded,7,Beauty & Health
RET005461,ORD0028688,PROD0024,CUST02884,2023-09-20,Damaged in Transit,5636.0,Refunded,12,Fashion
RET005462,ORD0028694,PROD0105,CUST01563,2023-01-10,Size Issue,422.0,Refunded,4,Beauty & Health
RET005463,ORD0028694,PROD0028,CUST01563,2023-01-10,Better Price Found,1522.0,Refunded,12,Sports & Fitness
RET005464,ORD0028694,PROD0110,CUST01563,2023-01-10,Wrong Item,3608.0,Refunded,11,Beauty & Health
RET005465,ORD0028694,PROD0396,CUST01563,2023-01-10,Changed Mind,27254.0,Refunded,11,Home & Kitchen
RET005466,ORD0028696,PROD0052,CUST03114,2022-06-19,Size Issue,523240.0,Refunded,10,Electronics
RET005467,ORD0028713,PROD0668,CUST00173,2024-10-27,Damaged in Transit,5316.0,Refunded,10,Fashion
RET005468,ORD0028713,PROD0660,CUST00173,2024-10-27,Size Issue,16406.0,Refunded,9,Sports & Fitness
RET005469,ORD0028727,PROD0764,CUST01065,2023-10-17,Defective Product,348.0,Pending,14,Books
RET005470,ORD0028727,PROD0290,CUST01065,2023-10-17,Changed Mind,1816.0,Pending,14,Toys & Games
RET005471,ORD0028760,PROD0722,CUST01854,2024-10-26,Damaged in Transit,5892.0,Refunded,5,Grocery
RET005472,ORD0028760,PROD0066,CUST01854,2024-10-26,Wrong Item,469.0,Refunded,12,Books
RET005473,ORD0028760,PROD0107,CUST01854,2024-10-26,Changed Mind,586.0,Refunded,8,Grocery
RET005474,ORD0028760,PROD0572,CUST01854,2024-10-26,Defective Product,9668.0,Refunded,8,Office Supplies
RET005475,ORD0028764,PROD0513,CUST00346,2020-10-13,Size Issue,9540.0,Refunded,4,Automotive
RET005476,ORD0028770,PROD0699,CUST01589,2023-06-25,Size Issue,8501.0,Pending,6,Automotive
RET005477,ORD0028778,PROD0167,CUST00939,2024-03-20,Size Issue,26557.0,Refunded,5,Electronics
RET005478,ORD0028778,PROD0044,CUST00939,2024-03-20,Damaged in Transit,2929.0,Refunded,7,Beauty & Health
RET005479,ORD0028778,PROD0353,CUST00939,2024-03-20,Wrong Item,76850.0,Refunded,4,Electronics
RET005480,ORD0028801,PROD0488,CUST00733,2021-12-04,Size Issue,18796.0,Refunded,7,Fashion
RET005481,ORD0028802,PROD0543,CUST01913,2021-11-01,Damaged in Transit,4049.0,Refunded,6,Automotive
RET005482,ORD0028808,PROD0382,CUST04968,2024-01-10,Damaged in Transit,1022.0,Refunded,7,Beauty & Health
RET005483,ORD0028812,PROD0117,CUST01306,2024-07-30,Size Issue,12907.0,Refunded,13,Automotive
RET005484,ORD0028822,PROD0109,CUST00928,2022-09-10,Wrong Item,59642.0,Refunded,4,Electronics
RET005485,ORD0028822,PROD0289,CUST00928,2022-09-10,Defective Product,959.0,Refunded,3,Books
RET005486,ORD0028830,PROD0171,CUST00740,2021-09-28,Changed Mind,7172.0,Refunded,6,Toys & Games
RET005487,ORD0028832,PROD0178,CUST02542,2023-01-17,Size Issue,1119.0,Refunded,8,Toys & Games
RET005488,ORD0028832,PROD0053,CUST02542,2023-01-17,Wrong Item,27000.0,Refunded,13,Fashion
RET005489,ORD0028834,PROD0623,CUST01366,2023-09-26,Defective Product,3675.0,Refunded,7,Office Supplies
RET005490,ORD0028834,PROD0738,CUST01366,2023-09-26,Damaged in Transit,2505.0,Refunded,10,Beauty & Health
RET005491,ORD0028834,PROD0603,CUST01366,2023-09-26,Defective Product,520.0,Refunded,9,Beauty & Health
RET005492,ORD0028841,PROD0501,CUST02112,2023-05-19,Better Price Found,20800.0,Refunded,12,Home & Kitchen
RET005493,ORD0028841,PROD0507,CUST02112,2023-05-19,Damaged in Transit,8406.0,Refunded,8,Automotive
RET005494,ORD0028841,PROD0575,CUST02112,2023-05-19,Wrong Item,1284.0,Refunded,6,Fashion
RET005495,ORD0028841,PROD0156,CUST02112,2023-05-19,Damaged in Transit,1265.0,Refunded,14,Toys & Games
RET005496,ORD0028847,PROD0443,CUST01861,2024-08-02,Defective Product,5080.0,Refunded,12,Sports & Fitness
RET005497,ORD0028850,PROD0402,CUST04391,2022-02-05,Size Issue,4152.0,Pending,9,Office Supplies
RET005498,ORD0028859,PROD0296,CUST01992,2024-03-02,Damaged in Transit,2238.0,Rejected,6,Toys & Games
RET005499,ORD0028874,PROD0438,CUST02827,2022-01-25,Defective Product,774.0,Refunded,8,Automotive
RET005500,ORD0028881,PROD0442,CUST01098,2020-09-08,Defective Product,2058.0,Pending,7,Grocery
RET005501,ORD0028895,PROD0089,CUST01493,2020-03-28,Better Price Found,1345.0,Refunded,3,Office Supplies
RET005502,ORD0028895,PROD0014,CUST01493,2020-03-28,Size Issue,6435.0,Refunded,3,Beauty & Health
RET005503,ORD0028895,PROD0763,CUST01493,2020-03-28,Size Issue,5286.0,Refunded,7,Office Supplies
RET005504,ORD0028903,PROD0385,CUST02954,2023-12-04,Better Price Found,15440.0,Pending,8,Toys & Games
RET005505,ORD0028903,PROD0334,CUST02954,2023-12-04,Wrong Item,25356.0,Rejected,13,Home & Kitchen
RET005506,ORD0028907,PROD0555,CUST00049,2020-03-22,Wrong Item,105711.0,Refunded,13,Electronics
RET005507,ORD0028921,PROD0274,CUST00978,2020-03-21,Size Issue,103722.0,Refunded,6,Electronics
RET005508,ORD0028921,PROD0097,CUST00978,2020-03-21,Changed Mind,24126.0,Refunded,4,Automotive
RET005509,ORD0028921,PROD0306,CUST00978,2020-03-21,Wrong Item,4399.0,Refunded,5,Beauty & Health
RET005510,ORD0028948,PROD0181,CUST02054,2021-08-21,Wrong Item,132.0,Refunded,11,Books
RET005511,ORD0028948,PROD0426,CUST02054,2021-08-21,Wrong Item,38299.0,Refunded,14,Home & Kitchen
RET005512,ORD0028948,PROD0502,CUST02054,2021-08-21,Damaged in Transit,1032.0,Refunded,13,Grocery
RET005513,ORD0028948,PROD0015,CUST02054,2021-08-21,Defective Product,5767.0,Refunded,8,Fashion
RET005514,ORD0028948,PROD0724,CUST02054,2021-08-21,Better Price Found,1746.0,Refunded,6,Grocery
RET005515,ORD0028961,PROD0798,CUST04882,2020-10-01,Changed Mind,3596.0,Pending,13,Beauty & Health
RET005516,ORD0028961,PROD0662,CUST04882,2020-10-01,Size Issue,24558.0,Refunded,9,Automotive
RET005517,ORD0028972,PROD0185,CUST00759,2020-04-27,Better Price Found,7150.0,Refunded,3,Fashion
RET005518,ORD0029002,PROD0515,CUST01735,2022-02-25,Defective Product,23416.0,Refunded,13,Sports & Fitness
RET005519,ORD0029013,PROD0569,CUST04086,2023-05-24,Defective Product,1440.0,Refunded,8,Office Supplies
RET005520,ORD0029013,PROD0544,CUST04086,2023-05-24,Damaged in Transit,419.0,Refunded,9,Beauty & Health
RET005521,ORD0029013,PROD0478,CUST04086,2023-05-24,Defective Product,6790.0,Refunded,12,Beauty & Health
RET005522,ORD0029027,PROD0234,CUST04714,2022-06-02,Damaged in Transit,396.0,Refunded,14,Grocery
RET005523,ORD0029070,PROD0725,CUST00788,2024-01-07,Better Price Found,2016.0,Refunded,8,Office Supplies
RET005524,ORD0029070,PROD0751,CUST00788,2024-01-07,Size Issue,667.0,Pending,9,Grocery
RET005525,ORD0029070,PROD0157,CUST00788,2024-01-07,Damaged in Transit,260.0,Refunded,4,Books
RET005526,ORD0029070,PROD0310,CUST00788,2024-01-07,Better Price Found,2115.0,Refunded,11,Sports & Fitness
RET005527,ORD0029070,PROD0461,CUST00788,2024-01-07,Damaged in Transit,401.0,Refunded,9,Office Supplies
RET005528,ORD0029073,PROD0325,CUST01499,2024-09-09,Damaged in Transit,17354.0,Refunded,8,Automotive
RET005529,ORD0029090,PROD0492,CUST01341,2020-06-21,Wrong Item,1130.0,Refunded,13,Books
RET005530,ORD0029105,PROD0401,CUST04127,2021-10-10,Better Price Found,34075.0,Refunded,11,Home & Kitchen
RET005531,ORD0029105,PROD0779,CUST04127,2021-10-10,Changed Mind,2796.0,Refunded,3,Toys & Games
RET005532,ORD0029108,PROD0211,CUST02861,2020-07-02,Defective Product,8317.0,Pending,11,Home & Kitchen
RET005533,ORD0029108,PROD0671,CUST02861,2020-07-02,Damaged in Transit,15726.0,Refunded,4,Fashion
RET005534,ORD0029108,PROD0378,CUST02861,2020-07-02,Size Issue,3036.0,Refunded,12,Office Supplies
RET005535,ORD0029108,PROD0579,CUST02861,2020-07-02,Wrong Item,1796.0,Refunded,14,Grocery
RET005536,ORD0029114,PROD0109,CUST04125,2022-12-28,Better Price Found,29821.0,Pending,8,Electronics
RET005537,ORD0029114,PROD0216,CUST04125,2022-12-28,Damaged in Transit,32490.0,Refunded,7,Fashion
RET005538,ORD0029114,PROD0592,CUST04125,2022-12-28,Wrong Item,10758.0,Refunded,13,Sports & Fitness
RET005539,ORD0029118,PROD0575,CUST03863,2025-01-01,Defective Product,577.0,Refunded,12,Fashion
RET005540,ORD0029118,PROD0233,CUST03863,2025-01-01,Wrong Item,91946.0,Refunded,5,Electronics
RET005541,ORD0029118,PROD0753,CUST03863,2025-01-01,Defective Product,27276.0,Refunded,9,Office Supplies
RET005542,ORD0029118,PROD0358,CUST03863,2025-01-01,Damaged in Transit,3623.0,Refunded,14,Office Supplies
RET005543,ORD0029127,PROD0383,CUST04609,2023-10-25,Defective Product,13000.0,Refunded,14,Fashion
RET005544,ORD0029148,PROD0150,CUST02917,2020-11-20,Defective Product,4290.0,Refunded,7,Home & Kitchen
RET005545,ORD0029155,PROD0002,CUST02329,2024-06-12,Better Price Found,6215.0,Refunded,12,Toys & Games
RET005546,ORD0029155,PROD0521,CUST02329,2024-06-12,Changed Mind,207940.0,Refunded,9,Electronics
RET005547,ORD0029167,PROD0781,CUST04229,2023-05-05,Better Price Found,7204.0,Refunded,11,Beauty & Health
RET005548,ORD0029167,PROD0333,CUST04229,2023-05-05,Wrong Item,1028.0,Refunded,8,Home & Kitchen
RET005549,ORD0029170,PROD0035,CUST03209,2024-08-11,Better Price Found,13563.0,Refunded,7,Automotive
RET005550,ORD0029191,PROD0278,CUST02816,2024-07-13,Size Issue,9390.0,Refunded,5,Toys & Games
RET005551,ORD0029201,PROD0327,CUST00211,2023-04-29,Damaged in Transit,1731.0,Refunded,5,Toys & Games
RET005552,ORD0029205,PROD0526,CUST04756,2024-01-27,Changed Mind,1140.0,Refunded,14,Books
RET005553,ORD0029205,PROD0056,CUST04756,2024-01-27,Better Price Found,2607.0,Refunded,7,Beauty & Health
RET005554,ORD0029206,PROD0146,CUST04927,2022-06-21,Wrong Item,245.0,Refunded,10,Office Supplies
RET005555,ORD0029210,PROD0498,CUST00049,2023-01-07,Size Issue,121645.0,Pending,4,Electronics
RET005556,ORD0029210,PROD0258,CUST00049,2023-01-07,Wrong Item,1613.0,Refunded,3,Beauty & Health
RET005557,ORD0029217,PROD0561,CUST02216,2020-04-06,Better Price Found,1378.0,Refunded,4,Books
RET005558,ORD0029219,PROD0535,CUST03458,2024-01-29,Defective Product,23758.0,Refunded,12,Sports & Fitness
RET005559,ORD0029221,PROD0115,CUST00630,2020-03-02,Changed Mind,10240.0,Pending,11,Toys & Games
RET005560,ORD0029230,PROD0261,CUST00968,2024-10-20,Changed Mind,2736.0,Refunded,8,Grocery
RET005561,ORD0029233,PROD0207,CUST04760,2022-09-26,Changed Mind,981.0,Refunded,6,Books
RET005562,ORD0029233,PROD0499,CUST04760,2022-09-26,Changed Mind,2939.0,Refunded,9,Beauty & Health
RET005563,ORD0029233,PROD0315,CUST04760,2022-09-26,Size Issue,3992.0,Refunded,9,Sports & Fitness
RET005564,ORD0029242,PROD0516,CUST02776,2021-10-11,Better Price Found,14235.0,Refunded,14,Sports & Fitness
RET005565,ORD0029242,PROD0063,CUST02776,2021-10-11,Changed Mind,1046.0,Refunded,5,Beauty & Health
RET005566,ORD0029276,PROD0206,CUST01906,2023-07-28,Size Issue,5191.0,Refunded,8,Office Supplies
RET005567,ORD0029295,PROD0406,CUST02346,2022-05-09,Better Price Found,93813.0,Refunded,11,Electronics
RET005568,ORD0029295,PROD0689,CUST02346,2022-05-09,Changed Mind,3170.0,Refunded,10,Sports & Fitness
RET005569,ORD0029295,PROD0758,CUST02346,2022-05-09,Wrong Item,2668.0,Refunded,4,Toys & Games
RET005570,ORD0029298,PROD0558,CUST01418,2021-05-30,Size Issue,14488.0,Pending,3,Sports & Fitness
RET005571,ORD0029298,PROD0485,CUST01418,2021-05-30,Damaged in Transit,2108.0,Rejected,14,Beauty & Health
RET005572,ORD0029301,PROD0193,CUST00416,2023-11-13,Changed Mind,1110.0,Refunded,6,Books
RET005573,ORD0029306,PROD0328,CUST03582,2023-03-07,Damaged in Transit,1605.0,Refunded,9,Office Supplies
RET005574,ORD0029307,PROD0522,CUST01787,2021-11-09,Better Price Found,4535.0,Refunded,10,Toys & Games
RET005575,ORD0029307,PROD0150,CUST01787,2021-11-09,Wrong Item,2145.0,Refunded,13,Home & Kitchen
RET005576,ORD0029330,PROD0628,CUST02462,2022-09-29,Changed Mind,888.0,Refunded,3,Grocery
RET005577,ORD0029334,PROD0235,CUST04372,2021-06-03,Wrong Item,2972.0,Refunded,12,Toys & Games
RET005578,ORD0029335,PROD0166,CUST03000,2023-12-23,Defective Product,7384.0,Refunded,10,Fashion
RET005579,ORD0029340,PROD0531,CUST01764,2024-11-14,Defective Product,216.0,Refunded,10,Grocery
RET005580,ORD0029353,PROD0451,CUST00507,2020-07-14,Defective Product,263.0,Pending,10,Beauty & Health
RET005581,ORD0029353,PROD0463,CUST00507,2020-07-14,Damaged in Transit,5374.0,Refunded,13,Sports & Fitness
RET005582,ORD0029369,PROD0020,CUST01665,2023-07-06,Defective Product,1256.0,Refunded,11,Office Supplies
RET005583,ORD0029369,PROD0351,CUST01665,2023-07-06,Defective Product,30704.0,Rejected,11,Sports & Fitness
RET005584,ORD0029369,PROD0075,CUST01665,2023-07-06,Better Price Found,696.0,Pending,7,Grocery
RET005585,ORD0029369,PROD0201,CUST01665,2023-07-06,Changed Mind,14086.0,Refunded,7,Sports & Fitness
RET005586,ORD0029369,PROD0609,CUST01665,2023-07-06,Wrong Item,1779.0,Refunded,3,Fashion
RET005587,ORD0029370,PROD0652,CUST03144,2023-01-06,Size Issue,3082.0,Refunded,3,Beauty & Health
RET005588,ORD0029388,PROD0047,CUST04640,2021-09-07,Better Price Found,498.0,Refunded,7,Automotive
RET005589,ORD0029390,PROD0239,CUST02913,2022-04-12,Changed Mind,2842.0,Refunded,12,Fashion
RET005590,ORD0029393,PROD0718,CUST03602,2020-11-26,Better Price Found,10756.0,Refunded,6,Home & Kitchen
RET005591,ORD0029412,PROD0669,CUST04519,2020-04-16,Damaged in Transit,32220.0,Pending,5,Home & Kitchen
RET005592,ORD0029416,PROD0431,CUST04357,2020-08-06,Size Issue,432.0,Pending,3,Toys & Games
RET005593,ORD0029416,PROD0566,CUST04357,2020-08-06,Size Issue,5145.0,Pending,7,Sports & Fitness
RET005594,ORD0029416,PROD0189,CUST04357,2020-08-06,Damaged in Transit,4629.0,Refunded,8,Office Supplies
RET005595,ORD0029416,PROD0590,CUST04357,2020-08-06,Changed Mind,294.0,Refunded,10,Books
RET005596,ORD0029420,PROD0446,CUST01258,2023-05-07,Better Price Found,1424.0,Refunded,3,Books
RET005597,ORD0029424,PROD0355,CUST01688,2021-09-23,Changed Mind,15468.0,Refunded,12,Fashion
RET005598,ORD0029424,PROD0682,CUST01688,2021-09-23,Defective Product,8934.0,Refunded,13,Toys & Games
RET005599,ORD0029424,PROD0151,CUST01688,2021-09-23,Damaged in Transit,1782.0,Refunded,7,Sports & Fitness
RET005600,ORD0029424,PROD0789,CUST01688,2021-09-23,Size Issue,77233.0,Rejected,3,Electronics
RET005601,ORD0029428,PROD0732,CUST00088,2021-03-10,Wrong Item,4323.0,Refunded,8,Grocery
RET005602,ORD0029428,PROD0742,CUST00088,2021-03-10,Better Price Found,824.0,Pending,5,Books
RET005603,ORD0029428,PROD0472,CUST00088,2021-03-10,Size Issue,73704.0,Refunded,12,Home & Kitchen
RET005604,ORD0029428,PROD0271,CUST00088,2021-03-10,Wrong Item,4988.0,Refunded,12,Toys & Games
RET005605,ORD0029428,PROD0712,CUST00088,2021-03-10,Damaged in Transit,73532.0,Pending,4,Home & Kitchen
RET005606,ORD0029440,PROD0708,CUST04919,2023-10-19,Size Issue,9138.0,Refunded,5,Fashion
RET005607,ORD0029443,PROD0021,CUST02394,2023-05-25,Size Issue,8080.0,Refunded,9,Beauty & Health
RET005608,ORD0029443,PROD0267,CUST02394,2023-05-25,Changed Mind,19048.0,Refunded,4,Home & Kitchen
RET005609,ORD0029446,PROD0643,CUST03331,2020-02-07,Damaged in Transit,20457.0,Refunded,6,Fashion
RET005610,ORD0029453,PROD0728,CUST01773,2023-08-06,Changed Mind,19252.0,Pending,5,Fashion
RET005611,ORD0029466,PROD0437,CUST04174,2023-01-27,Changed Mind,9888.0,Refunded,12,Automotive
RET005612,ORD0029466,PROD0618,CUST04174,2023-01-27,Damaged in Transit,943.0,Pending,14,Books
RET005613,ORD0029474,PROD0545,CUST03033,2020-04-17,Size Issue,83420.0,Refunded,7,Electronics
RET005614,ORD0029476,PROD0525,CUST02455,2022-12-25,Changed Mind,1916.0,Refunded,12,Books
RET005615,ORD0029476,PROD0174,CUST02455,2022-12-25,Defective Product,1196.0,Refunded,7,Toys & Games
RET005616,ORD0029476,PROD0737,CUST02455,2022-12-25,Changed Mind,1104.0,Refunded,8,Beauty & Health
RET005617,ORD0029476,PROD0063,CUST02455,2022-12-25,Wrong Item,2440.0,Refunded,9,Beauty & Health
RET005618,ORD0029477,PROD0379,CUST01162,2024-11-24,Size Issue,416.0,Refunded,8,Grocery
RET005619,ORD0029492,PROD0207,CUST01917,2021-04-22,Better Price Found,883.0,Refunded,9,Books
RET005620,ORD0029492,PROD0498,CUST01917,2021-04-22,Damaged in Transit,218960.0,Pending,10,Electronics
RET005621,ORD0029500,PROD0217,CUST02493,2020-07-31,Changed Mind,4042.0,Refunded,4,Toys & Games
RET005622,ORD0029515,PROD0705,CUST00179,2020-11-20,Wrong Item,367.0,Refunded,8,Books
RET005623,ORD0029548,PROD0027,CUST00936,2021-06-07,Size Issue,6660.0,Refunded,9,Office Supplies
RET005624,ORD0029548,PROD0663,CUST00936,2021-06-07,Changed Mind,2424.0,Refunded,10,Books
RET005625,ORD0029567,PROD0132,CUST03382,2022-12-12,Size Issue,3427.0,Refunded,10,Automotive
RET005626,ORD0029569,PROD0618,CUST03397,2023-09-17,Changed Mind,998.0,Refunded,9,Books
RET005627,ORD0029577,PROD0149,CUST00875,2023-08-31,Defective Product,22760.0,Refunded,10,Home & Kitchen
RET005628,ORD0029577,PROD0326,CUST00875,2023-08-31,Changed Mind,17556.0,Refunded,4,Automotive
RET005629,ORD0029601,PROD0135,CUST04008,2022-01-05,Size Issue,9194.0,Refunded,10,Automotive
RET005630,ORD0029601,PROD0360,CUST04008,2022-01-05,Defective Product,2078.0,Refunded,7,Electronics
RET005631,ORD0029601,PROD0308,CUST04008,2022-01-05,Changed Mind,17109.0,Rejected,8,Office Supplies
RET005632,ORD0029609,PROD0179,CUST02779,2021-04-05,Changed Mind,657.0,Pending,12,Grocery
RET005633,ORD0029617,PROD0408,CUST02620,2020-04-12,Damaged in Transit,18724.0,Refunded,14,Sports & Fitness
RET005634,ORD0029617,PROD0111,CUST02620,2020-04-12,Defective Product,5895.0,Refunded,5,Toys & Games
RET005635,ORD0029617,PROD0745,CUST02620,2020-04-12,Changed Mind,97026.0,Pending,3,Home & Kitchen
RET005636,ORD0029617,PROD0003,CUST02620,2020-04-12,Defective Product,25338.0,Refunded,12,Electronics
RET005637,ORD0029619,PROD0181,CUST01300,2023-05-06,Damaged in Transit,132.0,Pending,5,Books
RET005638,ORD0029622,PROD0212,CUST02444,2022-01-16,Changed Mind,2689.0,Refunded,12,Fashion
RET005639,ORD0029622,PROD0479,CUST02444,2022-01-16,Wrong Item,8812.0,Refunded,3,Home & Kitchen
RET005640,ORD0029622,PROD0587,CUST02444,2022-01-16,Better Price Found,7521.0,Refunded,11,Beauty & Health
RET005641,ORD0029626,PROD0620,CUST01083,2023-05-01,Size Issue,2456.0,Refunded,12,Books
RET005642,ORD0029630,PROD0371,CUST03912,2024-01-18,Better Price Found,333.0,Refunded,5,Beauty & Health
RET005643,ORD0029650,PROD0715,CUST01652,2024-01-08,Size Issue,799.0,Refunded,5,Home & Kitchen
RET005644,ORD0029654,PROD0651,CUST00171,2024-11-30,Better Price Found,29970.0,Pending,14,Sports & Fitness
RET005645,ORD0029655,PROD0112,CUST00840,2023-07-18,Defective Product,267.0,Refunded,3,Grocery
RET005646,ORD0029656,PROD0175,CUST02802,2022-07-18,Size Issue,1341.0,Refunded,11,Grocery
RET005647,ORD0029656,PROD0641,CUST02802,2022-07-18,Changed Mind,319.0,Refunded,10,Books
RET005648,ORD0029656,PROD0529,CUST02802,2022-07-18,Size Issue,768.0,Refunded,7,Books
RET005649,ORD0029686,PROD0125,CUST02348,2020-06-21,Size Issue,823.0,Refunded,8,Grocery
RET005650,ORD0029686,PROD0052,CUST02348,2020-06-21,Size Issue,371778.0,Refunded,8,Electronics
RET005651,ORD0029686,PROD0426,CUST02348,2020-06-21,Defective Product,72342.0,Refunded,6,Home & Kitchen
RET005652,ORD0029686,PROD0758,CUST02348,2020-06-21,Changed Mind,3334.0,Refunded,8,Toys & Games
RET005653,ORD0029693,PROD0612,CUST03779,2020-03-29,Wrong Item,496.0,Refunded,10,Grocery
RET005654,ORD0029693,PROD0191,CUST03779,2020-03-29,Damaged in Transit,6255.0,Refunded,6,Office Supplies
RET005655,ORD0029695,PROD0549,CUST01514,2020-01-30,Damaged in Transit,74796.0,Refunded,10,Home & Kitchen
RET005656,ORD0029695,PROD0466,CUST01514,2020-01-30,Wrong Item,33293.0,Refunded,9,Home & Kitchen
RET005657,ORD0029695,PROD0508,CUST01514,2020-01-30,Better Price Found,13933.0,Refunded,5,Automotive
RET005658,ORD0029698,PROD0242,CUST03559,2024-03-09,Size Issue,748.0,Refunded,5,Grocery
RET005659,ORD0029702,PROD0111,CUST03153,2020-10-06,Size Issue,18666.0,Pending,8,Toys & Games
RET005660,ORD0029718,PROD0119,CUST02948,2020-06-10,Damaged in Transit,145984.0,Refunded,13,Electronics
RET005661,ORD0029726,PROD0776,CUST01024,2022-09-22,Changed Mind,1289.0,Refunded,14,Toys & Games
RET005662,ORD0029735,PROD0186,CUST04624,2021-11-14,Defective Product,91904.0,Refunded,5,Electronics
RET005663,ORD0029735,PROD0742,CUST04624,2021-11-14,Changed Mind,206.0,Refunded,6,Books
RET005664,ORD0029740,PROD0058,CUST03683,2024-08-01,Defective Product,8213.0,Refunded,12,Home & Kitchen
RET005665,ORD0029740,PROD0393,CUST03683,2024-08-01,Better Price Found,1593.0,Refunded,12,Grocery
RET005666,ORD0029766,PROD0513,CUST03515,2023-06-04,Changed Mind,20204.0,Refunded,11,Automotive
RET005667,ORD0029771,PROD0464,CUST00254,2020-05-01,Wrong Item,3621.0,Refunded,7,Beauty & Health
RET005668,ORD0029811,PROD0551,CUST00230,2020-10-24,Defective Product,2062.0,Refunded,10,Fashion
RET005669,ORD0029820,PROD0129,CUST00782,2020-03-25,Damaged in Transit,16084.0,Refunded,6,Automotive
RET005670,ORD0029827,PROD0282,CUST00739,2023-05-15,Changed Mind,2890.0,Refunded,7,Books
RET005671,ORD0029833,PROD0421,CUST02430,2021-12-20,Defective Product,2086.0,Refunded,7,Fashion
RET005672,ORD0029834,PROD0540,CUST03647,2020-11-04,Damaged in Transit,2062.0,Refunded,3,Office Supplies
RET005673,ORD0029834,PROD0573,CUST03647,2020-11-04,Size Issue,42030.0,Refunded,9,Sports & Fitness
RET005674,ORD0029843,PROD0391,CUST01088,2021-10-29,Better Price Found,24580.0,Refunded,5,Home & Kitchen
RET005675,ORD0029843,PROD0210,CUST01088,2021-10-29,Changed Mind,13926.0,Refunded,3,Home & Kitchen
RET005676,ORD0029843,PROD0310,CUST01088,2021-10-29,Damaged in Transit,4230.0,Refunded,9,Sports & Fitness
RET005677,ORD0029843,PROD0774,CUST01088,2021-10-29,Wrong Item,18660.0,Refunded,5,Home & Kitchen
RET005678,ORD0029854,PROD0758,CUST01445,2021-01-21,Better Price Found,1334.0,Pending,14,Toys & Games
RET005679,ORD0029856,PROD0023,CUST01765,2021-02-14,Defective Product,47264.0,Refunded,4,Electronics
RET005680,ORD0029856,PROD0055,CUST01765,2021-02-14,Size Issue,3406.0,Refunded,10,Toys & Games
RET005681,ORD0029861,PROD0057,CUST01488,2023-06-11,Damaged in Transit,1222.0,Refunded,9,Automotive
RET005682,ORD0029865,PROD0490,CUST02612,2022-07-21,Damaged in Transit,24935.0,Pending,9,Sports & Fitness
RET005683,ORD0029866,PROD0258,CUST02206,2021-09-10,Better Price Found,3442.0,Refunded,14,Beauty & Health
RET005684,ORD0029873,PROD0384,CUST04582,2021-06-15,Damaged in Transit,12978.0,Refunded,5,Toys & Games
RET005685,ORD0029873,PROD0431,CUST04582,2021-06-15,Defective Product,1296.0,Refunded,10,Toys & Games
RET005686,ORD0029873,PROD0404,CUST04582,2021-06-15,Size Issue,3950.0,Pending,7,Automotive
RET005687,ORD0029890,PROD0561,CUST03445,2023-08-19,Defective Product,2756.0,Refunded,14,Books
RET005688,ORD0029890,PROD0584,CUST03445,2023-08-19,Changed Mind,2474.0,Rejected,13,Toys & Games
RET005689,ORD0029890,PROD0274,CUST03445,2023-08-19,Changed Mind,92198.0,Refunded,9,Electronics
RET005690,ORD0029893,PROD0456,CUST01248,2020-05-01,Wrong Item,6524.0,Refunded,12,Beauty & Health
RET005691,ORD0029893,PROD0780,CUST01248,2020-05-01,Wrong Item,6238.0,Refunded,14,Electronics
RET005692,ORD0029893,PROD0263,CUST01248,2020-05-01,Defective Product,2504.0,Pending,5,Beauty & Health
RET005693,ORD0029893,PROD0057,CUST01248,2020-05-01,Better Price Found,2444.0,Refunded,3,Automotive
RET005694,ORD0029900,PROD0332,CUST01567,2022-06-09,Damaged in Transit,460.0,Pending,4,Books
RET005695,ORD0029934,PROD0640,CUST02185,2021-07-16,Damaged in Transit,3164.0,Refunded,9,Toys & Games
RET005696,ORD0029941,PROD0181,CUST03469,2021-06-12,Changed Mind,375.0,Refunded,10,Books
RET005697,ORD0029941,PROD0087,CUST03469,2021-06-12,Changed Mind,11112.0,Pending,5,Automotive
RET005698,ORD0029946,PROD0237,CUST02484,2022-12-03,Changed Mind,25455.0,Refunded,13,Electronics
RET005699,ORD0029952,PROD0292,CUST03266,2021-08-23,Wrong Item,22668.0,Refunded,10,Home & Kitchen
RET005700,ORD0029969,PROD0385,CUST01665,2023-04-07,Defective Product,3646.0,Rejected,10,Toys & Games
RET005701,ORD0029969,PROD0472,CUST01665,2023-04-07,Wrong Item,26458.0,Refunded,7,Home & Kitchen
RET005702,ORD0029982,PROD0156,CUST04026,2021-02-06,Size Issue,1336.0,Refunded,9,Toys & Games
RET005703,ORD0029982,PROD0605,CUST04026,2021-02-06,Better Price Found,26978.0,Refunded,4,Sports & Fitness
RET005704,ORD0029988,PROD0416,CUST01034,2024-11-17,Size Issue,2350.0,Refunded,9,Fashion
RET005705,ORD0029988,PROD0775,CUST01034,2024-11-17,Damaged in Transit,22382.0,Refunded,11,Home & Kitchen
RET005706,ORD0029988,PROD0032,CUST01034,2024-11-17,Better Price Found,33796.0,Pending,4,Home & Kitchen
RET005707,ORD0029998,PROD0526,CUST03122,2020-04-03,Changed Mind,570.0,Refunded,9,Books
RET005708,ORD0030005,PROD0310,CUST02580,2020-12-31,Defective Product,3928.0,Refunded,3,Sports & Fitness
RET005709,ORD0030012,PROD0066,CUST00873,2022-10-16,Damaged in Transit,445.0,Pending,6,Books
RET005710,ORD0030014,PROD0640,CUST02491,2020-02-26,Size Issue,3516.0,Refunded,10,Toys & Games
RET005711,ORD0030014,PROD0211,CUST02491,2020-02-26,Size Issue,16634.0,Pending,7,Home & Kitchen
RET005712,ORD0030014,PROD0604,CUST02491,2020-02-26,Damaged in Transit,45942.0,Refunded,11,Sports & Fitness
RET005713,ORD0030014,PROD0628,CUST02491,2020-02-26,Better Price Found,888.0,Refunded,9,Grocery
RET005714,ORD0030014,PROD0727,CUST02491,2020-02-26,Damaged in Transit,9956.0,Refunded,13,Office Supplies
RET005715,ORD0030028,PROD0137,CUST02454,2024-09-22,Better Price Found,5615.0,Refunded,3,Office Supplies
RET005716,ORD0030028,PROD0765,CUST02454,2024-09-22,Defective Product,15092.0,Pending,13,Home & Kitchen
RET005717,ORD0030028,PROD0554,CUST02454,2024-09-22,Damaged in Transit,1830.0,Refunded,7,Fashion
RET005718,ORD0030028,PROD0778,CUST02454,2024-09-22,Changed Mind,10210.0,Refunded,13,Office Supplies
RET005719,ORD0030038,PROD0430,CUST03092,2021-07-16,Defective Product,34902.0,Refunded,10,Sports & Fitness
RET005720,ORD0030038,PROD0035,CUST03092,2021-07-16,Better Price Found,40689.0,Refunded,3,Automotive
RET005721,ORD0030038,PROD0512,CUST03092,2021-07-16,Size Issue,5169.0,Refunded,8,Toys & Games
RET005722,ORD0030038,PROD0441,CUST03092,2021-07-16,Wrong Item,1574.0,Rejected,9,Grocery
RET005723,ORD0030048,PROD0106,CUST04820,2021-11-19,Defective Product,1064.0,Refunded,4,Books
RET005724,ORD0030051,PROD0042,CUST02793,2024-11-17,Wrong Item,819.0,Refunded,12,Books
RET005725,ORD0030065,PROD0248,CUST04659,2023-10-03,Better Price Found,1206.0,Refunded,7,Grocery
RET005726,ORD0030070,PROD0224,CUST04838,2021-09-29,Defective Product,566.0,Refunded,11,Home & Kitchen
RET005727,ORD0030088,PROD0346,CUST02083,2023-08-18,Changed Mind,66960.0,Rejected,7,Home & Kitchen
RET005728,ORD0030088,PROD0019,CUST02083,2023-08-18,Size Issue,9557.0,Refunded,4,Electronics
RET005729,ORD0030088,PROD0425,CUST02083,2023-08-18,Defective Product,14748.0,Refunded,9,Sports & Fitness
RET005730,ORD0030089,PROD0576,CUST00495,2023-05-05,Defective Product,12036.0,Refunded,6,Fashion
RET005731,ORD0030110,PROD0289,CUST01623,2022-10-13,Defective Product,959.0,Rejected,5,Books
RET005732,ORD0030120,PROD0114,CUST00009,2024-04-16,Better Price Found,2502.0,Refunded,9,Beauty & Health
RET005733,ORD0030121,PROD0058,CUST01247,2022-02-12,Wrong Item,9856.0,Refunded,10,Home & Kitchen
RET005734,ORD0030121,PROD0140,CUST01247,2022-02-12,Better Price Found,4480.0,Pending,9,Home & Kitchen
RET005735,ORD0030121,PROD0423,CUST01247,2022-02-12,Changed Mind,15157.0,Pending,12,Electronics
RET005736,ORD0030121,PROD0340,CUST01247,2022-02-12,Wrong Item,1143.0,Refunded,13,Beauty & Health
RET005737,ORD0030121,PROD0433,CUST01247,2022-02-12,Damaged in Transit,73270.0,Refunded,14,Electronics
RET005738,ORD0030124,PROD0135,CUST03548,2024-05-22,Damaged in Transit,9194.0,Pending,4,Automotive
RET005739,ORD0030124,PROD0336,CUST03548,2024-05-22,Defective Product,7901.0,Refunded,9,Office Supplies
RET005740,ORD0030142,PROD0536,CUST03251,2021-08-21,Damaged in Transit,292.0,Refunded,8,Grocery
RET005741,ORD0030152,PROD0774,CUST01404,2023-02-17,Size Issue,37320.0,Refunded,10,Home & Kitchen
RET005742,ORD0030155,PROD0243,CUST03215,2021-05-31,Better Price Found,9156.0,Refunded,8,Sports & Fitness
RET005743,ORD0030172,PROD0781,CUST04400,2024-02-14,Better Price Found,6804.0,Refunded,13,Beauty & Health
RET005744,ORD0030177,PROD0603,CUST02080,2020-08-05,Defective Product,1040.0,Refunded,6,Beauty & Health
RET005745,ORD0030180,PROD0721,CUST01697,2024-11-03,Size Issue,1586.0,Refunded,8,Grocery
RET005746,ORD0030185,PROD0691,CUST00087,2024-05-29,Damaged in Transit,6229.0,Refunded,8,Automotive
RET005747,ORD0030191,PROD0017,CUST02368,2024-01-20,Changed Mind,1884.0,Refunded,13,Automotive
RET005748,ORD0030191,PROD0164,CUST02368,2024-01-20,Size Issue,2409.0,Refunded,8,Beauty & Health
RET005749,ORD0030215,PROD0754,CUST04326,2023-03-05,Damaged in Transit,19074.0,Refunded,9,Office Supplies
RET005750,ORD0030215,PROD0508,CUST04326,2023-03-05,Better Price Found,23884.0,Refunded,8,Automotive
RET005751,ORD0030215,PROD0498,CUST04326,2023-03-05,Defective Product,121645.0,Pending,10,Electronics
RET005752,ORD0030217,PROD0367,CUST04147,2024-10-31,Changed Mind,12690.0,Refunded,4,Office Supplies
RET005753,ORD0030217,PROD0219,CUST04147,2024-10-31,Size Issue,2364.0,Refunded,8,Office Supplies
RET005754,ORD0030217,PROD0321,CUST04147,2024-10-31,Better Price Found,17157.0,Refunded,7,Home & Kitchen
RET005755,ORD0030217,PROD0428,CUST04147,2024-10-31,Damaged in Transit,6980.0,Refunded,6,Grocery
RET005756,ORD0030217,PROD0175,CUST04147,2024-10-31,Wrong Item,447.0,Refunded,12,Grocery
RET005757,ORD0030218,PROD0664,CUST04067,2022-09-03,Wrong Item,39906.0,Refunded,5,Home & Kitchen
RET005758,ORD0030229,PROD0206,CUST01893,2021-10-05,Size Issue,4326.0,Refunded,8,Office Supplies
RET005759,ORD0030229,PROD0545,CUST01893,2021-10-05,Defective Product,77003.0,Refunded,11,Electronics
RET005760,ORD0030242,PROD0359,CUST01948,2020-03-17,Changed Mind,13584.0,Pending,8,Office Supplies
RET005761,ORD0030249,PROD0166,CUST00258,2021-11-05,Changed Mind,22152.0,Refunded,13,Fashion
RET005762,ORD0030258,PROD0252,CUST03055,2024-11-01,Changed Mind,218596.0,Pending,4,Electronics
RET005763,ORD0030258,PROD0409,CUST03055,2024-11-01,Changed Mind,11118.0,Refunded,6,Office Supplies
RET005764,ORD0030258,PROD0429,CUST03055,2024-11-01,Changed Mind,1216.0,Refunded,5,Office Supplies
RET005765,ORD0030259,PROD0033,CUST01170,2023-08-15,Defective Product,147306.0,Refunded,13,Electronics
RET005766,ORD0030259,PROD0666,CUST01170,2023-08-15,Defective Product,1711.0,Refunded,4,Home & Kitchen
RET005767,ORD0030261,PROD0389,CUST03001,2022-09-26,Damaged in Transit,31368.0,Rejected,9,Sports & Fitness
RET005768,ORD0030261,PROD0569,CUST03001,2022-09-26,Damaged in Transit,1800.0,Refunded,13,Office Supplies
RET005769,ORD0030276,PROD0244,CUST01860,2021-11-07,Defective Product,1119.0,Refunded,14,Grocery
RET005770,ORD0030284,PROD0726,CUST04642,2020-06-30,Damaged in Transit,49753.0,Refunded,13,Electronics
RET005771,ORD0030286,PROD0368,CUST03892,2023-05-13,Better Price Found,4299.0,Pending,5,Beauty & Health
RET005772,ORD0030286,PROD0645,CUST03892,2023-05-13,Defective Product,246528.0,Rejected,14,Electronics
RET005773,ORD0030293,PROD0785,CUST03145,2021-11-26,Defective Product,738.0,Refunded,9,Books
RET005774,ORD0030309,PROD0316,CUST01462,2022-05-27,Wrong Item,2256.0,Pending,11,Toys & Games
RET005775,ORD0030311,PROD0484,CUST01871,2020-03-20,Better Price Found,26350.0,Refunded,4,Home & Kitchen
RET005776,ORD0030319,PROD0301,CUST02565,2021-01-25,Damaged in Transit,7530.0,Pending,5,Sports & Fitness
RET005777,ORD0030330,PROD0178,CUST03779,2021-01-15,Wrong Item,1119.0,Refunded,10,Toys & Games
RET005778,ORD0030330,PROD0151,CUST03779,2021-01-15,Better Price Found,2056.0,Rejected,12,Sports & Fitness
RET005779,ORD0030334,PROD0547,CUST02195,2021-09-06,Size Issue,350.0,Refunded,4,Grocery
RET005780,ORD0030334,PROD0183,CUST02195,2021-09-06,Wrong Item,44368.0,Refunded,3,Electronics
RET005781,ORD0030349,PROD0680,CUST03918,2022-03-22,Wrong Item,16512.0,Refunded,9,Office Supplies
RET005782,ORD0030357,PROD0591,CUST03648,2021-11-14,Damaged in Transit,1556.0,Pending,7,Grocery
RET005783,ORD0030376,PROD0189,CUST04845,2023-06-17,Size Issue,16023.0,Rejected,10,Office Supplies
RET005784,ORD0030376,PROD0633,CUST04845,2023-06-17,Defective Product,5538.0,Refunded,6,Toys & Games
RET005785,ORD0030386,PROD0677,CUST04359,2023-04-13,Damaged in Transit,2370.0,Refunded,14,Toys & Games
RET005786,ORD0030386,PROD0026,CUST04359,2023-04-13,Damaged in Transit,11742.0,Pending,6,Sports & Fitness
RET005787,ORD0030397,PROD0056,CUST01320,2022-01-24,Changed Mind,4940.0,Refunded,4,Beauty & Health
RET005788,ORD0030397,PROD0760,CUST01320,2022-01-24,Size Issue,7587.0,Rejected,6,Fashion
RET005789,ORD0030397,PROD0782,CUST01320,2022-01-24,Damaged in Transit,52305.0,Refunded,6,Sports & Fitness
RET005790,ORD0030416,PROD0260,CUST04835,2024-01-17,Better Price Found,914.0,Refunded,7,Books
RET005791,ORD0030416,PROD0392,CUST04835,2024-01-17,Better Price Found,7323.0,Rejected,11,Sports & Fitness
RET005792,ORD0030442,PROD0729,CUST00779,2021-08-25,Wrong Item,764.0,Refunded,14,Books
RET005793,ORD0030442,PROD0765,CUST00779,2021-08-25,Wrong Item,6708.0,Refunded,5,Home & Kitchen
RET005794,ORD0030442,PROD0126,CUST00779,2021-08-25,Size Issue,4947.0,Refunded,10,Fashion
RET005795,ORD0030442,PROD0680,CUST00779,2021-08-25,Changed Mind,7822.0,Refunded,4,Office Supplies
RET005796,ORD0030446,PROD0373,CUST01965,2020-11-02,Size Issue,23465.0,Refunded,10,Home & Kitchen
RET005797,ORD0030468,PROD0671,CUST01354,2022-07-24,Better Price Found,21444.0,Refunded,8,Fashion
RET005798,ORD0030468,PROD0316,CUST01354,2022-07-24,Size Issue,1990.0,Refunded,10,Toys & Games
RET005799,ORD0030468,PROD0133,CUST01354,2022-07-24,Better Price Found,4550.0,Pending,8,Office Supplies
RET005800,ORD0030482,PROD0775,CUST04647,2020-08-03,Changed Mind,63198.0,Refunded,5,Home & Kitchen
RET005801,ORD0030508,PROD0211,CUST00088,2022-08-31,Damaged in Transit,8317.0,Refunded,7,Home & Kitchen
RET005802,ORD0030512,PROD0595,CUST01828,2024-11-09,Damaged in Transit,8504.0,Refunded,8,Automotive
RET005803,ORD0030526,PROD0304,CUST03081,2023-09-20,Defective Product,2835.0,Refunded,3,Beauty & Health
RET005804,ORD0030553,PROD0701,CUST00807,2024-08-18,Damaged in Transit,27367.0,Refunded,7,Home & Kitchen
RET005805,ORD0030573,PROD0561,CUST01823,2024-07-20,Wrong Item,5512.0,Rejected,8,Books
RET005806,ORD0030573,PROD0390,CUST01823,2024-07-20,Damaged in Transit,3674.0,Pending,11,Electronics
RET005807,ORD0030591,PROD0177,CUST00465,2021-08-04,Damaged in Transit,5406.0,Refunded,3,Sports & Fitness
RET005808,ORD0030591,PROD0110,CUST00465,2021-08-04,Wrong Item,1804.0,Refunded,9,Beauty & Health
RET005809,ORD0030591,PROD0371,CUST00465,2021-08-04,Changed Mind,666.0,Pending,8,Beauty & Health
RET005810,ORD0030609,PROD0651,CUST00018,2024-02-22,Changed Mind,14985.0,Refunded,3,Sports & Fitness
RET005811,ORD0030622,PROD0458,CUST00320,2023-04-30,Better Price Found,7056.0,Pending,8,Fashion
RET005812,ORD0030622,PROD0742,CUST00320,2023-04-30,Size Issue,206.0,Refunded,5,Books
RET005813,ORD0030622,PROD0533,CUST00320,2023-04-30,Size Issue,7694.0,Refunded,6,Office Supplies
RET005814,ORD0030622,PROD0614,CUST00320,2023-04-30,Size Issue,10158.0,Refunded,10,Automotive
RET005815,ORD0030625,PROD0747,CUST01430,2021-08-06,Size Issue,4872.0,Refunded,4,Fashion
RET005816,ORD0030645,PROD0475,CUST02460,2023-04-29,Wrong Item,493.0,Refunded,5,Books
RET005817,ORD0030647,PROD0071,CUST02382,2023-07-10,Defective Product,722.0,Refunded,9,Books
RET005818,ORD0030660,PROD0474,CUST01455,2024-10-07,Defective Product,5988.0,Refunded,4,Automotive
RET005819,ORD0030664,PROD0002,CUST04047,2023-12-19,Better Price Found,12430.0,Refunded,11,Toys & Games
RET005820,ORD0030664,PROD0388,CUST04047,2023-12-19,Changed Mind,677.0,Refunded,4,Toys & Games
RET005821,ORD0030674,PROD0744,CUST01000,2022-04-16,Size Issue,626.0,Refunded,8,Grocery
RET005822,ORD0030674,PROD0690,CUST01000,2022-04-16,Damaged in Transit,368.0,Refunded,13,Books
RET005823,ORD0030704,PROD0205,CUST04990,2022-12-03,Damaged in Transit,4347.0,Refunded,3,Toys & Games
RET005824,ORD0030704,PROD0247,CUST04990,2022-12-03,Defective Product,1404.0,Refunded,11,Books
RET005825,ORD0030726,PROD0242,CUST00585,2022-09-14,Wrong Item,374.0,Refunded,10,Grocery
RET005826,ORD0030742,PROD0148,CUST00215,2022-02-21,Wrong Item,72844.0,Refunded,13,Electronics
RET005827,ORD0030747,PROD0206,CUST03179,2020-10-07,Defective Product,10382.0,Pending,12,Office Supplies
RET005828,ORD0030754,PROD0664,CUST04271,2020-02-28,Changed Mind,28266.0,Refunded,11,Home & Kitchen
RET005829,ORD0030759,PROD0490,CUST01761,2024-01-09,Changed Mind,22310.0,Refunded,8,Sports & Fitness
RET005830,ORD0030760,PROD0435,CUST04898,2020-05-25,Wrong Item,1826.0,Refunded,13,Books
RET005831,ORD0030760,PROD0583,CUST04898,2020-05-25,Better Price Found,18548.0,Pending,3,Automotive
RET005832,ORD0030773,PROD0769,CUST01205,2020-10-02,Better Price Found,9202.0,Refunded,4,Automotive
RET005833,ORD0030773,PROD0637,CUST01205,2020-10-02,Wrong Item,3456.0,Refunded,11,Beauty & Health
RET005834,ORD0030773,PROD0060,CUST01205,2020-10-02,Damaged in Transit,6946.0,Refunded,12,Fashion
RET005835,ORD0030807,PROD0383,CUST02611,2022-11-29,Changed Mind,13722.0,Refunded,11,Fashion
RET005836,ORD0030809,PROD0308,CUST01255,2023-11-30,Defective Product,5703.0,Refunded,11,Office Supplies
RET005837,ORD0030809,PROD0632,CUST01255,2023-11-30,Damaged in Transit,6748.0,Refunded,3,Beauty & Health
RET005838,ORD0030809,PROD0516,CUST01255,2023-11-30,Wrong Item,25624.0,Refunded,7,Sports & Fitness
RET005839,ORD0030812,PROD0108,CUST04059,2024-06-11,Damaged in Transit,112398.0,Refunded,13,Home & Kitchen
RET005840,ORD0030812,PROD0642,CUST04059,2024-06-11,Damaged in Transit,13154.0,Pending,3,Automotive
RET005841,ORD0030812,PROD0609,CUST04059,2024-06-11,Size Issue,1779.0,Refunded,13,Fashion
RET005842,ORD0030829,PROD0146,CUST01512,2024-09-22,Damaged in Transit,524.0,Refunded,11,Office Supplies
RET005843,ORD0030838,PROD0253,CUST04533,2024-03-11,Defective Product,243.0,Refunded,7,Toys & Games
RET005844,ORD0030838,PROD0239,CUST04533,2024-03-11,Wrong Item,2842.0,Rejected,7,Fashion
RET005845,ORD0030838,PROD0507,CUST04533,2024-03-11,Better Price Found,9340.0,Pending,13,Automotive
RET005846,ORD0030847,PROD0028,CUST03198,2020-07-14,Changed Mind,761.0,Refunded,9,Sports & Fitness
RET005847,ORD0030849,PROD0609,CUST01696,2024-05-20,Damaged in Transit,3558.0,Refunded,5,Fashion
RET005848,ORD0030850,PROD0643,CUST02041,2021-09-15,Wrong Item,14396.0,Refunded,14,Fashion
RET005849,ORD0030850,PROD0734,CUST02041,2021-09-15,Size Issue,4022.0,Refunded,9,Fashion
RET005850,ORD0030862,PROD0687,CUST00354,2020-08-27,Changed Mind,11929.0,Refunded,10,Automotive
RET005851,ORD0030865,PROD0180,CUST00137,2022-09-29,Better Price Found,19617.0,Refunded,14,Home & Kitchen
RET005852,ORD0030865,PROD0172,CUST00137,2022-09-29,Damaged in Transit,8660.0,Pending,5,Fashion
RET005853,ORD0030865,PROD0475,CUST00137,2022-09-29,Changed Mind,2216.0,Refunded,4,Books
RET005854,ORD0030871,PROD0106,CUST02844,2020-06-27,Size Issue,470.0,Refunded,12,Books
RET005855,ORD0030876,PROD0271,CUST00788,2023-09-17,Wrong Item,5250.0,Refunded,10,Toys & Games
RET005856,ORD0030903,PROD0554,CUST04362,2020-09-18,Damaged in Transit,2195.0,Refunded,10,Fashion
RET005857,ORD0030911,PROD0494,CUST04433,2023-08-28,Changed Mind,38458.0,Refunded,11,Automotive
RET005858,ORD0030911,PROD0202,CUST04433,2023-08-28,Wrong Item,6479.0,Refunded,3,Sports & Fitness
RET005859,ORD0030911,PROD0712,CUST04433,2023-08-28,Size Issue,18383.0,Refunded,10,Home & Kitchen
RET005860,ORD0030911,PROD0592,CUST04433,2023-08-28,Size Issue,3375.0,Pending,9,Sports & Fitness
RET005861,ORD0030912,PROD0257,CUST03103,2023-07-07,Defective Product,27147.0,Refunded,11,Electronics
RET005862,ORD0030912,PROD0684,CUST03103,2023-07-07,Defective Product,54732.0,Refunded,5,Electronics
RET005863,ORD0030918,PROD0097,CUST03468,2021-03-21,Size Issue,8042.0,Refunded,12,Automotive
RET005864,ORD0030918,PROD0005,CUST03468,2021-03-21,Changed Mind,5870.0,Refunded,3,Automotive
RET005865,ORD0030920,PROD0688,CUST03797,2021-02-24,Size Issue,9088.0,Rejected,7,Office Supplies
RET005866,ORD0030935,PROD0105,CUST00779,2023-02-16,Changed Mind,390.0,Refunded,11,Beauty & Health
RET005867,ORD0030935,PROD0216,CUST00779,2023-02-16,Wrong Item,11507.0,Refunded,3,Fashion
RET005868,ORD0030953,PROD0455,CUST04495,2020-09-11,Defective Product,10638.0,Refunded,7,Automotive
RET005869,ORD0030953,PROD0216,CUST04495,2020-09-11,Defective Product,23014.0,Refunded,13,Fashion
RET005870,ORD0030958,PROD0203,CUST00799,2020-02-14,Defective Product,3902.0,Refunded,12,Fashion
RET005871,ORD0030958,PROD0486,CUST00799,2020-02-14,Better Price Found,31376.0,Refunded,9,Electronics
RET005872,ORD0030968,PROD0032,CUST03017,2021-02-17,Size Issue,33796.0,Refunded,12,Home & Kitchen
RET005873,ORD0030968,PROD0186,CUST03017,2021-02-17,Better Price Found,45952.0,Refunded,8,Electronics
RET005874,ORD0030974,PROD0761,CUST00397,2022-09-09,Better Price Found,1533.0,Refunded,8,Books
RET005875,ORD0030980,PROD0660,CUST00233,2023-05-04,Defective Product,8834.0,Refunded,5,Sports & Fitness
RET005876,ORD0030980,PROD0405,CUST00233,2023-05-04,Size Issue,6652.0,Refunded,9,Fashion
RET005877,ORD0030991,PROD0539,CUST01576,2020-12-08,Changed Mind,14184.0,Pending,10,Home & Kitchen
RET005878,ORD0030991,PROD0170,CUST01576,2020-12-08,Changed Mind,980.0,Refunded,14,Grocery
RET005879,ORD0030999,PROD0646,CUST03660,2021-02-10,Wrong Item,14869.0,Refunded,7,Sports & Fitness
RET005880,ORD0031004,PROD0648,CUST01759,2021-01-18,Damaged in Transit,3332.0,Refunded,3,Fashion
RET005881,ORD0031005,PROD0135,CUST04735,2022-01-27,Changed Mind,8172.0,Refunded,13,Automotive
RET005882,ORD0031010,PROD0529,CUST03625,2021-12-06,Changed Mind,768.0,Refunded,7,Books
RET005883,ORD0031018,PROD0547,CUST04288,2022-03-25,Defective Product,1050.0,Refunded,11,Grocery
RET005884,ORD0031018,PROD0658,CUST04288,2022-03-25,Changed Mind,1124.0,Refunded,13,Books
RET005885,ORD0031018,PROD0215,CUST04288,2022-03-25,Size Issue,837.0,Refunded,12,Books
RET005886,ORD0031018,PROD0516,CUST04288,2022-03-25,Changed Mind,14235.0,Refunded,4,Sports & Fitness
RET005887,ORD0031018,PROD0511,CUST04288,2022-03-25,Damaged in Transit,1365.0,Pending,8,Office Supplies
RET005888,ORD0031032,PROD0096,CUST03451,2022-05-05,Defective Product,1053.0,Refunded,6,Office Supplies
RET005889,ORD0031032,PROD0694,CUST03451,2022-05-05,Defective Product,12134.0,Refunded,5,Sports & Fitness
RET005890,ORD0031041,PROD0390,CUST03363,2021-07-08,Defective Product,4199.0,Refunded,6,Electronics
RET005891,ORD0031045,PROD0258,CUST02545,2021-09-12,Better Price Found,6884.0,Refunded,3,Beauty & Health
RET005892,ORD0031045,PROD0758,CUST02545,2021-09-12,Defective Product,1500.0,Refunded,4,Toys & Games
RET005893,ORD0031045,PROD0670,CUST02545,2021-09-12,Defective Product,1334.0,Pending,7,Books
RET005894,ORD0031045,PROD0182,CUST02545,2021-09-12,Changed Mind,556.0,Refunded,3,Grocery
RET005895,ORD0031045,PROD0476,CUST02545,2021-09-12,Size Issue,4266.0,Refunded,12,Toys & Games
RET005896,ORD0031047,PROD0263,CUST04961,2023-05-21,Size Issue,2254.0,Refunded,7,Beauty & Health
RET005897,ORD0031050,PROD0791,CUST01355,2023-08-03,Better Price Found,874.0,Refunded,12,Fashion
RET005898,ORD0031050,PROD0746,CUST01355,2023-08-03,Size Issue,239.0,Refunded,12,Grocery
RET005899,ORD0031056,PROD0536,CUST01195,2023-03-02,Changed Mind,828.0,Refunded,7,Grocery
RET005900,ORD0031056,PROD0333,CUST01195,2023-03-02,Changed Mind,578.0,Refunded,7,Home & Kitchen
RET005901,ORD0031066,PROD0726,CUST03496,2020-10-29,Better Price Found,49753.0,Refunded,10,Electronics
RET005902,ORD0031066,PROD0716,CUST03496,2020-10-29,Damaged in Transit,10952.0,Rejected,6,Toys & Games
RET005903,ORD0031079,PROD0751,CUST02363,2023-05-13,Size Issue,2824.0,Refunded,7,Grocery
RET005904,ORD0031085,PROD0449,CUST01574,2024-05-06,Better Price Found,25656.0,Refunded,11,Home & Kitchen
RET005905,ORD0031092,PROD0233,CUST02038,2020-06-29,Damaged in Transit,137919.0,Pending,7,Electronics
RET005906,ORD0031092,PROD0706,CUST02038,2020-06-29,Changed Mind,49812.0,Refunded,14,Sports & Fitness
RET005907,ORD0031094,PROD0695,CUST04135,2024-07-07,Size Issue,5472.0,Refunded,4,Grocery
RET005908,ORD0031094,PROD0532,CUST04135,2024-07-07,Better Price Found,2810.0,Pending,6,Beauty & Health
RET005909,ORD0031103,PROD0305,CUST02453,2024-01-02,Size Issue,31370.0,Refunded,12,Home & Kitchen
RET005910,ORD0031103,PROD0101,CUST02453,2024-01-02,Changed Mind,12656.0,Refunded,7,Automotive
RET005911,ORD0031103,PROD0469,CUST02453,2024-01-02,Damaged in Transit,102.0,Pending,7,Grocery
RET005912,ORD0031103,PROD0613,CUST02453,2024-01-02,Changed Mind,210.0,Rejected,4,Grocery
RET005913,ORD0031105,PROD0632,CUST01987,2024-07-03,Wrong Item,3205.0,Refunded,11,Beauty & Health
RET005914,ORD0031105,PROD0539,CUST01987,2024-07-03,Damaged in Transit,7926.0,Pending,12,Home & Kitchen
RET005915,ORD0031112,PROD0469,CUST04866,2020-05-02,Changed Mind,39.0,Refunded,4,Grocery
RET005916,ORD0031112,PROD0109,CUST04866,2020-05-02,Wrong Item,29821.0,Refunded,9,Electronics
RET005917,ORD0031112,PROD0034,CUST04866,2020-05-02,Changed Mind,47628.0,Refunded,9,Electronics
RET005918,ORD0031116,PROD0550,CUST04095,2024-02-06,Better Price Found,82794.0,Refunded,7,Home & Kitchen
RET005919,ORD0031166,PROD0643,CUST00727,2021-07-08,Changed Mind,7577.0,Refunded,7,Fashion
RET005920,ORD0031166,PROD0785,CUST00727,2021-07-08,Damaged in Transit,646.0,Refunded,12,Books
RET005921,ORD0031166,PROD0367,CUST00727,2021-07-08,Changed Mind,10998.0,Refunded,10,Office Supplies
RET005922,ORD0031174,PROD0426,CUST03594,2024-06-06,Changed Mind,38299.0,Refunded,6,Home & Kitchen
RET005923,ORD0031174,PROD0651,CUST03594,2024-06-06,Defective Product,12844.0,Refunded,10,Sports & Fitness
RET005924,ORD0031174,PROD0645,CUST03594,2024-06-06,Changed Mind,94818.0,Refunded,10,Electronics
RET005925,ORD0031174,PROD0058,CUST03594,2024-06-06,Wrong Item,9034.0,Refunded,3,Home & Kitchen
RET005926,ORD0031174,PROD0122,CUST03594,2024-06-06,Damaged in Transit,59356.0,Refunded,6,Sports & Fitness
RET005927,ORD0031193,PROD0327,CUST04058,2020-09-16,Damaged in Transit,6924.0,Refunded,10,Toys & Games
RET005928,ORD0031198,PROD0045,CUST01256,2022-07-21,Defective Product,1620.0,Refunded,4,Grocery
RET005929,ORD0031198,PROD0483,CUST01256,2022-07-21,Size Issue,970.0,Refunded,11,Books
RET005930,ORD0031199,PROD0552,CUST00499,2020-05-12,Defective Product,808.0,Refunded,14,Beauty & Health
RET005931,ORD0031202,PROD0497,CUST00903,2020-02-15,Wrong Item,21303.0,Pending,6,Automotive
RET005932,ORD0031231,PROD0260,CUST01037,2020-12-01,Size Issue,1698.0,Refunded,13,Books
RET005933,ORD0031231,PROD0488,CUST01037,2020-12-01,Wrong Item,17692.0,Pending,4,Fashion
RET005934,ORD0031231,PROD0626,CUST01037,2020-12-01,Damaged in Transit,46890.0,Rejected,14,Sports & Fitness
RET005935,ORD0031238,PROD0188,CUST01373,2020-09-27,Defective Product,788.0,Refunded,13,Books
RET005936,ORD0031240,PROD0504,CUST03574,2022-06-03,Damaged in Transit,55320.0,Refunded,7,Home & Kitchen
RET005937,ORD0031252,PROD0420,CUST04461,2021-06-14,Better Price Found,33432.0,Refunded,9,Sports & Fitness
RET005938,ORD0031269,PROD0104,CUST00234,2023-12-08,Defective Product,37614.0,Refunded,3,Sports & Fitness
RET005939,ORD0031281,PROD0251,CUST04800,2021-11-21,Defective Product,125844.0,Refunded,12,Electronics
RET005940,ORD0031281,PROD0719,CUST04800,2021-11-21,Defective Product,2738.0,Refunded,7,Books
RET005941,ORD0031281,PROD0230,CUST04800,2021-11-21,Size Issue,8224.0,Refunded,7,Office Supplies
RET005942,ORD0031281,PROD0291,CUST04800,2021-11-21,Wrong Item,1376.0,Refunded,10,Office Supplies
RET005943,ORD0031303,PROD0576,CUST04469,2020-03-13,Better Price Found,36108.0,Refunded,10,Fashion
RET005944,ORD0031307,PROD0789,CUST03194,2023-11-14,Changed Mind,77233.0,Refunded,3,Electronics
RET005945,ORD0031307,PROD0418,CUST03194,2023-11-14,Wrong Item,2360.0,Refunded,3,Books
RET005946,ORD0031326,PROD0434,CUST02229,2021-06-24,Defective Product,3468.0,Refunded,6,Sports & Fitness
RET005947,ORD0031330,PROD0631,CUST02712,2024-05-05,Changed Mind,1153.0,Refunded,12,Beauty & Health
RET005948,ORD0031330,PROD0473,CUST02712,2024-05-05,Changed Mind,778.0,Pending,12,Office Supplies
RET005949,ORD0031330,PROD0162,CUST02712,2024-05-05,Damaged in Transit,4020.0,Pending,14,Beauty & Health
RET005950,ORD0031333,PROD0360,CUST02046,2022-01-07,Wrong Item,3324.0,Refunded,7,Electronics
RET005951,ORD0031339,PROD0678,CUST00405,2021-11-14,Damaged in Transit,1883.0,Pending,4,Office Supplies
RET005952,ORD0031339,PROD0229,CUST00405,2021-11-14,Defective Product,7326.0,Refunded,3,Fashion
RET005953,ORD0031339,PROD0752,CUST00405,2021-11-14,Damaged in Transit,94.0,Refunded,7,Office Supplies
RET005954,ORD0031339,PROD0321,CUST00405,2021-11-14,Damaged in Transit,15441.0,Refunded,8,Home & Kitchen
RET005955,ORD0031339,PROD0311,CUST00405,2021-11-14,Size Issue,640.0,Refunded,8,Books
RET005956,ORD0031343,PROD0093,CUST04180,2022-09-17,Changed Mind,4076.0,Refunded,4,Office Supplies
RET005957,ORD0031343,PROD0373,CUST04180,2022-09-17,Damaged in Transit,46930.0,Refunded,10,Home & Kitchen
RET005958,ORD0031349,PROD0768,CUST02286,2023-07-13,Size Issue,3234.0,Refunded,9,Books
RET005959,ORD0031351,PROD0692,CUST01322,2024-03-29,Better Price Found,4126.0,Pending,3,Office Supplies
RET005960,ORD0031351,PROD0269,CUST01322,2024-03-29,Changed Mind,4300.0,Refunded,3,Sports & Fitness
RET005961,ORD0031351,PROD0599,CUST01322,2024-03-29,Changed Mind,37194.0,Refunded,9,Home & Kitchen
RET005962,ORD0031351,PROD0694,CUST01322,2024-03-29,Changed Mind,12134.0,Refunded,10,Sports & Fitness
RET005963,ORD0031351,PROD0104,CUST01322,2024-03-29,Better Price Found,17553.0,Refunded,13,Sports & Fitness
RET005964,ORD0031357,PROD0018,CUST04018,2024-03-01,Size Issue,7138.0,Refunded,11,Fashion
RET005965,ORD0031362,PROD0706,CUST01195,2020-07-16,Defective Product,44568.0,Refunded,9,Sports & Fitness
RET005966,ORD0031362,PROD0040,CUST01195,2020-07-16,Changed Mind,4056.0,Refunded,3,Grocery
RET005967,ORD0031365,PROD0502,CUST02433,2022-06-25,Better Price Found,1032.0,Refunded,13,Grocery
RET005968,ORD0031365,PROD0561,CUST02433,2022-06-25,Changed Mind,1378.0,Refunded,5,Books
RET005969,ORD0031375,PROD0641,CUST03669,2023-09-08,Better Price Found,638.0,Refunded,11,Books
RET005970,ORD0031375,PROD0002,CUST03669,2023-09-08,Size Issue,6215.0,Refunded,12,Toys & Games
RET005971,ORD0031375,PROD0029,CUST03669,2023-09-08,Damaged in Transit,2306.0,Pending,8,Books
RET005972,ORD0031400,PROD0330,CUST01081,2022-12-07,Damaged in Transit,13982.0,Pending,12,Electronics
RET005973,ORD0031400,PROD0311,CUST01081,2022-12-07,Damaged in Transit,597.0,Refunded,7,Books
RET005974,ORD0031400,PROD0001,CUST01081,2022-12-07,Damaged in Transit,14228.0,Refunded,10,Toys & Games
RET005975,ORD0031401,PROD0251,CUST02900,2023-02-04,Size Issue,29214.0,Refunded,8,Electronics
RET005976,ORD0031401,PROD0796,CUST02900,2023-02-04,Defective Product,2086.0,Refunded,9,Office Supplies
RET005977,ORD0031401,PROD0662,CUST02900,2023-02-04,Size Issue,12279.0,Refunded,13,Automotive
RET005978,ORD0031428,PROD0661,CUST04193,2022-06-24,Damaged in Transit,23808.0,Pending,5,Home & Kitchen
RET005979,ORD0031437,PROD0703,CUST03431,2020-08-29,Size Issue,13059.0,Refunded,6,Electronics
RET005980,ORD0031451,PROD0513,CUST00288,2023-05-23,Better Price Found,31989.0,Refunded,13,Automotive
RET005981,ORD0031452,PROD0640,CUST01676,2024-02-05,Better Price Found,3340.0,Refunded,13,Toys & Games
RET005982,ORD0031452,PROD0454,CUST01676,2024-02-05,Size Issue,2102.0,Refunded,5,Toys & Games
RET005983,ORD0031452,PROD0221,CUST01676,2024-02-05,Damaged in Transit,33324.0,Refunded,9,Home & Kitchen
RET005984,ORD0031452,PROD0006,CUST01676,2024-02-05,Changed Mind,6198.0,Refunded,6,Beauty & Health
RET005985,ORD0031460,PROD0015,CUST00579,2024-05-17,Wrong Item,6408.0,Refunded,11,Fashion
RET005986,ORD0031460,PROD0475,CUST00579,2024-05-17,Wrong Item,986.0,Refunded,11,Books
RET005987,ORD0031460,PROD0169,CUST00579,2024-05-17,Better Price Found,9901.0,Refunded,11,Home & Kitchen
RET005988,ORD0031461,PROD0005,CUST02159,2020-06-15,Damaged in Transit,17610.0,Refunded,5,Automotive
RET005989,ORD0031474,PROD0394,CUST02320,2023-11-24,Defective Product,4094.0,Refunded,11,Office Supplies
RET005990,ORD0031488,PROD0422,CUST03283,2023-04-25,Damaged in Transit,10200.0,Pending,8,Fashion
RET005991,ORD0031488,PROD0697,CUST03283,2023-04-25,Better Price Found,33176.0,Rejected,11,Sports & Fitness
RET005992,ORD0031499,PROD0251,CUST04040,2022-04-14,Defective Product,67418.0,Refunded,6,Electronics
RET005993,ORD0031499,PROD0536,CUST04040,2022-04-14,Changed Mind,276.0,Refunded,3,Grocery
RET005994,ORD0031499,PROD0464,CUST04040,2022-04-14,Wrong Item,7242.0,Refunded,7,Beauty & Health
RET005995,ORD0031518,PROD0690,CUST02606,2020-05-21,Size Issue,736.0,Refunded,14,Books
RET005996,ORD0031527,PROD0503,CUST01188,2024-05-25,Wrong Item,8937.0,Refunded,10,Office Supplies
RET005997,ORD0031534,PROD0742,CUST00439,2024-12-28,Changed Mind,618.0,Refunded,7,Books
RET005998,ORD0031534,PROD0621,CUST00439,2024-12-28,Wrong Item,4931.0,Refunded,9,Fashion
RET005999,ORD0031534,PROD0166,CUST00439,2024-12-28,Wrong Item,22152.0,Refunded,9,Fashion
RET006000,ORD0031535,PROD0136,CUST00332,2024-06-14,Changed Mind,123760.0,Refunded,9,Electronics
RET006001,ORD0031535,PROD0629,CUST00332,2024-06-14,Damaged in Transit,1403.0,Refunded,4,Books
RET006002,ORD0031535,PROD0184,CUST00332,2024-06-14,Defective Product,2465.0,Refunded,14,Office Supplies
RET006003,ORD0031535,PROD0593,CUST00332,2024-06-14,Better Price Found,10383.0,Refunded,8,Home & Kitchen
RET006004,ORD0031559,PROD0517,CUST01374,2020-06-03,Damaged in Transit,1176.0,Refunded,11,Grocery
RET006005,ORD0031559,PROD0753,CUST01374,2020-06-03,Damaged in Transit,6819.0,Refunded,12,Office Supplies
RET006006,ORD0031562,PROD0441,CUST04301,2022-12-06,Changed Mind,2361.0,Refunded,9,Grocery
RET006007,ORD0031572,PROD0050,CUST02054,2024-09-25,Changed Mind,103000.0,Refunded,6,Electronics
RET006008,ORD0031572,PROD0725,CUST02054,2024-09-25,Changed Mind,1791.0,Refunded,8,Office Supplies
RET006009,ORD0031580,PROD0687,CUST01441,2022-11-28,Better Price Found,11929.0,Refunded,9,Automotive
RET006010,ORD0031580,PROD0394,CUST01441,2022-11-28,Changed Mind,17468.0,Refunded,13,Office Supplies
RET006011,ORD0031582,PROD0247,CUST04031,2021-01-02,Better Price Found,401.0,Rejected,9,Books
RET006012,ORD0031582,PROD0449,CUST04031,2021-01-02,Damaged in Transit,13583.0,Refunded,7,Home & Kitchen
RET006013,ORD0031582,PROD0562,CUST04031,2021-01-02,Size Issue,38003.0,Rejected,4,Electronics
RET006014,ORD0031596,PROD0335,CUST00034,2020-11-05,Better Price Found,2242.0,Refunded,11,Grocery
RET006015,ORD0031606,PROD0560,CUST03450,2022-09-16,Better Price Found,17704.0,Refunded,13,Home & Kitchen
RET006016,ORD0031606,PROD0616,CUST03450,2022-09-16,Defective Product,11668.0,Refunded,5,Automotive
RET006017,ORD0031619,PROD0228,CUST03961,2022-02-20,Wrong Item,202.0,Refunded,11,Books
RET006018,ORD0031619,PROD0191,CUST03961,2022-02-20,Damaged in Transit,12510.0,Rejected,5,Office Supplies
RET006019,ORD0031636,PROD0622,CUST01381,2024-08-10,Wrong Item,1365.0,Refunded,6,Toys & Games
RET006020,ORD0031646,PROD0616,CUST04581,2025-01-07,Wrong Item,23336.0,Refunded,8,Automotive
RET006021,ORD0031658,PROD0581,CUST04535,2024-11-01,Defective Product,629.0,Refunded,5,Grocery
RET006022,ORD0031658,PROD0107,CUST04535,2024-11-01,Better Price Found,586.0,Refunded,5,Grocery
RET006023,ORD0031670,PROD0168,CUST04814,2022-11-06,Size Issue,4882.0,Refunded,9,Office Supplies
RET006024,ORD0031680,PROD0038,CUST04871,2020-02-05,Changed Mind,3799.0,Refunded,10,Beauty & Health
RET006025,ORD0031690,PROD0673,CUST01857,2023-05-10,Size Issue,79460.0,Rejected,3,Electronics
RET006026,ORD0031695,PROD0344,CUST02268,2024-06-26,Changed Mind,11628.0,Refunded,9,Fashion
RET006027,ORD0031696,PROD0249,CUST02517,2024-10-20,Defective Product,684.0,Refunded,4,Books
RET006028,ORD0031696,PROD0494,CUST02517,2024-10-20,Size Issue,17306.0,Refunded,5,Automotive
RET006029,ORD0031696,PROD0643,CUST02517,2024-10-20,Size Issue,7577.0,Rejected,14,Fashion
RET006030,ORD0031710,PROD0381,CUST00030,2023-03-16,Wrong Item,4139.0,Pending,5,Office Supplies
RET006031,ORD0031710,PROD0127,CUST00030,2023-03-16,Changed Mind,1067.0,Refunded,7,Sports & Fitness
RET006032,ORD0031714,PROD0716,CUST01561,2021-02-03,Size Issue,10952.0,Refunded,9,Toys & Games
RET006033,ORD0031727,PROD0231,CUST01217,2020-05-16,Changed Mind,648.0,Refunded,9,Grocery
RET006034,ORD0031727,PROD0795,CUST01217,2020-05-16,Changed Mind,45843.0,Refunded,12,Electronics
RET006035,ORD0031727,PROD0353,CUST01217,2020-05-16,Size Issue,42694.0,Refunded,12,Electronics
RET006036,ORD0031727,PROD0509,CUST01217,2020-05-16,Defective Product,47894.0,Pending,6,Electronics
RET006037,ORD0031734,PROD0211,CUST01153,2023-12-21,Changed Mind,24951.0,Pending,5,Home & Kitchen
RET006038,ORD0031736,PROD0444,CUST02275,2024-07-15,Changed Mind,1659.0,Refunded,7,Grocery
RET006039,ORD0031755,PROD0452,CUST03172,2023-05-26,Size Issue,28198.0,Refunded,5,Sports & Fitness
RET006040,ORD0031785,PROD0172,CUST03214,2021-07-03,Size Issue,3789.0,Refunded,7,Fashion
RET006041,ORD0031785,PROD0135,CUST03214,2021-07-03,Changed Mind,17366.0,Refunded,5,Automotive
RET006042,ORD0031785,PROD0561,CUST03214,2021-07-03,Wrong Item,1378.0,Refunded,4,Books
RET006043,ORD0031842,PROD0350,CUST04499,2023-11-02,Better Price Found,47476.0,Refunded,12,Sports & Fitness
RET006044,ORD0031865,PROD0700,CUST00312,2022-09-06,Damaged in Transit,600.0,Pending,7,Books
RET006045,ORD0031871,PROD0168,CUST01806,2023-02-23,Defective Product,4882.0,Refunded,8,Office Supplies
RET006046,ORD0031890,PROD0229,CUST04817,2024-03-22,Defective Product,8791.0,Refunded,13,Fashion
RET006047,ORD0031890,PROD0408,CUST04817,2024-03-22,Wrong Item,33704.0,Refunded,5,Sports & Fitness
RET006048,ORD0031890,PROD0262,CUST04817,2024-03-22,Defective Product,51182.0,Refunded,7,Home & Kitchen
RET006049,ORD0031898,PROD0495,CUST03202,2020-02-04,Defective Product,97854.0,Refunded,12,Electronics
RET006050,ORD0031911,PROD0103,CUST02148,2023-02-03,Changed Mind,7233.0,Refunded,5,Fashion
RET006051,ORD0031922,PROD0638,CUST01454,2024-04-13,Changed Mind,150982.0,Rejected,8,Electronics
RET006052,ORD0031922,PROD0524,CUST01454,2024-04-13,Defective Product,3951.0,Pending,9,Fashion
RET006053,ORD0031922,PROD0019,CUST01454,2024-04-13,Defective Product,9557.0,Refunded,9,Electronics
RET006054,ORD0031922,PROD0331,CUST01454,2024-04-13,Damaged in Transit,4013.0,Refunded,14,Toys & Games
RET006055,ORD0031922,PROD0004,CUST01454,2024-04-13,Wrong Item,27571.0,Refunded,4,Home & Kitchen
RET006056,ORD0031935,PROD0146,CUST01211,2020-03-18,Size Issue,490.0,Refunded,3,Office Supplies
RET006057,ORD0031935,PROD0330,CUST01211,2020-03-18,Size Issue,8156.0,Refunded,14,Electronics
RET006058,ORD0031935,PROD0536,CUST01211,2020-03-18,Better Price Found,292.0,Refunded,13,Grocery
RET006059,ORD0031935,PROD0577,CUST01211,2020-03-18,Defective Product,25776.0,Refunded,11,Office Supplies
RET006060,ORD0031935,PROD0091,CUST01211,2020-03-18,Better Price Found,1166.0,Refunded,12,Beauty & Health
RET006061,ORD0031952,PROD0208,CUST01449,2023-01-31,Damaged in Transit,40692.0,Refunded,11,Sports & Fitness
RET006062,ORD0031952,PROD0060,CUST01449,2023-01-31,Wrong Item,6946.0,Refunded,3,Fashion
RET006063,ORD0031952,PROD0611,CUST01449,2023-01-31,Changed Mind,16002.0,Refunded,4,Office Supplies
RET006064,ORD0031966,PROD0787,CUST04452,2023-01-06,Damaged in Transit,11793.0,Refunded,3,Office Supplies
RET006065,ORD0031966,PROD0128,CUST04452,2023-01-06,Wrong Item,3340.0,Refunded,13,Toys & Games
RET006066,ORD0031992,PROD0246,CUST04999,2023-01-09,Size Issue,2665.0,Refunded,8,Beauty & Health
RET006067,ORD0031993,PROD0733,CUST00273,2024-06-14,Wrong Item,14920.0,Refunded,7,Automotive
RET006068,ORD0031996,PROD0209,CUST01336,2022-04-02,Size Issue,10187.0,Refunded,13,Sports & Fitness
RET006069,ORD0032001,PROD0356,CUST02841,2024-08-28,Changed Mind,4498.0,Refunded,5,Office Supplies
RET006070,ORD0032001,PROD0274,CUST02841,2024-08-28,Changed Mind,103722.0,Pending,10,Electronics
RET006071,ORD0032001,PROD0388,CUST02841,2024-08-28,Wrong Item,2424.0,Pending,9,Toys & Games
RET006072,ORD0032001,PROD0552,CUST02841,2024-08-28,Better Price Found,755.0,Refunded,12,Beauty & Health
RET006073,ORD0032014,PROD0385,CUST02949,2021-04-26,Size Issue,7720.0,Refunded,14,Toys & Games
RET006074,ORD0032042,PROD0492,CUST03644,2022-11-09,Better Price Found,1130.0,Refunded,11,Books
RET006075,ORD0032051,PROD0363,CUST02740,2024-07-14,Better Price Found,3646.0,Refunded,12,Fashion
RET006076,ORD0032087,PROD0381,CUST02991,2020-03-31,Damaged in Transit,16556.0,Refunded,5,Office Supplies
RET006077,ORD0032087,PROD0296,CUST02991,2020-03-31,Defective Product,2238.0,Refunded,6,Toys & Games
RET006078,ORD0032100,PROD0368,CUST03057,2024-09-25,Damaged in Transit,3846.0,Refunded,6,Beauty & Health
RET006079,ORD0032131,PROD0279,CUST03838,2022-03-16,Wrong Item,1053.0,Pending,11,Grocery
RET006080,ORD0032136,PROD0074,CUST02658,2023-03-26,Better Price Found,199.0,Refunded,5,Books
RET006081,ORD0032145,PROD0449,CUST01640,2022-09-30,Wrong Item,13583.0,Pending,12,Home & Kitchen
RET006082,ORD0032145,PROD0128,CUST01640,2022-09-30,Wrong Item,1586.0,Refunded,13,Toys & Games
RET006083,ORD0032145,PROD0381,CUST01640,2022-09-30,Wrong Item,8278.0,Refunded,3,Office Supplies
RET006084,ORD0032151,PROD0149,CUST00142,2023-11-23,Size Issue,48772.0,Refunded,11,Home & Kitchen
RET006085,ORD0032151,PROD0608,CUST00142,2023-11-23,Size Issue,1752.0,Rejected,14,Grocery
RET006086,ORD0032155,PROD0636,CUST00268,2022-01-29,Defective Product,31961.0,Refunded,11,Electronics
RET006087,ORD0032161,PROD0626,CUST02102,2022-04-10,Size Issue,14588.0,Refunded,3,Sports & Fitness
RET006088,ORD0032161,PROD0312,CUST02102,2022-04-10,Wrong Item,42998.0,Refunded,14,Sports & Fitness
RET006089,ORD0032161,PROD0205,CUST02102,2022-04-10,Damaged in Transit,9274.0,Refunded,10,Toys & Games
RET006090,ORD0032189,PROD0453,CUST01842,2022-01-13,Defective Product,771.0,Refunded,13,Beauty & Health
RET006091,ORD0032216,PROD0217,CUST02948,2022-12-29,Changed Mind,4042.0,Refunded,4,Toys & Games
RET006092,ORD0032216,PROD0181,CUST02948,2022-12-29,Wrong Item,132.0,Rejected,6,Books
RET006093,ORD0032216,PROD0779,CUST02948,2022-12-29,Defective Product,1514.0,Refunded,11,Toys & Games
RET006094,ORD0032218,PROD0407,CUST03256,2022-09-27,Better Price Found,2454.0,Rejected,5,Books
RET006095,ORD0032223,PROD0668,CUST03180,2021-05-21,Defective Product,2025.0,Rejected,3,Fashion
RET006096,ORD0032223,PROD0734,CUST03180,2021-05-21,Wrong Item,4022.0,Pending,11,Fashion
RET006097,ORD0032260,PROD0058,CUST02650,2021-07-02,Damaged in Transit,8213.0,Refunded,5,Home & Kitchen
RET006098,ORD0032276,PROD0516,CUST04799,2022-04-01,Better Price Found,13523.0,Refunded,8,Sports & Fitness
RET006099,ORD0032282,PROD0337,CUST04078,2022-12-11,Size Issue,13678.0,Refunded,8,Fashion
RET006100,ORD0032282,PROD0385,CUST04078,2022-12-11,Size Issue,3860.0,Refunded,14,Toys & Games
RET006101,ORD0032282,PROD0669,CUST04078,2022-12-11,Better Price Found,16110.0,Refunded,14,Home & Kitchen
RET006102,ORD0032282,PROD0160,CUST04078,2022-12-11,Size Issue,13371.0,Refunded,7,Fashion
RET006103,ORD0032282,PROD0326,CUST04078,2022-12-11,Changed Mind,5852.0,Refunded,13,Automotive
RET006104,ORD0032286,PROD0044,CUST04974,2024-01-10,Changed Mind,2636.0,Refunded,7,Beauty & Health
RET006105,ORD0032302,PROD0142,CUST01141,2021-09-23,Better Price Found,1584.0,Refunded,5,Grocery
RET006106,ORD0032309,PROD0573,CUST01715,2023-02-08,Changed Mind,26020.0,Refunded,13,Sports & Fitness
RET006107,ORD0032309,PROD0787,CUST01715,2023-02-08,Size Issue,7034.0,Refunded,12,Office Supplies
RET006108,ORD0032312,PROD0273,CUST04780,2021-02-04,Wrong Item,18918.0,Refunded,12,Home & Kitchen
RET006109,ORD0032312,PROD0201,CUST04780,2021-02-04,Size Issue,6214.0,Refunded,4,Sports & Fitness
RET006110,ORD0032312,PROD0135,CUST04780,2021-02-04,Damaged in Transit,9194.0,Refunded,11,Automotive
RET006111,ORD0032312,PROD0664,CUST04780,2021-02-04,Damaged in Transit,53208.0,Refunded,9,Home & Kitchen
RET006112,ORD0032312,PROD0059,CUST04780,2021-02-04,Wrong Item,2427.0,Refunded,8,Beauty & Health
RET006113,ORD0032316,PROD0576,CUST02678,2023-03-07,Size Issue,12036.0,Refunded,6,Fashion
RET006114,ORD0032316,PROD0635,CUST02678,2023-03-07,Wrong Item,94092.0,Pending,11,Electronics
RET006115,ORD0032353,PROD0363,CUST00382,2020-07-29,Size Issue,3646.0,Refunded,8,Fashion
RET006116,ORD0032378,PROD0472,CUST00981,2020-10-20,Changed Mind,24568.0,Refunded,7,Home & Kitchen
RET006117,ORD0032378,PROD0595,CUST00981,2020-10-20,Size Issue,8504.0,Refunded,7,Automotive
RET006118,ORD0032379,PROD0651,CUST00173,2023-07-24,Damaged in Transit,14985.0,Refunded,11,Sports & Fitness
RET006119,ORD0032379,PROD0178,CUST00173,2023-07-24,Size Issue,2126.0,Refunded,10,Toys & Games
RET006120,ORD0032393,PROD0630,CUST00500,2021-02-18,Size Issue,5756.0,Refunded,4,Fashion
RET006121,ORD0032398,PROD0439,CUST02648,2020-05-30,Wrong Item,11114.0,Refunded,12,Fashion
RET006122,ORD0032402,PROD0337,CUST02577,2023-12-03,Damaged in Transit,20517.0,Pending,7,Fashion
RET006123,ORD0032407,PROD0011,CUST04108,2023-12-15,Size Issue,1054.0,Pending,6,Grocery
RET006124,ORD0032407,PROD0626,CUST04108,2023-12-15,Changed Mind,31260.0,Refunded,4,Sports & Fitness
RET006125,ORD0032407,PROD0427,CUST04108,2023-12-15,Size Issue,3852.0,Refunded,4,Sports & Fitness
RET006126,ORD0032407,PROD0313,CUST04108,2023-12-15,Changed Mind,3566.0,Refunded,5,Fashion
RET006127,ORD0032414,PROD0079,CUST00425,2024-05-16,Defective Product,12428.0,Refunded,8,Toys & Games
RET006128,ORD0032414,PROD0485,CUST00425,2024-05-16,Changed Mind,6774.0,Refunded,6,Beauty & Health
RET006129,ORD0032417,PROD0309,CUST00914,2021-04-20,Changed Mind,42611.0,Refunded,5,Electronics
RET006130,ORD0032427,PROD0542,CUST04028,2023-07-03,Defective Product,29845.0,Refunded,8,Home & Kitchen
RET006131,ORD0032431,PROD0446,CUST04188,2024-04-20,Changed Mind,712.0,Refunded,12,Books
RET006132,ORD0032431,PROD0460,CUST04188,2024-04-20,Size Issue,46360.0,Refunded,7,Electronics
RET006133,ORD0032431,PROD0270,CUST04188,2024-04-20,Better Price Found,607.0,Refunded,9,Books
RET006134,ORD0032436,PROD0425,CUST02467,2020-02-17,Better Price Found,18434.0,Refunded,6,Sports & Fitness
RET006135,ORD0032436,PROD0268,CUST02467,2020-02-17,Defective Product,9408.0,Refunded,13,Automotive
RET006136,ORD0032454,PROD0452,CUST00961,2021-06-01,Changed Mind,112792.0,Pending,5,Sports & Fitness
RET006137,ORD0032469,PROD0194,CUST02007,2023-11-10,Size Issue,9807.0,Refunded,8,Sports & Fitness
RET006138,ORD0032485,PROD0381,CUST00661,2023-11-04,Wrong Item,8278.0,Refunded,9,Office Supplies
RET006139,ORD0032510,PROD0688,CUST01672,2020-04-01,Damaged in Transit,4544.0,Refunded,10,Office Supplies
RET006140,ORD0032551,PROD0084,CUST00092,2022-10-05,Wrong Item,17260.0,Refunded,6,Automotive
RET006141,ORD0032573,PROD0054,CUST00050,2021-10-15,Size Issue,823.0,Pending,13,Office Supplies
RET006142,ORD0032573,PROD0250,CUST00050,2021-10-15,Size Issue,933.0,Pending,5,Grocery
RET006143,ORD0032573,PROD0127,CUST00050,2021-10-15,Better Price Found,4268.0,Refunded,4,Sports & Fitness
RET006144,ORD0032577,PROD0719,CUST03405,2022-01-09,Defective Product,3522.0,Refunded,10,Books
RET006145,ORD0032588,PROD0630,CUST01538,2023-08-03,Damaged in Transit,2708.0,Pending,3,Fashion
RET006146,ORD0032588,PROD0371,CUST01538,2023-08-03,Damaged in Transit,416.0,Refunded,12,Beauty & Health
RET006147,ORD0032590,PROD0575,CUST03145,2023-03-23,Size Issue,642.0,Refunded,14,Fashion
RET006148,ORD0032590,PROD0755,CUST03145,2023-03-23,Damaged in Transit,192856.0,Refunded,10,Electronics
RET006149,ORD0032611,PROD0024,CUST04485,2025-01-18,Better Price Found,5636.0,Refunded,9,Fashion
RET006150,ORD0032616,PROD0484,CUST00507,2022-07-28,Better Price Found,27900.0,Refunded,4,Home & Kitchen
RET006151,ORD0032636,PROD0797,CUST01029,2022-09-25,Size Issue,87564.0,Refunded,5,Home & Kitchen
RET006152,ORD0032641,PROD0472,CUST04026,2020-01-20,Damaged in Transit,45356.0,Refunded,12,Home & Kitchen
RET006153,ORD0032641,PROD0279,CUST04026,2020-01-20,Wrong Item,987.0,Pending,11,Grocery
RET006154,ORD0032646,PROD0608,CUST01869,2023-06-27,Size Issue,876.0,Pending,7,Grocery
RET006155,ORD0032646,PROD0770,CUST01869,2023-06-27,Size Issue,165.0,Refunded,10,Books
RET006156,ORD0032646,PROD0706,CUST01869,2023-06-27,Damaged in Transit,49812.0,Pending,11,Sports & Fitness
RET006157,ORD0032647,PROD0539,CUST01194,2024-11-05,Damaged in Transit,22527.0,Refunded,5,Home & Kitchen
RET006158,ORD0032648,PROD0498,CUST00942,2024-03-12,Better Price Found,109480.0,Pending,10,Electronics
RET006159,ORD0032648,PROD0658,CUST00942,2024-03-12,Defective Product,1250.0,Refunded,7,Books
RET006160,ORD0032648,PROD0081,CUST00942,2024-03-12,Defective Product,7672.0,Refunded,11,Fashion
RET006161,ORD0032668,PROD0225,CUST01537,2022-12-27,Damaged in Transit,158582.0,Pending,9,Electronics
RET006162,ORD0032668,PROD0413,CUST01537,2022-12-27,Defective Product,7116.0,Refunded,13,Sports & Fitness
RET006163,ORD0032671,PROD0094,CUST01333,2021-01-14,Changed Mind,22096.0,Refunded,10,Home & Kitchen
RET006164,ORD0032686,PROD0431,CUST04549,2024-02-28,Size Issue,1976.0,Refunded,8,Toys & Games
RET006165,ORD0032686,PROD0758,CUST04549,2024-02-28,Changed Mind,1500.0,Refunded,12,Toys & Games
RET006166,ORD0032702,PROD0744,CUST01745,2024-07-12,Size Issue,548.0,Refunded,10,Grocery
RET006167,ORD0032702,PROD0635,CUST01745,2024-07-12,Defective Product,94092.0,Refunded,10,Electronics
RET006168,ORD0032702,PROD0286,CUST01745,2024-07-12,Damaged in Transit,4006.0,Pending,9,Sports & Fitness
RET006169,ORD0032702,PROD0200,CUST01745,2024-07-12,Better Price Found,2244.0,Refunded,4,Fashion
RET006170,ORD0032707,PROD0206,CUST01466,2024-01-17,Defective Product,20764.0,Refunded,14,Office Supplies
RET006171,ORD0032707,PROD0017,CUST01466,2024-01-17,Better Price Found,1507.0,Refunded,7,Automotive
RET006172,ORD0032707,PROD0283,CUST01466,2024-01-17,Changed Mind,638.0,Refunded,11,Grocery
RET006173,ORD0032726,PROD0022,CUST03755,2024-05-31,Defective Product,58258.0,Refunded,10,Home & Kitchen
RET006174,ORD0032726,PROD0549,CUST03755,2024-05-31,Wrong Item,18699.0,Refunded,11,Home & Kitchen
RET006175,ORD0032726,PROD0481,CUST03755,2024-05-31,Size Issue,7112.0,Refunded,4,Beauty & Health
RET006176,ORD0032730,PROD0721,CUST00104,2020-05-26,Wrong Item,3172.0,Refunded,11,Grocery
RET006177,ORD0032730,PROD0139,CUST00104,2020-05-26,Wrong Item,31516.0,Pending,11,Home & Kitchen
RET006178,ORD0032734,PROD0691,CUST04159,2023-05-31,Size Issue,22424.0,Refunded,13,Automotive
RET006179,ORD0032734,PROD0462,CUST04159,2023-05-31,Better Price Found,298320.0,Rejected,7,Electronics
RET006180,ORD0032734,PROD0211,CUST04159,2023-05-31,Changed Mind,7880.0,Refunded,13,Home & Kitchen
RET006181,ORD0032734,PROD0353,CUST04159,2023-05-31,Changed Mind,102465.0,Pending,12,Electronics
RET006182,ORD0032734,PROD0504,CUST04159,2023-05-31,Damaged in Transit,19859.0,Refunded,5,Home & Kitchen
RET006183,ORD0032735,PROD0246,CUST02780,2024-06-08,Wrong Item,2351.0,Pending,10,Beauty & Health
RET006184,ORD0032735,PROD0657,CUST02780,2024-06-08,Better Price Found,2319.0,Refunded,8,Books
RET006185,ORD0032735,PROD0417,CUST02780,2024-06-08,Defective Product,3284.0,Refunded,14,Automotive
RET006186,ORD0032743,PROD0153,CUST00355,2020-05-05,Size Issue,1048.0,Refunded,7,Grocery
RET006187,ORD0032743,PROD0792,CUST00355,2020-05-05,Wrong Item,616.0,Refunded,12,Books
RET006188,ORD0032744,PROD0225,CUST03366,2022-10-03,Size Issue,74626.0,Rejected,11,Electronics
RET006189,ORD0032744,PROD0642,CUST03366,2022-10-03,Changed Mind,41538.0,Refunded,14,Automotive
RET006190,ORD0032749,PROD0767,CUST00854,2023-01-09,Damaged in Transit,1425.0,Pending,4,Office Supplies
RET006191,ORD0032749,PROD0228,CUST00854,2023-01-09,Better Price Found,404.0,Refunded,14,Books
RET006192,ORD0032770,PROD0009,CUST01650,2023-04-22,Size Issue,1876.0,Refunded,7,Beauty & Health
RET006193,ORD0032770,PROD0487,CUST01650,2023-04-22,Size Issue,4910.0,Refunded,7,Toys & Games
RET006194,ORD0032781,PROD0093,CUST01099,2021-09-13,Size Issue,2038.0,Refunded,4,Office Supplies
RET006195,ORD0032784,PROD0046,CUST01173,2022-06-15,Wrong Item,23288.0,Refunded,7,Electronics
RET006196,ORD0032784,PROD0106,CUST01173,2022-06-15,Defective Product,470.0,Refunded,11,Books
RET006197,ORD0032784,PROD0047,CUST01173,2022-06-15,Size Issue,166.0,Refunded,6,Automotive
RET006198,ORD0032784,PROD0144,CUST01173,2022-06-15,Defective Product,11838.0,Rejected,13,Sports & Fitness
RET006199,ORD0032784,PROD0549,CUST01173,2022-06-15,Defective Product,18699.0,Refunded,5,Home & Kitchen
RET006200,ORD0032801,PROD0337,CUST03931,2021-03-24,Size Issue,6479.0,Refunded,14,Fashion
RET006201,ORD0032801,PROD0498,CUST03931,2021-03-24,Size Issue,121645.0,Pending,9,Electronics
RET006202,ORD0032801,PROD0785,CUST03931,2021-03-24,Damaged in Transit,738.0,Refunded,5,Books
RET006203,ORD0032802,PROD0669,CUST00387,2021-05-21,Wrong Item,17350.0,Refunded,6,Home & Kitchen
RET006204,ORD0032803,PROD0108,CUST02103,2022-06-03,Defective Product,37466.0,Refunded,6,Home & Kitchen
RET006205,ORD0032803,PROD0172,CUST02103,2022-06-03,Size Issue,4330.0,Refunded,10,Fashion
RET006206,ORD0032803,PROD0278,CUST02103,2022-06-03,Size Issue,5217.0,Pending,10,Toys & Games
RET006207,ORD0032805,PROD0786,CUST03721,2023-01-12,Changed Mind,19942.0,Pending,5,Sports & Fitness
RET006208,ORD0032806,PROD0103,CUST02185,2021-07-18,Damaged in Transit,7233.0,Refunded,3,Fashion
RET006209,ORD0032806,PROD0305,CUST02185,2021-07-18,Size Issue,62740.0,Refunded,6,Home & Kitchen
RET006210,ORD0032808,PROD0593,CUST00045,2020-06-12,Changed Mind,10383.0,Refunded,11,Home & Kitchen
RET006211,ORD0032808,PROD0540,CUST00045,2020-06-12,Better Price Found,7425.0,Refunded,3,Office Supplies
RET006212,ORD0032817,PROD0370,CUST02721,2023-01-19,Damaged in Transit,4099.0,Refunded,12,Fashion
RET006213,ORD0032832,PROD0621,CUST00619,2021-11-12,Changed Mind,9862.0,Refunded,3,Fashion
RET006214,ORD0032854,PROD0213,CUST04350,2024-08-21,Defective Product,3958.0,Refunded,14,Office Supplies
RET006215,ORD0032859,PROD0643,CUST03925,2021-10-17,Damaged in Transit,15154.0,Refunded,7,Fashion
RET006216,ORD0032862,PROD0402,CUST04136,2024-11-18,Size Issue,4152.0,Refunded,10,Office Supplies
RET006217,ORD0032863,PROD0496,CUST04949,2025-01-08,Size Issue,3288.0,Refunded,9,Sports & Fitness
RET006218,ORD0032863,PROD0714,CUST04949,2025-01-08,Size Issue,7191.0,Pending,14,Sports & Fitness
RET006219,ORD0032866,PROD0342,CUST01887,2024-07-13,Damaged in Transit,24720.0,Refunded,12,Sports & Fitness
RET006220,ORD0032892,PROD0588,CUST02217,2020-06-04,Size Issue,116.0,Refunded,13,Grocery
RET006221,ORD0032893,PROD0434,CUST02133,2022-09-04,Damaged in Transit,7368.0,Refunded,9,Sports & Fitness
RET006222,ORD0032915,PROD0342,CUST04192,2024-08-18,Changed Mind,11124.0,Rejected,4,Sports & Fitness
RET006223,ORD0032915,PROD0387,CUST04192,2024-08-18,Damaged in Transit,5058.0,Refunded,4,Grocery
RET006224,ORD0032928,PROD0389,CUST03247,2020-12-24,Defective Product,31368.0,Refunded,5,Sports & Fitness
RET006225,ORD0032929,PROD0022,CUST02679,2022-05-19,Changed Mind,29129.0,Pending,7,Home & Kitchen
RET006226,ORD0032929,PROD0218,CUST02679,2022-05-19,Wrong Item,41666.0,Refunded,8,Home & Kitchen
RET006227,ORD0032929,PROD0099,CUST02679,2022-05-19,Better Price Found,237.0,Refunded,8,Grocery
RET006228,ORD0032931,PROD0062,CUST02440,2021-03-24,Changed Mind,5343.0,Refunded,7,Office Supplies
RET006229,ORD0032950,PROD0756,CUST03078,2022-08-20,Defective Product,6626.0,Pending,6,Automotive
RET006230,ORD0032958,PROD0121,CUST01527,2021-09-27,Changed Mind,16770.0,Refunded,7,Office Supplies
RET006231,ORD0032958,PROD0305,CUST01527,2021-09-27,Defective Product,17776.0,Refunded,12,Home & Kitchen
RET006232,ORD0032980,PROD0607,CUST00225,2021-06-10,Defective Product,280.0,Refunded,3,Books
RET006233,ORD0032980,PROD0775,CUST00225,2021-06-10,Defective Product,21066.0,Refunded,9,Home & Kitchen
RET006234,ORD0032980,PROD0074,CUST00225,2021-06-10,Wrong Item,224.0,Refunded,3,Books
RET006235,ORD0032980,PROD0652,CUST00225,2021-06-10,Changed Mind,5840.0,Refunded,3,Beauty & Health
RET006236,ORD0032984,PROD0217,CUST01697,2021-11-20,Better Price Found,4042.0,Rejected,11,Toys & Games
RET006237,ORD0032987,PROD0125,CUST03057,2021-07-21,Better Price Found,1536.0,Refunded,9,Grocery
RET006238,ORD0032988,PROD0111,CUST03207,2021-02-27,Size Issue,26200.0,Refunded,5,Toys & Games
RET006239,ORD0032988,PROD0595,CUST03207,2021-02-27,Changed Mind,4252.0,Refunded,11,Automotive
RET006240,ORD0032988,PROD0704,CUST03207,2021-02-27,Size Issue,38684.0,Refunded,6,Automotive
RET006241,ORD0033007,PROD0529,CUST00476,2024-03-16,Damaged in Transit,678.0,Refunded,11,Books
RET006242,ORD0033009,PROD0586,CUST04927,2023-09-01,Changed Mind,3589.0,Refunded,9,Toys & Games
RET006243,ORD0033009,PROD0589,CUST04927,2023-09-01,Changed Mind,7012.0,Refunded,8,Toys & Games
RET006244,ORD0033020,PROD0413,CUST01623,2022-01-13,Wrong Item,6100.0,Refunded,7,Sports & Fitness
RET006245,ORD0033020,PROD0058,CUST01623,2022-01-13,Changed Mind,19712.0,Pending,12,Home & Kitchen
RET006246,ORD0033020,PROD0423,CUST01623,2022-01-13,Better Price Found,15157.0,Refunded,12,Electronics
RET006247,ORD0033020,PROD0766,CUST01623,2022-01-13,Better Price Found,16905.0,Refunded,4,Home & Kitchen
RET006248,ORD0033026,PROD0480,CUST04574,2024-07-27,Defective Product,833.0,Refunded,12,Books
RET006249,ORD0033040,PROD0015,CUST04781,2022-08-09,Better Price Found,6408.0,Refunded,10,Fashion
RET006250,ORD0033047,PROD0754,CUST01309,2023-02-22,Changed Mind,6693.0,Refunded,13,Office Supplies
RET006251,ORD0033047,PROD0249,CUST01309,2023-02-22,Wrong Item,342.0,Refunded,4,Books
RET006252,ORD0033047,PROD0334,CUST01309,2023-02-22,Better Price Found,27167.0,Refunded,14,Home & Kitchen
RET006253,ORD0033047,PROD0654,CUST01309,2023-02-22,Wrong Item,115744.0,Rejected,9,Electronics
RET006254,ORD0033051,PROD0487,CUST02608,2021-05-26,Size Issue,9820.0,Refunded,11,Toys & Games
RET006255,ORD0033052,PROD0790,CUST02834,2022-12-02,Wrong Item,4576.0,Refunded,6,Fashion
RET006256,ORD0033065,PROD0065,CUST01329,2023-10-22,Changed Mind,2994.0,Refunded,9,Beauty & Health
RET006257,ORD0033065,PROD0479,CUST01329,2023-10-22,Damaged in Transit,8812.0,Pending,9,Home & Kitchen
RET006258,ORD0033065,PROD0532,CUST01329,2023-10-22,Size Issue,5620.0,Refunded,7,Beauty & Health
RET006259,ORD0033070,PROD0414,CUST03178,2022-12-20,Size Issue,762.0,Refunded,11,Books
RET006260,ORD0033089,PROD0726,CUST04114,2023-03-21,Damaged in Transit,49753.0,Refunded,7,Electronics
RET006261,ORD0033114,PROD0022,CUST01032,2024-07-12,Size Issue,27308.0,Refunded,13,Home & Kitchen
RET006262,ORD0033118,PROD0036,CUST03513,2023-05-01,Defective Product,4606.0,Pending,11,Fashion
RET006263,ORD0033121,PROD0510,CUST02440,2020-05-14,Wrong Item,13773.0,Refunded,3,Electronics
RET006264,ORD0033121,PROD0056,CUST02440,2020-05-14,Defective Product,5214.0,Refunded,7,Beauty & Health
RET006265,ORD0033121,PROD0332,CUST02440,2020-05-14,Defective Product,736.0,Refunded,14,Books
RET006266,ORD0033140,PROD0300,CUST03736,2020-01-11,Changed Mind,4034.0,Refunded,3,Beauty & Health
RET006267,ORD0033140,PROD0026,CUST03736,2020-01-11,Damaged in Transit,7828.0,Refunded,7,Sports & Fitness
RET006268,ORD0033141,PROD0364,CUST03337,2022-01-23,Changed Mind,190.0,Refunded,6,Books
RET006269,ORD0033144,PROD0199,CUST03330,2020-07-10,Changed Mind,1014.0,Refunded,6,Fashion
RET006270,ORD0033144,PROD0746,CUST03330,2020-07-10,Damaged in Transit,298.0,Refunded,11,Grocery
RET006271,ORD0033186,PROD0739,CUST00764,2024-08-26,Defective Product,7681.0,Refunded,11,Fashion
RET006272,ORD0033190,PROD0789,CUST04348,2021-03-11,Better Price Found,73371.0,Refunded,14,Electronics
RET006273,ORD0033190,PROD0466,CUST04348,2021-03-11,Damaged in Transit,58752.0,Pending,12,Home & Kitchen
RET006274,ORD0033202,PROD0121,CUST02933,2021-01-17,Defective Product,15784.0,Refunded,12,Office Supplies
RET006275,ORD0033202,PROD0300,CUST02933,2021-01-17,Better Price Found,4438.0,Pending,3,Beauty & Health
RET006276,ORD0033203,PROD0602,CUST01904,2020-03-30,Damaged in Transit,8304.0,Refunded,7,Office Supplies
RET006277,ORD0033206,PROD0538,CUST01667,2023-03-18,Better Price Found,1359.0,Refunded,5,Books
RET006278,ORD0033210,PROD0545,CUST03001,2020-06-10,Damaged in Transit,89837.0,Refunded,3,Electronics
RET006279,ORD0033210,PROD0143,CUST03001,2020-06-10,Better Price Found,16424.0,Refunded,7,Sports & Fitness
RET006280,ORD0033210,PROD0677,CUST03001,2020-06-10,Changed Mind,5002.0,Refunded,8,Toys & Games
RET006281,ORD0033210,PROD0494,CUST03001,2020-06-10,Better Price Found,17306.0,Refunded,9,Automotive
RET006282,ORD0033210,PROD0721,CUST03001,2020-06-10,Better Price Found,1507.0,Refunded,5,Grocery
RET006283,ORD0033232,PROD0051,CUST02134,2022-03-26,Damaged in Transit,91660.0,Refunded,10,Electronics
RET006284,ORD0033232,PROD0210,CUST02134,2022-03-26,Size Issue,27852.0,Refunded,14,Home & Kitchen
RET006285,ORD0033232,PROD0438,CUST02134,2022-03-26,Better Price Found,865.0,Refunded,12,Automotive
RET006286,ORD0033234,PROD0681,CUST01504,2023-01-29,Better Price Found,3134.0,Refunded,10,Beauty & Health
RET006287,ORD0033246,PROD0568,CUST04871,2024-10-01,Defective Product,22118.0,Rejected,7,Fashion
RET006288,ORD0033246,PROD0380,CUST04871,2024-10-01,Defective Product,6571.0,Pending,6,Automotive
RET006289,ORD0033246,PROD0057,CUST04871,2024-10-01,Size Issue,1222.0,Pending,14,Automotive
RET006290,ORD0033258,PROD0073,CUST03317,2020-01-24,Damaged in Transit,45237.0,Refunded,6,Sports & Fitness
RET006291,ORD0033272,PROD0207,CUST04876,2021-03-10,Wrong Item,981.0,Refunded,4,Books
RET006292,ORD0033282,PROD0107,CUST01590,2024-06-08,Defective Product,1172.0,Rejected,9,Grocery
RET006293,ORD0033282,PROD0613,CUST01590,2024-06-08,Size Issue,458.0,Refunded,5,Grocery
RET006294,ORD0033282,PROD0717,CUST01590,2024-06-08,Size Issue,7368.0,Refunded,9,Home & Kitchen
RET006295,ORD0033290,PROD0691,CUST02404,2024-06-02,Damaged in Transit,6229.0,Refunded,10,Automotive
RET006296,ORD0033291,PROD0544,CUST04340,2020-09-23,Damaged in Transit,367.0,Refunded,7,Beauty & Health
RET006297,ORD0033291,PROD0422,CUST04340,2020-09-23,Changed Mind,10200.0,Refunded,7,Fashion
RET006298,ORD0033291,PROD0768,CUST04340,2020-09-23,Size Issue,4072.0,Refunded,3,Books
RET006299,ORD0033308,PROD0561,CUST02948,2021-10-04,Size Issue,2432.0,Refunded,10,Books
RET006300,ORD0033313,PROD0382,CUST02261,2023-12-27,Damaged in Transit,1022.0,Refunded,11,Beauty & Health
RET006301,ORD0033317,PROD0788,CUST02392,2022-04-10,Better Price Found,2372.0,Refunded,10,Grocery
RET006302,ORD0033321,PROD0660,CUST00088,2024-10-16,Size Issue,17668.0,Refunded,10,Sports & Fitness
RET006303,ORD0033327,PROD0383,CUST04572,2022-12-27,Damaged in Transit,13722.0,Refunded,8,Fashion
RET006304,ORD0033333,PROD0232,CUST04614,2023-07-15,Defective Product,246.0,Refunded,3,Books
RET006305,ORD0033337,PROD0442,CUST03854,2021-01-11,Changed Mind,1372.0,Refunded,8,Grocery
RET006306,ORD0033337,PROD0462,CUST03854,2021-01-11,Size Issue,92811.0,Refunded,13,Electronics
RET006307,ORD0033337,PROD0011,CUST03854,2021-01-11,Damaged in Transit,1054.0,Pending,11,Grocery
RET006308,ORD0033339,PROD0040,CUST00240,2024-09-02,Size Issue,1352.0,Refunded,5,Grocery
RET006309,ORD0033339,PROD0788,CUST00240,2024-09-02,Better Price Found,4744.0,Refunded,10,Grocery
RET006310,ORD0033351,PROD0263,CUST02703,2021-04-25,Wrong Item,5008.0,Refunded,4,Beauty & Health
RET006311,ORD0033361,PROD0732,CUST03024,2021-07-05,Wrong Item,1441.0,Refunded,14,Grocery
RET006312,ORD0033361,PROD0211,CUST03024,2021-07-05,Better Price Found,8317.0,Refunded,7,Home & Kitchen
RET006313,ORD0033361,PROD0516,CUST03024,2021-07-05,Changed Mind,13523.0,Refunded,4,Sports & Fitness
RET006314,ORD0033361,PROD0705,CUST03024,2021-07-05,Size Issue,734.0,Refunded,11,Books
RET006315,ORD0033361,PROD0173,CUST03024,2021-07-05,Better Price Found,2346.0,Refunded,13,Automotive
RET006316,ORD0033380,PROD0132,CUST04238,2023-12-13,Changed Mind,3427.0,Refunded,14,Automotive
RET006317,ORD0033380,PROD0098,CUST04238,2023-12-13,Changed Mind,18624.0,Pending,14,Sports & Fitness
RET006318,ORD0033412,PROD0385,CUST00707,2020-10-16,Wrong Item,3860.0,Refunded,4,Toys & Games
RET006319,ORD0033419,PROD0651,CUST03445,2022-06-02,Size Issue,44955.0,Refunded,7,Sports & Fitness
RET006320,ORD0033419,PROD0397,CUST03445,2022-06-02,Size Issue,1742.0,Refunded,12,Automotive
RET006321,ORD0033422,PROD0177,CUST01868,2022-11-27,Damaged in Transit,8109.0,Refunded,12,Sports & Fitness
RET006322,ORD0033438,PROD0196,CUST00692,2022-02-21,Wrong Item,699.0,Refunded,11,Books
RET006323,ORD0033460,PROD0555,CUST04775,2023-05-31,Defective Product,105711.0,Refunded,9,Electronics
RET006324,ORD0033460,PROD0052,CUST04775,2023-05-31,Defective Product,130810.0,Refunded,4,Electronics
RET006325,ORD0033464,PROD0388,CUST01725,2023-05-17,Wrong Item,642.0,Refunded,8,Toys & Games
RET006326,ORD0033468,PROD0591,CUST03014,2021-10-12,Better Price Found,1556.0,Refunded,12,Grocery
RET006327,ORD0033468,PROD0131,CUST03014,2021-10-12,Damaged in Transit,5571.0,Pending,12,Office Supplies
RET006328,ORD0033474,PROD0190,CUST04438,2022-07-08,Better Price Found,7590.0,Refunded,5,Automotive
RET006329,ORD0033478,PROD0674,CUST03200,2023-10-03,Better Price Found,934.0,Refunded,6,Grocery
RET006330,ORD0033478,PROD0023,CUST03200,2023-10-03,Damaged in Transit,47264.0,Refunded,7,Electronics
RET006331,ORD0033478,PROD0534,CUST03200,2023-10-03,Damaged in Transit,4740.0,Refunded,6,Toys & Games
RET006332,ORD0033479,PROD0533,CUST01885,2023-09-01,Size Issue,17310.0,Pending,12,Office Supplies
RET006333,ORD0033483,PROD0075,CUST00354,2020-04-04,Damaged in Transit,696.0,Refunded,3,Grocery
RET006334,ORD0033484,PROD0002,CUST00731,2024-09-14,Changed Mind,12430.0,Pending,10,Toys & Games
RET006335,ORD0033486,PROD0489,CUST02652,2021-02-08,Size Issue,5750.0,Refunded,9,Fashion
RET006336,ORD0033495,PROD0085,CUST04712,2022-08-15,Wrong Item,14740.0,Refunded,10,Sports & Fitness
RET006337,ORD0033495,PROD0047,CUST04712,2022-08-15,Changed Mind,149.0,Refunded,11,Automotive
RET006338,ORD0033499,PROD0324,CUST03055,2021-05-18,Damaged in Transit,1070.0,Refunded,3,Grocery
RET006339,ORD0033499,PROD0323,CUST03055,2021-05-18,Wrong Item,295.0,Refunded,4,Grocery
RET006340,ORD0033499,PROD0723,CUST03055,2021-05-18,Wrong Item,3125.0,Refunded,10,Beauty & Health
RET006341,ORD0033499,PROD0613,CUST03055,2021-05-18,Defective Product,210.0,Refunded,14,Grocery
RET006342,ORD0033503,PROD0229,CUST03821,2024-12-13,Defective Product,17582.0,Refunded,11,Fashion
RET006343,ORD0033507,PROD0685,CUST03248,2021-09-21,Size Issue,5069.0,Refunded,6,Home & Kitchen
RET006344,ORD0033507,PROD0014,CUST03248,2021-09-21,Changed Mind,2145.0,Refunded,7,Beauty & Health
RET006345,ORD0033507,PROD0191,CUST03248,2021-09-21,Changed Mind,23632.0,Refunded,3,Office Supplies
RET006346,ORD0033507,PROD0658,CUST03248,2021-09-21,Size Issue,500.0,Refunded,3,Books
RET006347,ORD0033507,PROD0028,CUST03248,2021-09-21,Damaged in Transit,761.0,Pending,11,Sports & Fitness
RET006348,ORD0033515,PROD0402,CUST04639,2024-01-07,Better Price Found,4152.0,Refunded,5,Office Supplies
RET006349,ORD0033523,PROD0340,CUST04089,2022-02-27,Size Issue,1143.0,Refunded,10,Beauty & Health
RET006350,ORD0033523,PROD0039,CUST04089,2022-02-27,Damaged in Transit,5161.0,Refunded,7,Automotive
RET006351,ORD0033534,PROD0398,CUST01760,2020-12-01,Damaged in Transit,1912.0,Pending,8,Toys & Games
RET006352,ORD0033543,PROD0254,CUST01866,2021-06-20,Wrong Item,11433.0,Refunded,13,Sports & Fitness
RET006353,ORD0033554,PROD0231,CUST03088,2022-02-07,Wrong Item,648.0,Pending,3,Grocery
RET006354,ORD0033619,PROD0530,CUST00175,2024-10-22,Changed Mind,47748.0,Refunded,7,Electronics
RET006355,ORD0033619,PROD0307,CUST00175,2024-10-22,Defective Product,3696.0,Refunded,11,Beauty & Health
RET006356,ORD0033619,PROD0232,CUST00175,2024-10-22,Changed Mind,231.0,Refunded,13,Books
RET006357,ORD0033634,PROD0321,CUST01124,2021-01-19,Size Issue,68628.0,Refunded,9,Home & Kitchen
RET006358,ORD0033634,PROD0474,CUST01124,2021-01-19,Changed Mind,6362.0,Pending,7,Automotive
RET006359,ORD0033634,PROD0531,CUST01124,2021-01-19,Changed Mind,388.0,Refunded,3,Grocery
RET006360,ORD0033639,PROD0457,CUST01477,2022-10-21,Defective Product,11002.0,Rejected,12,Fashion
RET006361,ORD0033639,PROD0156,CUST01477,2022-10-21,Size Issue,1336.0,Refunded,8,Toys & Games
RET006362,ORD0033639,PROD0722,CUST01477,2022-10-21,Wrong Item,1473.0,Refunded,11,Grocery
RET006363,ORD0033640,PROD0503,CUST03733,2021-04-04,Defective Product,3136.0,Refunded,11,Office Supplies
RET006364,ORD0033640,PROD0753,CUST03733,2021-04-04,Changed Mind,12124.0,Refunded,13,Office Supplies
RET006365,ORD0033640,PROD0136,CUST03733,2021-04-04,Better Price Found,61880.0,Refunded,11,Electronics
RET006366,ORD0033640,PROD0332,CUST03733,2021-04-04,Defective Product,920.0,Rejected,6,Books
RET006367,ORD0033655,PROD0378,CUST00342,2022-11-17,Wrong Item,6748.0,Refunded,11,Office Supplies
RET006368,ORD0033674,PROD0314,CUST02077,2024-07-06,Changed Mind,31400.0,Refunded,9,Home & Kitchen
RET006369,ORD0033698,PROD0211,CUST01279,2024-12-29,Wrong Item,15760.0,Refunded,14,Home & Kitchen
RET006370,ORD0033698,PROD0379,CUST01279,2024-12-29,Changed Mind,748.0,Refunded,9,Grocery
RET006371,ORD0033698,PROD0768,CUST01279,2024-12-29,Wrong Item,1078.0,Refunded,10,Books
RET006372,ORD0033715,PROD0700,CUST01430,2023-03-24,Wrong Item,1800.0,Pending,12,Books
RET006373,ORD0033715,PROD0040,CUST01430,2023-03-24,Wrong Item,1431.0,Rejected,5,Grocery
RET006374,ORD0033715,PROD0681,CUST01430,2023-03-24,Size Issue,6268.0,Refunded,3,Beauty & Health
RET006375,ORD0033724,PROD0731,CUST04934,2021-03-26,Better Price Found,6700.0,Pending,14,Fashion
RET006376,ORD0033724,PROD0066,CUST04934,2021-03-26,Changed Mind,1407.0,Refunded,14,Books
RET006377,ORD0033725,PROD0200,CUST00908,2020-01-30,Size Issue,2244.0,Refunded,7,Fashion
RET006378,ORD0033725,PROD0506,CUST00908,2020-01-30,Wrong Item,2046.0,Refunded,13,Sports & Fitness
RET006379,ORD0033725,PROD0463,CUST00908,2020-01-30,Changed Mind,5038.0,Pending,11,Sports & Fitness
RET006380,ORD0033725,PROD0115,CUST00908,2020-01-30,Changed Mind,5120.0,Refunded,3,Toys & Games
RET006381,ORD0033754,PROD0395,CUST00900,2023-02-10,Damaged in Transit,21516.0,Refunded,13,Fashion
RET006382,ORD0033754,PROD0067,CUST00900,2023-02-10,Damaged in Transit,6744.0,Pending,5,Toys & Games
RET006383,ORD0033778,PROD0388,CUST04254,2022-05-30,Damaged in Transit,677.0,Pending,13,Toys & Games
RET006384,ORD0033783,PROD0415,CUST01645,2022-10-29,Changed Mind,6480.0,Refunded,4,Office Supplies
RET006385,ORD0033783,PROD0158,CUST01645,2022-10-29,Wrong Item,7305.0,Refunded,13,Automotive
RET006386,ORD0033783,PROD0790,CUST01645,2022-10-29,Better Price Found,4576.0,Rejected,12,Fashion
RET006387,ORD0033783,PROD0531,CUST01645,2022-10-29,Better Price Found,108.0,Pending,5,Grocery
RET006388,ORD0033784,PROD0532,CUST03130,2023-06-20,Better Price Found,5620.0,Refunded,4,Beauty & Health
RET006389,ORD0033826,PROD0145,CUST04412,2020-11-28,Size Issue,10104.0,Refunded,4,Sports & Fitness
RET006390,ORD0033828,PROD0376,CUST00805,2023-08-28,Wrong Item,3414.0,Refunded,7,Beauty & Health
RET006391,ORD0033828,PROD0479,CUST00805,2023-08-28,Size Issue,8812.0,Refunded,6,Home & Kitchen
RET006392,ORD0033828,PROD0293,CUST00805,2023-08-28,Size Issue,87361.0,Refunded,3,Electronics
RET006393,ORD0033828,PROD0742,CUST00805,2023-08-28,Wrong Item,386.0,Refunded,7,Books
RET006394,ORD0033828,PROD0333,CUST00805,2023-08-28,Changed Mind,1156.0,Refunded,9,Home & Kitchen
RET006395,ORD0033837,PROD0108,CUST04559,2021-08-17,Better Price Found,112398.0,Pending,9,Home & Kitchen
RET006396,ORD0033837,PROD0715,CUST04559,2021-08-17,Changed Mind,1996.0,Refunded,6,Home & Kitchen
RET006397,ORD0033837,PROD0563,CUST04559,2021-08-17,Defective Product,5098.0,Refunded,11,Home & Kitchen
RET006398,ORD0033861,PROD0276,CUST00813,2020-03-21,Better Price Found,27462.0,Refunded,8,Fashion
RET006399,ORD0033866,PROD0004,CUST03264,2023-12-04,Changed Mind,24327.0,Refunded,3,Home & Kitchen
RET006400,ORD0033866,PROD0565,CUST03264,2023-12-04,Size Issue,569.0,Pending,4,Beauty & Health
RET006401,ORD0033895,PROD0477,CUST02918,2020-02-07,Changed Mind,7635.0,Refunded,5,Fashion
RET006402,ORD0033895,PROD0404,CUST02918,2020-02-07,Changed Mind,7900.0,Refunded,14,Automotive
RET006403,ORD0033900,PROD0547,CUST01748,2024-01-08,Better Price Found,331.0,Pending,3,Grocery
RET006404,ORD0033914,PROD0747,CUST00150,2021-11-30,Defective Product,4872.0,Refunded,11,Fashion
RET006405,ORD0033914,PROD0620,CUST00150,2021-11-30,Wrong Item,1228.0,Refunded,12,Books
RET006406,ORD0033914,PROD0655,CUST00150,2021-11-30,Better Price Found,3092.0,Refunded,12,Automotive
RET006407,ORD0033914,PROD0084,CUST00150,2021-11-30,Changed Mind,46329.0,Refunded,3,Automotive
RET006408,ORD0033915,PROD0442,CUST03867,2020-02-28,Damaged in Transit,1372.0,Refunded,8,Grocery
RET006409,ORD0033915,PROD0572,CUST03867,2020-02-28,Defective Product,5118.0,Refunded,6,Office Supplies
RET006410,ORD0033915,PROD0413,CUST03867,2020-02-28,Wrong Item,14232.0,Refunded,12,Sports & Fitness
RET006411,ORD0033915,PROD0103,CUST03867,2020-02-28,Changed Mind,2411.0,Refunded,4,Fashion
RET006412,ORD0033915,PROD0282,CUST03867,2020-02-28,Size Issue,3230.0,Refunded,7,Books
RET006413,ORD0033919,PROD0726,CUST02395,2021-08-13,Damaged in Transit,139308.0,Refunded,13,Electronics
RET006414,ORD0033919,PROD0475,CUST02395,2021-08-13,Damaged in Transit,493.0,Refunded,6,Books
RET006415,ORD0033920,PROD0455,CUST04836,2023-04-03,Size Issue,17730.0,Refunded,3,Automotive
RET006416,ORD0033920,PROD0721,CUST04836,2023-04-03,Better Price Found,1586.0,Refunded,10,Grocery
RET006417,ORD0033920,PROD0204,CUST04836,2023-04-03,Size Issue,2231.0,Refunded,3,Office Supplies
RET006418,ORD0033920,PROD0038,CUST04836,2023-04-03,Damaged in Transit,14396.0,Pending,14,Beauty & Health
RET006419,ORD0033927,PROD0202,CUST03085,2021-05-31,Damaged in Transit,6479.0,Refunded,14,Sports & Fitness
RET006420,ORD0033932,PROD0017,CUST03596,2024-09-12,Changed Mind,3768.0,Refunded,13,Automotive
RET006421,ORD0033932,PROD0708,CUST03596,2024-09-12,Changed Mind,4569.0,Refunded,6,Fashion
RET006422,ORD0033932,PROD0725,CUST03596,2024-09-12,Defective Product,1194.0,Refunded,13,Office Supplies
RET006423,ORD0033932,PROD0603,CUST03596,2024-09-12,Wrong Item,520.0,Refunded,8,Beauty & Health
RET006424,ORD0033949,PROD0129,CUST01499,2023-01-29,Wrong Item,17870.0,Refunded,8,Automotive
RET006425,ORD0033949,PROD0670,CUST01499,2023-01-29,Changed Mind,1404.0,Pending,3,Books
RET006426,ORD0033953,PROD0008,CUST02243,2023-10-17,Defective Product,7764.0,Refunded,5,Office Supplies
RET006427,ORD0033959,PROD0631,CUST00692,2024-08-07,Changed Mind,2306.0,Refunded,5,Beauty & Health
RET006428,ORD0033969,PROD0547,CUST04232,2020-12-23,Wrong Item,700.0,Refunded,12,Grocery
RET006429,ORD0033974,PROD0165,CUST02437,2022-03-27,Changed Mind,828.0,Refunded,4,Books
RET006430,ORD0033975,PROD0031,CUST02116,2020-12-05,Wrong Item,3084.0,Refunded,13,Grocery
RET006431,ORD0033975,PROD0528,CUST02116,2020-12-05,Better Price Found,14736.0,Refunded,13,Home & Kitchen
RET006432,ORD0033975,PROD0539,CUST02116,2020-12-05,Size Issue,7509.0,Refunded,7,Home & Kitchen
RET006433,ORD0033977,PROD0630,CUST04730,2023-11-13,Size Issue,3048.0,Rejected,9,Fashion
RET006434,ORD0033977,PROD0070,CUST04730,2023-11-13,Defective Product,106.0,Refunded,7,Books
RET006435,ORD0033977,PROD0675,CUST04730,2023-11-13,Better Price Found,3856.0,Refunded,10,Toys & Games
RET006436,ORD0033985,PROD0585,CUST00338,2020-12-15,Defective Product,17451.0,Refunded,4,Sports & Fitness
RET006437,ORD0033985,PROD0013,CUST00338,2020-12-15,Damaged in Transit,99976.0,Refunded,7,Electronics
RET006438,ORD0033985,PROD0462,CUST00338,2020-12-15,Better Price Found,86182.0,Refunded,6,Electronics
RET006439,ORD0033985,PROD0755,CUST00338,2020-12-15,Size Issue,103316.0,Refunded,5,Electronics
RET006440,ORD0033996,PROD0604,CUST03692,2021-08-24,Better Price Found,22971.0,Refunded,7,Sports & Fitness
RET006441,ORD0034004,PROD0346,CUST02197,2021-06-18,Defective Product,16740.0,Pending,10,Home & Kitchen
RET006442,ORD0034010,PROD0513,CUST04378,2024-07-13,Size Issue,10663.0,Refunded,9,Automotive
RET006443,ORD0034022,PROD0085,CUST00815,2022-03-07,Damaged in Transit,7370.0,Refunded,11,Sports & Fitness
RET006444,ORD0034022,PROD0228,CUST00815,2022-03-07,Defective Product,179.0,Refunded,7,Books
RET006445,ORD0034040,PROD0509,CUST02250,2021-12-05,Wrong Item,27368.0,Refunded,11,Electronics
RET006446,ORD0034048,PROD0531,CUST04406,2020-08-22,Size Issue,216.0,Refunded,13,Grocery
RET006447,ORD0034048,PROD0170,CUST04406,2020-08-22,Changed Mind,980.0,Refunded,14,Grocery
RET006448,ORD0034051,PROD0768,CUST00685,2024-05-19,Defective Product,2156.0,Refunded,13,Books
RET006449,ORD0034053,PROD0234,CUST03130,2020-09-13,Better Price Found,632.0,Refunded,12,Grocery
RET006450,ORD0034057,PROD0218,CUST01668,2022-07-05,Better Price Found,41666.0,Pending,13,Home & Kitchen
RET006451,ORD0034061,PROD0779,CUST03566,2023-04-04,Changed Mind,1398.0,Refunded,8,Toys & Games
RET006452,ORD0034085,PROD0008,CUST04445,2024-01-03,Better Price Found,3882.0,Refunded,11,Office Supplies
RET006453,ORD0034085,PROD0683,CUST04445,2024-01-03,Wrong Item,336.0,Refunded,12,Books
RET006454,ORD0034085,PROD0300,CUST04445,2024-01-03,Wrong Item,2219.0,Refunded,13,Beauty & Health
RET006455,ORD0034085,PROD0758,CUST04445,2024-01-03,Damaged in Transit,1667.0,Refunded,13,Toys & Games
RET006456,ORD0034085,PROD0588,CUST04445,2024-01-03,Damaged in Transit,108.0,Refunded,5,Grocery
RET006457,ORD0034104,PROD0199,CUST01774,2024-06-20,Wrong Item,1014.0,Refunded,14,Fashion
RET006458,ORD0034114,PROD0046,CUST01799,2024-12-03,Damaged in Transit,14556.0,Refunded,11,Electronics
RET006459,ORD0034114,PROD0310,CUST01799,2024-12-03,Better Price Found,2266.0,Refunded,12,Sports & Fitness
RET006460,ORD0034117,PROD0321,CUST03651,2021-03-31,Better Price Found,17157.0,Refunded,11,Home & Kitchen
RET006461,ORD0034146,PROD0524,CUST03980,2021-11-27,Changed Mind,4198.0,Pending,10,Fashion
RET006462,ORD0034146,PROD0578,CUST03980,2021-11-27,Defective Product,14490.0,Refunded,12,Fashion
RET006463,ORD0034147,PROD0119,CUST01346,2021-01-13,Better Price Found,36496.0,Pending,4,Electronics
RET006464,ORD0034151,PROD0582,CUST00886,2020-06-04,Wrong Item,4918.0,Refunded,7,Beauty & Health
RET006465,ORD0034155,PROD0375,CUST02226,2023-03-02,Damaged in Transit,3176.0,Refunded,3,Sports & Fitness
RET006466,ORD0034160,PROD0510,CUST00198,2020-05-05,Changed Mind,15609.0,Refunded,6,Electronics
RET006467,ORD0034165,PROD0222,CUST03021,2022-12-03,Defective Product,3585.0,Refunded,8,Office Supplies
RET006468,ORD0034165,PROD0334,CUST03021,2022-12-03,Better Price Found,27167.0,Refunded,8,Home & Kitchen
RET006469,ORD0034165,PROD0757,CUST03021,2022-12-03,Changed Mind,1553.0,Refunded,6,Grocery
RET006470,ORD0034165,PROD0715,CUST03021,2022-12-03,Better Price Found,1798.0,Refunded,11,Home & Kitchen
RET006471,ORD0034173,PROD0174,CUST03835,2021-11-08,Size Issue,2392.0,Refunded,5,Toys & Games
RET006472,ORD0034182,PROD0289,CUST00126,2020-11-29,Better Price Found,2670.0,Refunded,7,Books
RET006473,ORD0034182,PROD0076,CUST00126,2020-11-29,Wrong Item,536.0,Refunded,3,Grocery
RET006474,ORD0034182,PROD0222,CUST00126,2020-11-29,Wrong Item,8274.0,Refunded,7,Office Supplies
RET006475,ORD0034184,PROD0492,CUST04767,2020-09-12,Better Price Found,1211.0,Refunded,12,Books
RET006476,ORD0034188,PROD0785,CUST03215,2020-02-10,Wrong Item,1292.0,Refunded,10,Books
RET006477,ORD0034188,PROD0372,CUST03215,2020-02-10,Damaged in Transit,1328.0,Refunded,14,Books
RET006478,ORD0034191,PROD0635,CUST01177,2023-11-16,Wrong Item,88211.0,Refunded,5,Electronics
RET006479,ORD0034191,PROD0159,CUST01177,2023-11-16,Changed Mind,2200.0,Pending,14,Toys & Games
RET006480,ORD0034193,PROD0082,CUST03703,2020-04-21,Damaged in Transit,4676.0,Pending,6,Automotive
RET006481,ORD0034193,PROD0031,CUST03703,2020-04-21,Damaged in Transit,1542.0,Refunded,6,Grocery
RET006482,ORD0034193,PROD0740,CUST03703,2020-04-21,Defective Product,1044.0,Refunded,7,Grocery
RET006483,ORD0034193,PROD0171,CUST03703,2020-04-21,Wrong Item,7549.0,Refunded,6,Toys & Games
RET006484,ORD0034197,PROD0372,CUST02232,2022-08-31,Defective Product,2952.0,Refunded,11,Books
RET006485,ORD0034206,PROD0505,CUST01593,2020-10-07,Defective Product,22592.0,Refunded,4,Fashion
RET006486,ORD0034206,PROD0298,CUST01593,2020-10-07,Defective Product,15596.0,Refunded,14,Home & Kitchen
RET006487,ORD0034206,PROD0700,CUST01593,2020-10-07,Defective Product,1200.0,Pending,4,Books
RET006488,ORD0034206,PROD0735,CUST01593,2020-10-07,Size Issue,3312.0,Pending,8,Office Supplies
RET006489,ORD0034208,PROD0601,CUST02604,2020-11-04,Damaged in Transit,1054.0,Refunded,6,Books
RET006490,ORD0034209,PROD0512,CUST01686,2020-05-30,Changed Mind,18608.0,Refunded,4,Toys & Games
RET006491,ORD0034211,PROD0212,CUST01235,2023-03-02,Better Price Found,2372.0,Refunded,9,Fashion
RET006492,ORD0034211,PROD0175,CUST01235,2023-03-02,Defective Product,1341.0,Refunded,9,Grocery
RET006493,ORD0034218,PROD0764,CUST00075,2023-03-26,Better Price Found,486.0,Refunded,9,Books
RET006494,ORD0034218,PROD0664,CUST00075,2023-03-26,Wrong Item,26604.0,Refunded,4,Home & Kitchen
RET006495,ORD0034218,PROD0455,CUST00075,2023-03-26,Wrong Item,10638.0,Refunded,5,Automotive
RET006496,ORD0034241,PROD0091,CUST02576,2024-05-26,Better Price Found,1346.0,Pending,9,Beauty & Health
RET006497,ORD0034241,PROD0047,CUST02576,2024-05-26,Changed Mind,498.0,Refunded,13,Automotive
RET006498,ORD0034241,PROD0689,CUST02576,2024-05-26,Wrong Item,6340.0,Refunded,4,Sports & Fitness
RET006499,ORD0034244,PROD0226,CUST04610,2024-08-02,Wrong Item,20030.0,Refunded,12,Home & Kitchen
RET006500,ORD0034244,PROD0420,CUST04610,2024-08-02,Better Price Found,13373.0,Rejected,7,Sports & Fitness
RET006501,ORD0034244,PROD0705,CUST04610,2024-08-02,Better Price Found,1101.0,Pending,12,Books
RET006502,ORD0034248,PROD0663,CUST00422,2020-02-21,Wrong Item,808.0,Refunded,6,Books
RET006503,ORD0034248,PROD0177,CUST00422,2020-02-21,Defective Product,2433.0,Pending,8,Sports & Fitness
RET006504,ORD0034249,PROD0758,CUST03073,2024-09-23,Wrong Item,3334.0,Refunded,7,Toys & Games
RET006505,ORD0034251,PROD0288,CUST02451,2024-11-27,Changed Mind,4264.0,Pending,6,Toys & Games
RET006506,ORD0034251,PROD0498,CUST02451,2024-11-27,Wrong Item,486580.0,Refunded,8,Electronics
RET006507,ORD0034257,PROD0205,CUST01183,2023-12-10,Better Price Found,9274.0,Refunded,13,Toys & Games
RET006508,ORD0034258,PROD0064,CUST03784,2022-11-30,Changed Mind,136.0,Refunded,9,Books
RET006509,ORD0034258,PROD0526,CUST03784,2022-11-30,Size Issue,529.0,Refunded,12,Books
RET006510,ORD0034267,PROD0222,CUST00949,2024-03-31,Wrong Item,7170.0,Refunded,14,Office Supplies
RET006511,ORD0034267,PROD0790,CUST00949,2024-03-31,Defective Product,12357.0,Refunded,6,Fashion
RET006512,ORD0034268,PROD0292,CUST00329,2023-12-04,Wrong Item,10626.0,Refunded,14,Home & Kitchen
RET006513,ORD0034271,PROD0569,CUST04650,2023-12-17,Defective Product,1800.0,Refunded,5,Office Supplies
RET006514,ORD0034277,PROD0687,CUST01470,2020-12-19,Better Price Found,9940.0,Refunded,4,Automotive
RET006515,ORD0034284,PROD0511,CUST00921,2020-02-23,Damaged in Transit,1365.0,Refunded,6,Office Supplies
RET006516,ORD0034287,PROD0630,CUST02939,2023-02-16,Size Issue,1354.0,Refunded,14,Fashion
RET006517,ORD0034288,PROD0546,CUST00370,2020-03-04,Changed Mind,8922.0,Refunded,3,Sports & Fitness
RET006518,ORD0034300,PROD0056,CUST00192,2020-03-31,Wrong Item,5214.0,Refunded,13,Beauty & Health
RET006519,ORD0034300,PROD0444,CUST00192,2020-03-31,Changed Mind,590.0,Refunded,9,Grocery
RET006520,ORD0034306,PROD0430,CUST00117,2020-04-19,Damaged in Transit,69804.0,Refunded,10,Sports & Fitness
RET006521,ORD0034311,PROD0252,CUST02523,2024-09-06,Size Issue,109298.0,Refunded,6,Electronics
RET006522,ORD0034311,PROD0416,CUST02523,2024-09-06,Damaged in Transit,7050.0,Refunded,10,Fashion
RET006523,ORD0034311,PROD0438,CUST02523,2024-09-06,Wrong Item,774.0,Refunded,6,Automotive
RET006524,ORD0034311,PROD0616,CUST02523,2024-09-06,Wrong Item,11668.0,Refunded,10,Automotive
RET006525,ORD0034317,PROD0335,CUST01494,2020-01-30,Better Price Found,1121.0,Refunded,5,Grocery
RET006526,ORD0034321,PROD0195,CUST01130,2023-11-20,Damaged in Transit,12988.0,Refunded,8,Automotive
RET006527,ORD0034321,PROD0553,CUST01130,2023-11-20,Changed Mind,1162.0,Refunded,10,Grocery
RET006528,ORD0034321,PROD0556,CUST01130,2023-11-20,Changed Mind,5772.0,Refunded,7,Toys & Games
RET006529,ORD0034322,PROD0481,CUST03099,2021-09-04,Wrong Item,3556.0,Refunded,6,Beauty & Health
RET006530,ORD0034338,PROD0044,CUST01675,2020-12-05,Better Price Found,2636.0,Pending,13,Beauty & Health
RET006531,ORD0034354,PROD0374,CUST01613,2024-04-03,Wrong Item,763.0,Refunded,14,Toys & Games
RET006532,ORD0034354,PROD0709,CUST01613,2024-04-03,Better Price Found,129023.0,Refunded,10,Electronics
RET006533,ORD0034354,PROD0144,CUST01613,2024-04-03,Better Price Found,11838.0,Pending,4,Sports & Fitness
RET006534,ORD0034354,PROD0196,CUST01613,2024-04-03,Defective Product,748.0,Refunded,6,Books
RET006535,ORD0034354,PROD0553,CUST01613,2024-04-03,Defective Product,2324.0,Pending,8,Grocery
RET006536,ORD0034359,PROD0546,CUST04634,2020-06-13,Damaged in Transit,8178.0,Refunded,12,Sports & Fitness
RET006537,ORD0034359,PROD0348,CUST04634,2020-06-13,Defective Product,28897.0,Pending,12,Electronics
RET006538,ORD0034359,PROD0581,CUST04634,2020-06-13,Changed Mind,629.0,Refunded,10,Grocery
RET006539,ORD0034361,PROD0451,CUST04153,2021-12-17,Wrong Item,1052.0,Pending,14,Beauty & Health
RET006540,ORD0034361,PROD0792,CUST04153,2021-12-17,Changed Mind,324.0,Refunded,12,Books
RET006541,ORD0034391,PROD0143,CUST03789,2024-03-22,Changed Mind,17917.0,Pending,12,Sports & Fitness
RET006542,ORD0034396,PROD0183,CUST00796,2021-10-26,Wrong Item,98596.0,Refunded,11,Electronics
RET006543,ORD0034419,PROD0676,CUST03646,2020-06-04,Wrong Item,1121.0,Refunded,9,Grocery
RET006544,ORD0034434,PROD0635,CUST03364,2020-07-11,Changed Mind,352844.0,Refunded,6,Electronics
RET006545,ORD0034436,PROD0319,CUST04585,2023-05-12,Better Price Found,2342.0,Refunded,11,Beauty & Health
RET006546,ORD0034436,PROD0504,CUST04585,2023-05-12,Changed Mind,59577.0,Refunded,10,Home & Kitchen
RET006547,ORD0034464,PROD0686,CUST01399,2020-07-22,Size Issue,4746.0,Refunded,9,Toys & Games
RET006548,ORD0034464,PROD0407,CUST01399,2020-07-22,Damaged in Transit,1155.0,Refunded,4,Books
RET006549,ORD0034467,PROD0658,CUST00322,2023-05-13,Wrong Item,625.0,Refunded,11,Books
RET006550,ORD0034467,PROD0792,CUST00322,2023-05-13,Damaged in Transit,1232.0,Refunded,7,Books
RET006551,ORD0034469,PROD0415,CUST02520,2020-08-27,Wrong Item,19440.0,Refunded,3,Office Supplies
RET006552,ORD0034469,PROD0312,CUST02520,2020-08-27,Changed Mind,18812.0,Refunded,7,Sports & Fitness
RET006553,ORD0034469,PROD0362,CUST02520,2020-08-27,Defective Product,70419.0,Refunded,7,Electronics
RET006554,ORD0034469,PROD0660,CUST02520,2020-08-27,Better Price Found,8834.0,Pending,11,Sports & Fitness
RET006555,ORD0034469,PROD0777,CUST02520,2020-08-27,Better Price Found,1133.0,Pending,10,Toys & Games
RET006556,ORD0034476,PROD0315,CUST02114,2020-03-04,Wrong Item,4299.0,Refunded,7,Sports & Fitness
RET006557,ORD0034476,PROD0772,CUST02114,2020-03-04,Wrong Item,153376.0,Pending,12,Electronics
RET006558,ORD0034476,PROD0110,CUST02114,2020-03-04,Defective Product,5862.0,Refunded,13,Beauty & Health
RET006559,ORD0034495,PROD0459,CUST04601,2021-07-09,Better Price Found,41511.0,Refunded,8,Home & Kitchen
RET006560,ORD0034495,PROD0731,CUST04601,2021-07-09,Better Price Found,6700.0,Refunded,11,Fashion
RET006561,ORD0034506,PROD0631,CUST01908,2022-11-08,Changed Mind,1153.0,Refunded,3,Beauty & Health
RET006562,ORD0034517,PROD0387,CUST04509,2020-05-18,Wrong Item,1686.0,Pending,11,Grocery
RET006563,ORD0034520,PROD0192,CUST04430,2021-08-13,Better Price Found,502.0,Refunded,11,Grocery
RET006564,ORD0034520,PROD0415,CUST04430,2021-08-13,Size Issue,6480.0,Refunded,10,Office Supplies
RET006565,ORD0034522,PROD0198,CUST03082,2021-04-29,Changed Mind,2032.0,Refunded,10,Toys & Games
RET006566,ORD0034541,PROD0609,CUST00183,2022-09-08,Defective Product,4956.0,Pending,12,Fashion
RET006567,ORD0034566,PROD0323,CUST03552,2022-01-08,Changed Mind,936.0,Refunded,5,Grocery
RET006568,ORD0034566,PROD0718,CUST03552,2022-01-08,Size Issue,10158.0,Refunded,7,Home & Kitchen
RET006569,ORD0034575,PROD0018,CUST00101,2021-02-22,Damaged in Transit,8236.0,Refunded,14,Fashion
RET006570,ORD0034577,PROD0090,CUST02278,2023-03-05,Wrong Item,10445.0,Refunded,11,Sports & Fitness
RET006571,ORD0034590,PROD0614,CUST00713,2021-08-11,Wrong Item,10756.0,Refunded,5,Automotive
RET006572,ORD0034590,PROD0354,CUST00713,2021-08-11,Defective Product,468.0,Refunded,13,Fashion
RET006573,ORD0034590,PROD0221,CUST00713,2021-08-11,Better Price Found,66648.0,Pending,11,Home & Kitchen
RET006574,ORD0034590,PROD0160,CUST00713,2021-08-11,Defective Product,4457.0,Refunded,11,Fashion
RET006575,ORD0034592,PROD0537,CUST03752,2023-10-04,Defective Product,431.0,Refunded,4,Books
RET006576,ORD0034595,PROD0614,CUST04847,2022-05-05,Wrong Item,21512.0,Refunded,13,Automotive
RET006577,ORD0034595,PROD0475,CUST04847,2022-05-05,Wrong Item,524.0,Pending,10,Books
RET006578,ORD0034595,PROD0512,CUST04847,2022-05-05,Changed Mind,9822.0,Refunded,13,Toys & Games
RET006579,ORD0034606,PROD0263,CUST01893,2024-03-04,Wrong Item,3756.0,Refunded,13,Beauty & Health
RET006580,ORD0034606,PROD0327,CUST01893,2024-03-04,Damaged in Transit,1484.0,Refunded,3,Toys & Games
RET006581,ORD0034606,PROD0635,CUST01893,2024-03-04,Defective Product,88211.0,Refunded,6,Electronics
RET006582,ORD0034606,PROD0265,CUST01893,2024-03-04,Changed Mind,2387.0,Refunded,11,Toys & Games
RET006583,ORD0034606,PROD0270,CUST01893,2024-03-04,Changed Mind,1821.0,Refunded,10,Books
RET006584,ORD0034615,PROD0162,CUST01788,2022-05-23,Defective Product,4256.0,Refunded,3,Beauty & Health
RET006585,ORD0034641,PROD0529,CUST00479,2024-11-12,Size Issue,723.0,Refunded,7,Books
RET006586,ORD0034644,PROD0408,CUST01342,2020-06-15,Changed Mind,9362.0,Rejected,3,Sports & Fitness
RET006587,ORD0034644,PROD0037,CUST01342,2020-06-15,Changed Mind,486.0,Rejected,13,Beauty & Health
RET006588,ORD0034648,PROD0624,CUST03105,2021-03-14,Better Price Found,1314.0,Rejected,5,Books
RET006589,ORD0034672,PROD0659,CUST04441,2023-10-04,Defective Product,529.0,Refunded,13,Grocery
RET006590,ORD0034672,PROD0103,CUST04441,2023-10-04,Better Price Found,2290.0,Refunded,14,Fashion
RET006591,ORD0034687,PROD0361,CUST02986,2023-04-21,Better Price Found,87964.0,Refunded,12,Home & Kitchen
RET006592,ORD0034692,PROD0493,CUST00693,2024-06-12,Wrong Item,12130.0,Pending,12,Automotive
RET006593,ORD0034702,PROD0038,CUST01909,2024-11-24,Better Price Found,3999.0,Refunded,8,Beauty & Health
RET006594,ORD0034707,PROD0418,CUST01043,2024-06-26,Better Price Found,1337.0,Refunded,7,Books
RET006595,ORD0034724,PROD0675,CUST04641,2021-01-30,Damaged in Transit,3856.0,Refunded,10,Toys & Games
RET006596,ORD0034724,PROD0512,CUST04641,2021-01-30,Damaged in Transit,5169.0,Refunded,7,Toys & Games
RET006597,ORD0034724,PROD0084,CUST04641,2021-01-30,Damaged in Transit,16351.0,Refunded,7,Automotive
RET006598,ORD0034724,PROD0216,CUST04641,2021-01-30,Changed Mind,32490.0,Refunded,11,Fashion
RET006599,ORD0034729,PROD0622,CUST04968,2023-05-14,Damaged in Transit,1170.0,Refunded,14,Toys & Games
RET006600,ORD0034763,PROD0467,CUST04703,2021-02-25,Defective Product,2746.0,Refunded,6,Beauty & Health
RET006601,ORD0034764,PROD0386,CUST01229,2020-12-02,Size Issue,8828.0,Refunded,14,Fashion
RET006602,ORD0034773,PROD0733,CUST04953,2023-05-22,Wrong Item,67140.0,Refunded,13,Automotive
RET006603,ORD0034773,PROD0004,CUST04953,2023-05-22,Damaged in Transit,27571.0,Refunded,4,Home & Kitchen
RET006604,ORD0034773,PROD0761,CUST04953,2023-05-22,Better Price Found,1533.0,Refunded,5,Books
RET006605,ORD0034773,PROD0666,CUST04953,2023-05-22,Changed Mind,1825.0,Refunded,14,Home & Kitchen
RET006606,ORD0034773,PROD0370,CUST04953,2023-05-22,Defective Product,4099.0,Refunded,10,Fashion
RET006607,ORD0034775,PROD0585,CUST03035,2021-05-05,Changed Mind,11634.0,Pending,5,Sports & Fitness
RET006608,ORD0034779,PROD0068,CUST00150,2024-09-23,Size Issue,42058.0,Refunded,10,Electronics
RET006609,ORD0034779,PROD0269,CUST00150,2024-09-23,Changed Mind,5376.0,Refunded,8,Sports & Fitness
RET006610,ORD0034782,PROD0380,CUST01349,2021-08-06,Changed Mind,6571.0,Refunded,3,Automotive
RET006611,ORD0034798,PROD0181,CUST02938,2021-06-10,Changed Mind,132.0,Pending,9,Books
RET006612,ORD0034798,PROD0139,CUST02938,2021-06-10,Changed Mind,15758.0,Refunded,5,Home & Kitchen
RET006613,ORD0034810,PROD0352,CUST02931,2022-06-23,Wrong Item,3154.0,Refunded,10,Beauty & Health
RET006614,ORD0034810,PROD0195,CUST02931,2022-06-23,Changed Mind,11688.0,Refunded,12,Automotive
RET006615,ORD0034810,PROD0583,CUST02931,2022-06-23,Better Price Found,18548.0,Pending,3,Automotive
RET006616,ORD0034811,PROD0622,CUST04621,2024-07-20,Size Issue,3804.0,Refunded,11,Toys & Games
RET006617,ORD0034811,PROD0597,CUST04621,2024-07-20,Size Issue,706.0,Refunded,11,Books
RET006618,ORD0034811,PROD0449,CUST04621,2024-07-20,Better Price Found,51312.0,Refunded,9,Home & Kitchen
RET006619,ORD0034814,PROD0374,CUST00375,2023-05-25,Wrong Item,1526.0,Rejected,5,Toys & Games
RET006620,ORD0034814,PROD0600,CUST00375,2023-05-25,Defective Product,2346.0,Refunded,3,Beauty & Health
RET006621,ORD0034825,PROD0614,CUST04250,2020-11-02,Wrong Item,10756.0,Refunded,13,Automotive
RET006622,ORD0034839,PROD0781,CUST03734,2023-02-23,Wrong Item,3202.0,Pending,7,Beauty & Health
RET006623,ORD0034839,PROD0418,CUST03734,2023-02-23,Size Issue,1337.0,Pending,3,Books
RET006624,ORD0034846,PROD0319,CUST04874,2023-03-01,Better Price Found,2342.0,Refunded,8,Beauty & Health
RET006625,ORD0034846,PROD0040,CUST04874,2023-03-01,Better Price Found,1352.0,Pending,3,Grocery
RET006626,ORD0034900,PROD0059,CUST02923,2021-07-10,Size Issue,4854.0,Refunded,4,Beauty & Health
RET006627,ORD0034900,PROD0525,CUST02923,2021-07-10,Size Issue,958.0,Refunded,10,Books
RET006628,ORD0034900,PROD0237,CUST02923,2021-07-10,Defective Product,25455.0,Refunded,3,Electronics
RET006629,ORD0034900,PROD0516,CUST02923,2021-07-10,Size Issue,14235.0,Refunded,4,Sports & Fitness
RET006630,ORD0034905,PROD0743,CUST04078,2020-04-02,Damaged in Transit,4276.0,Refunded,14,Beauty & Health
RET006631,ORD0034905,PROD0141,CUST04078,2020-04-02,Wrong Item,7628.0,Refunded,7,Toys & Games
RET006632,ORD0034917,PROD0277,CUST01380,2023-07-19,Damaged in Transit,206.0,Refunded,9,Beauty & Health
RET006633,ORD0034917,PROD0416,CUST01380,2023-07-19,Changed Mind,7050.0,Refunded,6,Fashion
RET006634,ORD0034926,PROD0634,CUST01543,2022-09-18,Changed Mind,872.0,Refunded,7,Books
RET006635,ORD0034926,PROD0544,CUST01543,2022-09-18,Better Price Found,419.0,Refunded,11,Beauty & Health
RET006636,ORD0034926,PROD0181,CUST01543,2022-09-18,Better Price Found,118.0,Refunded,11,Books
RET006637,ORD0034933,PROD0429,CUST00249,2024-01-08,Size Issue,608.0,Refunded,7,Office Supplies
RET006638,ORD0034933,PROD0128,CUST00249,2024-01-08,Size Issue,5010.0,Refunded,8,Toys & Games
RET006639,ORD0034940,PROD0231,CUST04837,2022-03-15,Better Price Found,2960.0,Refunded,10,Grocery
RET006640,ORD0034947,PROD0329,CUST04391,2022-11-06,Better Price Found,1760.0,Refunded,3,Grocery
RET006641,ORD0034957,PROD0209,CUST02658,2024-01-17,Better Price Found,9115.0,Refunded,9,Sports & Fitness
RET006642,ORD0034957,PROD0594,CUST02658,2024-01-17,Better Price Found,125.0,Refunded,14,Books
RET006643,ORD0034957,PROD0285,CUST02658,2024-01-17,Size Issue,69352.0,Refunded,4,Home & Kitchen
RET006644,ORD0034962,PROD0144,CUST03255,2024-11-21,Size Issue,11142.0,Refunded,11,Sports & Fitness
RET006645,ORD0034962,PROD0665,CUST03255,2024-11-21,Size Issue,276063.0,Pending,8,Electronics
RET006646,ORD0035002,PROD0121,CUST03450,2020-03-27,Better Price Found,8878.0,Refunded,14,Office Supplies
RET006647,ORD0035008,PROD0682,CUST02285,2022-03-02,Better Price Found,2978.0,Refunded,13,Toys & Games
RET006648,ORD0035016,PROD0185,CUST00306,2022-04-27,Defective Product,15096.0,Refunded,14,Fashion
RET006649,ORD0035020,PROD0355,CUST04273,2021-08-03,Changed Mind,24489.0,Refunded,10,Fashion
RET006650,ORD0035020,PROD0021,CUST04273,2021-08-03,Wrong Item,4040.0,Refunded,6,Beauty & Health
RET006651,ORD0035020,PROD0042,CUST04273,2021-08-03,Size Issue,546.0,Refunded,8,Books
RET006652,ORD0035020,PROD0774,CUST04273,2021-08-03,Wrong Item,21531.0,Refunded,3,Home & Kitchen
RET006653,ORD0035020,PROD0625,CUST04273,2021-08-03,Better Price Found,2572.0,Refunded,3,Toys & Games
RET006654,ORD0035042,PROD0436,CUST03649,2024-01-30,Changed Mind,219624.0,Refunded,11,Electronics
RET006655,ORD0035048,PROD0488,CUST04183,2022-09-22,Damaged in Transit,18796.0,Refunded,7,Fashion
RET006656,ORD0035066,PROD0480,CUST01923,2023-10-08,Damaged in Transit,1666.0,Refunded,14,Books
RET006657,ORD0035070,PROD0233,CUST02284,2020-12-08,Size Issue,147112.0,Rejected,10,Electronics
RET006658,ORD0035073,PROD0446,CUST03571,2020-09-15,Damaged in Transit,1424.0,Refunded,8,Books
RET006659,ORD0035073,PROD0061,CUST03571,2020-09-15,Size Issue,38034.0,Refunded,8,Home & Kitchen
RET006660,ORD0035075,PROD0173,CUST04435,2022-11-13,Size Issue,1173.0,Refunded,12,Automotive
RET006661,ORD0035116,PROD0647,CUST04218,2021-07-26,Better Price Found,8680.0,Refunded,11,Office Supplies
RET006662,ORD0035116,PROD0004,CUST04218,2021-07-26,Defective Product,55142.0,Refunded,10,Home & Kitchen
RET006663,ORD0035116,PROD0690,CUST04218,2021-07-26,Better Price Found,368.0,Refunded,10,Books
RET006664,ORD0035128,PROD0148,CUST00743,2023-03-09,Size Issue,32780.0,Refunded,5,Electronics
RET006665,ORD0035131,PROD0360,CUST01611,2024-07-27,Defective Product,3740.0,Rejected,12,Electronics
RET006666,ORD0035134,PROD0699,CUST04951,2022-02-03,Better Price Found,7651.0,Refunded,13,Automotive
RET006667,ORD0035138,PROD0050,CUST03653,2020-03-25,Changed Mind,103000.0,Refunded,11,Electronics
RET006668,ORD0035151,PROD0114,CUST03057,2020-03-09,Defective Product,2780.0,Refunded,6,Beauty & Health
RET006669,ORD0035151,PROD0496,CUST03057,2020-03-09,Defective Product,2959.0,Rejected,10,Sports & Fitness
RET006670,ORD0035165,PROD0679,CUST02269,2024-12-07,Defective Product,10424.0,Refunded,8,Sports & Fitness
RET006671,ORD0035165,PROD0589,CUST02269,2024-12-07,Better Price Found,3506.0,Refunded,9,Toys & Games
RET006672,ORD0035165,PROD0086,CUST02269,2024-12-07,Size Issue,595.0,Pending,14,Beauty & Health
RET006673,ORD0035165,PROD0570,CUST02269,2024-12-07,Defective Product,2626.0,Refunded,4,Books
RET006674,ORD0035165,PROD0157,CUST02269,2024-12-07,Wrong Item,554.0,Refunded,11,Books
RET006675,ORD0035173,PROD0474,CUST00223,2021-03-20,Size Issue,19086.0,Pending,7,Automotive
RET006676,ORD0035173,PROD0281,CUST00223,2021-03-20,Wrong Item,1122.0,Pending,13,Grocery
RET006677,ORD0035173,PROD0084,CUST00223,2021-03-20,Better Price Found,61772.0,Refunded,11,Automotive
RET006678,ORD0035174,PROD0478,CUST00114,2022-03-08,Wrong Item,2910.0,Refunded,3,Beauty & Health
RET006679,ORD0035185,PROD0196,CUST03981,2023-06-30,Defective Product,1496.0,Refunded,9,Books
RET006680,ORD0035185,PROD0455,CUST03981,2023-06-30,Size Issue,8865.0,Refunded,10,Automotive
RET006681,ORD0035185,PROD0063,CUST03981,2023-06-30,Better Price Found,1220.0,Refunded,13,Beauty & Health
RET006682,ORD0035187,PROD0192,CUST00537,2022-08-10,Size Issue,1116.0,Refunded,7,Grocery
RET006683,ORD0035187,PROD0765,CUST00537,2022-08-10,Damaged in Transit,20124.0,Refunded,10,Home & Kitchen
RET006684,ORD0035246,PROD0581,CUST00874,2022-06-01,Wrong Item,707.0,Refunded,9,Grocery
RET006685,ORD0035249,PROD0600,CUST01711,2020-09-08,Changed Mind,2560.0,Refunded,7,Beauty & Health
RET006686,ORD0035249,PROD0685,CUST01711,2020-09-08,Damaged in Transit,10138.0,Refunded,12,Home & Kitchen
RET006687,ORD0035264,PROD0112,CUST00120,2022-10-28,Size Issue,178.0,Refunded,4,Grocery
RET006688,ORD0035264,PROD0740,CUST00120,2022-10-28,Damaged in Transit,1105.0,Refunded,5,Grocery
RET006689,ORD0035264,PROD0036,CUST00120,2022-10-28,Wrong Item,5374.0,Refunded,3,Fashion
RET006690,ORD0035274,PROD0729,CUST00473,2024-07-09,Size Issue,1358.0,Refunded,11,Books
RET006691,ORD0035274,PROD0775,CUST00473,2024-07-09,Defective Product,71097.0,Refunded,14,Home & Kitchen
RET006692,ORD0035276,PROD0476,CUST02813,2024-08-02,Size Issue,4266.0,Refunded,10,Toys & Games
RET006693,ORD0035281,PROD0163,CUST01602,2023-08-11,Size Issue,6000.0,Refunded,8,Beauty & Health
RET006694,ORD0035281,PROD0360,CUST01602,2023-08-11,Changed Mind,4156.0,Refunded,4,Electronics
RET006695,ORD0035284,PROD0681,CUST02328,2022-09-29,Wrong Item,3134.0,Rejected,7,Beauty & Health
RET006696,ORD0035284,PROD0525,CUST02328,2022-09-29,Changed Mind,2874.0,Refunded,6,Books
RET006697,ORD0035284,PROD0557,CUST02328,2022-09-29,Changed Mind,4564.0,Refunded,13,Office Supplies
RET006698,ORD0035284,PROD0418,CUST02328,2022-09-29,Better Price Found,1337.0,Refunded,10,Books
RET006699,ORD0035299,PROD0443,CUST03274,2022-10-19,Changed Mind,2381.0,Refunded,3,Sports & Fitness
RET006700,ORD0035302,PROD0556,CUST04870,2021-08-13,Wrong Item,1787.0,Pending,13,Toys & Games
RET006701,ORD0035317,PROD0071,CUST01073,2024-09-21,Defective Product,1238.0,Refunded,3,Books
RET006702,ORD0035317,PROD0475,CUST01073,2024-09-21,Size Issue,554.0,Refunded,10,Books
RET006703,ORD0035322,PROD0349,CUST04319,2023-10-02,Defective Product,144.0,Refunded,14,Toys & Games
RET006704,ORD0035328,PROD0222,CUST00600,2024-02-26,Defective Product,12411.0,Rejected,9,Office Supplies
RET006705,ORD0035328,PROD0039,CUST00600,2024-02-26,Changed Mind,10322.0,Refunded,3,Automotive
RET006706,ORD0035334,PROD0254,CUST01260,2020-09-10,Changed Mind,12704.0,Refunded,5,Sports & Fitness
RET006707,ORD0035344,PROD0383,CUST00203,2022-05-01,Defective Product,13722.0,Refunded,9,Fashion
RET006708,ORD0035358,PROD0063,CUST01210,2021-11-27,Damaged in Transit,1046.0,Refunded,13,Beauty & Health
RET006709,ORD0035358,PROD0500,CUST01210,2021-11-27,Better Price Found,35477.0,Refunded,6,Home & Kitchen
RET006710,ORD0035358,PROD0337,CUST01210,2021-11-27,Changed Mind,7199.0,Refunded,12,Fashion
RET006711,ORD0035374,PROD0133,CUST04616,2022-11-21,Defective Product,5688.0,Refunded,9,Office Supplies
RET006712,ORD0035404,PROD0286,CUST00239,2023-03-11,Size Issue,4006.0,Refunded,9,Sports & Fitness
RET006713,ORD0035404,PROD0273,CUST00239,2023-03-11,Defective Product,8408.0,Refunded,9,Home & Kitchen
RET006714,ORD0035424,PROD0470,CUST01236,2024-03-15,Changed Mind,50283.0,Refunded,7,Electronics
RET006715,ORD0035432,PROD0503,CUST03914,2022-05-27,Better Price Found,3136.0,Refunded,3,Office Supplies
RET006716,ORD0035443,PROD0654,CUST02215,2022-08-27,Wrong Item,306381.0,Pending,3,Electronics
RET006717,ORD0035462,PROD0459,CUST04418,2022-05-29,Damaged in Transit,83022.0,Refunded,7,Home & Kitchen
RET006718,ORD0035462,PROD0574,CUST04418,2022-05-29,Damaged in Transit,42167.0,Refunded,4,Electronics
RET006719,ORD0035466,PROD0168,CUST00056,2024-05-01,Size Issue,19528.0,Refunded,3,Office Supplies
RET006720,ORD0035467,PROD0073,CUST01513,2020-04-03,Wrong Item,30158.0,Refunded,6,Sports & Fitness
RET006721,ORD0035478,PROD0354,CUST04315,2023-06-24,Size Issue,868.0,Refunded,7,Fashion
RET006722,ORD0035478,PROD0251,CUST04315,2023-06-24,Wrong Item,58428.0,Refunded,6,Electronics
RET006723,ORD0035478,PROD0546,CUST04315,2023-06-24,Changed Mind,2726.0,Refunded,9,Sports & Fitness
RET006724,ORD0035478,PROD0539,CUST04315,2023-06-24,Size Issue,15018.0,Refunded,13,Home & Kitchen
RET006725,ORD0035478,PROD0160,CUST04315,2023-06-24,Size Issue,14484.0,Refunded,5,Fashion
RET006726,ORD0035479,PROD0441,CUST01568,2021-05-30,Changed Mind,787.0,Refunded,7,Grocery
RET006727,ORD0035483,PROD0087,CUST01529,2023-01-04,Damaged in Transit,7408.0,Refunded,6,Automotive
RET006728,ORD0035484,PROD0789,CUST01090,2024-02-01,Damaged in Transit,77233.0,Refunded,13,Electronics
RET006729,ORD0035486,PROD0150,CUST04546,2020-04-20,Damaged in Transit,1716.0,Refunded,14,Home & Kitchen
RET006730,ORD0035486,PROD0571,CUST04546,2020-04-20,Changed Mind,1004.0,Refunded,11,Grocery
RET006731,ORD0035486,PROD0368,CUST04546,2020-04-20,Changed Mind,4299.0,Refunded,12,Beauty & Health
RET006732,ORD0035532,PROD0685,CUST02202,2024-06-25,Changed Mind,4770.0,Refunded,6,Home & Kitchen
RET006733,ORD0035534,PROD0631,CUST00340,2021-05-26,Better Price Found,1345.0,Refunded,13,Beauty & Health
RET006734,ORD0035537,PROD0568,CUST00795,2022-11-25,Changed Mind,10445.0,Refunded,3,Fashion
RET006735,ORD0035537,PROD0365,CUST00795,2022-11-25,Damaged in Transit,11960.0,Refunded,7,Automotive
RET006736,ORD0035537,PROD0199,CUST00795,2022-11-25,Damaged in Transit,913.0,Refunded,3,Fashion
RET006737,ORD0035537,PROD0368,CUST00795,2022-11-25,Defective Product,4299.0,Refunded,12,Beauty & Health
RET006738,ORD0035537,PROD0239,CUST00795,2022-11-25,Better Price Found,4928.0,Refunded,13,Fashion
RET006739,ORD0035540,PROD0394,CUST01651,2022-08-25,Better Price Found,8188.0,Refunded,9,Office Supplies
RET006740,ORD0035567,PROD0727,CUST03837,2023-10-16,Changed Mind,17700.0,Refunded,4,Office Supplies
RET006741,ORD0035567,PROD0715,CUST03837,2023-10-16,Damaged in Transit,799.0,Pending,11,Home & Kitchen
RET006742,ORD0035588,PROD0321,CUST02287,2023-04-24,Wrong Item,17157.0,Refunded,9,Home & Kitchen
RET006743,ORD0035591,PROD0531,CUST02907,2023-11-13,Better Price Found,108.0,Refunded,10,Grocery
RET006744,ORD0035610,PROD0659,CUST04551,2021-12-09,Defective Product,1058.0,Refunded,14,Grocery
RET006745,ORD0035614,PROD0455,CUST02637,2022-12-17,Size Issue,9752.0,Refunded,7,Automotive
RET006746,ORD0035614,PROD0745,CUST02637,2022-12-17,Size Issue,32342.0,Pending,7,Home & Kitchen
RET006747,ORD0035614,PROD0646,CUST02637,2022-12-17,Size Issue,32026.0,Refunded,3,Sports & Fitness
RET006748,ORD0035619,PROD0637,CUST04096,2024-03-19,Changed Mind,1152.0,Refunded,11,Beauty & Health
RET006749,ORD0035619,PROD0466,CUST04096,2024-03-19,Changed Mind,33293.0,Refunded,11,Home & Kitchen
RET006750,ORD0035619,PROD0128,CUST04096,2024-03-19,Damaged in Transit,3340.0,Refunded,11,Toys & Games
RET006751,ORD0035619,PROD0536,CUST04096,2024-03-19,Changed Mind,292.0,Rejected,14,Grocery
RET006752,ORD0035632,PROD0489,CUST00234,2023-12-27,Wrong Item,11500.0,Refunded,12,Fashion
RET006753,ORD0035632,PROD0091,CUST00234,2023-12-27,Damaged in Transit,1346.0,Refunded,7,Beauty & Health
RET006754,ORD0035648,PROD0563,CUST01904,2023-08-22,Changed Mind,2708.0,Refunded,5,Home & Kitchen
RET006755,ORD0035648,PROD0384,CUST01904,2023-08-22,Changed Mind,6148.0,Refunded,14,Toys & Games
RET006756,ORD0035648,PROD0688,CUST01904,2023-08-22,Damaged in Transit,4544.0,Refunded,5,Office Supplies
RET006757,ORD0035660,PROD0154,CUST00171,2024-02-13,Better Price Found,2978.0,Refunded,8,Beauty & Health
RET006758,ORD0035660,PROD0390,CUST00171,2024-02-13,Damaged in Transit,7348.0,Refunded,13,Electronics
RET006759,ORD0035672,PROD0221,CUST04783,2022-02-08,Defective Product,33324.0,Refunded,14,Home & Kitchen
RET006760,ORD0035674,PROD0681,CUST04959,2024-05-10,Changed Mind,3330.0,Pending,14,Beauty & Health
RET006761,ORD0035674,PROD0260,CUST04959,2024-05-10,Defective Product,1568.0,Refunded,14,Books
RET006762,ORD0035686,PROD0355,CUST03777,2021-12-08,Wrong Item,24489.0,Refunded,13,Fashion
RET006763,ORD0035686,PROD0748,CUST03777,2021-12-08,Size Issue,4670.0,Pending,8,Beauty & Health
RET006764,ORD0035692,PROD0648,CUST03651,2020-03-14,Defective Product,7995.0,Refunded,6,Fashion
RET006765,ORD0035692,PROD0401,CUST03651,2020-03-14,Size Issue,38942.0,Pending,10,Home & Kitchen
RET006766,ORD0035692,PROD0033,CUST03651,2020-03-14,Better Price Found,73653.0,Refunded,3,Electronics
RET006767,ORD0035692,PROD0640,CUST03651,2020-03-14,Size Issue,3340.0,Refunded,9,Toys & Games
RET006768,ORD0035695,PROD0164,CUST03563,2022-07-03,Defective Product,4130.0,Refunded,4,Beauty & Health
RET006769,ORD0035695,PROD0277,CUST03563,2022-07-03,Defective Product,206.0,Refunded,3,Beauty & Health
RET006770,ORD0035697,PROD0350,CUST04799,2023-11-25,Damaged in Transit,11869.0,Refunded,9,Sports & Fitness
RET006771,ORD0035697,PROD0149,CUST04799,2023-11-25,Better Price Found,26011.0,Refunded,6,Home & Kitchen
RET006772,ORD0035708,PROD0028,CUST04762,2024-02-02,Better Price Found,3044.0,Refunded,6,Sports & Fitness
RET006773,ORD0035708,PROD0711,CUST04762,2024-02-02,Better Price Found,55328.0,Refunded,12,Electronics
RET006774,ORD0035710,PROD0629,CUST02032,2023-06-23,Wrong Item,2456.0,Pending,13,Books
RET006775,ORD0035710,PROD0338,CUST02032,2023-06-23,Wrong Item,53760.0,Refunded,14,Sports & Fitness
RET006776,ORD0035710,PROD0787,CUST02032,2023-06-23,Better Price Found,3931.0,Refunded,14,Office Supplies
RET006777,ORD0035710,PROD0238,CUST02032,2023-06-23,Size Issue,950.0,Pending,13,Fashion
RET006778,ORD0035738,PROD0715,CUST04420,2024-06-09,Changed Mind,1996.0,Refunded,3,Home & Kitchen
RET006779,ORD0035738,PROD0114,CUST04420,2024-06-09,Defective Product,5560.0,Refunded,6,Beauty & Health
RET006780,ORD0035738,PROD0002,CUST04420,2024-06-09,Size Issue,6215.0,Refunded,11,Toys & Games
RET006781,ORD0035738,PROD0078,CUST04420,2024-06-09,Size Issue,8212.0,Refunded,7,Office Supplies
RET006782,ORD0035738,PROD0207,CUST04420,2024-06-09,Size Issue,2649.0,Refunded,10,Books
RET006783,ORD0035741,PROD0521,CUST02224,2021-04-02,Better Price Found,467864.0,Pending,3,Electronics
RET006784,ORD0035745,PROD0691,CUST00567,2021-12-06,Wrong Item,18687.0,Refunded,14,Automotive
RET006785,ORD0035753,PROD0262,CUST04649,2020-07-03,Defective Product,25591.0,Refunded,11,Home & Kitchen
RET006786,ORD0035754,PROD0394,CUST03356,2022-08-16,Damaged in Transit,8734.0,Refunded,8,Office Supplies
RET006787,ORD0035754,PROD0703,CUST03356,2022-08-16,Size Issue,26118.0,Refunded,5,Electronics
RET006788,ORD0035754,PROD0309,CUST03356,2022-08-16,Wrong Item,42611.0,Refunded,11,Electronics
RET006789,ORD0035762,PROD0275,CUST02905,2024-07-28,Changed Mind,2532.0,Refunded,4,Grocery
RET006790,ORD0035762,PROD0680,CUST02905,2024-07-28,Damaged in Transit,29548.0,Pending,7,Office Supplies
RET006791,ORD0035762,PROD0701,CUST02905,2024-07-28,Better Price Found,54734.0,Refunded,14,Home & Kitchen
RET006792,ORD0035772,PROD0514,CUST04116,2020-01-30,Changed Mind,51321.0,Refunded,8,Electronics
RET006793,ORD0035773,PROD0631,CUST04265,2021-05-05,Changed Mind,1345.0,Refunded,8,Beauty & Health
RET006794,ORD0035773,PROD0156,CUST04265,2021-05-05,Better Price Found,4008.0,Refunded,11,Toys & Games
RET006795,ORD0035797,PROD0450,CUST03284,2021-09-11,Better Price Found,3794.0,Refunded,3,Sports & Fitness
RET006796,ORD0035798,PROD0618,CUST01955,2023-05-08,Better Price Found,887.0,Refunded,7,Books
RET006797,ORD0035803,PROD0769,CUST03588,2023-07-08,Defective Product,18404.0,Pending,6,Automotive
RET006798,ORD0035816,PROD0488,CUST03335,2024-02-18,Wrong Item,8846.0,Pending,12,Fashion
RET006799,ORD0035823,PROD0675,CUST04276,2020-04-06,Damaged in Transit,2066.0,Refunded,14,Toys & Games
RET006800,ORD0035823,PROD0476,CUST04276,2020-04-06,Damaged in Transit,17064.0,Refunded,11,Toys & Games
RET006801,ORD0035824,PROD0352,CUST02319,2020-12-20,Size Issue,5160.0,Refunded,6,Beauty & Health
RET006802,ORD0035824,PROD0620,CUST02319,2020-12-20,Better Price Found,2620.0,Refunded,5,Books
RET006803,ORD0035824,PROD0023,CUST02319,2020-12-20,Changed Mind,44113.0,Rejected,4,Electronics
RET006804,ORD0035824,PROD0308,CUST02319,2020-12-20,Wrong Item,12220.0,Refunded,8,Office Supplies
RET006805,ORD0035825,PROD0714,CUST02133,2023-11-23,Better Price Found,15282.0,Refunded,5,Sports & Fitness
RET006806,ORD0035831,PROD0636,CUST01516,2024-05-06,Changed Mind,39951.0,Refunded,10,Electronics
RET006807,ORD0035831,PROD0533,CUST01516,2024-05-06,Defective Product,8174.0,Pending,10,Office Supplies
RET006808,ORD0035831,PROD0575,CUST01516,2024-05-06,Better Price Found,1926.0,Refunded,8,Fashion
RET006809,ORD0035834,PROD0328,CUST00296,2022-09-30,Size Issue,4278.0,Pending,3,Office Supplies
RET006810,ORD0035834,PROD0791,CUST00296,2022-09-30,Changed Mind,1092.0,Refunded,10,Fashion
RET006811,ORD0035834,PROD0584,CUST00296,2022-09-30,Defective Product,2651.0,Rejected,7,Toys & Games
RET006812,ORD0035834,PROD0486,CUST00296,2022-09-30,Damaged in Transit,68458.0,Refunded,7,Electronics
RET006813,ORD0035834,PROD0475,CUST00296,2022-09-30,Better Price Found,554.0,Refunded,6,Books
RET006814,ORD0035836,PROD0483,CUST00682,2024-02-11,Damaged in Transit,776.0,Refunded,12,Books
RET006815,ORD0035836,PROD0171,CUST00682,2024-02-11,Wrong Item,7172.0,Refunded,12,Toys & Games
RET006816,ORD0035848,PROD0179,CUST03613,2021-10-06,Wrong Item,657.0,Refunded,13,Grocery
RET006817,ORD0035848,PROD0523,CUST03613,2021-10-06,Wrong Item,12422.0,Refunded,11,Automotive
RET006818,ORD0035860,PROD0417,CUST00508,2020-11-15,Better Price Found,3284.0,Pending,4,Automotive
RET006819,ORD0035860,PROD0787,CUST00508,2020-11-15,Wrong Item,11793.0,Pending,4,Office Supplies
RET006820,ORD0035865,PROD0511,CUST01181,2024-01-19,Defective Product,1365.0,Refunded,11,Office Supplies
RET006821,ORD0035865,PROD0637,CUST01181,2024-01-19,Changed Mind,1152.0,Refunded,3,Beauty & Health
RET006822,ORD0035886,PROD0681,CUST04677,2023-06-24,Size Issue,5876.0,Pending,7,Beauty & Health
RET006823,ORD0035890,PROD0636,CUST00928,2023-07-10,Damaged in Transit,79902.0,Refunded,8,Electronics
RET006824,ORD0035891,PROD0708,CUST01484,2022-04-18,Defective Product,4854.0,Refunded,9,Fashion
RET006825,ORD0035891,PROD0445,CUST01484,2022-04-18,Changed Mind,33386.0,Pending,14,Home & Kitchen
RET006826,ORD0035891,PROD0279,CUST01484,2022-04-18,Defective Product,1053.0,Refunded,9,Grocery
RET006827,ORD0035891,PROD0042,CUST01484,2022-04-18,Better Price Found,546.0,Refunded,9,Books
RET006828,ORD0035895,PROD0157,CUST03773,2021-12-13,Wrong Item,726.0,Refunded,13,Books
RET006829,ORD0035902,PROD0787,CUST00184,2022-07-11,Better Price Found,3931.0,Pending,9,Office Supplies
RET006830,ORD0035902,PROD0272,CUST00184,2022-07-11,Better Price Found,4228.0,Pending,13,Beauty & Health
RET006831,ORD0035915,PROD0318,CUST03860,2023-03-26,Defective Product,67335.0,Rejected,13,Home & Kitchen
RET006832,ORD0035916,PROD0081,CUST00945,2023-04-22,Better Price Found,1918.0,Refunded,10,Fashion
RET006833,ORD0035916,PROD0594,CUST00945,2023-04-22,Size Issue,333.0,Pending,11,Books
RET006834,ORD0035916,PROD0034,CUST00945,2023-04-22,Better Price Found,90494.0,Refunded,11,Electronics
RET006835,ORD0035916,PROD0702,CUST00945,2023-04-22,Better Price Found,2952.0,Pending,10,Toys & Games
RET006836,ORD0035916,PROD0154,CUST00945,2023-04-22,Wrong Item,3436.0,Refunded,3,Beauty & Health
RET006837,ORD0035917,PROD0784,CUST03055,2024-05-04,Wrong Item,1065.0,Refunded,5,Books
RET006838,ORD0035923,PROD0050,CUST00951,2020-07-30,Damaged in Transit,46350.0,Refunded,14,Electronics
RET006839,ORD0035923,PROD0494,CUST00951,2020-07-30,Wrong Item,18268.0,Refunded,10,Automotive
RET006840,ORD0035923,PROD0334,CUST00951,2020-07-30,Size Issue,27167.0,Refunded,5,Home & Kitchen
RET006841,ORD0035923,PROD0522,CUST00951,2020-07-30,Changed Mind,4913.0,Refunded,8,Toys & Games
RET006842,ORD0035923,PROD0306,CUST00951,2020-07-30,Changed Mind,3959.0,Pending,7,Beauty & Health
RET006843,ORD0035936,PROD0016,CUST00793,2020-07-28,Changed Mind,1428.0,Refunded,7,Books
RET006844,ORD0035941,PROD0160,CUST02532,2023-10-20,Damaged in Transit,5200.0,Refunded,6,Fashion
RET006845,ORD0035941,PROD0313,CUST02532,2023-10-20,Better Price Found,3566.0,Pending,5,Fashion
RET006846,ORD0035941,PROD0465,CUST02532,2023-10-20,Damaged in Transit,1146.0,Refunded,9,Grocery
RET006847,ORD0035954,PROD0547,CUST04935,2020-03-01,Defective Product,350.0,Refunded,13,Grocery
RET006848,ORD0035954,PROD0097,CUST04935,2020-03-01,Size Issue,8042.0,Refunded,3,Automotive
RET006849,ORD0035954,PROD0214,CUST04935,2020-03-01,Size Issue,1970.0,Pending,5,Beauty & Health
RET006850,ORD0035954,PROD0121,CUST04935,2020-03-01,Defective Product,17756.0,Refunded,14,Office Supplies
RET006851,ORD0035954,PROD0186,CUST04935,2020-03-01,Wrong Item,91904.0,Pending,5,Electronics
RET006852,ORD0035955,PROD0729,CUST01647,2024-07-21,Damaged in Transit,764.0,Refunded,13,Books
RET006853,ORD0035959,PROD0436,CUST01026,2024-02-01,Damaged in Transit,58338.0,Refunded,6,Electronics
RET006854,ORD0035971,PROD0552,CUST02717,2022-02-01,Size Issue,755.0,Refunded,5,Beauty & Health
RET006855,ORD0035971,PROD0031,CUST02717,2022-02-01,Better Price Found,2760.0,Refunded,12,Grocery
RET006856,ORD0035982,PROD0476,CUST04862,2022-12-28,Changed Mind,7110.0,Pending,4,Toys & Games
RET006857,ORD0035982,PROD0680,CUST04862,2022-12-28,Better Price Found,8256.0,Refunded,13,Office Supplies
RET006858,ORD0036002,PROD0641,CUST00423,2020-02-10,Size Issue,354.0,Refunded,5,Books
RET006859,ORD0036002,PROD0188,CUST00423,2020-02-10,Size Issue,788.0,Pending,6,Books
RET006860,ORD0036003,PROD0336,CUST01418,2023-08-20,Defective Product,7069.0,Refunded,11,Office Supplies
RET006861,ORD0036003,PROD0036,CUST01418,2023-08-20,Damaged in Transit,18424.0,Refunded,6,Fashion
RET006862,ORD0036010,PROD0120,CUST01451,2024-03-22,Changed Mind,19252.0,Refunded,12,Sports & Fitness
RET006863,ORD0036022,PROD0701,CUST01821,2021-03-05,Size Issue,25926.0,Refunded,13,Home & Kitchen
RET006864,ORD0036023,PROD0400,CUST00545,2024-09-10,Size Issue,1311.0,Pending,11,Books
RET006865,ORD0036023,PROD0277,CUST00545,2024-09-10,Better Price Found,185.0,Pending,7,Beauty & Health
RET006866,ORD0036023,PROD0727,CUST00545,2024-09-10,Damaged in Transit,4425.0,Refunded,5,Office Supplies
RET006867,ORD0036025,PROD0304,CUST00906,2020-08-09,Defective Product,2984.0,Refunded,4,Beauty & Health
RET006868,ORD0036025,PROD0167,CUST00906,2020-08-09,Size Issue,53114.0,Pending,8,Electronics
RET006869,ORD0036025,PROD0021,CUST00906,2020-08-09,Size Issue,3636.0,Refunded,14,Beauty & Health
RET006870,ORD0036034,PROD0328,CUST04200,2023-08-22,Wrong Item,1605.0,Refunded,6,Office Supplies
RET006871,ORD0036043,PROD0645,CUST03618,2023-07-23,Wrong Item,94818.0,Pending,10,Electronics
RET006872,ORD0036051,PROD0498,CUST03255,2020-01-13,Changed Mind,121645.0,Rejected,12,Electronics
RET006873,ORD0036067,PROD0491,CUST04282,2022-02-03,Size Issue,12168.0,Refunded,6,Automotive
RET006874,ORD0036067,PROD0449,CUST04282,2022-02-03,Size Issue,27166.0,Refunded,14,Home & Kitchen
RET006875,ORD0036067,PROD0271,CUST04282,2022-02-03,Defective Product,5250.0,Refunded,11,Toys & Games
RET006876,ORD0036067,PROD0111,CUST04282,2022-02-03,Better Price Found,6550.0,Pending,3,Toys & Games
RET006877,ORD0036069,PROD0098,CUST04520,2022-08-31,Changed Mind,27936.0,Refunded,8,Sports & Fitness
RET006878,ORD0036069,PROD0740,CUST04520,2022-08-31,Defective Product,2210.0,Refunded,8,Grocery
RET006879,ORD0036075,PROD0561,CUST03942,2025-01-21,Damaged in Transit,3891.0,Refunded,5,Books
RET006880,ORD0036078,PROD0666,CUST02949,2022-01-14,Defective Product,1597.0,Refunded,12,Home & Kitchen
RET006881,ORD0036078,PROD0306,CUST02949,2022-01-14,Size Issue,8798.0,Refunded,8,Beauty & Health
RET006882,ORD0036081,PROD0302,CUST00547,2022-06-19,Wrong Item,2022.0,Refunded,11,Beauty & Health
RET006883,ORD0036092,PROD0274,CUST03335,2020-10-12,Defective Product,103722.0,Refunded,3,Electronics
RET006884,ORD0036092,PROD0318,CUST03335,2020-10-12,Wrong Item,22445.0,Refunded,7,Home & Kitchen
RET006885,ORD0036096,PROD0026,CUST03636,2022-08-09,Changed Mind,3523.0,Refunded,8,Sports & Fitness
RET006886,ORD0036114,PROD0095,CUST01487,2024-12-25,Damaged in Transit,1238.0,Refunded,14,Toys & Games
RET006887,ORD0036114,PROD0154,CUST01487,2024-12-25,Wrong Item,5956.0,Refunded,12,Beauty & Health
RET006888,ORD0036122,PROD0228,CUST04936,2022-10-04,Size Issue,380.0,Refunded,7,Books
RET006889,ORD0036122,PROD0327,CUST04936,2022-10-04,Better Price Found,3462.0,Refunded,5,Toys & Games
RET006890,ORD0036122,PROD0290,CUST04936,2022-10-04,Damaged in Transit,4358.0,Refunded,14,Toys & Games
RET006891,ORD0036127,PROD0711,CUST04406,2021-10-06,Better Price Found,110656.0,Refunded,6,Electronics
RET006892,ORD0036127,PROD0182,CUST04406,2021-10-06,Damaged in Transit,556.0,Refunded,6,Grocery
RET006893,ORD0036127,PROD0755,CUST04406,2021-10-06,Wrong Item,96428.0,Pending,10,Electronics
RET006894,ORD0036136,PROD0784,CUST01767,2023-02-01,Damaged in Transit,3195.0,Refunded,14,Books
RET006895,ORD0036136,PROD0525,CUST01767,2023-02-01,Changed Mind,1808.0,Refunded,7,Books
RET006896,ORD0036140,PROD0157,CUST02791,2021-05-19,Better Price Found,277.0,Refunded,3,Books
RET006897,ORD0036140,PROD0190,CUST02791,2021-05-19,Better Price Found,2725.0,Pending,4,Automotive
RET006898,ORD0036176,PROD0085,CUST02052,2023-10-23,Defective Product,7370.0,Refunded,8,Sports & Fitness
RET006899,ORD0036182,PROD0742,CUST04792,2022-11-25,Damaged in Transit,206.0,Refunded,4,Books
RET006900,ORD0036202,PROD0797,CUST04438,2020-03-04,Defective Product,43782.0,Refunded,4,Home & Kitchen
RET006901,ORD0036203,PROD0204,CUST00543,2022-10-07,Size Issue,2231.0,Pending,8,Office Supplies
RET006902,ORD0036209,PROD0489,CUST04527,2020-09-04,Wrong Item,5750.0,Refunded,5,Fashion
RET006903,ORD0036209,PROD0504,CUST04527,2020-09-04,Defective Product,19859.0,Refunded,5,Home & Kitchen
RET006904,ORD0036209,PROD0587,CUST04527,2020-09-04,Wrong Item,5014.0,Refunded,7,Beauty & Health
RET006905,ORD0036214,PROD0117,CUST02656,2021-09-03,Better Price Found,11985.0,Pending,7,Automotive
RET006906,ORD0036224,PROD0688,CUST00505,2024-05-28,Better Price Found,4066.0,Refunded,5,Office Supplies
RET006907,ORD0036235,PROD0423,CUST01462,2021-01-23,Defective Product,15157.0,Refunded,9,Electronics
RET006908,ORD0036235,PROD0794,CUST01462,2021-01-23,Wrong Item,770.0,Pending,9,Toys & Games
RET006909,ORD0036267,PROD0774,CUST02443,2021-10-08,Size Issue,20096.0,Refunded,6,Home & Kitchen
RET006910,ORD0036269,PROD0048,CUST00036,2020-09-22,Defective Product,564.0,Refunded,7,Automotive
RET006911,ORD0036306,PROD0740,CUST02767,2021-08-24,Defective Product,4420.0,Refunded,14,Grocery
RET006912,ORD0036306,PROD0189,CUST02767,2021-08-24,Changed Mind,4629.0,Refunded,5,Office Supplies
RET006913,ORD0036306,PROD0129,CUST02767,2021-08-24,Defective Product,8935.0,Refunded,13,Automotive
RET006914,ORD0036306,PROD0562,CUST02767,2021-08-24,Better Price Found,38003.0,Pending,12,Electronics
RET006915,ORD0036318,PROD0098,CUST04748,2023-05-25,Damaged in Transit,8278.0,Rejected,14,Sports & Fitness
RET006916,ORD0036318,PROD0558,CUST04748,2023-05-25,Defective Product,5795.0,Refunded,4,Sports & Fitness
RET006917,ORD0036322,PROD0679,CUST04282,2024-05-03,Wrong Item,18532.0,Refunded,7,Sports & Fitness
RET006918,ORD0036363,PROD0500,CUST00755,2020-05-30,Better Price Found,39651.0,Pending,6,Home & Kitchen
RET006919,ORD0036365,PROD0684,CUST03471,2024-11-08,Damaged in Transit,25925.0,Pending,11,Electronics
RET006920,ORD0036365,PROD0703,CUST03471,2024-11-08,Size Issue,26118.0,Refunded,14,Electronics
RET006921,ORD0036371,PROD0727,CUST01303,2020-09-17,Damaged in Transit,4425.0,Refunded,14,Office Supplies
RET006922,ORD0036371,PROD0526,CUST01303,2020-09-17,Defective Product,2280.0,Refunded,9,Books
RET006923,ORD0036371,PROD0325,CUST01303,2020-09-17,Changed Mind,9466.0,Refunded,9,Automotive
RET006924,ORD0036371,PROD0366,CUST01303,2020-09-17,Changed Mind,4622.0,Refunded,7,Beauty & Health
RET006925,ORD0036374,PROD0171,CUST03765,2023-03-31,Damaged in Transit,7549.0,Pending,13,Toys & Games
RET006926,ORD0036378,PROD0591,CUST00232,2022-03-25,Better Price Found,2169.0,Refunded,8,Grocery
RET006927,ORD0036379,PROD0153,CUST03968,2022-12-27,Changed Mind,1188.0,Refunded,4,Grocery
RET006928,ORD0036404,PROD0343,CUST03404,2020-12-05,Changed Mind,6112.0,Refunded,9,Beauty & Health
RET006929,ORD0036404,PROD0013,CUST03404,2020-12-05,Wrong Item,107668.0,Refunded,3,Electronics
RET006930,ORD0036404,PROD0714,CUST03404,2020-12-05,Better Price Found,7641.0,Refunded,7,Sports & Fitness
RET006931,ORD0036404,PROD0350,CUST03404,2020-12-05,Damaged in Transit,47476.0,Rejected,9,Sports & Fitness
RET006932,ORD0036410,PROD0428,CUST03043,2020-02-02,Size Issue,1745.0,Refunded,3,Grocery
RET006933,ORD0036413,PROD0181,CUST02198,2021-10-01,Changed Mind,354.0,Refunded,3,Books
RET006934,ORD0036443,PROD0155,CUST04738,2020-05-13,Changed Mind,2544.0,Refunded,4,Office Supplies
RET006935,ORD0036446,PROD0793,CUST03267,2023-02-24,Damaged in Transit,2678.0,Refunded,4,Beauty & Health
RET006936,ORD0036456,PROD0767,CUST02587,2023-08-23,Better Price Found,1266.0,Rejected,13,Office Supplies
RET006937,ORD0036461,PROD0215,CUST01930,2021-04-13,Size Issue,1674.0,Refunded,10,Books
RET006938,ORD0036471,PROD0728,CUST03412,2023-07-12,Defective Product,30942.0,Pending,14,Fashion
RET006939,ORD0036473,PROD0562,CUST03856,2021-11-11,Changed Mind,76006.0,Refunded,8,Electronics
RET006940,ORD0036473,PROD0753,CUST03856,2021-11-11,Better Price Found,18186.0,Refunded,9,Office Supplies
RET006941,ORD0036486,PROD0410,CUST03434,2020-04-05,Changed Mind,2188.0,Refunded,5,Toys & Games
RET006942,ORD0036486,PROD0042,CUST03434,2020-04-05,Changed Mind,273.0,Refunded,9,Books
RET006943,ORD0036487,PROD0234,CUST04290,2021-09-30,Better Price Found,356.0,Refunded,9,Grocery
RET006944,ORD0036502,PROD0216,CUST00753,2022-04-09,Size Issue,11507.0,Pending,12,Fashion
RET006945,ORD0036508,PROD0727,CUST03420,2023-07-24,Changed Mind,14934.0,Refunded,11,Office Supplies
RET006946,ORD0036508,PROD0328,CUST03420,2023-07-24,Better Price Found,6420.0,Refunded,13,Office Supplies
RET006947,ORD0036525,PROD0525,CUST01174,2021-09-06,Better Price Found,958.0,Refunded,5,Books
RET006948,ORD0036546,PROD0774,CUST02859,2023-02-08,Defective Product,18660.0,Refunded,3,Home & Kitchen
RET006949,ORD0036546,PROD0105,CUST02859,2023-02-08,Defective Product,455.0,Refunded,11,Beauty & Health
RET006950,ORD0036546,PROD0078,CUST02859,2023-02-08,Defective Product,12318.0,Rejected,10,Office Supplies
RET006951,ORD0036556,PROD0012,CUST02651,2023-08-04,Size Issue,1040.0,Refunded,12,Grocery
RET006952,ORD0036556,PROD0448,CUST02651,2023-08-04,Better Price Found,216872.0,Refunded,5,Electronics
RET006953,ORD0036559,PROD0605,CUST01498,2020-02-07,Defective Product,29976.0,Refunded,11,Sports & Fitness
RET006954,ORD0036564,PROD0292,CUST03677,2022-01-29,Changed Mind,34002.0,Refunded,13,Home & Kitchen
RET006955,ORD0036564,PROD0445,CUST03677,2022-01-29,Changed Mind,28935.0,Refunded,7,Home & Kitchen
RET006956,ORD0036567,PROD0415,CUST03995,2024-09-27,Defective Product,6099.0,Refunded,9,Office Supplies
RET006957,ORD0036567,PROD0476,CUST03995,2024-09-27,Better Price Found,4266.0,Refunded,11,Toys & Games
RET006958,ORD0036567,PROD0543,CUST03995,2024-09-27,Damaged in Transit,7144.0,Refunded,6,Automotive
RET006959,ORD0036567,PROD0189,CUST03995,2024-09-27,Better Price Found,4629.0,Refunded,11,Office Supplies
RET006960,ORD0036567,PROD0169,CUST03995,2024-09-27,Better Price Found,9076.0,Pending,10,Home & Kitchen
RET006961,ORD0036568,PROD0319,CUST02495,2023-04-12,Better Price Found,1952.0,Refunded,14,Beauty & Health
RET006962,ORD0036569,PROD0490,CUST03979,2024-10-19,Size Issue,24935.0,Refunded,9,Sports & Fitness
RET006963,ORD0036569,PROD0612,CUST03979,2024-10-19,Changed Mind,248.0,Refunded,4,Grocery
RET006964,ORD0036575,PROD0256,CUST02457,2024-03-01,Better Price Found,4912.0,Refunded,5,Home & Kitchen
RET006965,ORD0036578,PROD0790,CUST03495,2020-04-29,Wrong Item,4119.0,Pending,4,Fashion
RET006966,ORD0036578,PROD0639,CUST03495,2020-04-29,Size Issue,8138.0,Refunded,6,Toys & Games
RET006967,ORD0036608,PROD0722,CUST04319,2021-05-07,Size Issue,5564.0,Pending,5,Grocery
RET006968,ORD0036608,PROD0744,CUST04319,2021-05-07,Size Issue,313.0,Refunded,10,Grocery
RET006969,ORD0036608,PROD0338,CUST04319,2021-05-07,Damaged in Transit,16977.0,Refunded,4,Sports & Fitness
RET006970,ORD0036614,PROD0424,CUST00907,2023-12-30,Damaged in Transit,5239.0,Refunded,12,Toys & Games
RET006971,ORD0036617,PROD0790,CUST01530,2022-03-10,Defective Product,4576.0,Refunded,4,Fashion
RET006972,ORD0036622,PROD0206,CUST02070,2020-05-22,Changed Mind,5191.0,Refunded,6,Office Supplies
RET006973,ORD0036649,PROD0417,CUST01999,2024-03-28,Size Issue,13136.0,Refunded,3,Automotive
RET006974,ORD0036649,PROD0696,CUST01999,2024-03-28,Defective Product,621.0,Pending,3,Books
RET006975,ORD0036649,PROD0687,CUST01999,2024-03-28,Size Issue,11929.0,Refunded,10,Automotive
RET006976,ORD0036656,PROD0269,CUST00873,2023-08-29,Better Price Found,4300.0,Refunded,9,Sports & Fitness
RET006977,ORD0036656,PROD0005,CUST00873,2023-08-29,Damaged in Transit,7043.0,Rejected,3,Automotive
RET006978,ORD0036662,PROD0717,CUST00670,2024-01-28,Better Price Found,8841.0,Rejected,13,Home & Kitchen
RET006979,ORD0036662,PROD0077,CUST00670,2024-01-28,Defective Product,8405.0,Refunded,8,Automotive
RET006980,ORD0036662,PROD0146,CUST00670,2024-01-28,Size Issue,458.0,Refunded,9,Office Supplies
RET006981,ORD0036662,PROD0621,CUST00670,2024-01-28,Wrong Item,19724.0,Pending,13,Fashion
RET006982,ORD0036701,PROD0653,CUST00563,2020-09-19,Changed Mind,6932.0,Pending,3,Sports & Fitness
RET006983,ORD0036705,PROD0487,CUST03184,2023-10-18,Size Issue,4910.0,Pending,8,Toys & Games
RET006984,ORD0036705,PROD0365,CUST03184,2023-10-18,Damaged in Transit,5648.0,Refunded,4,Automotive
RET006985,ORD0036723,PROD0685,CUST03411,2024-10-26,Damaged in Transit,16101.0,Refunded,13,Home & Kitchen
RET006986,ORD0036723,PROD0496,CUST03411,2024-10-26,Better Price Found,5918.0,Refunded,13,Sports & Fitness
RET006987,ORD0036748,PROD0504,CUST02749,2022-09-07,Changed Mind,39718.0,Refunded,10,Home & Kitchen
RET006988,ORD0036748,PROD0599,CUST02749,2022-09-07,Defective Product,28100.0,Refunded,5,Home & Kitchen
RET006989,ORD0036748,PROD0312,CUST02749,2022-09-07,Wrong Item,42998.0,Refunded,3,Sports & Fitness
RET006990,ORD0036748,PROD0783,CUST02749,2022-09-07,Wrong Item,56833.0,Refunded,3,Electronics
RET006991,ORD0036757,PROD0685,CUST03933,2020-10-16,Size Issue,5367.0,Pending,12,Home & Kitchen
RET006992,ORD0036757,PROD0300,CUST03933,2020-10-16,Damaged in Transit,4438.0,Pending,14,Beauty & Health
RET006993,ORD0036757,PROD0620,CUST03933,2020-10-16,Damaged in Transit,1391.0,Refunded,6,Books
RET006994,ORD0036769,PROD0724,CUST00725,2020-06-29,Damaged in Transit,829.0,Pending,12,Grocery
RET006995,ORD0036799,PROD0132,CUST03251,2024-06-07,Defective Product,6854.0,Refunded,9,Automotive
RET006996,ORD0036800,PROD0477,CUST01281,2020-10-15,Wrong Item,7635.0,Pending,12,Fashion
RET006997,ORD0036801,PROD0038,CUST04197,2024-04-10,Damaged in Transit,3999.0,Refunded,6,Beauty & Health
RET006998,ORD0036801,PROD0677,CUST04197,2024-04-10,Damaged in Transit,10004.0,Refunded,8,Toys & Games
RET006999,ORD0036803,PROD0772,CUST04252,2023-02-17,Size Issue,230064.0,Refunded,7,Electronics
RET007000,ORD0036813,PROD0374,CUST04702,2021-12-22,Better Price Found,763.0,Refunded,11,Toys & Games
RET007001,ORD0036823,PROD0237,CUST02199,2020-05-05,Size Issue,22460.0,Refunded,3,Electronics
RET007002,ORD0036825,PROD0228,CUST04173,2021-07-13,Changed Mind,179.0,Rejected,10,Books
RET007003,ORD0036825,PROD0310,CUST04173,2021-07-13,Wrong Item,2266.0,Pending,10,Sports & Fitness
RET007004,ORD0036825,PROD0134,CUST04173,2021-07-13,Damaged in Transit,2018.0,Refunded,10,Beauty & Health
RET007005,ORD0036862,PROD0630,CUST02343,2023-12-01,Better Price Found,1354.0,Refunded,13,Fashion
RET007006,ORD0036871,PROD0593,CUST01101,2024-04-15,Changed Mind,10383.0,Refunded,7,Home & Kitchen
RET007007,ORD0036879,PROD0413,CUST04658,2023-01-01,Changed Mind,7116.0,Refunded,3,Sports & Fitness
RET007008,ORD0036879,PROD0164,CUST04658,2023-01-01,Damaged in Transit,4818.0,Refunded,13,Beauty & Health
RET007009,ORD0036886,PROD0250,CUST02942,2022-09-24,Wrong Item,560.0,Refunded,9,Grocery
RET007010,ORD0036886,PROD0637,CUST02942,2022-09-24,Changed Mind,3456.0,Refunded,12,Beauty & Health
RET007011,ORD0036893,PROD0734,CUST04604,2022-05-19,Size Issue,4022.0,Pending,7,Fashion
RET007012,ORD0036894,PROD0407,CUST00514,2025-01-01,Changed Mind,1300.0,Refunded,14,Books
RET007013,ORD0036900,PROD0611,CUST00063,2022-01-12,Damaged in Transit,10668.0,Refunded,6,Office Supplies
RET007014,ORD0036900,PROD0239,CUST00063,2022-01-12,Wrong Item,8526.0,Refunded,8,Fashion
RET007015,ORD0036912,PROD0721,CUST01143,2023-05-12,Damaged in Transit,2854.0,Refunded,13,Grocery
RET007016,ORD0036912,PROD0043,CUST01143,2023-05-12,Damaged in Transit,8856.0,Refunded,12,Beauty & Health
RET007017,ORD0036914,PROD0766,CUST01881,2024-07-11,Size Issue,18032.0,Refunded,3,Home & Kitchen
RET007018,ORD0036915,PROD0403,CUST01355,2023-03-05,Better Price Found,3865.0,Refunded,3,Office Supplies
RET007019,ORD0036927,PROD0558,CUST01615,2023-04-26,Damaged in Transit,7244.0,Refunded,8,Sports & Fitness
RET007020,ORD0036927,PROD0702,CUST01615,2023-04-26,Size Issue,5904.0,Refunded,14,Toys & Games
RET007021,ORD0036927,PROD0728,CUST01615,2023-04-26,Better Price Found,19252.0,Refunded,9,Fashion
RET007022,ORD0036927,PROD0134,CUST01615,2023-04-26,Size Issue,2018.0,Refunded,12,Beauty & Health
RET007023,ORD0036930,PROD0545,CUST02524,2020-02-28,Better Price Found,77003.0,Refunded,4,Electronics
RET007024,ORD0036930,PROD0508,CUST02524,2020-02-28,Changed Mind,11942.0,Refunded,7,Automotive
RET007025,ORD0036946,PROD0570,CUST00148,2020-10-16,Changed Mind,2626.0,Refunded,12,Books
RET007026,ORD0036946,PROD0466,CUST00148,2020-10-16,Wrong Item,94002.0,Refunded,13,Home & Kitchen
RET007027,ORD0036946,PROD0413,CUST00148,2020-10-16,Size Issue,7116.0,Refunded,12,Sports & Fitness
RET007028,ORD0036961,PROD0556,CUST02590,2022-08-27,Defective Product,3848.0,Refunded,6,Toys & Games
RET007029,ORD0036961,PROD0022,CUST02590,2022-08-27,Wrong Item,27308.0,Pending,13,Home & Kitchen
RET007030,ORD0036980,PROD0459,CUST01567,2023-08-19,Damaged in Transit,41511.0,Rejected,9,Home & Kitchen
RET007031,ORD0036986,PROD0281,CUST01950,2020-02-07,Size Issue,4488.0,Refunded,7,Grocery
RET007032,ORD0036990,PROD0484,CUST01428,2020-08-15,Size Issue,37200.0,Pending,6,Home & Kitchen
RET007033,ORD0036998,PROD0135,CUST02647,2020-10-20,Size Issue,9194.0,Refunded,13,Automotive
RET007034,ORD0037014,PROD0291,CUST04326,2024-10-08,Damaged in Transit,1376.0,Refunded,14,Office Supplies
RET007035,ORD0037023,PROD0428,CUST02684,2024-05-20,Wrong Item,1745.0,Refunded,10,Grocery
RET007036,ORD0037026,PROD0100,CUST02559,2023-12-28,Better Price Found,11584.0,Refunded,8,Automotive
RET007037,ORD0037026,PROD0648,CUST02559,2023-12-28,Damaged in Transit,3332.0,Refunded,7,Fashion
RET007038,ORD0037026,PROD0020,CUST02559,2023-12-28,Wrong Item,1194.0,Refunded,14,Office Supplies
RET007039,ORD0037026,PROD0236,CUST02559,2023-12-28,Defective Product,387.0,Refunded,9,Grocery
RET007040,ORD0037026,PROD0791,CUST02559,2023-12-28,Defective Product,2184.0,Pending,9,Fashion
RET007041,ORD0037053,PROD0457,CUST03571,2024-10-10,Better Price Found,10452.0,Refunded,10,Fashion
RET007042,ORD0037056,PROD0026,CUST01643,2024-08-28,Defective Product,3914.0,Refunded,8,Sports & Fitness
RET007043,ORD0037062,PROD0578,CUST00424,2022-09-19,Wrong Item,7245.0,Refunded,13,Fashion
RET007044,ORD0037062,PROD0274,CUST00424,2022-09-19,Changed Mind,103722.0,Refunded,5,Electronics
RET007045,ORD0037062,PROD0499,CUST00424,2022-09-19,Defective Product,2939.0,Rejected,3,Beauty & Health
RET007046,ORD0037085,PROD0146,CUST04324,2023-01-27,Changed Mind,735.0,Refunded,11,Office Supplies
RET007047,ORD0037092,PROD0121,CUST04947,2024-10-28,Better Price Found,17756.0,Refunded,7,Office Supplies
RET007048,ORD0037093,PROD0032,CUST01626,2022-08-29,Better Price Found,18776.0,Refunded,3,Home & Kitchen
RET007049,ORD0037100,PROD0594,CUST02887,2023-04-21,Damaged in Transit,417.0,Refunded,4,Books
RET007050,ORD0037100,PROD0720,CUST02887,2023-04-21,Better Price Found,34086.0,Refunded,9,Home & Kitchen
RET007051,ORD0037114,PROD0312,CUST00276,2022-10-23,Wrong Item,40312.0,Refunded,6,Sports & Fitness
RET007052,ORD0037134,PROD0651,CUST04964,2024-07-05,Damaged in Transit,27830.0,Refunded,13,Sports & Fitness
RET007053,ORD0037134,PROD0771,CUST04964,2024-07-05,Defective Product,10730.0,Refunded,8,Fashion
RET007054,ORD0037134,PROD0359,CUST04964,2024-07-05,Size Issue,18112.0,Refunded,9,Office Supplies
RET007055,ORD0037134,PROD0393,CUST04964,2024-07-05,Defective Product,1062.0,Refunded,6,Grocery
RET007056,ORD0037144,PROD0752,CUST02757,2024-11-07,Size Issue,300.0,Refunded,12,Office Supplies
RET007057,ORD0037144,PROD0639,CUST02757,2024-11-07,Size Issue,4069.0,Refunded,11,Toys & Games
RET007058,ORD0037157,PROD0071,CUST01411,2023-04-02,Damaged in Transit,722.0,Pending,10,Books
RET007059,ORD0037179,PROD0178,CUST01510,2020-11-21,Better Price Found,2126.0,Refunded,6,Toys & Games
RET007060,ORD0037180,PROD0791,CUST02960,2024-12-08,Better Price Found,1748.0,Pending,12,Fashion
RET007061,ORD0037180,PROD0344,CUST02960,2024-12-08,Defective Product,10944.0,Refunded,9,Fashion
RET007062,ORD0037180,PROD0387,CUST02960,2024-12-08,Defective Product,1686.0,Refunded,14,Grocery
RET007063,ORD0037180,PROD0515,CUST02960,2024-12-08,Better Price Found,19512.0,Refunded,14,Sports & Fitness
RET007064,ORD0037183,PROD0738,CUST00953,2020-09-10,Changed Mind,5274.0,Refunded,11,Beauty & Health
RET007065,ORD0037215,PROD0289,CUST04274,2021-12-14,Wrong Item,959.0,Refunded,9,Books
RET007066,ORD0037222,PROD0225,CUST03137,2020-11-21,Wrong Item,223878.0,Refunded,4,Electronics
RET007067,ORD0037223,PROD0210,CUST00248,2022-04-07,Damaged in Transit,13926.0,Refunded,3,Home & Kitchen
RET007068,ORD0037223,PROD0747,CUST00248,2022-04-07,Better Price Found,4615.0,Refunded,7,Fashion
RET007069,ORD0037223,PROD0725,CUST00248,2022-04-07,Defective Product,1492.0,Refunded,12,Office Supplies
RET007070,ORD0037223,PROD0289,CUST00248,2022-04-07,Size Issue,1918.0,Refunded,7,Books
RET007071,ORD0037223,PROD0290,CUST00248,2022-04-07,Wrong Item,2179.0,Refunded,9,Toys & Games
RET007072,ORD0037233,PROD0797,CUST04835,2024-07-02,Wrong Item,21891.0,Refunded,5,Home & Kitchen
RET007073,ORD0037240,PROD0018,CUST01369,2023-08-21,Size Issue,8236.0,Refunded,11,Fashion
RET007074,ORD0037240,PROD0012,CUST01369,2023-08-21,Better Price Found,936.0,Refunded,14,Grocery
RET007075,ORD0037242,PROD0365,CUST00416,2023-12-24,Size Issue,5980.0,Refunded,10,Automotive
RET007076,ORD0037250,PROD0737,CUST03433,2024-10-06,Defective Product,974.0,Refunded,9,Beauty & Health
RET007077,ORD0037254,PROD0010,CUST04561,2020-07-15,Defective Product,27426.0,Rejected,6,Sports & Fitness
RET007078,ORD0037265,PROD0513,CUST01305,2020-05-10,Better Price Found,31989.0,Refunded,6,Automotive
RET007079,ORD0037292,PROD0674,CUST04577,2022-11-29,Better Price Found,1618.0,Rejected,14,Grocery
RET007080,ORD0037292,PROD0774,CUST04577,2022-11-29,Changed Mind,20096.0,Refunded,6,Home & Kitchen
RET007081,ORD0037292,PROD0431,CUST04577,2022-11-29,Damaged in Transit,494.0,Pending,3,Toys & Games
RET007082,ORD0037293,PROD0548,CUST01595,2022-05-09,Better Price Found,8477.0,Refunded,9,Automotive
RET007083,ORD0037297,PROD0319,CUST04826,2024-07-14,Better Price Found,4684.0,Refunded,14,Beauty & Health
RET007084,ORD0037302,PROD0224,CUST03534,2022-11-13,Size Issue,849.0,Refunded,6,Home & Kitchen
RET007085,ORD0037302,PROD0469,CUST03534,2022-11-13,Defective Product,68.0,Refunded,6,Grocery
RET007086,ORD0037302,PROD0614,CUST03534,2022-11-13,Changed Mind,34059.0,Refunded,4,Automotive
RET007087,ORD0037305,PROD0293,CUST01796,2022-01-07,Defective Product,82993.0,Refunded,12,Electronics
RET007088,ORD0037305,PROD0052,CUST01796,2022-01-07,Size Issue,130810.0,Refunded,12,Electronics
RET007089,ORD0037306,PROD0321,CUST02294,2020-02-09,Wrong Item,30882.0,Pending,8,Home & Kitchen
RET007090,ORD0037311,PROD0039,CUST03579,2024-06-07,Changed Mind,10322.0,Refunded,5,Automotive
RET007091,ORD0037312,PROD0185,CUST00149,2023-02-28,Defective Product,30192.0,Refunded,10,Fashion
RET007092,ORD0037334,PROD0371,CUST03807,2020-05-04,Damaged in Transit,416.0,Refunded,7,Beauty & Health
RET007093,ORD0037338,PROD0726,CUST00739,2022-09-19,Damaged in Transit,49753.0,Pending,6,Electronics
RET007094,ORD0037338,PROD0112,CUST00739,2022-09-19,Wrong Item,376.0,Refunded,8,Grocery
RET007095,ORD0037349,PROD0595,CUST00857,2024-11-24,Wrong Item,4556.0,Pending,10,Automotive
RET007096,ORD0037354,PROD0461,CUST04364,2021-10-12,Size Issue,688.0,Refunded,8,Office Supplies
RET007097,ORD0037354,PROD0511,CUST04364,2021-10-12,Changed Mind,2340.0,Refunded,3,Office Supplies
RET007098,ORD0037354,PROD0475,CUST04364,2021-10-12,Damaged in Transit,554.0,Pending,6,Books
RET007099,ORD0037375,PROD0014,CUST01373,2023-05-13,Damaged in Transit,2011.0,Refunded,11,Beauty & Health
RET007100,ORD0037375,PROD0145,CUST01373,2023-05-13,Defective Product,10104.0,Refunded,9,Sports & Fitness
RET007101,ORD0037408,PROD0750,CUST00898,2020-09-21,Wrong Item,426.0,Pending,9,Beauty & Health
RET007102,ORD0037413,PROD0035,CUST03499,2022-04-07,Better Price Found,13563.0,Refunded,3,Automotive
RET007103,ORD0037413,PROD0726,CUST03499,2022-04-07,Changed Mind,43119.0,Refunded,5,Electronics
RET007104,ORD0037413,PROD0724,CUST03499,2022-04-07,Wrong Item,1572.0,Refunded,10,Grocery
RET007105,ORD0037413,PROD0069,CUST03499,2022-04-07,Damaged in Transit,11816.0,Refunded,5,Sports & Fitness
RET007106,ORD0037422,PROD0398,CUST04391,2021-06-24,Better Price Found,5736.0,Refunded,13,Toys & Games
RET007107,ORD0037447,PROD0079,CUST04103,2023-05-30,Damaged in Transit,6214.0,Pending,13,Toys & Games
RET007108,ORD0037450,PROD0153,CUST01850,2021-11-11,Better Price Found,594.0,Refunded,6,Grocery
RET007109,ORD0037459,PROD0153,CUST01222,2021-11-08,Changed Mind,1188.0,Refunded,7,Grocery
RET007110,ORD0037459,PROD0042,CUST01222,2021-11-08,Defective Product,546.0,Refunded,6,Books
RET007111,ORD0037459,PROD0010,CUST01222,2021-11-08,Defective Product,19300.0,Refunded,7,Sports & Fitness
RET007112,ORD0037460,PROD0523,CUST03568,2020-04-08,Better Price Found,49688.0,Refunded,10,Automotive
RET007113,ORD0037463,PROD0368,CUST01670,2020-08-08,Better Price Found,12897.0,Refunded,13,Beauty & Health
RET007114,ORD0037463,PROD0138,CUST01670,2020-08-08,Size Issue,4540.0,Refunded,10,Fashion
RET007115,ORD0037463,PROD0473,CUST01670,2020-08-08,Size Issue,972.0,Refunded,3,Office Supplies
RET007116,ORD0037463,PROD0505,CUST01670,2020-08-08,Damaged in Transit,5083.0,Refunded,12,Fashion
RET007117,ORD0037463,PROD0175,CUST01670,2020-08-08,Defective Product,417.0,Refunded,10,Grocery
RET007118,ORD0037464,PROD0608,CUST02161,2022-12-14,Damaged in Transit,876.0,Refunded,8,Grocery
RET007119,ORD0037464,PROD0624,CUST02161,2022-12-14,Wrong Item,1971.0,Refunded,13,Books
RET007120,ORD0037464,PROD0375,CUST02161,2022-12-14,Size Issue,2858.0,Refunded,13,Sports & Fitness
RET007121,ORD0037464,PROD0744,CUST02161,2022-12-14,Changed Mind,822.0,Rejected,5,Grocery
RET007122,ORD0037464,PROD0040,CUST02161,2022-12-14,Wrong Item,4056.0,Refunded,13,Grocery
RET007123,ORD0037474,PROD0306,CUST02939,2021-12-09,Wrong Item,4399.0,Refunded,12,Beauty & Health
RET007124,ORD0037478,PROD0463,CUST04217,2023-09-12,Changed Mind,8061.0,Refunded,13,Sports & Fitness
RET007125,ORD0037478,PROD0085,CUST04217,2023-09-12,Better Price Found,29480.0,Refunded,11,Sports & Fitness
RET007126,ORD0037478,PROD0418,CUST04217,2023-09-12,Changed Mind,1337.0,Pending,8,Books
RET007127,ORD0037478,PROD0462,CUST04217,2023-09-12,Wrong Item,278433.0,Refunded,13,Electronics
RET007128,ORD0037488,PROD0300,CUST01791,2022-01-21,Better Price Found,9680.0,Refunded,11,Beauty & Health
RET007129,ORD0037488,PROD0723,CUST01791,2022-01-21,Damaged in Transit,2951.0,Refunded,11,Beauty & Health
RET007130,ORD0037488,PROD0048,CUST01791,2022-01-21,Size Issue,451.0,Pending,7,Automotive
RET007131,ORD0037498,PROD0583,CUST04381,2023-06-24,Better Price Found,16595.0,Refunded,6,Automotive
RET007132,ORD0037541,PROD0138,CUST02317,2023-10-11,Damaged in Transit,4238.0,Refunded,13,Fashion
RET007133,ORD0037541,PROD0154,CUST02317,2023-10-11,Wrong Item,3436.0,Refunded,7,Beauty & Health
RET007134,ORD0037542,PROD0313,CUST00345,2024-09-28,Defective Product,3566.0,Refunded,5,Fashion
RET007135,ORD0037542,PROD0529,CUST00345,2024-09-28,Size Issue,768.0,Refunded,11,Books
RET007136,ORD0037542,PROD0401,CUST00345,2024-09-28,Size Issue,36508.0,Refunded,7,Home & Kitchen
RET007137,ORD0037542,PROD0537,CUST00345,2024-09-28,Changed Mind,862.0,Refunded,13,Books
RET007138,ORD0037542,PROD0178,CUST00345,2024-09-28,Wrong Item,1007.0,Refunded,3,Toys & Games
RET007139,ORD0037570,PROD0555,CUST04490,2020-12-05,Changed Mind,184994.0,Pending,6,Electronics
RET007140,ORD0037570,PROD0503,CUST04490,2020-12-05,Size Issue,3136.0,Refunded,11,Office Supplies
RET007141,ORD0037592,PROD0640,CUST03435,2021-12-25,Wrong Item,3516.0,Refunded,9,Toys & Games
RET007142,ORD0037612,PROD0629,CUST00121,2021-05-31,Defective Product,2806.0,Pending,10,Books
RET007143,ORD0037612,PROD0323,CUST00121,2021-05-31,Size Issue,624.0,Refunded,3,Grocery
RET007144,ORD0037612,PROD0798,CUST00121,2021-05-31,Defective Product,3356.0,Refunded,10,Beauty & Health
RET007145,ORD0037612,PROD0694,CUST00121,2021-05-31,Damaged in Transit,26474.0,Refunded,6,Sports & Fitness
RET007146,ORD0037617,PROD0124,CUST00306,2021-01-06,Better Price Found,2782.0,Pending,3,Fashion
RET007147,ORD0037617,PROD0380,CUST00306,2021-01-06,Size Issue,13142.0,Refunded,5,Automotive
RET007148,ORD0037617,PROD0586,CUST00306,2021-01-06,Wrong Item,10092.0,Refunded,9,Toys & Games
RET007149,ORD0037617,PROD0658,CUST00306,2021-01-06,Size Issue,562.0,Refunded,8,Books
RET007150,ORD0037617,PROD0257,CUST00306,2021-01-06,Better Price Found,27147.0,Pending,14,Electronics
RET007151,ORD0037636,PROD0162,CUST04827,2022-10-22,Wrong Item,12060.0,Pending,13,Beauty & Health
RET007152,ORD0037645,PROD0260,CUST04687,2022-03-22,Better Price Found,914.0,Refunded,12,Books
RET007153,ORD0037645,PROD0105,CUST04687,2022-03-22,Better Price Found,422.0,Pending,7,Beauty & Health
RET007154,ORD0037645,PROD0126,CUST04687,2022-03-22,Defective Product,5207.0,Refunded,14,Fashion
RET007155,ORD0037653,PROD0623,CUST04257,2024-07-26,Better Price Found,3675.0,Pending,13,Office Supplies
RET007156,ORD0037658,PROD0356,CUST00125,2020-06-08,Damaged in Transit,4498.0,Refunded,8,Office Supplies
RET007157,ORD0037658,PROD0477,CUST00125,2020-06-08,Better Price Found,4072.0,Refunded,8,Fashion
RET007158,ORD0037672,PROD0445,CUST01843,2023-05-31,Size Issue,66772.0,Pending,3,Home & Kitchen
RET007159,ORD0037672,PROD0725,CUST01843,2023-05-31,Wrong Item,1194.0,Refunded,11,Office Supplies
RET007160,ORD0037672,PROD0342,CUST01843,2023-05-31,Changed Mind,12360.0,Pending,14,Sports & Fitness
RET007161,ORD0037672,PROD0780,CUST01843,2023-05-31,Changed Mind,18714.0,Refunded,9,Electronics
RET007162,ORD0037672,PROD0785,CUST01843,2023-05-31,Changed Mind,1476.0,Pending,6,Books
RET007163,ORD0037686,PROD0559,CUST03910,2020-08-30,Size Issue,9400.0,Refunded,12,Electronics
RET007164,ORD0037687,PROD0005,CUST04046,2020-03-17,Damaged in Transit,7043.0,Refunded,4,Automotive
RET007165,ORD0037687,PROD0733,CUST04046,2020-03-17,Damaged in Transit,31704.0,Refunded,11,Automotive
RET007166,ORD0037687,PROD0579,CUST04046,2020-03-17,Damaged in Transit,898.0,Refunded,8,Grocery
RET007167,ORD0037687,PROD0468,CUST04046,2020-03-17,Changed Mind,635.0,Refunded,9,Fashion
RET007168,ORD0037695,PROD0490,CUST00430,2024-10-02,Size Issue,24935.0,Refunded,7,Sports & Fitness
RET007169,ORD0037705,PROD0432,CUST04712,2022-09-20,Defective Product,4994.0,Refunded,11,Beauty & Health
RET007170,ORD0037705,PROD0254,CUST04712,2022-09-20,Defective Product,10163.0,Refunded,11,Sports & Fitness
RET007171,ORD0037705,PROD0130,CUST04712,2022-09-20,Damaged in Transit,5382.0,Pending,4,Office Supplies
RET007172,ORD0037722,PROD0513,CUST03202,2020-04-13,Defective Product,21326.0,Refunded,8,Automotive
RET007173,ORD0037722,PROD0740,CUST03202,2020-04-13,Defective Product,1105.0,Refunded,4,Grocery
RET007174,ORD0037723,PROD0527,CUST00314,2023-11-24,Damaged in Transit,9963.0,Refunded,9,Automotive
RET007175,ORD0037725,PROD0025,CUST00739,2020-07-31,Changed Mind,10902.0,Pending,4,Automotive
RET007176,ORD0037733,PROD0246,CUST03223,2021-06-19,Better Price Found,5330.0,Pending,11,Beauty & Health
RET007177,ORD0037737,PROD0587,CUST03989,2022-07-23,Size Issue,5604.0,Refunded,13,Beauty & Health
RET007178,ORD0037774,PROD0768,CUST02137,2020-08-20,Changed Mind,958.0,Refunded,7,Books
RET007179,ORD0037774,PROD0742,CUST02137,2020-08-20,Size Issue,618.0,Refunded,14,Books
RET007180,ORD0037776,PROD0476,CUST04739,2022-02-23,Better Price Found,4266.0,Refunded,9,Toys & Games
RET007181,ORD0037788,PROD0130,CUST00195,2024-03-05,Changed Mind,12302.0,Refunded,5,Office Supplies
RET007182,ORD0037798,PROD0227,CUST00903,2021-04-09,Changed Mind,43280.0,Refunded,14,Home & Kitchen
RET007183,ORD0037798,PROD0747,CUST00903,2021-04-09,Better Price Found,4615.0,Refunded,12,Fashion
RET007184,ORD0037799,PROD0128,CUST04645,2022-07-01,Damaged in Transit,3006.0,Refunded,5,Toys & Games
RET007185,ORD0037805,PROD0614,CUST04013,2022-07-23,Damaged in Transit,10756.0,Pending,10,Automotive
RET007186,ORD0037820,PROD0117,CUST04394,2021-12-15,Size Issue,12907.0,Pending,9,Automotive
RET007187,ORD0037821,PROD0605,CUST00599,2020-07-26,Damaged in Transit,53956.0,Rejected,8,Sports & Fitness
RET007188,ORD0037823,PROD0615,CUST00025,2020-09-21,Damaged in Transit,4705.0,Refunded,7,Toys & Games
RET007189,ORD0037823,PROD0594,CUST00025,2020-09-21,Better Price Found,139.0,Refunded,5,Books
RET007190,ORD0037823,PROD0292,CUST00025,2020-09-21,Size Issue,22668.0,Refunded,7,Home & Kitchen
RET007191,ORD0037832,PROD0381,CUST04366,2023-09-01,Wrong Item,4139.0,Refunded,3,Office Supplies
RET007192,ORD0037832,PROD0635,CUST04366,2023-09-01,Wrong Item,82330.0,Pending,6,Electronics
RET007193,ORD0037832,PROD0447,CUST04366,2023-09-01,Defective Product,2961.0,Refunded,3,Fashion
RET007194,ORD0037832,PROD0412,CUST04366,2023-09-01,Wrong Item,69840.0,Refunded,12,Home & Kitchen
RET007195,ORD0037855,PROD0105,CUST01136,2020-08-11,Better Price Found,390.0,Refunded,5,Beauty & Health
RET007196,ORD0037855,PROD0008,CUST01136,2020-08-11,Defective Product,7308.0,Refunded,14,Office Supplies
RET007197,ORD0037860,PROD0761,CUST04736,2020-07-16,Wrong Item,1533.0,Refunded,7,Books
RET007198,ORD0037860,PROD0375,CUST04736,2020-07-16,Defective Product,2540.0,Refunded,14,Sports & Fitness
RET007199,ORD0037860,PROD0748,CUST04736,2020-07-16,Wrong Item,2627.0,Pending,10,Beauty & Health
RET007200,ORD0037862,PROD0123,CUST04347,2022-12-08,Better Price Found,22315.0,Pending,5,Sports & Fitness
RET007201,ORD0037862,PROD0712,CUST04347,2022-12-08,Changed Mind,73532.0,Refunded,7,Home & Kitchen
RET007202,ORD0037862,PROD0629,CUST04347,2022-12-08,Defective Product,1403.0,Rejected,11,Books
RET007203,ORD0037862,PROD0055,CUST04347,2022-12-08,Defective Product,3406.0,Refunded,5,Toys & Games
RET007204,ORD0037862,PROD0753,CUST04347,2022-12-08,Wrong Item,13638.0,Refunded,6,Office Supplies
RET007205,ORD0037863,PROD0563,CUST02044,2024-08-28,Better Price Found,5416.0,Refunded,9,Home & Kitchen
RET007206,ORD0037863,PROD0073,CUST02044,2024-08-28,Better Price Found,42006.0,Refunded,10,Sports & Fitness
RET007207,ORD0037876,PROD0527,CUST00903,2020-07-15,Changed Mind,6642.0,Pending,4,Automotive
RET007208,ORD0037876,PROD0534,CUST00903,2020-07-15,Changed Mind,5372.0,Refunded,5,Toys & Games
RET007209,ORD0037876,PROD0086,CUST00903,2020-07-15,Damaged in Transit,662.0,Pending,5,Beauty & Health
RET007210,ORD0037882,PROD0697,CUST01257,2023-03-12,Size Issue,14842.0,Refunded,5,Sports & Fitness
RET007211,ORD0037882,PROD0456,CUST01257,2023-03-12,Defective Product,3044.0,Refunded,10,Beauty & Health
RET007212,ORD0037882,PROD0728,CUST01257,2023-03-12,Better Price Found,22004.0,Refunded,5,Fashion
RET007213,ORD0037882,PROD0328,CUST01257,2023-03-12,Size Issue,1605.0,Refunded,6,Office Supplies
RET007214,ORD0037882,PROD0651,CUST01257,2023-03-12,Better Price Found,12844.0,Refunded,4,Sports & Fitness
RET007215,ORD0037896,PROD0105,CUST03928,2023-12-31,Changed Mind,455.0,Rejected,9,Beauty & Health
RET007216,ORD0037896,PROD0066,CUST03928,2023-12-31,Size Issue,469.0,Refunded,13,Books
RET007217,ORD0037910,PROD0735,CUST04310,2020-10-21,Damaged in Transit,3976.0,Refunded,6,Office Supplies
RET007218,ORD0037917,PROD0383,CUST03646,2022-01-15,Changed Mind,13722.0,Refunded,10,Fashion
RET007219,ORD0037917,PROD0349,CUST03646,2022-01-15,Wrong Item,160.0,Refunded,11,Toys & Games
RET007220,ORD0037917,PROD0266,CUST03646,2022-01-15,Better Price Found,51612.0,Refunded,12,Electronics
RET007221,ORD0037917,PROD0213,CUST03646,2022-01-15,Changed Mind,7256.0,Pending,4,Office Supplies
RET007222,ORD0037925,PROD0332,CUST03383,2022-03-20,Damaged in Transit,460.0,Refunded,14,Books
RET007223,ORD0037925,PROD0605,CUST03383,2022-03-20,Size Issue,53956.0,Pending,9,Sports & Fitness
RET007224,ORD0037928,PROD0181,CUST01465,2023-04-02,Size Issue,236.0,Refunded,13,Books
RET007225,ORD0037935,PROD0438,CUST02527,2021-10-12,Defective Product,865.0,Refunded,9,Automotive
RET007226,ORD0037987,PROD0449,CUST00297,2021-09-17,Better Price Found,24148.0,Refunded,12,Home & Kitchen
RET007227,ORD0037987,PROD0159,CUST00297,2021-09-17,Size Issue,6210.0,Rejected,8,Toys & Games
RET007228,ORD0037990,PROD0434,CUST01953,2022-11-12,Better Price Found,3684.0,Refunded,10,Sports & Fitness
RET007229,ORD0038006,PROD0415,CUST04149,2021-01-28,Better Price Found,24396.0,Refunded,7,Office Supplies
RET007230,ORD0038018,PROD0400,CUST02902,2023-12-08,Changed Mind,1166.0,Refunded,14,Books
RET007231,ORD0038018,PROD0468,CUST02902,2023-12-08,Better Price Found,1905.0,Refunded,7,Fashion
RET007232,ORD0038031,PROD0674,CUST03804,2022-08-18,Wrong Item,1868.0,Refunded,7,Grocery
RET007233,ORD0038033,PROD0115,CUST00952,2023-01-05,Damaged in Transit,4850.0,Pending,11,Toys & Games
RET007234,ORD0038033,PROD0359,CUST00952,2023-01-05,Size Issue,9056.0,Refunded,10,Office Supplies
RET007235,ORD0038033,PROD0660,CUST00952,2023-01-05,Wrong Item,17668.0,Pending,6,Sports & Fitness
RET007236,ORD0038033,PROD0051,CUST00952,2023-01-05,Size Issue,82011.0,Refunded,7,Electronics
RET007237,ORD0038043,PROD0669,CUST03964,2023-09-22,Defective Product,14871.0,Refunded,9,Home & Kitchen
RET007238,ORD0038043,PROD0443,CUST03964,2023-09-22,Better Price Found,5080.0,Refunded,12,Sports & Fitness
RET007239,ORD0038059,PROD0710,CUST01422,2020-09-27,Better Price Found,25574.0,Rejected,3,Sports & Fitness
RET007240,ORD0038071,PROD0022,CUST00917,2020-12-02,Changed Mind,58258.0,Rejected,3,Home & Kitchen
RET007241,ORD0038083,PROD0439,CUST00568,2022-02-22,Damaged in Transit,5160.0,Refunded,4,Fashion
RET007242,ORD0038087,PROD0322,CUST03074,2023-11-29,Wrong Item,43299.0,Refunded,12,Electronics
RET007243,ORD0038087,PROD0686,CUST03074,2023-11-29,Defective Product,9492.0,Refunded,12,Toys & Games
RET007244,ORD0038087,PROD0360,CUST03074,2023-11-29,Better Price Found,4156.0,Refunded,13,Electronics
RET007245,ORD0038091,PROD0509,CUST04983,2024-01-07,Damaged in Transit,27368.0,Refunded,10,Electronics
RET007246,ORD0038091,PROD0092,CUST04983,2024-01-07,Defective Product,3462.0,Pending,6,Beauty & Health
RET007247,ORD0038094,PROD0095,CUST02596,2023-01-02,Damaged in Transit,1982.0,Refunded,11,Toys & Games
RET007248,ORD0038097,PROD0210,CUST04143,2020-03-23,Damaged in Transit,13926.0,Refunded,6,Home & Kitchen
RET007249,ORD0038097,PROD0124,CUST04143,2020-03-23,Better Price Found,2782.0,Refunded,9,Fashion
RET007250,ORD0038097,PROD0619,CUST04143,2020-03-23,Damaged in Transit,10640.0,Refunded,14,Fashion
RET007251,ORD0038097,PROD0426,CUST04143,2020-03-23,Better Price Found,34043.0,Pending,4,Home & Kitchen
RET007252,ORD0038131,PROD0265,CUST02689,2021-12-09,Defective Product,2527.0,Refunded,10,Toys & Games
RET007253,ORD0038136,PROD0440,CUST02216,2023-03-23,Defective Product,2656.0,Refunded,11,Automotive
RET007254,ORD0038154,PROD0752,CUST03652,2022-08-10,Defective Product,356.0,Refunded,6,Office Supplies
RET007255,ORD0038184,PROD0790,CUST03222,2024-02-07,Changed Mind,18304.0,Refunded,6,Fashion
RET007256,ORD0038184,PROD0586,CUST03222,2024-02-07,Size Issue,3589.0,Pending,13,Toys & Games
RET007257,ORD0038188,PROD0291,CUST04277,2021-01-25,Changed Mind,2478.0,Refunded,12,Office Supplies
RET007258,ORD0038188,PROD0748,CUST04277,2021-01-25,Size Issue,5254.0,Refunded,6,Beauty & Health
RET007259,ORD0038199,PROD0133,CUST02817,2025-01-07,Defective Product,4550.0,Refunded,11,Office Supplies
RET007260,ORD0038204,PROD0239,CUST03016,2021-02-01,Wrong Item,2842.0,Refunded,5,Fashion
RET007261,ORD0038204,PROD0103,CUST03016,2021-02-01,Size Issue,7233.0,Refunded,7,Fashion
RET007262,ORD0038207,PROD0223,CUST02674,2024-04-21,Better Price Found,12828.0,Refunded,12,Sports & Fitness
RET007263,ORD0038207,PROD0477,CUST02674,2024-04-21,Defective Product,5090.0,Refunded,10,Fashion
RET007264,ORD0038211,PROD0564,CUST00845,2024-08-15,Defective Product,7517.0,Pending,12,Office Supplies
RET007265,ORD0038213,PROD0197,CUST02124,2021-12-23,Better Price Found,1238.0,Refunded,5,Beauty & Health
RET007266,ORD0038217,PROD0800,CUST02293,2021-05-31,Wrong Item,11644.0,Refunded,5,Sports & Fitness
RET007267,ORD0038224,PROD0074,CUST02259,2024-06-09,Changed Mind,747.0,Refunded,11,Books
RET007268,ORD0038225,PROD0405,CUST04257,2022-06-10,Defective Product,3548.0,Refunded,7,Fashion
RET007269,ORD0038225,PROD0146,CUST04257,2022-06-10,Wrong Item,262.0,Pending,13,Office Supplies
RET007270,ORD0038246,PROD0005,CUST01174,2024-10-08,Damaged in Transit,12912.0,Pending,12,Automotive
RET007271,ORD0038264,PROD0677,CUST00022,2022-04-24,Size Issue,2370.0,Refunded,11,Toys & Games
RET007272,ORD0038264,PROD0391,CUST00022,2022-04-24,Damaged in Transit,98320.0,Refunded,6,Home & Kitchen
RET007273,ORD0038270,PROD0222,CUST00220,2020-07-04,Changed Mind,4137.0,Refunded,5,Office Supplies
RET007274,ORD0038281,PROD0215,CUST02436,2022-06-17,Size Issue,1826.0,Refunded,9,Books
RET007275,ORD0038283,PROD0715,CUST02305,2022-05-22,Defective Product,1996.0,Refunded,3,Home & Kitchen
RET007276,ORD0038283,PROD0316,CUST02305,2022-05-22,Better Price Found,2256.0,Pending,11,Toys & Games
RET007277,ORD0038296,PROD0339,CUST02437,2021-10-29,Size Issue,2150.0,Refunded,9,Grocery
RET007278,ORD0038346,PROD0491,CUST00734,2021-11-09,Damaged in Transit,27812.0,Pending,7,Automotive
RET007279,ORD0038349,PROD0433,CUST01660,2021-02-24,Defective Product,73270.0,Refunded,12,Electronics
RET007280,ORD0038349,PROD0698,CUST01660,2021-02-24,Defective Product,7607.0,Refunded,6,Fashion
RET007281,ORD0038359,PROD0608,CUST00081,2020-05-25,Changed Mind,1752.0,Refunded,13,Grocery
RET007282,ORD0038360,PROD0257,CUST00980,2023-05-02,Changed Mind,27147.0,Refunded,10,Electronics
RET007283,ORD0038383,PROD0396,CUST01028,2021-06-12,Changed Mind,30661.0,Refunded,12,Home & Kitchen
RET007284,ORD0038385,PROD0181,CUST01088,2022-01-13,Better Price Found,125.0,Refunded,9,Books
RET007285,ORD0038385,PROD0522,CUST01088,2022-01-13,Defective Product,15873.0,Refunded,12,Toys & Games
RET007286,ORD0038386,PROD0344,CUST03407,2023-04-12,Defective Product,10260.0,Refunded,4,Fashion
RET007287,ORD0038386,PROD0388,CUST03407,2023-04-12,Wrong Item,1354.0,Refunded,5,Toys & Games
RET007288,ORD0038386,PROD0447,CUST03407,2023-04-12,Damaged in Transit,2961.0,Refunded,10,Fashion
RET007289,ORD0038386,PROD0026,CUST03407,2023-04-12,Better Price Found,7828.0,Refunded,13,Sports & Fitness
RET007290,ORD0038386,PROD0586,CUST03407,2023-04-12,Better Price Found,3589.0,Refunded,6,Toys & Games
RET007291,ORD0038388,PROD0734,CUST02157,2024-07-06,Changed Mind,4022.0,Refunded,6,Fashion
RET007292,ORD0038417,PROD0107,CUST04673,2024-04-20,Damaged in Transit,488.0,Refunded,5,Grocery
RET007293,ORD0038417,PROD0257,CUST04673,2024-04-20,Wrong Item,81441.0,Refunded,8,Electronics
RET007294,ORD0038417,PROD0309,CUST04673,2024-04-20,Better Price Found,92970.0,Rejected,9,Electronics
RET007295,ORD0038417,PROD0482,CUST04673,2024-04-20,Better Price Found,1620.0,Refunded,7,Grocery
RET007296,ORD0038437,PROD0101,CUST02225,2020-06-12,Better Price Found,14145.0,Refunded,8,Automotive
RET007297,ORD0038442,PROD0551,CUST04329,2022-01-15,Better Price Found,979.0,Refunded,13,Fashion
RET007298,ORD0038442,PROD0649,CUST04329,2022-01-15,Defective Product,13852.0,Refunded,6,Automotive
RET007299,ORD0038444,PROD0007,CUST01535,2021-07-30,Changed Mind,3296.0,Refunded,7,Sports & Fitness
RET007300,ORD0038446,PROD0084,CUST04325,2022-01-30,Better Price Found,16351.0,Pending,5,Automotive
RET007301,ORD0038477,PROD0359,CUST01146,2020-01-20,Better Price Found,4528.0,Refunded,6,Office Supplies
RET007302,ORD0038481,PROD0266,CUST04788,2020-10-25,Wrong Item,27649.0,Refunded,11,Electronics
RET007303,ORD0038508,PROD0407,CUST03351,2021-12-01,Changed Mind,5200.0,Refunded,3,Books
RET007304,ORD0038514,PROD0439,CUST00125,2020-06-07,Changed Mind,16671.0,Pending,3,Fashion
RET007305,ORD0038514,PROD0507,CUST00125,2020-06-07,Wrong Item,4670.0,Refunded,3,Automotive
RET007306,ORD0038514,PROD0150,CUST00125,2020-06-07,Defective Product,4290.0,Pending,7,Home & Kitchen
RET007307,ORD0038525,PROD0632,CUST01237,2021-04-19,Size Issue,12148.0,Refunded,6,Beauty & Health
RET007308,ORD0038525,PROD0741,CUST01237,2021-04-19,Defective Product,6321.0,Refunded,14,Fashion
RET007309,ORD0038527,PROD0230,CUST02083,2024-09-02,Defective Product,24672.0,Refunded,7,Office Supplies
RET007310,ORD0038536,PROD0386,CUST01125,2023-12-01,Size Issue,8308.0,Refunded,8,Fashion
RET007311,ORD0038538,PROD0069,CUST00214,2022-07-30,Damaged in Transit,5251.0,Refunded,13,Sports & Fitness
RET007312,ORD0038542,PROD0352,CUST03455,2023-02-08,Wrong Item,1434.0,Refunded,9,Beauty & Health
RET007313,ORD0038542,PROD0749,CUST03455,2023-02-08,Better Price Found,4900.0,Refunded,9,Fashion
RET007314,ORD0038542,PROD0539,CUST03455,2023-02-08,Defective Product,15852.0,Refunded,5,Home & Kitchen
RET007315,ORD0038542,PROD0476,CUST03455,2023-02-08,Wrong Item,7110.0,Refunded,4,Toys & Games
RET007316,ORD0038548,PROD0605,CUST01963,2020-11-08,Changed Mind,59952.0,Refunded,14,Sports & Fitness
RET007317,ORD0038548,PROD0749,CUST01963,2020-11-08,Damaged in Transit,13065.0,Refunded,8,Fashion
RET007318,ORD0038548,PROD0533,CUST01963,2020-11-08,Wrong Item,17310.0,Refunded,11,Office Supplies
RET007319,ORD0038548,PROD0622,CUST01963,2020-11-08,Size Issue,1170.0,Pending,6,Toys & Games
RET007320,ORD0038549,PROD0498,CUST01820,2022-10-07,Defective Product,243290.0,Refunded,11,Electronics
RET007321,ORD0038553,PROD0225,CUST04819,2024-07-14,Size Issue,79291.0,Pending,11,Electronics
RET007322,ORD0038554,PROD0530,CUST03223,2024-04-19,Better Price Found,19100.0,Pending,5,Electronics
RET007323,ORD0038554,PROD0504,CUST03223,2024-04-19,Defective Product,59577.0,Pending,8,Home & Kitchen
RET007324,ORD0038557,PROD0378,CUST02513,2021-09-11,Better Price Found,1518.0,Refunded,11,Office Supplies
RET007325,ORD0038557,PROD0607,CUST02513,2021-09-11,Wrong Item,560.0,Refunded,13,Books
RET007326,ORD0038557,PROD0790,CUST02513,2021-09-11,Better Price Found,9152.0,Refunded,10,Fashion
RET007327,ORD0038581,PROD0031,CUST01656,2021-09-09,Damaged in Transit,2760.0,Refunded,7,Grocery
RET007328,ORD0038581,PROD0659,CUST01656,2021-09-09,Better Price Found,529.0,Refunded,4,Grocery
RET007329,ORD0038581,PROD0117,CUST01656,2021-09-09,Changed Mind,11985.0,Refunded,9,Automotive
RET007330,ORD0038581,PROD0488,CUST01656,2021-09-09,Wrong Item,8846.0,Refunded,11,Fashion
RET007331,ORD0038593,PROD0499,CUST04105,2024-10-24,Better Price Found,2939.0,Refunded,9,Beauty & Health
RET007332,ORD0038593,PROD0173,CUST04105,2024-10-24,Changed Mind,1173.0,Refunded,5,Automotive
RET007333,ORD0038600,PROD0601,CUST01728,2021-09-26,Wrong Item,1125.0,Refunded,9,Books
RET007334,ORD0038607,PROD0239,CUST04831,2024-10-03,Damaged in Transit,2464.0,Refunded,13,Fashion
RET007335,ORD0038607,PROD0740,CUST04831,2024-10-03,Damaged in Transit,1105.0,Pending,11,Grocery
RET007336,ORD0038612,PROD0593,CUST03081,2024-05-15,Wrong Item,9230.0,Refunded,3,Home & Kitchen
RET007337,ORD0038612,PROD0557,CUST03081,2024-05-15,Defective Product,6846.0,Refunded,8,Office Supplies
RET007338,ORD0038617,PROD0712,CUST00577,2021-01-03,Changed Mind,15932.0,Refunded,6,Home & Kitchen
RET007339,ORD0038620,PROD0761,CUST03375,2022-11-07,Damaged in Transit,4086.0,Refunded,14,Books
RET007340,ORD0038620,PROD0670,CUST03375,2022-11-07,Defective Product,1404.0,Refunded,12,Books
RET007341,ORD0038654,PROD0800,CUST04923,2022-11-17,Size Issue,34932.0,Refunded,4,Sports & Fitness
RET007342,ORD0038660,PROD0539,CUST04209,2021-12-10,Defective Product,7509.0,Refunded,14,Home & Kitchen
RET007343,ORD0038660,PROD0258,CUST04209,2021-12-10,Damaged in Transit,3012.0,Refunded,5,Beauty & Health
RET007344,ORD0038677,PROD0327,CUST02674,2023-07-07,Wrong Item,1607.0,Refunded,5,Toys & Games
RET007345,ORD0038682,PROD0792,CUST04332,2020-10-20,Size Issue,324.0,Refunded,13,Books
RET007346,ORD0038682,PROD0592,CUST04332,2020-10-20,Changed Mind,7172.0,Pending,6,Sports & Fitness
RET007347,ORD0038701,PROD0166,CUST04513,2022-07-22,Changed Mind,22152.0,Refunded,7,Fashion
RET007348,ORD0038701,PROD0094,CUST04513,2022-07-22,Damaged in Transit,20518.0,Rejected,5,Home & Kitchen
RET007349,ORD0038701,PROD0416,CUST04513,2022-07-22,Better Price Found,3916.0,Refunded,5,Fashion
RET007350,ORD0038714,PROD0373,CUST01961,2021-10-25,Better Price Found,23465.0,Pending,11,Home & Kitchen
RET007351,ORD0038750,PROD0184,CUST01715,2021-08-03,Wrong Item,2465.0,Refunded,10,Office Supplies
RET007352,ORD0038750,PROD0558,CUST01715,2021-08-03,Size Issue,17385.0,Refunded,8,Sports & Fitness
RET007353,ORD0038771,PROD0096,CUST02684,2022-07-06,Changed Mind,2340.0,Pending,10,Office Supplies
RET007354,ORD0038771,PROD0518,CUST02684,2022-07-06,Damaged in Transit,12270.0,Refunded,10,Office Supplies
RET007355,ORD0038771,PROD0745,CUST02684,2022-07-06,Wrong Item,32342.0,Refunded,6,Home & Kitchen
RET007356,ORD0038778,PROD0690,CUST04612,2022-09-16,Changed Mind,688.0,Refunded,8,Books
RET007357,ORD0038795,PROD0599,CUST00662,2021-08-02,Wrong Item,56200.0,Refunded,6,Home & Kitchen
RET007358,ORD0038810,PROD0647,CUST02568,2020-07-30,Better Price Found,17360.0,Refunded,5,Office Supplies
RET007359,ORD0038810,PROD0142,CUST02568,2020-07-30,Damaged in Transit,2852.0,Refunded,7,Grocery
RET007360,ORD0038810,PROD0427,CUST02568,2020-07-30,Damaged in Transit,2101.0,Pending,7,Sports & Fitness
RET007361,ORD0038810,PROD0223,CUST02568,2020-07-30,Size Issue,12828.0,Refunded,5,Sports & Fitness
RET007362,ORD0038812,PROD0582,CUST03377,2024-06-21,Size Issue,2459.0,Refunded,13,Beauty & Health
RET007363,ORD0038812,PROD0108,CUST03377,2024-06-21,Defective Product,37466.0,Pending,14,Home & Kitchen
RET007364,ORD0038817,PROD0216,CUST03050,2021-11-23,Changed Mind,23014.0,Refunded,11,Fashion
RET007365,ORD0038822,PROD0765,CUST04585,2024-05-31,Wrong Item,7546.0,Pending,6,Home & Kitchen
RET007366,ORD0038836,PROD0503,CUST01545,2023-01-12,Better Price Found,6272.0,Pending,4,Office Supplies
RET007367,ORD0038836,PROD0564,CUST01545,2023-01-12,Damaged in Transit,7517.0,Refunded,6,Office Supplies
RET007368,ORD0038836,PROD0765,CUST01545,2023-01-12,Damaged in Transit,7127.0,Refunded,8,Home & Kitchen
RET007369,ORD0038836,PROD0672,CUST01545,2023-01-12,Size Issue,826.0,Rejected,9,Grocery
RET007370,ORD0038836,PROD0189,CUST01545,2023-01-12,Damaged in Transit,9258.0,Refunded,13,Office Supplies
RET007371,ORD0038842,PROD0103,CUST04379,2023-01-22,Size Issue,2411.0,Pending,10,Fashion
RET007372,ORD0038842,PROD0659,CUST04379,2023-01-22,Changed Mind,529.0,Rejected,8,Grocery
RET007373,ORD0038842,PROD0136,CUST04379,2023-01-22,Better Price Found,185640.0,Refunded,10,Electronics
RET007374,ORD0038848,PROD0283,CUST03900,2024-02-29,Defective Product,1276.0,Refunded,8,Grocery
RET007375,ORD0038853,PROD0387,CUST00549,2020-07-15,Better Price Found,1586.0,Refunded,12,Grocery
RET007376,ORD0038853,PROD0571,CUST00549,2020-07-15,Size Issue,1004.0,Pending,7,Grocery
RET007377,ORD0038854,PROD0263,CUST02862,2023-10-20,Changed Mind,1252.0,Refunded,7,Beauty & Health
RET007378,ORD0038854,PROD0314,CUST02862,2023-10-20,Wrong Item,17271.0,Refunded,3,Home & Kitchen
RET007379,ORD0038888,PROD0312,CUST04665,2023-11-11,Size Issue,21499.0,Refunded,9,Sports & Fitness
RET007380,ORD0038900,PROD0421,CUST00412,2024-01-23,Wrong Item,2086.0,Refunded,13,Fashion
RET007381,ORD0038900,PROD0041,CUST00412,2024-01-23,Changed Mind,109417.0,Refunded,11,Electronics
RET007382,ORD0038906,PROD0068,CUST02933,2022-01-25,Wrong Item,42058.0,Refunded,5,Electronics
RET007383,ORD0038912,PROD0511,CUST01282,2021-07-14,Damaged in Transit,1268.0,Refunded,4,Office Supplies
RET007384,ORD0038912,PROD0635,CUST01282,2021-07-14,Damaged in Transit,188184.0,Pending,10,Electronics
RET007385,ORD0038912,PROD0614,CUST01282,2021-07-14,Damaged in Transit,10158.0,Rejected,3,Automotive
RET007386,ORD0038912,PROD0379,CUST01282,2021-07-14,Better Price Found,374.0,Refunded,9,Grocery
RET007387,ORD0038912,PROD0071,CUST01282,2021-07-14,Damaged in Transit,2166.0,Refunded,12,Books
RET007388,ORD0038933,PROD0275,CUST03712,2022-05-05,Size Issue,1108.0,Refunded,3,Grocery
RET007389,ORD0038933,PROD0261,CUST03712,2022-05-05,Better Price Found,2736.0,Refunded,10,Grocery
RET007390,ORD0038933,PROD0417,CUST03712,2022-05-05,Damaged in Transit,2628.0,Pending,11,Automotive
RET007391,ORD0038952,PROD0618,CUST03695,2024-07-10,Wrong Item,887.0,Refunded,6,Books
RET007392,ORD0038952,PROD0424,CUST03695,2024-07-10,Better Price Found,5239.0,Refunded,5,Toys & Games
RET007393,ORD0038955,PROD0244,CUST00794,2020-11-07,Better Price Found,2052.0,Refunded,6,Grocery
RET007394,ORD0038956,PROD0512,CUST01536,2020-06-24,Better Price Found,5169.0,Refunded,7,Toys & Games
RET007395,ORD0038977,PROD0010,CUST02390,2024-05-01,Damaged in Transit,19300.0,Refunded,13,Sports & Fitness
RET007396,ORD0038987,PROD0272,CUST01012,2021-03-29,Wrong Item,2114.0,Refunded,9,Beauty & Health
RET007397,ORD0038987,PROD0564,CUST01012,2021-03-29,Better Price Found,6682.0,Pending,13,Office Supplies
RET007398,ORD0038987,PROD0292,CUST01012,2021-03-29,Size Issue,11334.0,Refunded,5,Home & Kitchen
RET007399,ORD0038987,PROD0058,CUST01012,2021-03-29,Better Price Found,9856.0,Pending,10,Home & Kitchen
RET007400,ORD0038990,PROD0712,CUST03688,2024-09-28,Better Price Found,34316.0,Refunded,11,Home & Kitchen
RET007401,ORD0038990,PROD0736,CUST03688,2024-09-28,Defective Product,36917.0,Pending,13,Home & Kitchen
RET007402,ORD0038990,PROD0361,CUST03688,2024-09-28,Wrong Item,78190.0,Refunded,5,Home & Kitchen
RET007403,ORD0038990,PROD0286,CUST03688,2024-09-28,Size Issue,14420.0,Refunded,3,Sports & Fitness
RET007404,ORD0038997,PROD0234,CUST04505,2023-10-07,Changed Mind,316.0,Refunded,4,Grocery
RET007405,ORD0039010,PROD0060,CUST03185,2023-03-12,Damaged in Transit,7872.0,Refunded,8,Fashion
RET007406,ORD0039015,PROD0335,CUST03416,2024-03-05,Better Price Found,2242.0,Refunded,14,Grocery
RET007407,ORD0039039,PROD0564,CUST03662,2021-09-19,Better Price Found,7517.0,Pending,7,Office Supplies
RET007408,ORD0039039,PROD0190,CUST03662,2021-09-19,Wrong Item,5840.0,Refunded,6,Automotive
RET007409,ORD0039039,PROD0163,CUST03662,2021-09-19,Damaged in Transit,2824.0,Refunded,14,Beauty & Health
RET007410,ORD0039053,PROD0587,CUST02805,2024-05-02,Damaged in Transit,5604.0,Refunded,3,Beauty & Health
RET007411,ORD0039055,PROD0325,CUST04752,2022-08-20,Size Issue,9466.0,Refunded,12,Automotive
RET007412,ORD0039062,PROD0273,CUST00986,2025-01-07,Changed Mind,33632.0,Refunded,5,Home & Kitchen
RET007413,ORD0039069,PROD0789,CUST00676,2024-08-07,Defective Product,73371.0,Refunded,3,Electronics
RET007414,ORD0039087,PROD0427,CUST04761,2022-03-19,Defective Product,3852.0,Refunded,13,Sports & Fitness
RET007415,ORD0039107,PROD0171,CUST00596,2024-12-26,Wrong Item,6794.0,Refunded,6,Toys & Games
RET007416,ORD0039113,PROD0717,CUST02398,2022-07-15,Better Price Found,8104.0,Refunded,10,Home & Kitchen
RET007417,ORD0039120,PROD0093,CUST00688,2024-02-24,Damaged in Transit,6520.0,Refunded,3,Office Supplies
RET007418,ORD0039120,PROD0685,CUST00688,2024-02-24,Defective Product,5367.0,Refunded,5,Home & Kitchen
RET007419,ORD0039128,PROD0263,CUST03619,2023-04-18,Wrong Item,1252.0,Refunded,9,Beauty & Health
RET007420,ORD0039130,PROD0758,CUST02808,2023-09-15,Defective Product,1667.0,Refunded,10,Toys & Games
RET007421,ORD0039137,PROD0194,CUST01758,2021-10-31,Wrong Item,19614.0,Refunded,7,Sports & Fitness
RET007422,ORD0039137,PROD0308,CUST01758,2021-10-31,Damaged in Transit,6518.0,Refunded,10,Office Supplies
RET007423,ORD0039137,PROD0747,CUST01758,2021-10-31,Changed Mind,4872.0,Rejected,10,Fashion
RET007424,ORD0039137,PROD0750,CUST01758,2021-10-31,Size Issue,1278.0,Refunded,3,Beauty & Health
RET007425,ORD0039156,PROD0085,CUST01424,2023-09-03,Changed Mind,14740.0,Refunded,12,Sports & Fitness
RET007426,ORD0039165,PROD0175,CUST02604,2023-04-11,Size Issue,447.0,Refunded,3,Grocery
RET007427,ORD0039165,PROD0005,CUST02604,2023-04-11,Defective Product,6456.0,Rejected,12,Automotive
RET007428,ORD0039165,PROD0729,CUST02604,2023-04-11,Damaged in Transit,2888.0,Refunded,4,Books
RET007429,ORD0039165,PROD0473,CUST02604,2023-04-11,Damaged in Transit,778.0,Refunded,7,Office Supplies
RET007430,ORD0039165,PROD0546,CUST02604,2023-04-11,Defective Product,2974.0,Refunded,7,Sports & Fitness
RET007431,ORD0039170,PROD0388,CUST00739,2022-07-09,Changed Mind,2031.0,Pending,12,Toys & Games
RET007432,ORD0039181,PROD0519,CUST04552,2023-04-28,Size Issue,418.0,Refunded,14,Sports & Fitness
RET007433,ORD0039192,PROD0409,CUST01460,2020-09-12,Size Issue,11118.0,Refunded,7,Office Supplies
RET007434,ORD0039193,PROD0213,CUST03772,2023-12-18,Size Issue,7916.0,Refunded,8,Office Supplies
RET007435,ORD0039193,PROD0180,CUST03772,2023-12-18,Changed Mind,42036.0,Rejected,6,Home & Kitchen
RET007436,ORD0039200,PROD0107,CUST02511,2022-08-16,Defective Product,1172.0,Refunded,5,Grocery
RET007437,ORD0039200,PROD0499,CUST02511,2022-08-16,Damaged in Transit,5878.0,Pending,13,Beauty & Health
RET007438,ORD0039200,PROD0172,CUST02511,2022-08-16,Defective Product,4330.0,Refunded,13,Fashion
RET007439,ORD0039200,PROD0193,CUST02511,2022-08-16,Damaged in Transit,4440.0,Refunded,12,Books
RET007440,ORD0039200,PROD0458,CUST02511,2022-08-16,Damaged in Transit,15680.0,Rejected,14,Fashion
RET007441,ORD0039204,PROD0509,CUST01971,2023-02-16,Better Price Found,25658.0,Refunded,4,Electronics
RET007442,ORD0039204,PROD0386,CUST01971,2023-02-16,Wrong Item,4414.0,Refunded,7,Fashion
RET007443,ORD0039204,PROD0763,CUST01971,2023-02-16,Size Issue,5286.0,Pending,12,Office Supplies
RET007444,ORD0039204,PROD0800,CUST01971,2023-02-16,Wrong Item,10585.0,Refunded,13,Sports & Fitness
RET007445,ORD0039220,PROD0678,CUST02853,2021-02-25,Damaged in Transit,3766.0,Refunded,6,Office Supplies
RET007446,ORD0039220,PROD0481,CUST02853,2021-02-25,Better Price Found,7112.0,Refunded,4,Beauty & Health
RET007447,ORD0039220,PROD0715,CUST02853,2021-02-25,Defective Product,998.0,Refunded,7,Home & Kitchen
RET007448,ORD0039229,PROD0444,CUST02791,2023-04-03,Better Price Found,1770.0,Pending,12,Grocery
RET007449,ORD0039229,PROD0666,CUST02791,2023-04-03,Size Issue,5475.0,Refunded,8,Home & Kitchen
RET007450,ORD0039229,PROD0670,CUST02791,2023-04-03,Size Issue,1404.0,Refunded,10,Books
RET007451,ORD0039240,PROD0065,CUST02115,2021-01-07,Better Price Found,2994.0,Refunded,5,Beauty & Health
RET007452,ORD0039240,PROD0033,CUST02115,2021-01-07,Size Issue,65470.0,Pending,4,Electronics
RET007453,ORD0039240,PROD0151,CUST02115,2021-01-07,Size Issue,5757.0,Refunded,12,Sports & Fitness
RET007454,ORD0039240,PROD0704,CUST02115,2021-01-07,Wrong Item,8059.0,Refunded,5,Automotive
RET007455,ORD0039256,PROD0005,CUST01280,2024-04-26,Better Price Found,7043.0,Refunded,10,Automotive
RET007456,ORD0039258,PROD0193,CUST01823,2022-04-13,Damaged in Transit,4192.0,Pending,5,Books
RET007457,ORD0039258,PROD0013,CUST01823,2022-04-13,Better Price Found,69216.0,Refunded,4,Electronics
RET007458,ORD0039260,PROD0590,CUST03558,2021-05-10,Changed Mind,278.0,Pending,7,Books
RET007459,ORD0039265,PROD0619,CUST02425,2021-06-07,Size Issue,10640.0,Refunded,7,Fashion
RET007460,ORD0039267,PROD0228,CUST02077,2023-06-24,Defective Product,537.0,Pending,13,Books
RET007461,ORD0039267,PROD0509,CUST02077,2023-06-24,Changed Mind,54736.0,Refunded,4,Electronics
RET007462,ORD0039272,PROD0592,CUST03086,2021-02-23,Damaged in Transit,3375.0,Refunded,8,Sports & Fitness
RET007463,ORD0039272,PROD0187,CUST03086,2021-02-23,Size Issue,463.0,Refunded,8,Books
RET007464,ORD0039272,PROD0433,CUST03086,2021-02-23,Size Issue,62803.0,Refunded,7,Electronics
RET007465,ORD0039272,PROD0203,CUST03086,2021-02-23,Size Issue,4293.0,Refunded,11,Fashion
RET007466,ORD0039272,PROD0397,CUST03086,2021-02-23,Better Price Found,1742.0,Refunded,12,Automotive
RET007467,ORD0039274,PROD0723,CUST02833,2021-03-19,Better Price Found,2951.0,Refunded,10,Beauty & Health
RET007468,ORD0039274,PROD0058,CUST02833,2021-03-19,Changed Mind,9856.0,Pending,6,Home & Kitchen
RET007469,ORD0039295,PROD0022,CUST00409,2023-03-05,Changed Mind,29129.0,Refunded,6,Home & Kitchen
RET007470,ORD0039305,PROD0305,CUST02052,2021-09-07,Damaged in Transit,16730.0,Pending,4,Home & Kitchen
RET007471,ORD0039310,PROD0659,CUST03453,2024-04-21,Changed Mind,485.0,Refunded,9,Grocery
RET007472,ORD0039311,PROD0611,CUST03598,2021-12-26,Damaged in Transit,5334.0,Refunded,3,Office Supplies
RET007473,ORD0039315,PROD0726,CUST01194,2023-04-20,Damaged in Transit,43119.0,Pending,5,Electronics
RET007474,ORD0039318,PROD0242,CUST04508,2023-02-14,Size Issue,374.0,Refunded,12,Grocery
RET007475,ORD0039318,PROD0359,CUST04508,2023-02-14,Better Price Found,4075.0,Refunded,6,Office Supplies
RET007476,ORD0039318,PROD0415,CUST04508,2023-02-14,Changed Mind,6480.0,Refunded,12,Office Supplies
RET007477,ORD0039318,PROD0585,CUST04508,2023-02-14,Wrong Item,5235.0,Refunded,11,Sports & Fitness
RET007478,ORD0039322,PROD0517,CUST02582,2024-08-02,Damaged in Transit,1176.0,Refunded,7,Grocery
RET007479,ORD0039324,PROD0643,CUST00954,2024-01-04,Size Issue,7577.0,Refunded,13,Fashion
RET007480,ORD0039324,PROD0575,CUST00954,2024-01-04,Damaged in Transit,1284.0,Refunded,11,Fashion
RET007481,ORD0039324,PROD0537,CUST00954,2024-01-04,Defective Product,812.0,Pending,14,Books
RET007482,ORD0039326,PROD0561,CUST01322,2021-10-19,Damaged in Transit,1297.0,Refunded,7,Books
RET007483,ORD0039327,PROD0350,CUST03099,2024-04-16,Wrong Item,11869.0,Refunded,4,Sports & Fitness
RET007484,ORD0039327,PROD0468,CUST03099,2024-04-16,Wrong Item,710.0,Refunded,6,Fashion
RET007485,ORD0039331,PROD0532,CUST02083,2023-06-14,Better Price Found,8430.0,Refunded,8,Beauty & Health
RET007486,ORD0039331,PROD0043,CUST02083,2023-06-14,Damaged in Transit,4182.0,Refunded,4,Beauty & Health
RET007487,ORD0039331,PROD0265,CUST02083,2023-06-14,Wrong Item,7581.0,Pending,6,Toys & Games
RET007488,ORD0039333,PROD0592,CUST04323,2022-06-28,Size Issue,3586.0,Refunded,7,Sports & Fitness
RET007489,ORD0039343,PROD0387,CUST02411,2023-01-12,Wrong Item,5058.0,Refunded,5,Grocery
RET007490,ORD0039352,PROD0345,CUST03951,2024-10-22,Better Price Found,5062.0,Pending,10,Electronics
RET007491,ORD0039363,PROD0607,CUST01935,2021-05-23,Wrong Item,280.0,Refunded,7,Books
RET007492,ORD0039402,PROD0015,CUST01981,2023-04-25,Wrong Item,6408.0,Refunded,9,Fashion
RET007493,ORD0039419,PROD0163,CUST03757,2020-09-08,Size Issue,3000.0,Refunded,8,Beauty & Health
RET007494,ORD0039419,PROD0680,CUST03757,2020-09-08,Size Issue,8256.0,Refunded,5,Office Supplies
RET007495,ORD0039419,PROD0576,CUST03757,2020-09-08,Changed Mind,22868.0,Pending,6,Fashion
RET007496,ORD0039419,PROD0143,CUST03757,2020-09-08,Defective Product,29860.0,Refunded,6,Sports & Fitness
RET007497,ORD0039421,PROD0416,CUST02204,2024-05-14,Wrong Item,2350.0,Refunded,14,Fashion
RET007498,ORD0039421,PROD0363,CUST02204,2024-05-14,Wrong Item,3874.0,Refunded,4,Fashion
RET007499,ORD0039438,PROD0767,CUST02186,2024-01-05,Damaged in Transit,3166.0,Refunded,14,Office Supplies
RET007500,ORD0039438,PROD0036,CUST02186,2024-01-05,Changed Mind,5374.0,Refunded,5,Fashion
RET007501,ORD0039438,PROD0799,CUST02186,2024-01-05,Wrong Item,27666.0,Refunded,13,Electronics
RET007502,ORD0039441,PROD0404,CUST00218,2022-07-06,Size Issue,15800.0,Refunded,5,Automotive
RET007503,ORD0039471,PROD0013,CUST00518,2022-11-05,Wrong Item,107668.0,Refunded,4,Electronics
RET007504,ORD0039472,PROD0560,CUST03427,2021-11-10,Better Price Found,18884.0,Refunded,7,Home & Kitchen
RET007505,ORD0039472,PROD0639,CUST03427,2021-11-10,Defective Product,4069.0,Rejected,11,Toys & Games
RET007506,ORD0039474,PROD0671,CUST04409,2022-04-28,Size Issue,8578.0,Refunded,13,Fashion
RET007507,ORD0039481,PROD0150,CUST02297,2024-07-06,Changed Mind,4290.0,Refunded,4,Home & Kitchen
RET007508,ORD0039481,PROD0392,CUST02297,2024-07-06,Better Price Found,7988.0,Refunded,4,Sports & Fitness
RET007509,ORD0039481,PROD0166,CUST02297,2024-07-06,Changed Mind,7384.0,Pending,8,Fashion
RET007510,ORD0039484,PROD0643,CUST04805,2024-10-07,Size Issue,6819.0,Refunded,5,Fashion
RET007511,ORD0039492,PROD0651,CUST03367,2022-12-19,Better Price Found,14985.0,Pending,10,Sports & Fitness
RET007512,ORD0039495,PROD0676,CUST04436,2021-11-23,Changed Mind,1196.0,Pending,12,Grocery
RET007513,ORD0039495,PROD0205,CUST04436,2021-11-23,Better Price Found,8114.0,Refunded,4,Toys & Games
RET007514,ORD0039495,PROD0164,CUST04436,2021-11-23,Changed Mind,4818.0,Refunded,6,Beauty & Health
RET007515,ORD0039495,PROD0235,CUST04436,2021-11-23,Wrong Item,3369.0,Refunded,4,Toys & Games
RET007516,ORD0039495,PROD0451,CUST04436,2021-11-23,Wrong Item,237.0,Refunded,3,Beauty & Health
RET007517,ORD0039496,PROD0730,CUST00875,2023-02-28,Wrong Item,626.0,Pending,10,Grocery
RET007518,ORD0039496,PROD0676,CUST00875,2023-02-28,Wrong Item,1046.0,Rejected,6,Grocery
RET007519,ORD0039513,PROD0598,CUST00349,2023-08-21,Damaged in Transit,3686.0,Pending,11,Automotive
RET007520,ORD0039517,PROD0703,CUST01483,2023-03-08,Wrong Item,13059.0,Refunded,8,Electronics
RET007521,ORD0039517,PROD0163,CUST01483,2023-03-08,Defective Product,3000.0,Refunded,10,Beauty & Health
RET007522,ORD0039517,PROD0621,CUST01483,2023-03-08,Wrong Item,4931.0,Refunded,6,Fashion
RET007523,ORD0039517,PROD0238,CUST01483,2023-03-08,Damaged in Transit,1096.0,Pending,5,Fashion
RET007524,ORD0039519,PROD0021,CUST00286,2023-04-24,Defective Product,3636.0,Rejected,5,Beauty & Health
RET007525,ORD0039526,PROD0070,CUST04987,2021-10-07,Wrong Item,106.0,Refunded,14,Books
RET007526,ORD0039538,PROD0356,CUST04165,2022-11-03,Damaged in Transit,4498.0,Refunded,6,Office Supplies
RET007527,ORD0039538,PROD0518,CUST04165,2022-11-03,Defective Product,9818.0,Refunded,8,Office Supplies
RET007528,ORD0039542,PROD0286,CUST03830,2023-04-26,Size Issue,4006.0,Refunded,5,Sports & Fitness
RET007529,ORD0039555,PROD0517,CUST04252,2020-08-23,Damaged in Transit,526.0,Refunded,7,Grocery
RET007530,ORD0039560,PROD0367,CUST02694,2021-09-25,Damaged in Transit,12690.0,Refunded,10,Office Supplies
RET007531,ORD0039571,PROD0630,CUST01930,2022-05-11,Changed Mind,1524.0,Refunded,4,Fashion
RET007532,ORD0039571,PROD0762,CUST01930,2022-05-11,Damaged in Transit,17304.0,Refunded,5,Automotive
RET007533,ORD0039588,PROD0173,CUST04068,2021-07-16,Better Price Found,3168.0,Refunded,4,Automotive
RET007534,ORD0039599,PROD0701,CUST02515,2022-02-18,Changed Mind,25926.0,Pending,5,Home & Kitchen
RET007535,ORD0039599,PROD0596,CUST02515,2022-02-18,Wrong Item,492.0,Pending,7,Books
RET007536,ORD0039599,PROD0764,CUST02515,2022-02-18,Damaged in Transit,348.0,Refunded,12,Books
RET007537,ORD0039599,PROD0469,CUST02515,2022-02-18,Size Issue,78.0,Refunded,5,Grocery
RET007538,ORD0039620,PROD0642,CUST04574,2021-10-22,Changed Mind,13154.0,Refunded,12,Automotive
RET007539,ORD0039632,PROD0614,CUST00048,2021-05-07,Changed Mind,22706.0,Pending,4,Automotive
RET007540,ORD0039632,PROD0145,CUST00048,2021-05-07,Wrong Item,9572.0,Refunded,13,Sports & Fitness
RET007541,ORD0039634,PROD0202,CUST00852,2024-01-29,Wrong Item,6479.0,Refunded,5,Sports & Fitness
RET007542,ORD0039634,PROD0605,CUST00852,2024-01-29,Better Price Found,53956.0,Refunded,6,Sports & Fitness
RET007543,ORD0039634,PROD0285,CUST00852,2024-01-29,Damaged in Transit,34676.0,Refunded,3,Home & Kitchen
RET007544,ORD0039634,PROD0621,CUST00852,2024-01-29,Damaged in Transit,9862.0,Pending,6,Fashion
RET007545,ORD0039649,PROD0613,CUST03007,2023-08-27,Better Price Found,229.0,Refunded,7,Grocery
RET007546,ORD0039649,PROD0434,CUST03007,2023-08-27,Size Issue,1625.0,Refunded,7,Sports & Fitness
RET007547,ORD0039649,PROD0459,CUST03007,2023-08-27,Wrong Item,78870.0,Refunded,5,Home & Kitchen
RET007548,ORD0039649,PROD0213,CUST03007,2023-08-27,Wrong Item,3958.0,Pending,4,Office Supplies
RET007549,ORD0039649,PROD0214,CUST03007,2023-08-27,Changed Mind,1970.0,Pending,9,Beauty & Health
RET007550,ORD0039652,PROD0340,CUST04830,2021-10-01,Better Price Found,1143.0,Refunded,4,Beauty & Health
RET007551,ORD0039652,PROD0356,CUST04830,2021-10-01,Size Issue,11808.0,Refunded,8,Office Supplies
RET007552,ORD0039657,PROD0748,CUST03215,2024-11-19,Damaged in Transit,2335.0,Refunded,11,Beauty & Health
RET007553,ORD0039677,PROD0178,CUST02187,2023-04-09,Size Issue,1119.0,Refunded,14,Toys & Games
RET007554,ORD0039677,PROD0794,CUST02187,2023-04-09,Wrong Item,362.0,Refunded,10,Toys & Games
RET007555,ORD0039677,PROD0301,CUST02187,2023-04-09,Wrong Item,5020.0,Rejected,14,Sports & Fitness
RET007556,ORD0039691,PROD0132,CUST02780,2023-12-26,Size Issue,3024.0,Refunded,7,Automotive
RET007557,ORD0039703,PROD0126,CUST03995,2022-04-15,Changed Mind,5207.0,Refunded,9,Fashion
RET007558,ORD0039703,PROD0495,CUST03995,2022-04-15,Changed Mind,103610.0,Rejected,14,Electronics
RET007559,ORD0039721,PROD0350,CUST01844,2023-12-25,Wrong Item,23738.0,Refunded,13,Sports & Fitness
RET007560,ORD0039721,PROD0587,CUST01844,2023-12-25,Damaged in Transit,5308.0,Refunded,3,Beauty & Health
RET007561,ORD0039732,PROD0356,CUST00653,2022-10-26,Changed Mind,4498.0,Refunded,10,Office Supplies
RET007562,ORD0039736,PROD0022,CUST02943,2024-06-18,Wrong Item,25488.0,Pending,8,Home & Kitchen
RET007563,ORD0039767,PROD0513,CUST01041,2022-04-06,Wrong Item,10102.0,Refunded,3,Automotive
RET007564,ORD0039767,PROD0667,CUST01041,2022-04-06,Changed Mind,25952.0,Refunded,13,Home & Kitchen
RET007565,ORD0039799,PROD0596,CUST01638,2023-12-24,Size Issue,492.0,Refunded,3,Books
RET007566,ORD0039821,PROD0655,CUST00689,2022-12-03,Defective Product,3864.0,Refunded,12,Automotive
RET007567,ORD0039821,PROD0575,CUST00689,2022-12-03,Damaged in Transit,1284.0,Refunded,12,Fashion
RET007568,ORD0039829,PROD0157,CUST01123,2023-11-04,Changed Mind,726.0,Refunded,6,Books
RET007569,ORD0039829,PROD0521,CUST01123,2023-11-04,Wrong Item,233932.0,Refunded,14,Electronics
RET007570,ORD0039833,PROD0167,CUST01809,2020-02-27,Defective Product,24660.0,Refunded,11,Electronics
RET007571,ORD0039860,PROD0630,CUST01518,2021-07-28,Defective Product,1524.0,Refunded,9,Fashion
RET007572,ORD0039871,PROD0187,CUST01119,2021-01-09,Damaged in Transit,1389.0,Refunded,11,Books
RET007573,ORD0039871,PROD0024,CUST01119,2021-01-09,Defective Product,16908.0,Refunded,3,Fashion
RET007574,ORD0039871,PROD0152,CUST01119,2021-01-09,Changed Mind,13680.0,Refunded,6,Sports & Fitness
RET007575,ORD0039896,PROD0546,CUST03804,2024-06-23,Size Issue,2726.0,Refunded,10,Sports & Fitness
RET007576,ORD0039896,PROD0668,CUST03804,2024-06-23,Better Price Found,4050.0,Refunded,12,Fashion
RET007577,ORD0039896,PROD0549,CUST03804,2024-06-23,Wrong Item,74796.0,Refunded,12,Home & Kitchen
RET007578,ORD0039917,PROD0772,CUST03614,2023-04-14,Better Price Found,71575.0,Pending,5,Electronics
RET007579,ORD0039917,PROD0145,CUST03614,2023-04-14,Defective Product,30312.0,Refunded,5,Sports & Fitness
RET007580,ORD0039917,PROD0324,CUST03614,2023-04-14,Changed Mind,2140.0,Refunded,12,Grocery
RET007581,ORD0039917,PROD0575,CUST03614,2023-04-14,Better Price Found,1284.0,Refunded,9,Fashion
RET007582,ORD0039917,PROD0398,CUST03614,2023-04-14,Defective Product,3376.0,Rejected,3,Toys & Games
RET007583,ORD0039920,PROD0703,CUST00950,2020-04-07,Wrong Item,36729.0,Refunded,3,Electronics
RET007584,ORD0039920,PROD0617,CUST00950,2020-04-07,Size Issue,4256.0,Refunded,11,Beauty & Health
RET007585,ORD0039925,PROD0790,CUST01960,2023-06-18,Wrong Item,4119.0,Pending,5,Fashion
RET007586,ORD0039927,PROD0240,CUST03468,2020-06-14,Defective Product,5214.0,Rejected,3,Beauty & Health
RET007587,ORD0039927,PROD0666,CUST03468,2020-06-14,Changed Mind,1825.0,Refunded,14,Home & Kitchen
RET007588,ORD0039927,PROD0204,CUST03468,2020-06-14,Size Issue,1969.0,Refunded,8,Office Supplies
RET007589,ORD0039927,PROD0262,CUST03468,2020-06-14,Size Issue,29856.0,Refunded,12,Home & Kitchen
RET007590,ORD0039927,PROD0087,CUST03468,2020-06-14,Changed Mind,3704.0,Refunded,11,Automotive
RET007591,ORD0039932,PROD0197,CUST02839,2023-03-19,Size Issue,1414.0,Pending,12,Beauty & Health
RET007592,ORD0039932,PROD0288,CUST02839,2023-03-19,Size Issue,3815.0,Refunded,3,Toys & Games
RET007593,ORD0039932,PROD0257,CUST02839,2023-03-19,Better Price Found,25450.0,Refunded,12,Electronics
RET007594,ORD0039943,PROD0158,CUST01596,2021-11-28,Size Issue,14610.0,Refunded,4,Automotive
RET007595,ORD0039950,PROD0337,CUST00862,2024-06-13,Damaged in Transit,7199.0,Refunded,6,Fashion
RET007596,ORD0039950,PROD0268,CUST00862,2024-06-13,Changed Mind,30792.0,Refunded,12,Automotive
RET007597,ORD0039950,PROD0660,CUST00862,2024-06-13,Defective Product,8203.0,Refunded,4,Sports & Fitness
RET007598,ORD0039974,PROD0123,CUST02017,2022-12-26,Changed Mind,22315.0,Refunded,11,Sports & Fitness
RET007599,ORD0039974,PROD0420,CUST02017,2022-12-26,Defective Product,33432.0,Refunded,14,Sports & Fitness
RET007600,ORD0040000,PROD0555,CUST02583,2020-09-17,Damaged in Transit,105711.0,Refunded,9,Electronics
