customer_id,customer_name,email,age,gender,state,city,pincode,registration_date,income_bracket,customer_type,is_prime_member,preferred_category,acquisition_source
CUST00001,Rahul Gupta,user1@email.com,41,Female,Uttar Pradesh,Varanasi,360993,2020-07-31,3-6L,Regular,0,Sports & Fitness,Paid Ads
CUST00002,Akash Kumar,user2@email.com,43,Female,Madhya Pradesh,Gwalior,306113,2023-06-14,<3L,New,0,Automotive,Paid Ads
CUST00003,Ananya Mehta,user3@email.com,52,Male,Punjab,Ludhiana,631930,2020-10-25,<3L,VIP,0,Office Supplies,Organic Search
CUST00004,Sneha Pandey,user4@email.com,39,Male,Madhya Pradesh,Jabalpur,888565,2022-04-22,<3L,Premium,1,Grocery,Social Media
CUST00005,Meera Nair,user5@email.com,33,Female,Madhya Pradesh,Bhopal,477180,2021-06-13,<3L,New,1,Sports & Fitness,Organic Search
CUST00006,Priya Mehta,user6@email.com,53,Female,Kerala,Kollam,434368,2022-07-15,>20L,New,1,Office Supplies,Email Campaign
CUST00007,Siddharth Sharma,user7@email.com,21,Male,Telangana,Karimnagar,385740,2018-01-31,10-20L,Regular,1,Books,Social Media
CUST00008,Divya Pillai,user8@email.com,57,Male,Karnataka,Mangaluru,718813,2018-03-06,6-10L,Premium,1,Sports & Fitness,App Store
CUST00009,Rohit Shah,user9@email.com,21,Female,Punjab,Chandigarh,151844,2019-10-22,10-20L,New,0,Sports & Fitness,Paid Ads
CUST00010,Nisha Nair,user10@email.com,22,Female,Punjab,Jalandhar,378110,2022-02-01,6-10L,Regular,0,Electronics,Referral
CUST00011,Varun Banerjee,user11@email.com,49,Female,West Bengal,Asansol,181159,2021-05-05,3-6L,VIP,0,Books,Email Campaign
CUST00012,Manoj Rao,user12@email.com,56,Male,Bihar,Gaya,972705,2021-02-05,<3L,Regular,0,Automotive,Organic Search
CUST00013,Siddharth Malhotra,user13@email.com,31,Female,Gujarat,Vadodara,643829,2019-06-19,3-6L,New,1,Office Supplies,Paid Ads
CUST00014,Sunita Kumar,user14@email.com,47,Female,Uttar Pradesh,Kanpur,597996,2021-10-28,3-6L,Regular,1,Home & Kitchen,App Store
CUST00015,Rahul Gupta,user15@email.com,39,Male,Bihar,Bhagalpur,833263,2020-11-14,3-6L,New,1,Sports & Fitness,Referral
CUST00016,Mihir Sharma,user16@email.com,47,Female,Madhya Pradesh,Bhopal,932513,2018-03-23,6-10L,New,0,Automotive,Organic Search
CUST00017,Varun Pillai,user17@email.com,40,Female,Uttar Pradesh,Agra,651293,2020-04-17,3-6L,Premium,1,Electronics,Referral
CUST00018,Divya Mishra,user18@email.com,38,Female,Bihar,Muzaffarpur,618487,2020-10-07,<3L,Premium,0,Sports & Fitness,Organic Search
CUST00019,Divya Joshi,user19@email.com,30,Male,Punjab,Jalandhar,925479,2020-08-22,3-6L,Regular,0,Fashion,Social Media
CUST00020,Ishaan Mishra,user20@email.com,56,Male,Uttar Pradesh,Varanasi,714949,2022-06-14,10-20L,Regular,1,Sports & Fitness,App Store
CUST00021,Ishaan Nair,user21@email.com,33,Male,Rajasthan,Jaipur,437318,2023-04-01,<3L,Regular,0,Automotive,Referral
CUST00022,Sneha Sharma,user22@email.com,34,Female,Telangana,Warangal,451273,2022-03-21,6-10L,Regular,0,Automotive,Social Media
CUST00023,Amit Shah,user23@email.com,22,Male,Delhi,New Delhi,256758,2020-07-10,3-6L,Premium,1,Beauty & Health,Paid Ads
CUST00024,Priya Nair,user24@email.com,24,Male,Uttar Pradesh,Kanpur,671054,2021-09-17,>20L,Premium,0,Toys & Games,Social Media
CUST00025,Sanjay Sharma,user25@email.com,59,Male,Karnataka,Hubli,696526,2021-06-10,3-6L,Regular,0,Grocery,Social Media
CUST00026,Isha Rao,user26@email.com,37,Male,Kerala,Kozhikode,318158,2023-11-12,3-6L,Premium,0,Books,Organic Search
CUST00027,Siddharth Banerjee,user27@email.com,47,Female,Punjab,Jalandhar,712533,2018-08-10,6-10L,Regular,0,Fashion,Organic Search
CUST00028,Tanvi Agarwal,user28@email.com,32,Male,Andhra Pradesh,Tirupati,826395,2021-05-08,6-10L,Premium,1,Toys & Games,Paid Ads
CUST00029,Varun Agarwal,user29@email.com,18,Male,Bihar,Gaya,292899,2022-03-11,3-6L,Regular,1,Home & Kitchen,Organic Search
CUST00030,Akash Singh,user30@email.com,25,Female,Telangana,Warangal,989618,2018-04-22,3-6L,Regular,1,Sports & Fitness,Referral
CUST00031,Aditi Mishra,user31@email.com,20,Male,Uttar Pradesh,Agra,741535,2022-10-17,10-20L,VIP,0,Sports & Fitness,Social Media
CUST00032,Sneha Iyer,user32@email.com,50,Male,Gujarat,Rajkot,445260,2019-10-22,<3L,Premium,0,Beauty & Health,App Store
CUST00033,Ishaan Pillai,user33@email.com,40,Male,Maharashtra,Nashik,685158,2018-12-19,6-10L,VIP,1,Toys & Games,Paid Ads
CUST00034,Yash Patel,user34@email.com,59,Female,Punjab,Jalandhar,982515,2019-03-23,<3L,Regular,0,Fashion,Referral
CUST00035,Rohit Mehta,user35@email.com,37,Female,Delhi,Faridabad,679421,2019-11-16,10-20L,New,1,Electronics,Referral
CUST00036,Akash Agarwal,user36@email.com,38,Male,Karnataka,Hubli,777871,2022-07-26,6-10L,Regular,0,Fashion,Referral
CUST00037,Ishaan Pandey,user37@email.com,38,Female,Kerala,Thiruvananthapuram,409313,2018-08-09,6-10L,Premium,0,Fashion,Paid Ads
CUST00038,Priya Pandey,user38@email.com,50,Male,Rajasthan,Jaipur,625980,2022-03-01,3-6L,Premium,0,Books,Paid Ads
CUST00039,Meera Trivedi,user39@email.com,38,Male,Bihar,Gaya,314945,2023-08-06,3-6L,Premium,0,Grocery,Social Media
CUST00040,Deepika Nair,user40@email.com,21,Male,Bihar,Bhagalpur,153616,2023-04-03,<3L,Premium,0,Beauty & Health,Paid Ads
CUST00041,Aarav Sharma,user41@email.com,53,Female,Rajasthan,Jaipur,893208,2022-07-18,6-10L,Regular,0,Home & Kitchen,App Store
CUST00042,Nisha Reddy,user42@email.com,60,Female,Gujarat,Gandhinagar,568188,2023-03-06,3-6L,New,1,Home & Kitchen,Email Campaign
CUST00043,Karan Pillai,user43@email.com,18,Male,Delhi,Faridabad,833344,2022-12-28,10-20L,Regular,1,Books,Organic Search
CUST00044,Mihir Rao,user44@email.com,38,Female,Maharashtra,Nashik,374061,2021-12-24,<3L,Premium,0,Grocery,Organic Search
CUST00045,Priya Banerjee,user45@email.com,33,Female,Karnataka,Mysuru,370249,2022-03-28,3-6L,Regular,1,Toys & Games,Organic Search
CUST00046,Arjun Patel,user46@email.com,50,Male,Madhya Pradesh,Gwalior,849500,2019-05-18,3-6L,New,0,Beauty & Health,Organic Search
CUST00047,Aarav Agarwal,user47@email.com,54,Female,Uttar Pradesh,Kanpur,133948,2019-05-21,>20L,Premium,0,Grocery,Social Media
CUST00048,Akash Sharma,user48@email.com,47,Male,Gujarat,Gandhinagar,754852,2022-08-09,6-10L,New,0,Toys & Games,Referral
CUST00049,Isha Shah,user49@email.com,39,Female,Delhi,Gurgaon,435099,2019-08-04,10-20L,Regular,0,Sports & Fitness,Referral
CUST00050,Vikram Mehta,user50@email.com,28,Male,Punjab,Jalandhar,425335,2019-11-02,6-10L,Regular,0,Automotive,Referral
CUST00051,Rohit Gupta,user51@email.com,18,Male,Delhi,Gurgaon,714886,2018-04-27,6-10L,New,1,Fashion,Paid Ads
CUST00052,Divya Malhotra,user52@email.com,56,Female,Gujarat,Surat,597782,2022-03-15,3-6L,VIP,0,Toys & Games,Organic Search
CUST00053,Varun Pandey,user53@email.com,51,Male,Tamil Nadu,Trichy,387126,2019-08-24,6-10L,Regular,0,Beauty & Health,Social Media
CUST00054,Pooja Reddy,user54@email.com,35,Female,Punjab,Amritsar,506516,2020-04-03,<3L,Premium,1,Home & Kitchen,Social Media
CUST00055,Akash Agarwal,user55@email.com,31,Male,Punjab,Amritsar,743579,2018-01-28,6-10L,Premium,0,Sports & Fitness,Email Campaign
CUST00056,Aditi Agarwal,user56@email.com,32,Male,Haryana,Hisar,549374,2023-11-28,<3L,Premium,0,Beauty & Health,Paid Ads
CUST00057,Rahul Banerjee,user57@email.com,59,Male,Kerala,Thiruvananthapuram,658968,2023-02-20,10-20L,Premium,1,Beauty & Health,Organic Search
CUST00058,Aditya Shah,user58@email.com,26,Female,Kerala,Thiruvananthapuram,744488,2022-09-14,6-10L,Premium,0,Books,Social Media
CUST00059,Sneha Rao,user59@email.com,31,Male,Madhya Pradesh,Gwalior,906379,2022-10-12,6-10L,VIP,0,Office Supplies,Social Media
CUST00060,Meera Trivedi,user60@email.com,52,Male,Punjab,Patiala,157724,2022-04-16,3-6L,Regular,0,Grocery,Paid Ads
CUST00061,Kavya Joshi,user61@email.com,28,Female,Punjab,Amritsar,488403,2018-12-15,<3L,Regular,1,Electronics,Organic Search
CUST00062,Isha Gupta,user62@email.com,55,Female,Rajasthan,Ajmer,447305,2021-11-05,6-10L,Regular,0,Electronics,Email Campaign
CUST00063,Rahul Shah,user63@email.com,19,Female,West Bengal,Howrah,919409,2023-03-19,<3L,New,0,Office Supplies,Email Campaign
CUST00064,Priya Kumar,user64@email.com,60,Male,Rajasthan,Jaipur,797899,2020-04-11,3-6L,New,0,Fashion,Organic Search
CUST00065,Varun Shah,user65@email.com,53,Female,West Bengal,Durgapur,638208,2023-05-10,3-6L,Premium,1,Sports & Fitness,Social Media
CUST00066,Shreya Nair,user66@email.com,30,Male,Rajasthan,Udaipur,118281,2019-06-02,6-10L,New,0,Beauty & Health,Referral
CUST00067,Utkarsh Reddy,user67@email.com,41,Female,Bihar,Muzaffarpur,269020,2021-12-15,3-6L,Regular,0,Office Supplies,Email Campaign
CUST00068,Pooja Patel,user68@email.com,38,Male,Gujarat,Surat,302406,2019-05-22,6-10L,VIP,1,Fashion,Organic Search
CUST00069,Sunita Kumar,user69@email.com,21,Male,Uttar Pradesh,Varanasi,123527,2020-09-02,3-6L,VIP,1,Toys & Games,Email Campaign
CUST00070,Siddharth Iyer,user70@email.com,38,Male,Punjab,Chandigarh,437903,2020-03-05,<3L,New,0,Electronics,Organic Search
CUST00071,Ananya Shah,user71@email.com,21,Female,Bihar,Bhagalpur,533622,2023-08-28,>20L,Premium,0,Office Supplies,App Store
CUST00072,Sunita Verma,user72@email.com,19,Male,Gujarat,Vadodara,812901,2018-04-14,3-6L,Regular,1,Fashion,Organic Search
CUST00073,Nisha Patel,user73@email.com,48,Male,Uttar Pradesh,Lucknow,337684,2021-08-27,10-20L,New,0,Office Supplies,Organic Search
CUST00074,Aditi Patel,user74@email.com,31,Female,Karnataka,Hubli,730180,2023-07-07,3-6L,VIP,1,Home & Kitchen,Paid Ads
CUST00075,Shreya Nair,user75@email.com,21,Female,Rajasthan,Jaipur,309815,2022-05-14,6-10L,Regular,0,Automotive,Referral
CUST00076,Divya Rao,user76@email.com,33,Male,Tamil Nadu,Trichy,619637,2019-10-24,3-6L,Regular,0,Fashion,Referral
CUST00077,Akash Joshi,user77@email.com,35,Female,Delhi,Ghaziabad,641207,2023-10-14,3-6L,New,0,Home & Kitchen,Paid Ads
CUST00078,Rohit Pillai,user78@email.com,40,Female,Madhya Pradesh,Indore,374062,2021-03-03,10-20L,New,0,Office Supplies,Email Campaign
CUST00079,Aditya Pandey,user79@email.com,33,Female,Uttar Pradesh,Kanpur,645530,2022-06-07,6-10L,Premium,0,Beauty & Health,Referral
CUST00080,Rajesh Patel,user80@email.com,21,Male,Rajasthan,Kota,154869,2019-07-13,3-6L,New,0,Toys & Games,Organic Search
CUST00081,Amit Joshi,user81@email.com,25,Female,Andhra Pradesh,Guntur,650257,2018-07-05,>20L,Regular,0,Beauty & Health,Organic Search
CUST00082,Aarav Mehta,user82@email.com,52,Other,Gujarat,Rajkot,503051,2023-07-02,10-20L,Regular,1,Home & Kitchen,Social Media
CUST00083,Sanjay Kumar,user83@email.com,32,Male,Andhra Pradesh,Nellore,187843,2019-11-21,3-6L,VIP,1,Home & Kitchen,Referral
CUST00084,Kavya Joshi,user84@email.com,45,Male,Gujarat,Gandhinagar,902827,2020-06-28,6-10L,Premium,0,Toys & Games,Organic Search
CUST00085,Utkarsh Agarwal,user85@email.com,35,Male,West Bengal,Siliguri,496719,2022-09-15,10-20L,Regular,1,Electronics,Paid Ads
CUST00086,Akash Singh,user86@email.com,59,Male,Tamil Nadu,Coimbatore,526004,2023-06-26,6-10L,Regular,0,Sports & Fitness,Social Media
CUST00087,Sunita Pandey,user87@email.com,52,Male,Tamil Nadu,Salem,770703,2019-10-02,10-20L,VIP,1,Grocery,Paid Ads
CUST00088,Rohit Mehta,user88@email.com,40,Female,Maharashtra,Thane,444107,2023-11-04,6-10L,Regular,0,Electronics,Organic Search
CUST00089,Sanjay Agarwal,user89@email.com,27,Female,Rajasthan,Kota,307308,2020-06-01,3-6L,New,0,Toys & Games,Paid Ads
CUST00090,Siddharth Joshi,user90@email.com,26,Male,Telangana,Hyderabad,939178,2021-07-12,3-6L,Regular,0,Grocery,Social Media
CUST00091,Aditi Mehta,user91@email.com,44,Male,Haryana,Faridabad,205931,2022-05-05,3-6L,New,0,Grocery,Organic Search
CUST00092,Pooja Gupta,user92@email.com,55,Female,West Bengal,Durgapur,268044,2020-06-17,3-6L,New,0,Fashion,Referral
CUST00093,Priya Malhotra,user93@email.com,55,Male,Rajasthan,Kota,739423,2018-10-08,>20L,Regular,0,Sports & Fitness,Email Campaign
CUST00094,Priya Shah,user94@email.com,45,Female,Karnataka,Hubli,137443,2020-08-09,>20L,Premium,1,Automotive,Email Campaign
CUST00095,Varun Malhotra,user95@email.com,46,Male,Maharashtra,Pune,266899,2021-12-19,6-10L,Regular,1,Automotive,Social Media
CUST00096,Pooja Rao,user96@email.com,50,Female,Kerala,Kozhikode,443541,2023-01-08,10-20L,Regular,1,Automotive,Organic Search
CUST00097,Rahul Malhotra,user97@email.com,35,Female,West Bengal,Asansol,329383,2023-12-28,>20L,Regular,0,Fashion,Social Media
CUST00098,Priya Trivedi,user98@email.com,52,Female,Bihar,Gaya,719067,2020-11-03,3-6L,Regular,0,Fashion,App Store
CUST00099,Rajesh Sharma,user99@email.com,43,Male,Madhya Pradesh,Ujjain,819765,2019-11-13,>20L,VIP,0,Electronics,Social Media
CUST00100,Rohit Sharma,user100@email.com,28,Male,Andhra Pradesh,Tirupati,544584,2022-12-30,<3L,Regular,0,Grocery,Email Campaign
CUST00101,Nisha Sharma,user101@email.com,37,Male,Punjab,Jalandhar,809938,2018-07-20,3-6L,Premium,0,Toys & Games,Paid Ads
CUST00102,Yash Sharma,user102@email.com,36,Male,Kerala,Kollam,330637,2021-07-14,<3L,New,1,Electronics,Organic Search
CUST00103,Tanvi Reddy,user103@email.com,18,Female,Uttar Pradesh,Varanasi,933970,2021-06-17,10-20L,New,1,Electronics,Organic Search
CUST00104,Yash Verma,user104@email.com,24,Male,Kerala,Thiruvananthapuram,500387,2018-08-04,<3L,Regular,0,Electronics,Paid Ads
CUST00105,Anjali Mishra,user105@email.com,60,Female,Rajasthan,Ajmer,925328,2023-11-05,6-10L,Regular,1,Home & Kitchen,Organic Search
CUST00106,Meera Pillai,user106@email.com,49,Male,West Bengal,Siliguri,968812,2018-10-18,6-10L,Premium,1,Beauty & Health,Organic Search
CUST00107,Aditya Patel,user107@email.com,36,Male,Punjab,Patiala,540570,2020-04-03,6-10L,Premium,1,Beauty & Health,Referral
CUST00108,Amit Nair,user108@email.com,54,Female,Rajasthan,Jodhpur,213045,2018-12-09,10-20L,New,0,Grocery,Referral
CUST00109,Ishaan Trivedi,user109@email.com,56,Male,Haryana,Faridabad,356731,2020-05-05,3-6L,Regular,1,Office Supplies,Email Campaign
CUST00110,Kavya Mishra,user110@email.com,60,Female,West Bengal,Siliguri,894981,2023-09-04,3-6L,Premium,0,Books,Paid Ads
CUST00111,Manoj Joshi,user111@email.com,19,Male,Haryana,Rohtak,682527,2020-04-26,3-6L,Regular,0,Office Supplies,Referral
CUST00112,Vikram Pillai,user112@email.com,28,Female,Rajasthan,Jodhpur,558022,2020-01-28,3-6L,Regular,1,Toys & Games,Organic Search
CUST00113,Divya Agarwal,user113@email.com,40,Other,Andhra Pradesh,Visakhapatnam,936860,2020-03-04,6-10L,Premium,1,Books,Paid Ads
CUST00114,Karan Kumar,user114@email.com,27,Female,Maharashtra,Nashik,241993,2019-04-23,10-20L,Regular,0,Grocery,Organic Search
CUST00115,Varun Mehta,user115@email.com,60,Male,Andhra Pradesh,Guntur,516123,2023-09-13,3-6L,Premium,0,Home & Kitchen,Organic Search
CUST00116,Varun Iyer,user116@email.com,60,Female,Madhya Pradesh,Gwalior,186568,2021-11-12,<3L,New,0,Fashion,Paid Ads
CUST00117,Yash Banerjee,user117@email.com,23,Female,Telangana,Khammam,195221,2023-06-03,<3L,Regular,0,Beauty & Health,Email Campaign
CUST00118,Sneha Patel,user118@email.com,34,Female,Haryana,Gurugram,237119,2021-01-22,>20L,Regular,0,Grocery,Paid Ads
CUST00119,Aarav Verma,user119@email.com,29,Female,Andhra Pradesh,Visakhapatnam,920667,2019-11-01,3-6L,New,0,Beauty & Health,Organic Search
CUST00120,Sneha Nair,user120@email.com,20,Female,Tamil Nadu,Trichy,874491,2021-01-23,>20L,Premium,0,Office Supplies,Social Media
CUST00121,Aarav Nair,user121@email.com,49,Male,Bihar,Darbhanga,893409,2020-07-18,3-6L,New,1,Fashion,Paid Ads
CUST00122,Meera Iyer,user122@email.com,21,Male,Rajasthan,Jodhpur,391885,2020-05-10,6-10L,Premium,0,Electronics,Social Media
CUST00123,Siddharth Malhotra,user123@email.com,19,Female,Tamil Nadu,Salem,538299,2022-05-12,<3L,Regular,1,Automotive,Social Media
CUST00124,Ananya Malhotra,user124@email.com,59,Male,Haryana,Faridabad,870786,2023-02-12,10-20L,New,0,Electronics,Paid Ads
CUST00125,Rohit Rao,user125@email.com,24,Male,Uttar Pradesh,Lucknow,993090,2023-11-24,6-10L,Regular,0,Beauty & Health,Paid Ads
CUST00126,Utkarsh Agarwal,user126@email.com,23,Male,Punjab,Patiala,882164,2023-04-20,6-10L,Premium,1,Fashion,Referral
CUST00127,Manoj Singh,user127@email.com,18,Female,Gujarat,Rajkot,279581,2023-01-22,3-6L,VIP,1,Fashion,Referral
CUST00128,Deepika Kumar,user128@email.com,55,Male,Karnataka,Mysuru,927108,2021-10-17,10-20L,VIP,0,Sports & Fitness,Paid Ads
CUST00129,Riya Pillai,user129@email.com,40,Male,Bihar,Patna,652229,2021-02-05,>20L,Regular,1,Grocery,Organic Search
CUST00130,Vikram Joshi,user130@email.com,42,Female,Maharashtra,Mumbai,142388,2021-08-27,>20L,Regular,0,Toys & Games,Email Campaign
CUST00131,Ishaan Verma,user131@email.com,28,Female,Karnataka,Belgaum,882964,2020-01-14,3-6L,Regular,1,Toys & Games,Organic Search
CUST00132,Rohit Kumar,user132@email.com,47,Male,Bihar,Bhagalpur,744050,2018-02-07,6-10L,Regular,0,Office Supplies,Organic Search
CUST00133,Aditya Nair,user133@email.com,52,Male,Bihar,Gaya,358523,2019-01-19,6-10L,Premium,0,Fashion,Organic Search
CUST00134,Sneha Nair,user134@email.com,25,Male,Gujarat,Ahmedabad,233670,2019-01-30,6-10L,Premium,0,Home & Kitchen,Referral
CUST00135,Mihir Verma,user135@email.com,20,Female,Uttar Pradesh,Varanasi,588765,2022-11-02,3-6L,Regular,0,Sports & Fitness,Referral
CUST00136,Pooja Sharma,user136@email.com,46,Male,Tamil Nadu,Chennai,672965,2019-12-08,<3L,Premium,0,Electronics,Social Media
CUST00137,Manoj Rao,user137@email.com,38,Female,Bihar,Gaya,715740,2022-02-27,>20L,Regular,1,Beauty & Health,Paid Ads
CUST00138,Ananya Shah,user138@email.com,43,Male,West Bengal,Siliguri,256734,2018-04-20,10-20L,Regular,1,Office Supplies,App Store
CUST00139,Varun Mishra,user139@email.com,42,Male,Uttar Pradesh,Kanpur,206950,2020-12-28,3-6L,Regular,0,Home & Kitchen,Email Campaign
CUST00140,Varun Singh,user140@email.com,34,Female,Karnataka,Belgaum,800815,2023-08-25,3-6L,Regular,0,Toys & Games,Organic Search
CUST00141,Yash Mishra,user141@email.com,60,Male,Telangana,Warangal,296128,2022-07-13,6-10L,Premium,1,Books,Organic Search
CUST00142,Akash Nair,user142@email.com,39,Female,Telangana,Nizamabad,365031,2020-08-07,>20L,Premium,1,Toys & Games,Social Media
CUST00143,Rohit Shah,user143@email.com,56,Male,Gujarat,Vadodara,835699,2018-10-14,10-20L,Regular,0,Books,Organic Search
CUST00144,Riya Sharma,user144@email.com,41,Male,Haryana,Panipat,151856,2019-09-23,<3L,Premium,0,Home & Kitchen,Referral
CUST00145,Deepika Joshi,user145@email.com,48,Female,Kerala,Kochi,879835,2018-01-10,<3L,New,0,Electronics,Organic Search
CUST00146,Karan Patel,user146@email.com,59,Female,Kerala,Thiruvananthapuram,686221,2021-10-28,6-10L,New,1,Beauty & Health,Social Media
CUST00147,Pooja Banerjee,user147@email.com,32,Female,Karnataka,Bengaluru,684437,2018-12-10,<3L,New,1,Electronics,Organic Search
CUST00148,Tanvi Agarwal,user148@email.com,19,Female,Punjab,Ludhiana,917302,2020-01-29,6-10L,New,1,Office Supplies,Social Media
CUST00149,Tanvi Mehta,user149@email.com,56,Male,West Bengal,Siliguri,445795,2018-06-07,<3L,Premium,1,Sports & Fitness,Paid Ads
CUST00150,Deepika Patel,user150@email.com,27,Other,Madhya Pradesh,Indore,374818,2019-11-17,3-6L,Premium,0,Fashion,Organic Search
CUST00151,Amit Kumar,user151@email.com,36,Male,Delhi,Noida,487113,2021-04-17,<3L,Regular,0,Beauty & Health,Organic Search
CUST00152,Vikram Sharma,user152@email.com,33,Male,Telangana,Karimnagar,379349,2021-03-08,3-6L,Regular,0,Home & Kitchen,Email Campaign
CUST00153,Arjun Singh,user153@email.com,55,Male,Telangana,Khammam,811942,2020-12-25,3-6L,Premium,0,Fashion,Paid Ads
CUST00154,Kavya Sharma,user154@email.com,20,Female,Telangana,Hyderabad,309493,2023-09-04,6-10L,Regular,0,Home & Kitchen,Referral
CUST00155,Ishaan Joshi,user155@email.com,35,Female,Telangana,Warangal,148993,2018-03-16,3-6L,New,0,Fashion,Social Media
CUST00156,Aditi Mehta,user156@email.com,29,Male,Haryana,Faridabad,290638,2021-05-22,3-6L,Premium,0,Fashion,Social Media
CUST00157,Meera Patel,user157@email.com,54,Male,Punjab,Patiala,724894,2022-12-17,<3L,New,0,Grocery,Social Media
CUST00158,Yash Nair,user158@email.com,34,Female,Andhra Pradesh,Vijayawada,229999,2022-04-02,3-6L,Premium,0,Toys & Games,Referral
CUST00159,Shreya Banerjee,user159@email.com,35,Male,Haryana,Rohtak,538562,2022-03-25,<3L,Regular,0,Beauty & Health,Email Campaign
CUST00160,Sunita Iyer,user160@email.com,28,Male,Andhra Pradesh,Guntur,867075,2023-09-21,10-20L,VIP,0,Beauty & Health,Paid Ads
CUST00161,Priya Joshi,user161@email.com,54,Male,Rajasthan,Jodhpur,472547,2019-03-28,3-6L,New,0,Electronics,Social Media
CUST00162,Akash Verma,user162@email.com,52,Male,Rajasthan,Udaipur,929993,2020-01-25,<3L,New,0,Fashion,Social Media
CUST00163,Rohit Rao,user163@email.com,55,Male,Punjab,Patiala,720851,2021-09-30,<3L,Premium,0,Home & Kitchen,Organic Search
CUST00164,Kavya Nair,user164@email.com,41,Male,Madhya Pradesh,Gwalior,776259,2021-05-14,<3L,Regular,1,Office Supplies,Social Media
CUST00165,Varun Mishra,user165@email.com,35,Male,Tamil Nadu,Salem,378214,2020-04-05,>20L,VIP,0,Books,Email Campaign
CUST00166,Aditi Reddy,user166@email.com,46,Female,Kerala,Kollam,761222,2022-08-06,<3L,New,0,Home & Kitchen,Referral
CUST00167,Aditi Mishra,user167@email.com,25,Female,Telangana,Khammam,384736,2019-06-07,6-10L,New,0,Beauty & Health,Email Campaign
CUST00168,Sneha Mehta,user168@email.com,60,Female,West Bengal,Durgapur,503603,2021-08-10,<3L,Premium,1,Toys & Games,Email Campaign
CUST00169,Meera Joshi,user169@email.com,52,Male,Madhya Pradesh,Bhopal,404600,2023-11-19,3-6L,Regular,0,Sports & Fitness,Social Media
CUST00170,Sanjay Mehta,user170@email.com,55,Female,Haryana,Gurugram,629131,2020-04-15,6-10L,Premium,0,Books,Paid Ads
CUST00171,Aditya Pillai,user171@email.com,31,Female,Andhra Pradesh,Vijayawada,223073,2018-05-03,3-6L,Regular,1,Automotive,Organic Search
CUST00172,Shreya Joshi,user172@email.com,40,Male,Delhi,New Delhi,939449,2018-08-23,6-10L,New,1,Toys & Games,Organic Search
CUST00173,Arjun Nair,user173@email.com,57,Female,Madhya Pradesh,Jabalpur,385543,2019-02-27,10-20L,Regular,1,Electronics,Organic Search
CUST00174,Aarav Iyer,user174@email.com,52,Male,Tamil Nadu,Salem,709551,2022-05-20,6-10L,Regular,1,Automotive,Social Media
CUST00175,Ishaan Trivedi,user175@email.com,40,Female,Tamil Nadu,Madurai,965437,2022-10-23,3-6L,VIP,1,Home & Kitchen,Referral
CUST00176,Aarav Agarwal,user176@email.com,38,Female,Kerala,Kozhikode,247431,2020-04-22,3-6L,Regular,0,Books,Organic Search
CUST00177,Aditya Sharma,user177@email.com,38,Female,Telangana,Nizamabad,111612,2020-11-10,<3L,Premium,0,Electronics,Referral
CUST00178,Anjali Rao,user178@email.com,23,Male,West Bengal,Kolkata,707398,2018-01-03,3-6L,Regular,0,Grocery,Referral
CUST00179,Shreya Nair,user179@email.com,53,Male,Madhya Pradesh,Gwalior,960002,2021-11-19,6-10L,Regular,0,Electronics,Referral
CUST00180,Amit Singh,user180@email.com,21,Female,Punjab,Amritsar,768958,2021-03-19,10-20L,Regular,0,Automotive,Email Campaign
CUST00181,Divya Mishra,user181@email.com,33,Female,Telangana,Karimnagar,629858,2023-07-06,3-6L,Regular,1,Beauty & Health,Social Media
CUST00182,Yash Agarwal,user182@email.com,36,Female,West Bengal,Howrah,478515,2019-04-07,3-6L,Regular,0,Home & Kitchen,Referral
CUST00183,Isha Rao,user183@email.com,54,Male,Uttar Pradesh,Varanasi,961668,2019-05-16,<3L,VIP,1,Electronics,Social Media
CUST00184,Sunita Agarwal,user184@email.com,47,Male,Maharashtra,Pune,502880,2023-04-16,3-6L,Regular,1,Books,Social Media
CUST00185,Tanvi Singh,user185@email.com,18,Male,Madhya Pradesh,Ujjain,839627,2023-01-20,3-6L,Premium,0,Fashion,Paid Ads
CUST00186,Priya Trivedi,user186@email.com,47,Female,Gujarat,Rajkot,633477,2021-08-09,3-6L,Regular,0,Beauty & Health,Organic Search
CUST00187,Meera Mehta,user187@email.com,24,Female,Rajasthan,Udaipur,592654,2022-08-17,<3L,VIP,0,Toys & Games,Email Campaign
CUST00188,Aditi Joshi,user188@email.com,52,Other,Telangana,Warangal,875628,2018-04-22,<3L,New,0,Electronics,Referral
CUST00189,Deepika Verma,user189@email.com,52,Female,West Bengal,Kolkata,726649,2023-08-05,<3L,Regular,1,Automotive,Referral
CUST00190,Aditya Trivedi,user190@email.com,60,Female,Uttar Pradesh,Agra,639725,2019-01-11,<3L,Premium,1,Office Supplies,Email Campaign
CUST00191,Mihir Joshi,user191@email.com,39,Female,Telangana,Warangal,349783,2021-01-20,10-20L,New,0,Beauty & Health,Organic Search
CUST00192,Tanvi Malhotra,user192@email.com,59,Male,Bihar,Gaya,580240,2023-01-16,3-6L,New,0,Beauty & Health,Paid Ads
CUST00193,Ishaan Mishra,user193@email.com,20,Female,Maharashtra,Thane,455264,2020-07-13,<3L,Premium,0,Electronics,Referral
CUST00194,Deepika Pillai,user194@email.com,38,Female,Madhya Pradesh,Gwalior,989969,2019-07-22,10-20L,Regular,0,Sports & Fitness,Social Media
CUST00195,Meera Trivedi,user195@email.com,34,Female,Uttar Pradesh,Agra,368295,2021-11-27,3-6L,Regular,1,Home & Kitchen,Email Campaign
CUST00196,Ishaan Agarwal,user196@email.com,54,Female,Andhra Pradesh,Visakhapatnam,406885,2018-11-25,6-10L,Regular,1,Toys & Games,Organic Search
CUST00197,Varun Mishra,user197@email.com,46,Female,Gujarat,Vadodara,886348,2020-04-15,6-10L,Premium,1,Beauty & Health,Paid Ads
CUST00198,Mihir Gupta,user198@email.com,26,Male,Madhya Pradesh,Jabalpur,606978,2018-04-18,3-6L,Regular,0,Sports & Fitness,Referral
CUST00199,Manoj Verma,user199@email.com,18,Male,Kerala,Thrissur,645420,2020-06-07,6-10L,Regular,0,Beauty & Health,Organic Search
CUST00200,Siddharth Trivedi,user200@email.com,56,Male,Karnataka,Mysuru,287228,2023-06-12,3-6L,Regular,1,Toys & Games,Referral
CUST00201,Anjali Mehta,user201@email.com,18,Male,Delhi,Gurgaon,468622,2018-01-06,6-10L,Regular,1,Books,Paid Ads
CUST00202,Amit Trivedi,user202@email.com,42,Female,Uttar Pradesh,Varanasi,264583,2019-09-25,6-10L,Premium,1,Office Supplies,Organic Search
CUST00203,Mihir Pillai,user203@email.com,35,Male,Tamil Nadu,Salem,412281,2022-05-24,10-20L,New,0,Grocery,Paid Ads
CUST00204,Riya Rao,user204@email.com,29,Male,Punjab,Chandigarh,683723,2022-01-16,<3L,Premium,0,Toys & Games,Organic Search
CUST00205,Sanjay Pillai,user205@email.com,39,Male,Karnataka,Belgaum,927916,2018-02-03,10-20L,New,1,Fashion,Paid Ads
CUST00206,Yash Gupta,user206@email.com,47,Female,Gujarat,Ahmedabad,335326,2021-08-01,6-10L,Premium,1,Toys & Games,Referral
CUST00207,Akash Mishra,user207@email.com,31,Male,Karnataka,Mysuru,893253,2018-04-03,3-6L,VIP,1,Books,Paid Ads
CUST00208,Divya Gupta,user208@email.com,39,Male,Punjab,Ludhiana,724163,2020-10-25,6-10L,Regular,1,Office Supplies,App Store
CUST00209,Nisha Mehta,user209@email.com,46,Male,Tamil Nadu,Salem,962303,2023-06-11,6-10L,Regular,1,Sports & Fitness,Referral
CUST00210,Karan Banerjee,user210@email.com,56,Female,Karnataka,Mangaluru,177076,2018-07-10,10-20L,Regular,0,Grocery,Paid Ads
CUST00211,Akash Pandey,user211@email.com,37,Male,Gujarat,Surat,165818,2019-05-03,3-6L,New,0,Electronics,Social Media
CUST00212,Akash Mehta,user212@email.com,33,Female,Rajasthan,Udaipur,945929,2023-02-06,6-10L,Premium,0,Sports & Fitness,Paid Ads
CUST00213,Varun Trivedi,user213@email.com,22,Male,Uttar Pradesh,Agra,648446,2021-05-23,>20L,Regular,0,Office Supplies,Organic Search
CUST00214,Aditi Sharma,user214@email.com,60,Male,Telangana,Khammam,890035,2023-07-25,6-10L,New,0,Office Supplies,Referral
CUST00215,Riya Trivedi,user215@email.com,35,Male,Kerala,Thiruvananthapuram,492990,2020-07-25,10-20L,Regular,1,Beauty & Health,Paid Ads
CUST00216,Kavya Malhotra,user216@email.com,26,Female,Haryana,Gurugram,678157,2018-12-19,3-6L,VIP,0,Fashion,Organic Search
CUST00217,Shreya Trivedi,user217@email.com,31,Male,West Bengal,Siliguri,771187,2018-01-10,6-10L,VIP,1,Grocery,Email Campaign
CUST00218,Tanvi Patel,user218@email.com,57,Male,Gujarat,Gandhinagar,208035,2019-08-31,6-10L,New,0,Office Supplies,Paid Ads
CUST00219,Akash Rao,user219@email.com,56,Female,Punjab,Jalandhar,345582,2023-09-10,<3L,Premium,0,Home & Kitchen,Social Media
CUST00220,Riya Agarwal,user220@email.com,33,Male,Punjab,Patiala,230010,2022-04-08,3-6L,New,1,Beauty & Health,Social Media
CUST00221,Sneha Pandey,user221@email.com,21,Male,Bihar,Gaya,728566,2020-12-07,3-6L,Premium,1,Home & Kitchen,Referral
CUST00222,Kavya Pillai,user222@email.com,24,Female,Kerala,Thiruvananthapuram,848327,2022-10-19,<3L,Regular,1,Home & Kitchen,Referral
CUST00223,Anjali Trivedi,user223@email.com,32,Female,Uttar Pradesh,Lucknow,311715,2019-06-12,<3L,Premium,1,Books,Email Campaign
CUST00224,Amit Singh,user224@email.com,51,Female,Bihar,Bhagalpur,996622,2018-05-04,3-6L,Premium,0,Fashion,Social Media
CUST00225,Arjun Reddy,user225@email.com,21,Female,Maharashtra,Nagpur,102688,2019-07-11,3-6L,Premium,1,Fashion,Organic Search
CUST00226,Yash Rao,user226@email.com,41,Female,Bihar,Patna,179988,2018-01-03,10-20L,Regular,0,Electronics,Email Campaign
CUST00227,Deepika Patel,user227@email.com,29,Male,Telangana,Nizamabad,950112,2022-05-17,6-10L,Regular,0,Books,Organic Search
CUST00228,Deepika Banerjee,user228@email.com,30,Female,Uttar Pradesh,Allahabad,592410,2018-06-25,3-6L,Regular,0,Grocery,Paid Ads
CUST00229,Sanjay Banerjee,user229@email.com,40,Female,Karnataka,Mangaluru,739809,2023-11-20,10-20L,Premium,0,Office Supplies,Organic Search
CUST00230,Manoj Sharma,user230@email.com,46,Female,Andhra Pradesh,Nellore,788338,2023-01-22,10-20L,Premium,0,Grocery,Organic Search
CUST00231,Arjun Reddy,user231@email.com,23,Female,Karnataka,Mangaluru,290149,2021-04-30,10-20L,Regular,0,Office Supplies,Organic Search
CUST00232,Ishaan Reddy,user232@email.com,20,Female,Karnataka,Mangaluru,222347,2022-11-24,10-20L,Regular,0,Books,Organic Search
CUST00233,Ishaan Mishra,user233@email.com,31,Female,Maharashtra,Nagpur,870898,2023-05-07,6-10L,Regular,0,Sports & Fitness,Social Media
CUST00234,Vikram Nair,user234@email.com,54,Male,Punjab,Jalandhar,852581,2022-09-17,3-6L,Premium,0,Beauty & Health,Organic Search
CUST00235,Shreya Singh,user235@email.com,29,Other,Bihar,Patna,287584,2019-08-13,3-6L,New,0,Books,Organic Search
CUST00236,Amit Gupta,user236@email.com,34,Other,Haryana,Rohtak,357563,2021-08-25,3-6L,VIP,0,Office Supplies,Social Media
CUST00237,Yash Joshi,user237@email.com,33,Male,Haryana,Panipat,575960,2019-03-07,6-10L,Premium,0,Home & Kitchen,Referral
CUST00238,Aditya Reddy,user238@email.com,45,Female,West Bengal,Siliguri,712779,2019-07-01,>20L,Regular,0,Toys & Games,Social Media
CUST00239,Deepika Trivedi,user239@email.com,49,Male,Kerala,Kozhikode,246520,2018-04-27,10-20L,Regular,0,Electronics,Email Campaign
CUST00240,Rahul Mishra,user240@email.com,19,Female,Karnataka,Bengaluru,205682,2020-03-29,>20L,Regular,0,Automotive,Organic Search
CUST00241,Pooja Pandey,user241@email.com,46,Male,Madhya Pradesh,Gwalior,776894,2022-09-12,6-10L,Regular,0,Toys & Games,Referral
CUST00242,Mihir Singh,user242@email.com,50,Female,Gujarat,Ahmedabad,941691,2023-07-10,<3L,Premium,0,Grocery,Social Media
CUST00243,Kavya Banerjee,user243@email.com,28,Male,West Bengal,Howrah,649740,2019-11-01,>20L,Regular,0,Fashion,Organic Search
CUST00244,Kavya Malhotra,user244@email.com,33,Male,Haryana,Faridabad,269670,2018-12-19,10-20L,Premium,0,Home & Kitchen,Paid Ads
CUST00245,Aditya Malhotra,user245@email.com,55,Male,Tamil Nadu,Madurai,550914,2020-10-17,>20L,Regular,0,Beauty & Health,Social Media
CUST00246,Anjali Malhotra,user246@email.com,49,Male,Rajasthan,Jaipur,578330,2022-05-24,<3L,Regular,1,Electronics,App Store
CUST00247,Ananya Malhotra,user247@email.com,40,Other,Rajasthan,Jodhpur,906804,2019-04-22,<3L,Regular,0,Beauty & Health,Organic Search
CUST00248,Amit Gupta,user248@email.com,38,Male,Maharashtra,Pune,590335,2023-06-17,6-10L,Regular,1,Toys & Games,Paid Ads
CUST00249,Mihir Banerjee,user249@email.com,36,Male,Kerala,Kochi,472894,2022-10-30,6-10L,Regular,0,Grocery,Paid Ads
CUST00250,Deepika Trivedi,user250@email.com,55,Female,Telangana,Khammam,765435,2021-07-07,10-20L,Regular,0,Electronics,App Store
CUST00251,Rajesh Patel,user251@email.com,45,Male,Madhya Pradesh,Jabalpur,342843,2021-05-20,>20L,Premium,0,Home & Kitchen,Referral
CUST00252,Karan Shah,user252@email.com,23,Male,Uttar Pradesh,Lucknow,232907,2020-09-24,6-10L,Regular,0,Electronics,Referral
CUST00253,Sanjay Verma,user253@email.com,24,Male,Haryana,Hisar,746305,2020-03-29,10-20L,Regular,0,Automotive,App Store
CUST00254,Yash Gupta,user254@email.com,32,Male,Haryana,Faridabad,935112,2020-12-20,10-20L,Regular,0,Automotive,Social Media
CUST00255,Amit Shah,user255@email.com,44,Female,Haryana,Rohtak,598567,2022-12-12,<3L,Premium,0,Fashion,App Store
CUST00256,Sunita Agarwal,user256@email.com,44,Female,Haryana,Faridabad,716262,2023-05-30,>20L,Regular,0,Sports & Fitness,Organic Search
CUST00257,Ishaan Verma,user257@email.com,47,Male,Bihar,Muzaffarpur,224577,2021-11-27,3-6L,New,1,Grocery,Referral
CUST00258,Divya Kumar,user258@email.com,22,Male,Tamil Nadu,Chennai,747281,2020-06-21,<3L,Regular,0,Fashion,Referral
CUST00259,Vikram Malhotra,user259@email.com,58,Male,Rajasthan,Jodhpur,349850,2023-02-27,<3L,Regular,1,Home & Kitchen,Referral
CUST00260,Akash Shah,user260@email.com,56,Male,Rajasthan,Ajmer,766789,2021-02-19,10-20L,Premium,1,Automotive,Social Media
CUST00261,Aditya Joshi,user261@email.com,28,Male,Bihar,Patna,331655,2021-05-24,10-20L,New,0,Fashion,Paid Ads
CUST00262,Rajesh Gupta,user262@email.com,53,Female,Delhi,Ghaziabad,973368,2021-11-30,3-6L,VIP,0,Sports & Fitness,Email Campaign
CUST00263,Aditya Pillai,user263@email.com,49,Female,Maharashtra,Nagpur,207435,2021-04-13,6-10L,Regular,0,Sports & Fitness,Social Media
CUST00264,Siddharth Nair,user264@email.com,21,Male,Rajasthan,Kota,348144,2023-08-23,<3L,Premium,0,Toys & Games,Social Media
CUST00265,Karan Verma,user265@email.com,48,Male,West Bengal,Kolkata,890035,2020-10-12,6-10L,Regular,0,Sports & Fitness,Paid Ads
CUST00266,Mihir Kumar,user266@email.com,49,Female,Gujarat,Rajkot,879849,2022-03-05,3-6L,Regular,1,Grocery,Email Campaign
CUST00267,Divya Iyer,user267@email.com,39,Female,Telangana,Khammam,565265,2021-11-29,10-20L,New,0,Beauty & Health,Organic Search
CUST00268,Rajesh Pandey,user268@email.com,20,Female,Kerala,Kochi,657337,2022-05-13,<3L,Regular,0,Fashion,Email Campaign
CUST00269,Amit Patel,user269@email.com,49,Female,Haryana,Panipat,560759,2019-02-25,<3L,Premium,0,Office Supplies,Referral
CUST00270,Arjun Joshi,user270@email.com,53,Female,Rajasthan,Jaipur,288799,2022-05-15,<3L,Regular,1,Office Supplies,Paid Ads
CUST00271,Rajesh Mehta,user271@email.com,34,Male,Andhra Pradesh,Visakhapatnam,446890,2019-11-15,<3L,New,0,Sports & Fitness,Organic Search
CUST00272,Mihir Singh,user272@email.com,32,Male,Uttar Pradesh,Allahabad,898992,2021-09-29,6-10L,Premium,0,Home & Kitchen,Organic Search
CUST00273,Priya Agarwal,user273@email.com,31,Male,Telangana,Nizamabad,623454,2022-04-14,3-6L,Regular,1,Toys & Games,Referral
CUST00274,Siddharth Mishra,user274@email.com,45,Male,Punjab,Ludhiana,187360,2023-05-12,10-20L,Premium,1,Home & Kitchen,Social Media
CUST00275,Ishaan Pandey,user275@email.com,26,Male,Maharashtra,Nagpur,972777,2021-03-29,<3L,Premium,1,Electronics,Social Media
CUST00276,Pooja Reddy,user276@email.com,57,Male,Bihar,Darbhanga,696825,2021-12-13,<3L,Regular,0,Electronics,Referral
CUST00277,Sneha Iyer,user277@email.com,49,Male,Punjab,Amritsar,133179,2021-09-09,6-10L,Regular,0,Office Supplies,Organic Search
CUST00278,Vikram Mishra,user278@email.com,56,Male,Kerala,Thiruvananthapuram,265589,2021-01-15,3-6L,Regular,0,Sports & Fitness,Organic Search
CUST00279,Amit Pillai,user279@email.com,37,Male,Maharashtra,Mumbai,545484,2018-06-19,3-6L,Premium,1,Home & Kitchen,Paid Ads
CUST00280,Pooja Singh,user280@email.com,30,Female,Tamil Nadu,Trichy,261724,2020-09-11,6-10L,Regular,0,Sports & Fitness,Social Media
CUST00281,Vikram Agarwal,user281@email.com,47,Other,Gujarat,Ahmedabad,318294,2018-06-19,3-6L,Regular,0,Beauty & Health,Organic Search
CUST00282,Vikram Rao,user282@email.com,41,Male,Uttar Pradesh,Agra,341616,2022-05-27,10-20L,VIP,0,Fashion,Social Media
CUST00283,Tanvi Mishra,user283@email.com,24,Female,Bihar,Gaya,282300,2018-06-29,6-10L,Premium,0,Electronics,Organic Search
CUST00284,Kavya Pandey,user284@email.com,25,Female,Gujarat,Gandhinagar,250228,2021-04-02,10-20L,Premium,1,Grocery,Social Media
CUST00285,Nisha Sharma,user285@email.com,36,Female,Uttar Pradesh,Lucknow,514602,2023-03-25,6-10L,VIP,1,Fashion,Paid Ads
CUST00286,Manoj Joshi,user286@email.com,54,Male,Tamil Nadu,Madurai,152799,2019-11-26,3-6L,Regular,0,Grocery,Referral
CUST00287,Shreya Patel,user287@email.com,43,Male,Karnataka,Mysuru,128332,2022-01-29,10-20L,Premium,0,Fashion,Social Media
CUST00288,Deepika Kumar,user288@email.com,47,Male,Telangana,Hyderabad,816707,2018-10-26,3-6L,Premium,1,Books,Paid Ads
CUST00289,Priya Mishra,user289@email.com,20,Other,Kerala,Kochi,658114,2019-04-11,<3L,Regular,0,Automotive,Social Media
CUST00290,Amit Shah,user290@email.com,27,Female,Andhra Pradesh,Tirupati,229546,2023-07-26,10-20L,Premium,0,Books,Social Media
CUST00291,Priya Gupta,user291@email.com,51,Female,West Bengal,Siliguri,489553,2021-11-22,<3L,Regular,0,Automotive,Social Media
CUST00292,Priya Reddy,user292@email.com,57,Male,Bihar,Bhagalpur,757615,2022-09-09,6-10L,Regular,0,Grocery,Email Campaign
CUST00293,Priya Verma,user293@email.com,23,Female,Delhi,Faridabad,690997,2021-08-20,<3L,Regular,0,Automotive,Referral
CUST00294,Ananya Nair,user294@email.com,26,Male,Karnataka,Mysuru,604865,2021-02-19,6-10L,Regular,1,Home & Kitchen,Paid Ads
CUST00295,Sneha Sharma,user295@email.com,34,Other,Maharashtra,Pune,298853,2020-06-11,>20L,Regular,1,Home & Kitchen,Social Media
CUST00296,Meera Pillai,user296@email.com,47,Male,Uttar Pradesh,Lucknow,818322,2022-02-28,3-6L,New,0,Home & Kitchen,Paid Ads
CUST00297,Rajesh Joshi,user297@email.com,59,Female,Karnataka,Mangaluru,677463,2022-07-26,10-20L,Regular,1,Office Supplies,Organic Search
CUST00298,Vikram Trivedi,user298@email.com,51,Male,Bihar,Muzaffarpur,765559,2021-11-28,3-6L,VIP,0,Home & Kitchen,Organic Search
CUST00299,Divya Kumar,user299@email.com,49,Male,Haryana,Rohtak,285086,2020-05-16,<3L,VIP,0,Grocery,Organic Search
CUST00300,Sneha Gupta,user300@email.com,45,Male,Telangana,Nizamabad,947805,2018-08-30,6-10L,Premium,0,Fashion,Referral
CUST00301,Aditya Mishra,user301@email.com,52,Other,Bihar,Gaya,902383,2022-10-10,3-6L,Premium,0,Beauty & Health,Paid Ads
CUST00302,Deepika Kumar,user302@email.com,21,Female,Maharashtra,Thane,443333,2018-03-31,6-10L,Regular,0,Automotive,Paid Ads
CUST00303,Rohit Reddy,user303@email.com,24,Male,Haryana,Hisar,447522,2020-01-11,3-6L,Premium,1,Electronics,Social Media
CUST00304,Aarav Pandey,user304@email.com,33,Male,Andhra Pradesh,Vijayawada,533251,2023-03-25,>20L,New,0,Toys & Games,Organic Search
CUST00305,Tanvi Pillai,user305@email.com,56,Female,Bihar,Patna,672385,2021-12-01,<3L,Regular,0,Office Supplies,Organic Search
CUST00306,Rohit Shah,user306@email.com,37,Male,Andhra Pradesh,Nellore,162125,2018-11-07,>20L,Regular,1,Grocery,App Store
CUST00307,Aarav Kumar,user307@email.com,43,Female,Gujarat,Gandhinagar,852377,2021-07-31,10-20L,New,0,Beauty & Health,App Store
CUST00308,Nisha Banerjee,user308@email.com,60,Female,Madhya Pradesh,Jabalpur,916050,2020-02-15,3-6L,New,0,Fashion,Referral
CUST00309,Mihir Rao,user309@email.com,42,Female,Madhya Pradesh,Indore,448153,2019-09-21,<3L,VIP,0,Fashion,Organic Search
CUST00310,Sneha Pillai,user310@email.com,55,Male,Kerala,Kozhikode,473355,2023-02-04,<3L,Regular,1,Beauty & Health,Social Media
CUST00311,Isha Iyer,user311@email.com,20,Male,Rajasthan,Udaipur,361801,2018-04-30,6-10L,Regular,1,Office Supplies,Organic Search
CUST00312,Amit Shah,user312@email.com,36,Female,Madhya Pradesh,Bhopal,169237,2021-02-18,<3L,Regular,0,Automotive,Paid Ads
CUST00313,Ishaan Verma,user313@email.com,29,Female,Karnataka,Belgaum,759446,2021-05-24,10-20L,Regular,1,Sports & Fitness,Referral
CUST00314,Aarav Gupta,user314@email.com,29,Female,Bihar,Muzaffarpur,591934,2019-07-23,10-20L,VIP,1,Books,Social Media
CUST00315,Ishaan Kumar,user315@email.com,27,Female,Madhya Pradesh,Bhopal,876899,2023-08-02,3-6L,Premium,0,Sports & Fitness,App Store
CUST00316,Akash Banerjee,user316@email.com,30,Male,Karnataka,Bengaluru,180511,2018-01-09,3-6L,Premium,0,Toys & Games,Organic Search
CUST00317,Karan Verma,user317@email.com,50,Female,Karnataka,Belgaum,470181,2018-04-20,3-6L,Regular,0,Office Supplies,Social Media
CUST00318,Divya Agarwal,user318@email.com,46,Female,Andhra Pradesh,Nellore,704279,2022-03-18,6-10L,VIP,0,Electronics,Social Media
CUST00319,Riya Pillai,user319@email.com,28,Female,Karnataka,Belgaum,807099,2023-12-02,10-20L,Premium,1,Home & Kitchen,Organic Search
CUST00320,Utkarsh Pandey,user320@email.com,52,Female,Gujarat,Gandhinagar,716691,2023-09-26,3-6L,Regular,0,Electronics,Social Media
CUST00321,Aditi Joshi,user321@email.com,44,Female,Telangana,Khammam,710308,2023-04-02,3-6L,Regular,1,Beauty & Health,Organic Search
CUST00322,Riya Rao,user322@email.com,37,Male,West Bengal,Kolkata,666895,2023-03-09,10-20L,Regular,0,Books,Social Media
CUST00323,Nisha Agarwal,user323@email.com,40,Female,Maharashtra,Nashik,161707,2020-08-23,<3L,New,0,Fashion,Email Campaign
CUST00324,Aditi Malhotra,user324@email.com,56,Male,Maharashtra,Mumbai,459970,2020-02-07,6-10L,Premium,1,Books,Referral
CUST00325,Sneha Kumar,user325@email.com,56,Female,Tamil Nadu,Coimbatore,512607,2020-10-21,<3L,Regular,0,Beauty & Health,Email Campaign
CUST00326,Akash Iyer,user326@email.com,26,Male,Uttar Pradesh,Lucknow,296709,2019-02-15,3-6L,Premium,1,Fashion,Organic Search
CUST00327,Siddharth Nair,user327@email.com,22,Female,Punjab,Chandigarh,570909,2022-06-09,<3L,Regular,1,Home & Kitchen,Referral
CUST00328,Divya Rao,user328@email.com,56,Male,Uttar Pradesh,Allahabad,973136,2023-09-21,6-10L,Premium,0,Electronics,Organic Search
CUST00329,Ishaan Patel,user329@email.com,34,Female,Maharashtra,Nagpur,142723,2021-01-19,>20L,Regular,0,Office Supplies,Organic Search
CUST00330,Shreya Mehta,user330@email.com,49,Female,Maharashtra,Pune,497005,2020-07-18,<3L,VIP,0,Fashion,Organic Search
CUST00331,Amit Pandey,user331@email.com,36,Male,Rajasthan,Jaipur,476895,2021-07-01,10-20L,Premium,1,Office Supplies,Paid Ads
CUST00332,Mihir Kumar,user332@email.com,58,Female,West Bengal,Kolkata,531714,2020-04-24,6-10L,New,0,Automotive,Social Media
CUST00333,Anjali Malhotra,user333@email.com,33,Female,Uttar Pradesh,Lucknow,322246,2021-01-13,3-6L,Regular,0,Grocery,Social Media
CUST00334,Deepika Trivedi,user334@email.com,45,Male,Madhya Pradesh,Bhopal,913224,2018-05-24,6-10L,New,1,Home & Kitchen,Paid Ads
CUST00335,Ananya Rao,user335@email.com,56,Female,Delhi,Gurgaon,609230,2022-08-26,6-10L,Premium,1,Sports & Fitness,Organic Search
CUST00336,Sanjay Trivedi,user336@email.com,42,Other,Madhya Pradesh,Gwalior,220051,2018-06-20,<3L,Regular,1,Sports & Fitness,Organic Search
CUST00337,Deepika Trivedi,user337@email.com,46,Female,Karnataka,Hubli,334552,2023-08-19,10-20L,Regular,1,Office Supplies,Organic Search
CUST00338,Arjun Kumar,user338@email.com,59,Male,Maharashtra,Thane,732379,2020-12-06,6-10L,Regular,0,Toys & Games,Organic Search
CUST00339,Ishaan Reddy,user339@email.com,44,Female,Rajasthan,Udaipur,453220,2023-03-20,6-10L,Regular,1,Sports & Fitness,Referral
CUST00340,Amit Pillai,user340@email.com,43,Female,Madhya Pradesh,Ujjain,261126,2018-03-29,<3L,Premium,0,Grocery,Organic Search
CUST00341,Sneha Patel,user341@email.com,53,Male,Uttar Pradesh,Allahabad,254504,2019-03-18,3-6L,Regular,0,Home & Kitchen,Social Media
CUST00342,Aditi Trivedi,user342@email.com,58,Male,Haryana,Hisar,549208,2020-01-05,3-6L,VIP,0,Fashion,Organic Search
CUST00343,Pooja Kumar,user343@email.com,32,Female,Haryana,Gurugram,805699,2019-04-27,3-6L,Premium,1,Beauty & Health,Social Media
CUST00344,Utkarsh Iyer,user344@email.com,56,Female,Karnataka,Belgaum,481998,2021-02-21,10-20L,Premium,0,Electronics,Organic Search
CUST00345,Kavya Malhotra,user345@email.com,42,Female,West Bengal,Siliguri,255486,2019-08-14,>20L,Regular,0,Grocery,Organic Search
CUST00346,Nisha Reddy,user346@email.com,20,Male,Andhra Pradesh,Vijayawada,796228,2018-07-11,6-10L,New,1,Grocery,Social Media
CUST00347,Akash Kumar,user347@email.com,52,Other,Punjab,Jalandhar,182163,2019-05-29,10-20L,Regular,0,Automotive,Organic Search
CUST00348,Rajesh Pillai,user348@email.com,32,Male,Rajasthan,Udaipur,265089,2019-06-23,3-6L,Regular,1,Automotive,Referral
CUST00349,Meera Agarwal,user349@email.com,57,Female,Telangana,Warangal,260155,2022-06-22,<3L,New,0,Office Supplies,App Store
CUST00350,Sanjay Pillai,user350@email.com,30,Male,Delhi,Gurgaon,399027,2021-10-22,6-10L,Premium,1,Grocery,Social Media
CUST00351,Amit Pandey,user351@email.com,59,Female,Maharashtra,Thane,604047,2020-01-20,6-10L,Regular,0,Toys & Games,Social Media
CUST00352,Akash Rao,user352@email.com,19,Other,Bihar,Bhagalpur,952045,2018-01-11,6-10L,Premium,1,Office Supplies,Social Media
CUST00353,Priya Reddy,user353@email.com,42,Female,Gujarat,Rajkot,242440,2023-11-16,3-6L,VIP,0,Sports & Fitness,Paid Ads
CUST00354,Nisha Trivedi,user354@email.com,58,Female,Tamil Nadu,Salem,297429,2023-08-21,<3L,New,0,Books,Paid Ads
CUST00355,Priya Verma,user355@email.com,58,Male,Punjab,Amritsar,976400,2019-03-22,3-6L,New,0,Home & Kitchen,Social Media
CUST00356,Aarav Pandey,user356@email.com,60,Male,Telangana,Hyderabad,460959,2022-11-28,>20L,Regular,1,Automotive,Paid Ads
CUST00357,Rahul Sharma,user357@email.com,52,Male,Gujarat,Gandhinagar,758615,2022-11-15,3-6L,New,1,Office Supplies,Email Campaign
CUST00358,Amit Pillai,user358@email.com,48,Female,Gujarat,Gandhinagar,374365,2022-08-29,3-6L,Premium,1,Home & Kitchen,Social Media
CUST00359,Riya Nair,user359@email.com,26,Female,Karnataka,Mysuru,226780,2020-11-20,>20L,New,1,Electronics,Referral
CUST00360,Divya Agarwal,user360@email.com,54,Female,Gujarat,Rajkot,692504,2022-11-30,6-10L,Regular,0,Electronics,Organic Search
CUST00361,Ananya Patel,user361@email.com,44,Female,Bihar,Bhagalpur,654147,2019-03-16,3-6L,Premium,0,Toys & Games,Social Media
CUST00362,Riya Pillai,user362@email.com,30,Female,West Bengal,Asansol,419288,2021-10-31,3-6L,Regular,0,Electronics,Social Media
CUST00363,Isha Malhotra,user363@email.com,36,Female,Maharashtra,Thane,593442,2021-11-06,6-10L,Regular,1,Electronics,Referral
CUST00364,Ananya Iyer,user364@email.com,31,Male,Gujarat,Vadodara,243692,2019-08-20,6-10L,New,1,Office Supplies,Email Campaign
CUST00365,Nisha Patel,user365@email.com,54,Female,Rajasthan,Ajmer,910728,2022-10-03,<3L,Regular,1,Office Supplies,Email Campaign
CUST00366,Nisha Reddy,user366@email.com,60,Male,Maharashtra,Nagpur,262492,2022-05-23,3-6L,Regular,1,Grocery,Organic Search
CUST00367,Priya Banerjee,user367@email.com,49,Other,Andhra Pradesh,Vijayawada,468220,2019-02-08,<3L,Premium,1,Fashion,Social Media
CUST00368,Vikram Singh,user368@email.com,46,Female,Bihar,Patna,112482,2023-10-23,6-10L,VIP,0,Automotive,Organic Search
CUST00369,Utkarsh Banerjee,user369@email.com,42,Female,Kerala,Kochi,412880,2021-10-28,6-10L,Regular,0,Office Supplies,Social Media
CUST00370,Siddharth Agarwal,user370@email.com,40,Female,Delhi,New Delhi,233595,2022-05-21,10-20L,New,0,Home & Kitchen,Social Media
CUST00371,Karan Sharma,user371@email.com,49,Female,Karnataka,Hubli,745804,2023-06-26,6-10L,Regular,0,Electronics,Organic Search
CUST00372,Mihir Pillai,user372@email.com,39,Male,Tamil Nadu,Madurai,545629,2020-09-21,>20L,Regular,0,Grocery,Referral
CUST00373,Nisha Singh,user373@email.com,49,Male,Madhya Pradesh,Indore,783299,2021-07-14,<3L,Regular,1,Fashion,Organic Search
CUST00374,Rajesh Nair,user374@email.com,29,Male,Rajasthan,Kota,568343,2023-05-30,3-6L,New,1,Books,Paid Ads
CUST00375,Aditya Mehta,user375@email.com,50,Male,Delhi,Ghaziabad,666634,2023-03-08,6-10L,Regular,1,Home & Kitchen,Organic Search
CUST00376,Aditya Pillai,user376@email.com,59,Female,Haryana,Gurugram,542052,2022-08-10,10-20L,Regular,1,Electronics,Referral
CUST00377,Ananya Mehta,user377@email.com,33,Male,Uttar Pradesh,Kanpur,713149,2021-12-04,6-10L,New,0,Beauty & Health,Email Campaign
CUST00378,Amit Reddy,user378@email.com,32,Male,Haryana,Rohtak,461670,2023-01-27,6-10L,Premium,0,Toys & Games,Organic Search
CUST00379,Arjun Pandey,user379@email.com,27,Male,Haryana,Panipat,549248,2019-03-23,6-10L,Premium,0,Beauty & Health,Organic Search
CUST00380,Priya Joshi,user380@email.com,47,Male,Maharashtra,Thane,588921,2023-10-12,6-10L,Premium,0,Automotive,Social Media
CUST00381,Rohit Agarwal,user381@email.com,56,Female,Haryana,Faridabad,388058,2018-01-06,3-6L,Regular,0,Fashion,Paid Ads
CUST00382,Tanvi Patel,user382@email.com,44,Male,Uttar Pradesh,Lucknow,604840,2019-08-14,3-6L,VIP,0,Grocery,Referral
CUST00383,Tanvi Nair,user383@email.com,32,Female,Uttar Pradesh,Kanpur,533252,2022-08-01,10-20L,Regular,0,Office Supplies,Organic Search
CUST00384,Ananya Mehta,user384@email.com,57,Female,Rajasthan,Udaipur,741938,2019-06-24,6-10L,Regular,1,Office Supplies,Social Media
CUST00385,Amit Gupta,user385@email.com,31,Male,Rajasthan,Udaipur,610852,2023-11-16,>20L,Regular,0,Grocery,Paid Ads
CUST00386,Sunita Malhotra,user386@email.com,53,Female,Punjab,Amritsar,900913,2021-01-09,6-10L,VIP,1,Electronics,Organic Search
CUST00387,Aditya Pandey,user387@email.com,46,Male,Kerala,Kollam,372080,2021-12-12,6-10L,Regular,0,Beauty & Health,Organic Search
CUST00388,Akash Patel,user388@email.com,38,Male,Haryana,Faridabad,989989,2022-03-15,6-10L,Premium,1,Books,Organic Search
CUST00389,Manoj Rao,user389@email.com,48,Male,Punjab,Amritsar,900061,2023-06-16,6-10L,Premium,0,Fashion,Email Campaign
CUST00390,Divya Gupta,user390@email.com,42,Female,Telangana,Warangal,483676,2022-04-25,>20L,VIP,0,Office Supplies,Social Media
CUST00391,Aditya Reddy,user391@email.com,19,Male,Delhi,New Delhi,209959,2022-06-08,>20L,Regular,0,Books,Paid Ads
CUST00392,Shreya Banerjee,user392@email.com,35,Female,Bihar,Bhagalpur,227482,2021-03-08,<3L,Regular,1,Beauty & Health,Paid Ads
CUST00393,Sunita Sharma,user393@email.com,45,Female,Punjab,Jalandhar,539294,2021-07-15,>20L,New,1,Toys & Games,Social Media
CUST00394,Shreya Shah,user394@email.com,18,Female,West Bengal,Siliguri,715383,2022-10-07,3-6L,Regular,0,Beauty & Health,Social Media
CUST00395,Manoj Banerjee,user395@email.com,52,Male,Telangana,Hyderabad,832667,2018-12-09,6-10L,Premium,1,Office Supplies,Paid Ads
CUST00396,Vikram Singh,user396@email.com,34,Male,Madhya Pradesh,Ujjain,833753,2021-02-17,3-6L,New,0,Office Supplies,Email Campaign
CUST00397,Sneha Agarwal,user397@email.com,59,Female,Haryana,Faridabad,135422,2019-03-09,3-6L,Premium,0,Automotive,Social Media
CUST00398,Karan Verma,user398@email.com,20,Female,Bihar,Muzaffarpur,438786,2018-06-13,10-20L,Premium,0,Home & Kitchen,Social Media
CUST00399,Arjun Mehta,user399@email.com,43,Female,Tamil Nadu,Coimbatore,935530,2018-04-11,>20L,New,0,Grocery,Referral
CUST00400,Aditi Reddy,user400@email.com,44,Male,Delhi,New Delhi,499433,2018-10-18,10-20L,New,0,Automotive,App Store
CUST00401,Vikram Nair,user401@email.com,54,Female,Delhi,Faridabad,723543,2023-04-23,6-10L,Premium,0,Grocery,Organic Search
CUST00402,Manoj Rao,user402@email.com,48,Female,Andhra Pradesh,Tirupati,398184,2020-09-19,3-6L,Regular,1,Sports & Fitness,Referral
CUST00403,Ishaan Rao,user403@email.com,42,Female,Kerala,Kollam,309127,2020-03-01,3-6L,Premium,0,Electronics,Paid Ads
CUST00404,Sneha Reddy,user404@email.com,33,Male,Madhya Pradesh,Gwalior,625355,2022-12-27,6-10L,Regular,0,Home & Kitchen,Social Media
CUST00405,Manoj Pillai,user405@email.com,23,Female,Madhya Pradesh,Indore,998770,2020-09-20,<3L,Premium,0,Sports & Fitness,Referral
CUST00406,Manoj Gupta,user406@email.com,35,Female,Delhi,Noida,601177,2020-05-07,<3L,New,0,Office Supplies,Organic Search
CUST00407,Arjun Trivedi,user407@email.com,36,Male,Tamil Nadu,Coimbatore,358233,2021-01-19,3-6L,Premium,0,Fashion,Paid Ads
CUST00408,Aditi Joshi,user408@email.com,32,Male,Kerala,Kochi,990134,2023-10-30,<3L,Regular,0,Automotive,Social Media
CUST00409,Yash Iyer,user409@email.com,34,Male,Karnataka,Bengaluru,907272,2022-10-15,10-20L,Premium,0,Grocery,Organic Search
CUST00410,Kavya Verma,user410@email.com,41,Female,Haryana,Panipat,780018,2021-08-24,10-20L,Premium,1,Sports & Fitness,Organic Search
CUST00411,Siddharth Malhotra,user411@email.com,32,Female,Punjab,Chandigarh,158217,2023-03-19,6-10L,Regular,1,Automotive,Social Media
CUST00412,Divya Pandey,user412@email.com,40,Male,Haryana,Hisar,777092,2019-04-01,10-20L,Regular,1,Books,Paid Ads
CUST00413,Amit Nair,user413@email.com,44,Female,Gujarat,Surat,716394,2023-09-23,<3L,Regular,0,Grocery,Referral
CUST00414,Rajesh Gupta,user414@email.com,34,Female,Gujarat,Rajkot,706754,2020-12-25,3-6L,Regular,0,Beauty & Health,Organic Search
CUST00415,Sneha Reddy,user415@email.com,20,Male,Telangana,Karimnagar,754255,2023-05-02,<3L,New,0,Fashion,Email Campaign
CUST00416,Karan Nair,user416@email.com,28,Male,Bihar,Darbhanga,256975,2021-05-11,3-6L,Regular,1,Books,Social Media
CUST00417,Karan Nair,user417@email.com,40,Male,Haryana,Faridabad,767714,2018-02-22,6-10L,New,0,Sports & Fitness,Referral
CUST00418,Nisha Rao,user418@email.com,33,Female,Telangana,Nizamabad,130505,2023-12-06,6-10L,VIP,0,Electronics,Social Media
CUST00419,Rahul Reddy,user419@email.com,27,Male,Delhi,Gurgaon,892511,2018-08-10,10-20L,Regular,1,Home & Kitchen,Organic Search
CUST00420,Aditya Mehta,user420@email.com,54,Female,Uttar Pradesh,Allahabad,523173,2019-01-09,<3L,Regular,1,Grocery,App Store
CUST00421,Deepika Mishra,user421@email.com,39,Female,Delhi,Gurgaon,497800,2021-07-23,<3L,Regular,0,Electronics,Social Media
CUST00422,Aditya Shah,user422@email.com,20,Female,Rajasthan,Jaipur,334798,2021-09-13,<3L,VIP,1,Automotive,App Store
CUST00423,Ishaan Rao,user423@email.com,28,Female,Madhya Pradesh,Gwalior,171333,2022-02-22,6-10L,Regular,0,Home & Kitchen,Organic Search
CUST00424,Aditya Gupta,user424@email.com,22,Female,West Bengal,Howrah,928802,2019-10-29,6-10L,Premium,0,Beauty & Health,Social Media
CUST00425,Karan Kumar,user425@email.com,24,Female,Karnataka,Mysuru,838364,2022-08-30,3-6L,Premium,0,Grocery,Email Campaign
CUST00426,Vikram Iyer,user426@email.com,34,Male,Rajasthan,Ajmer,961567,2020-08-07,10-20L,Regular,1,Automotive,Paid Ads
CUST00427,Varun Pillai,user427@email.com,32,Female,Madhya Pradesh,Ujjain,910152,2021-02-06,3-6L,Regular,0,Electronics,App Store
CUST00428,Isha Joshi,user428@email.com,30,Male,Karnataka,Bengaluru,784649,2022-03-22,<3L,Premium,1,Beauty & Health,Organic Search
CUST00429,Yash Gupta,user429@email.com,28,Male,Karnataka,Bengaluru,162252,2019-05-28,10-20L,Regular,1,Automotive,Organic Search
CUST00430,Mihir Trivedi,user430@email.com,58,Male,Delhi,Ghaziabad,638978,2019-06-30,<3L,New,0,Sports & Fitness,Organic Search
CUST00431,Meera Agarwal,user431@email.com,54,Female,Bihar,Muzaffarpur,493866,2020-02-03,6-10L,Regular,0,Automotive,Social Media
CUST00432,Karan Pillai,user432@email.com,55,Male,Bihar,Darbhanga,189553,2019-09-10,3-6L,Regular,0,Beauty & Health,Social Media
CUST00433,Rahul Gupta,user433@email.com,39,Male,Punjab,Jalandhar,475621,2020-10-29,>20L,Regular,0,Electronics,Organic Search
CUST00434,Manoj Kumar,user434@email.com,52,Female,Telangana,Khammam,596705,2019-08-10,<3L,Premium,1,Grocery,Referral
CUST00435,Ananya Agarwal,user435@email.com,54,Male,Haryana,Rohtak,231155,2023-10-18,3-6L,Regular,0,Beauty & Health,Referral
CUST00436,Nisha Singh,user436@email.com,54,Male,Karnataka,Hubli,185186,2019-07-30,<3L,Premium,1,Sports & Fitness,Organic Search
CUST00437,Aditya Reddy,user437@email.com,24,Female,Uttar Pradesh,Kanpur,176206,2023-04-01,6-10L,Regular,0,Office Supplies,App Store
CUST00438,Ananya Joshi,user438@email.com,35,Female,Madhya Pradesh,Bhopal,578397,2023-04-09,3-6L,Regular,1,Toys & Games,Organic Search
CUST00439,Anjali Pandey,user439@email.com,56,Male,Maharashtra,Mumbai,345568,2019-06-13,<3L,Premium,0,Sports & Fitness,Social Media
CUST00440,Deepika Sharma,user440@email.com,22,Female,Uttar Pradesh,Varanasi,679586,2023-03-16,3-6L,New,0,Office Supplies,Paid Ads
CUST00441,Utkarsh Pillai,user441@email.com,54,Other,Karnataka,Belgaum,263654,2023-05-28,10-20L,VIP,0,Home & Kitchen,Referral
CUST00442,Deepika Trivedi,user442@email.com,30,Male,Bihar,Patna,564396,2019-07-17,6-10L,Regular,1,Office Supplies,Email Campaign
CUST00443,Akash Pillai,user443@email.com,21,Male,Uttar Pradesh,Varanasi,110157,2020-10-01,3-6L,Regular,0,Books,Referral
CUST00444,Aditi Pillai,user444@email.com,30,Male,Karnataka,Mysuru,780968,2021-07-21,3-6L,Regular,0,Grocery,Organic Search
CUST00445,Divya Shah,user445@email.com,24,Female,Tamil Nadu,Trichy,130229,2019-12-10,<3L,New,1,Electronics,Email Campaign
CUST00446,Amit Banerjee,user446@email.com,29,Male,Tamil Nadu,Trichy,905218,2023-04-05,3-6L,Regular,0,Books,Email Campaign
CUST00447,Vikram Malhotra,user447@email.com,18,Male,Kerala,Kollam,194587,2020-07-26,6-10L,Premium,0,Electronics,Email Campaign
CUST00448,Ananya Mishra,user448@email.com,38,Male,Haryana,Faridabad,233093,2018-09-02,6-10L,Regular,0,Toys & Games,Paid Ads
CUST00449,Divya Pandey,user449@email.com,27,Male,Uttar Pradesh,Kanpur,723516,2020-08-23,3-6L,VIP,0,Toys & Games,Social Media
CUST00450,Sneha Mehta,user450@email.com,54,Female,Delhi,Noida,729316,2019-11-07,<3L,New,1,Office Supplies,Organic Search
CUST00451,Amit Verma,user451@email.com,45,Male,Haryana,Panipat,992806,2022-11-12,10-20L,Regular,0,Office Supplies,Email Campaign
CUST00452,Rajesh Shah,user452@email.com,44,Female,Delhi,Ghaziabad,553182,2019-08-20,<3L,Regular,1,Books,Organic Search
CUST00453,Aditi Rao,user453@email.com,34,Male,Madhya Pradesh,Gwalior,444126,2019-05-26,6-10L,Premium,0,Automotive,Organic Search
CUST00454,Aditi Mehta,user454@email.com,32,Female,Uttar Pradesh,Agra,155630,2022-12-23,<3L,New,0,Toys & Games,Referral
CUST00455,Pooja Rao,user455@email.com,19,Female,Andhra Pradesh,Nellore,326431,2022-06-03,3-6L,Regular,0,Grocery,Email Campaign
CUST00456,Deepika Pillai,user456@email.com,19,Female,Delhi,Gurgaon,413957,2018-11-18,6-10L,New,1,Home & Kitchen,App Store
CUST00457,Karan Gupta,user457@email.com,46,Female,Uttar Pradesh,Varanasi,135349,2020-06-08,3-6L,Regular,0,Fashion,Organic Search
CUST00458,Mihir Patel,user458@email.com,42,Male,Andhra Pradesh,Tirupati,608987,2022-03-16,6-10L,Regular,0,Fashion,Referral
CUST00459,Aarav Reddy,user459@email.com,57,Male,Telangana,Karimnagar,436144,2019-06-29,<3L,Regular,0,Beauty & Health,Email Campaign
CUST00460,Yash Mehta,user460@email.com,24,Male,Uttar Pradesh,Allahabad,392057,2019-04-07,6-10L,Premium,0,Home & Kitchen,Email Campaign
CUST00461,Karan Gupta,user461@email.com,48,Male,Haryana,Faridabad,860107,2023-03-01,3-6L,Premium,1,Sports & Fitness,Referral
CUST00462,Sunita Rao,user462@email.com,44,Female,Rajasthan,Kota,654180,2020-06-27,6-10L,Regular,0,Books,Social Media
CUST00463,Sanjay Pillai,user463@email.com,60,Male,Tamil Nadu,Madurai,843015,2021-12-26,6-10L,Regular,1,Office Supplies,Paid Ads
CUST00464,Amit Iyer,user464@email.com,42,Male,Uttar Pradesh,Kanpur,577012,2020-09-06,10-20L,Regular,1,Grocery,Email Campaign
CUST00465,Aditya Malhotra,user465@email.com,57,Female,West Bengal,Asansol,595496,2019-03-19,<3L,Regular,0,Automotive,Email Campaign
CUST00466,Pooja Mishra,user466@email.com,39,Other,Maharashtra,Thane,486247,2020-04-11,<3L,Regular,1,Beauty & Health,Social Media
CUST00467,Sneha Verma,user467@email.com,32,Male,Maharashtra,Thane,873931,2018-12-06,<3L,Premium,0,Grocery,App Store
CUST00468,Ananya Pillai,user468@email.com,32,Male,West Bengal,Kolkata,905463,2021-08-27,3-6L,Premium,0,Office Supplies,Organic Search
CUST00469,Akash Nair,user469@email.com,59,Male,Karnataka,Belgaum,618674,2018-07-12,>20L,Premium,0,Office Supplies,Organic Search
CUST00470,Aditi Verma,user470@email.com,47,Female,Bihar,Muzaffarpur,854018,2020-01-29,<3L,Regular,1,Grocery,Social Media
CUST00471,Priya Sharma,user471@email.com,43,Female,Bihar,Bhagalpur,515457,2019-11-19,3-6L,Regular,0,Toys & Games,Email Campaign
CUST00472,Yash Agarwal,user472@email.com,27,Female,West Bengal,Siliguri,986547,2021-11-22,3-6L,Premium,0,Electronics,Referral
CUST00473,Divya Singh,user473@email.com,45,Male,Bihar,Darbhanga,126174,2023-10-14,<3L,New,0,Home & Kitchen,Email Campaign
CUST00474,Yash Pandey,user474@email.com,39,Male,Haryana,Gurugram,489095,2018-11-21,6-10L,Regular,1,Home & Kitchen,Organic Search
CUST00475,Rajesh Verma,user475@email.com,57,Male,Madhya Pradesh,Indore,154100,2018-07-08,10-20L,Regular,0,Automotive,Organic Search
CUST00476,Varun Mehta,user476@email.com,43,Male,Bihar,Patna,941208,2019-04-20,<3L,Regular,0,Office Supplies,Email Campaign
CUST00477,Meera Mehta,user477@email.com,52,Female,Rajasthan,Udaipur,794809,2021-02-12,6-10L,New,0,Toys & Games,Organic Search
CUST00478,Priya Reddy,user478@email.com,30,Male,West Bengal,Asansol,777652,2022-03-10,3-6L,Regular,0,Electronics,App Store
CUST00479,Aarav Pandey,user479@email.com,24,Male,Bihar,Patna,163413,2023-09-20,10-20L,Regular,1,Toys & Games,Organic Search
CUST00480,Manoj Agarwal,user480@email.com,56,Other,Kerala,Kollam,960681,2020-01-16,10-20L,Regular,1,Beauty & Health,Organic Search
CUST00481,Riya Patel,user481@email.com,49,Female,Madhya Pradesh,Ujjain,483825,2023-06-20,3-6L,Regular,0,Beauty & Health,Social Media
CUST00482,Aditi Mishra,user482@email.com,47,Male,West Bengal,Asansol,539031,2022-09-26,3-6L,New,1,Sports & Fitness,Email Campaign
CUST00483,Ishaan Mehta,user483@email.com,51,Male,Uttar Pradesh,Lucknow,268820,2020-07-26,3-6L,Regular,0,Books,Social Media
CUST00484,Ananya Rao,user484@email.com,52,Female,West Bengal,Howrah,629019,2022-06-09,3-6L,Regular,1,Books,Referral
CUST00485,Sunita Joshi,user485@email.com,19,Female,Karnataka,Belgaum,592092,2020-02-05,>20L,Premium,0,Toys & Games,Social Media
CUST00486,Rohit Banerjee,user486@email.com,31,Male,West Bengal,Durgapur,709102,2022-05-27,3-6L,New,0,Automotive,Referral
CUST00487,Shreya Reddy,user487@email.com,58,Female,Rajasthan,Jodhpur,361899,2020-09-05,3-6L,Regular,0,Grocery,Organic Search
CUST00488,Isha Nair,user488@email.com,43,Male,Bihar,Patna,504065,2020-12-05,<3L,New,0,Office Supplies,Paid Ads
CUST00489,Meera Singh,user489@email.com,38,Male,Karnataka,Hubli,732266,2018-04-15,<3L,Premium,1,Grocery,Social Media
CUST00490,Varun Gupta,user490@email.com,26,Male,Delhi,Noida,213751,2022-09-19,<3L,Regular,0,Toys & Games,Organic Search
CUST00491,Karan Agarwal,user491@email.com,28,Female,Tamil Nadu,Coimbatore,442084,2018-04-13,6-10L,Premium,0,Office Supplies,Referral
CUST00492,Pooja Mishra,user492@email.com,26,Female,Madhya Pradesh,Bhopal,457822,2019-03-31,>20L,Premium,0,Toys & Games,Organic Search
CUST00493,Nisha Mishra,user493@email.com,38,Male,Bihar,Muzaffarpur,931308,2021-01-19,3-6L,Regular,0,Fashion,App Store
CUST00494,Tanvi Mishra,user494@email.com,37,Female,Kerala,Kollam,958818,2023-02-20,6-10L,Premium,1,Books,App Store
CUST00495,Manoj Banerjee,user495@email.com,39,Female,Madhya Pradesh,Bhopal,324480,2022-01-28,>20L,New,1,Beauty & Health,Social Media
CUST00496,Rahul Kumar,user496@email.com,30,Male,Karnataka,Bengaluru,298482,2018-01-11,3-6L,Regular,0,Sports & Fitness,Paid Ads
CUST00497,Mihir Pandey,user497@email.com,29,Female,Kerala,Thrissur,637466,2023-12-19,<3L,Regular,0,Books,Referral
CUST00498,Pooja Rao,user498@email.com,18,Female,Haryana,Hisar,152228,2018-07-03,3-6L,Premium,1,Beauty & Health,Email Campaign
CUST00499,Aditi Gupta,user499@email.com,50,Female,Tamil Nadu,Trichy,727730,2019-10-12,<3L,Premium,0,Toys & Games,Social Media
CUST00500,Pooja Pandey,user500@email.com,19,Male,West Bengal,Asansol,486396,2022-09-13,6-10L,Regular,0,Beauty & Health,Social Media
CUST00501,Meera Singh,user501@email.com,42,Male,Tamil Nadu,Trichy,673632,2023-11-19,3-6L,New,0,Beauty & Health,Referral
CUST00502,Divya Pandey,user502@email.com,33,Male,Rajasthan,Kota,448759,2018-03-25,6-10L,Regular,1,Books,Email Campaign
CUST00503,Varun Singh,user503@email.com,27,Male,Maharashtra,Pune,606804,2021-06-04,<3L,Regular,1,Fashion,Social Media
CUST00504,Meera Malhotra,user504@email.com,20,Female,Uttar Pradesh,Lucknow,857968,2023-06-16,6-10L,Regular,1,Sports & Fitness,App Store
CUST00505,Aditya Shah,user505@email.com,25,Male,Maharashtra,Nashik,948596,2021-05-04,3-6L,Regular,0,Toys & Games,App Store
CUST00506,Sunita Rao,user506@email.com,20,Female,Maharashtra,Nagpur,746802,2023-09-08,<3L,Regular,0,Office Supplies,Paid Ads
CUST00507,Rahul Shah,user507@email.com,26,Male,Telangana,Nizamabad,997314,2018-08-29,>20L,Regular,0,Beauty & Health,Referral
CUST00508,Isha Iyer,user508@email.com,21,Female,West Bengal,Howrah,468131,2021-05-21,6-10L,Regular,1,Sports & Fitness,Email Campaign
CUST00509,Varun Singh,user509@email.com,58,Male,Tamil Nadu,Chennai,293952,2023-07-23,6-10L,Regular,0,Electronics,Email Campaign
CUST00510,Varun Shah,user510@email.com,30,Female,Maharashtra,Nashik,466488,2018-12-21,3-6L,Regular,0,Toys & Games,Organic Search
CUST00511,Karan Sharma,user511@email.com,37,Female,Haryana,Faridabad,571245,2020-09-17,<3L,Regular,0,Toys & Games,Organic Search
CUST00512,Ananya Banerjee,user512@email.com,32,Female,Maharashtra,Pune,608028,2018-10-15,3-6L,Regular,1,Toys & Games,Email Campaign
CUST00513,Aditi Mehta,user513@email.com,22,Male,Uttar Pradesh,Kanpur,823836,2018-07-24,3-6L,New,0,Home & Kitchen,Social Media
CUST00514,Sanjay Rao,user514@email.com,46,Other,Uttar Pradesh,Kanpur,928870,2021-01-03,>20L,New,0,Grocery,Organic Search
CUST00515,Divya Singh,user515@email.com,42,Female,Kerala,Kozhikode,740227,2022-01-07,6-10L,Regular,1,Books,Social Media
CUST00516,Riya Mehta,user516@email.com,32,Male,Kerala,Thiruvananthapuram,923162,2021-08-26,6-10L,Premium,1,Toys & Games,Organic Search
CUST00517,Siddharth Kumar,user517@email.com,48,Female,West Bengal,Asansol,623899,2022-03-11,3-6L,Regular,1,Books,Organic Search
CUST00518,Deepika Patel,user518@email.com,44,Female,Maharashtra,Pune,226693,2019-03-30,3-6L,Regular,0,Automotive,Organic Search
CUST00519,Aarav Mishra,user519@email.com,45,Female,Haryana,Rohtak,146223,2021-10-07,3-6L,New,0,Beauty & Health,App Store
CUST00520,Amit Iyer,user520@email.com,34,Male,Punjab,Jalandhar,769255,2021-10-16,10-20L,Regular,1,Sports & Fitness,Paid Ads
CUST00521,Aditya Patel,user521@email.com,18,Female,Uttar Pradesh,Lucknow,572063,2019-02-15,<3L,New,0,Beauty & Health,Organic Search
CUST00522,Utkarsh Pandey,user522@email.com,45,Male,Kerala,Thrissur,264239,2023-03-29,3-6L,Premium,0,Fashion,Email Campaign
CUST00523,Isha Rao,user523@email.com,42,Male,Tamil Nadu,Coimbatore,281574,2023-01-21,6-10L,Regular,0,Grocery,Organic Search
CUST00524,Karan Pillai,user524@email.com,38,Male,Kerala,Thrissur,414120,2020-09-15,3-6L,New,1,Office Supplies,Paid Ads
CUST00525,Rahul Verma,user525@email.com,58,Male,Tamil Nadu,Salem,709491,2018-03-01,3-6L,Regular,0,Beauty & Health,Referral
CUST00526,Siddharth Singh,user526@email.com,35,Female,Maharashtra,Nashik,401294,2019-12-13,10-20L,New,1,Books,Organic Search
CUST00527,Meera Reddy,user527@email.com,56,Male,Karnataka,Mangaluru,538798,2023-10-08,10-20L,Regular,0,Sports & Fitness,Paid Ads
CUST00528,Utkarsh Banerjee,user528@email.com,60,Female,Tamil Nadu,Coimbatore,307303,2018-01-30,6-10L,Premium,1,Electronics,Paid Ads
CUST00529,Arjun Joshi,user529@email.com,23,Male,Tamil Nadu,Chennai,340366,2019-07-20,3-6L,Premium,0,Books,Referral
CUST00530,Rahul Kumar,user530@email.com,45,Female,Haryana,Gurugram,764535,2023-03-17,3-6L,Premium,1,Sports & Fitness,Referral
CUST00531,Amit Sharma,user531@email.com,44,Male,Telangana,Khammam,947989,2020-04-16,>20L,New,0,Electronics,Referral
CUST00532,Rohit Mehta,user532@email.com,19,Male,Haryana,Faridabad,616828,2018-11-20,3-6L,Regular,1,Office Supplies,Referral
CUST00533,Isha Shah,user533@email.com,53,Male,Rajasthan,Jaipur,118504,2022-06-04,3-6L,Regular,0,Home & Kitchen,Email Campaign
CUST00534,Ishaan Shah,user534@email.com,37,Female,Tamil Nadu,Coimbatore,614341,2020-04-14,3-6L,New,1,Books,Paid Ads
CUST00535,Akash Pillai,user535@email.com,27,Male,Punjab,Patiala,429049,2018-10-04,6-10L,Premium,0,Toys & Games,Organic Search
CUST00536,Priya Shah,user536@email.com,33,Male,Maharashtra,Mumbai,965544,2020-11-05,>20L,Premium,0,Fashion,Email Campaign
CUST00537,Priya Verma,user537@email.com,44,Male,Telangana,Khammam,182771,2022-01-04,10-20L,Regular,0,Toys & Games,Referral
CUST00538,Isha Shah,user538@email.com,23,Male,Bihar,Bhagalpur,294897,2021-12-01,3-6L,New,0,Electronics,Organic Search
CUST00539,Divya Joshi,user539@email.com,52,Male,Telangana,Hyderabad,272883,2018-05-01,3-6L,New,1,Electronics,Referral
CUST00540,Utkarsh Iyer,user540@email.com,18,Female,Tamil Nadu,Chennai,151155,2023-02-26,3-6L,Premium,1,Toys & Games,Paid Ads
CUST00541,Karan Trivedi,user541@email.com,30,Male,Karnataka,Mysuru,190178,2020-07-14,3-6L,Regular,0,Automotive,Social Media
CUST00542,Isha Malhotra,user542@email.com,55,Female,Madhya Pradesh,Indore,107744,2023-03-23,<3L,New,1,Books,Referral
CUST00543,Sunita Reddy,user543@email.com,23,Male,Delhi,New Delhi,350924,2020-03-05,3-6L,Regular,0,Sports & Fitness,Organic Search
CUST00544,Vikram Malhotra,user544@email.com,19,Male,Telangana,Hyderabad,569196,2022-05-11,6-10L,VIP,0,Home & Kitchen,Email Campaign
CUST00545,Mihir Kumar,user545@email.com,60,Female,Maharashtra,Pune,245388,2019-09-12,3-6L,VIP,1,Home & Kitchen,Organic Search
CUST00546,Manoj Iyer,user546@email.com,38,Male,Tamil Nadu,Madurai,294164,2018-07-10,3-6L,Regular,1,Sports & Fitness,Social Media
CUST00547,Rahul Gupta,user547@email.com,52,Male,West Bengal,Siliguri,160650,2019-05-24,<3L,Regular,1,Sports & Fitness,Social Media
CUST00548,Sunita Mishra,user548@email.com,53,Male,Delhi,Ghaziabad,118503,2018-07-01,3-6L,Premium,0,Sports & Fitness,Organic Search
CUST00549,Rohit Malhotra,user549@email.com,33,Female,Rajasthan,Ajmer,855297,2023-06-28,>20L,VIP,0,Toys & Games,Organic Search
CUST00550,Yash Nair,user550@email.com,20,Male,Bihar,Gaya,416269,2021-09-05,<3L,Premium,0,Electronics,Email Campaign
CUST00551,Ananya Agarwal,user551@email.com,33,Male,Telangana,Karimnagar,769573,2020-01-31,6-10L,VIP,0,Electronics,Social Media
CUST00552,Aditya Reddy,user552@email.com,27,Female,Haryana,Hisar,157693,2023-06-02,<3L,New,0,Toys & Games,Referral
CUST00553,Sanjay Nair,user553@email.com,31,Female,West Bengal,Howrah,293185,2023-01-26,6-10L,Regular,1,Office Supplies,Email Campaign
CUST00554,Riya Shah,user554@email.com,22,Other,Maharashtra,Nashik,480823,2023-09-09,10-20L,New,1,Home & Kitchen,Email Campaign
CUST00555,Akash Banerjee,user555@email.com,21,Male,Kerala,Thiruvananthapuram,635023,2023-01-27,6-10L,Regular,0,Books,Organic Search
CUST00556,Vikram Shah,user556@email.com,57,Male,Andhra Pradesh,Visakhapatnam,974398,2021-05-10,3-6L,Premium,1,Toys & Games,Paid Ads
CUST00557,Sneha Patel,user557@email.com,19,Male,Andhra Pradesh,Nellore,363049,2019-06-06,10-20L,New,0,Electronics,Referral
CUST00558,Karan Rao,user558@email.com,32,Male,Rajasthan,Udaipur,437900,2023-10-17,<3L,New,0,Office Supplies,Referral
CUST00559,Akash Sharma,user559@email.com,59,Female,Karnataka,Mangaluru,476763,2021-09-02,6-10L,Premium,1,Office Supplies,Referral
CUST00560,Akash Pandey,user560@email.com,41,Male,Madhya Pradesh,Gwalior,685126,2023-10-07,6-10L,Premium,1,Sports & Fitness,Paid Ads
CUST00561,Shreya Agarwal,user561@email.com,44,Female,Tamil Nadu,Coimbatore,811240,2019-02-03,3-6L,Regular,0,Home & Kitchen,Paid Ads
CUST00562,Arjun Iyer,user562@email.com,46,Female,Punjab,Chandigarh,607868,2020-01-29,<3L,New,1,Beauty & Health,Referral
CUST00563,Deepika Reddy,user563@email.com,40,Female,Rajasthan,Udaipur,680332,2022-05-29,10-20L,VIP,0,Grocery,App Store
CUST00564,Aditya Iyer,user564@email.com,54,Male,Delhi,Noida,338442,2018-11-21,3-6L,New,1,Office Supplies,Organic Search
CUST00565,Amit Gupta,user565@email.com,25,Female,Bihar,Gaya,286982,2023-04-02,6-10L,Regular,1,Sports & Fitness,Social Media
CUST00566,Amit Gupta,user566@email.com,43,Male,Bihar,Gaya,503683,2018-06-22,6-10L,Premium,1,Fashion,Email Campaign
CUST00567,Ishaan Shah,user567@email.com,43,Female,Delhi,Gurgaon,330908,2022-08-17,10-20L,New,1,Home & Kitchen,Paid Ads
CUST00568,Utkarsh Nair,user568@email.com,35,Female,Tamil Nadu,Madurai,111261,2018-09-23,<3L,Regular,0,Beauty & Health,Paid Ads
CUST00569,Isha Mishra,user569@email.com,40,Female,Haryana,Faridabad,160814,2020-01-11,<3L,Regular,1,Office Supplies,Paid Ads
CUST00570,Mihir Sharma,user570@email.com,50,Female,Tamil Nadu,Coimbatore,267645,2022-05-28,<3L,Regular,1,Grocery,Organic Search
CUST00571,Aditi Gupta,user571@email.com,54,Female,Andhra Pradesh,Vijayawada,482297,2023-10-10,6-10L,Regular,1,Toys & Games,Email Campaign
CUST00572,Kavya Reddy,user572@email.com,55,Male,Delhi,Noida,528823,2020-09-28,6-10L,New,0,Electronics,Paid Ads
CUST00573,Deepika Malhotra,user573@email.com,34,Male,West Bengal,Durgapur,937321,2023-12-01,3-6L,Regular,0,Home & Kitchen,Organic Search
CUST00574,Aarav Banerjee,user574@email.com,57,Female,Karnataka,Mysuru,941519,2022-11-25,>20L,Premium,1,Office Supplies,Referral
CUST00575,Arjun Pillai,user575@email.com,51,Male,Karnataka,Hubli,919973,2021-03-25,10-20L,Regular,0,Beauty & Health,Organic Search
CUST00576,Pooja Agarwal,user576@email.com,34,Male,Madhya Pradesh,Gwalior,530217,2019-02-27,<3L,Regular,0,Toys & Games,Social Media
CUST00577,Rohit Rao,user577@email.com,40,Female,Tamil Nadu,Madurai,379753,2019-07-10,<3L,Regular,1,Sports & Fitness,Referral
CUST00578,Rahul Gupta,user578@email.com,42,Female,Madhya Pradesh,Indore,306305,2023-02-06,6-10L,Premium,1,Toys & Games,Organic Search
CUST00579,Anjali Gupta,user579@email.com,31,Female,Delhi,Noida,942756,2023-12-30,<3L,Regular,0,Books,Social Media
CUST00580,Ishaan Pandey,user580@email.com,49,Female,Haryana,Faridabad,916024,2020-10-08,6-10L,Premium,1,Office Supplies,Email Campaign
CUST00581,Aditya Malhotra,user581@email.com,50,Female,Uttar Pradesh,Lucknow,238572,2018-03-22,6-10L,Regular,0,Beauty & Health,Social Media
CUST00582,Manoj Singh,user582@email.com,29,Male,Uttar Pradesh,Allahabad,678239,2021-04-04,6-10L,New,0,Books,App Store
CUST00583,Arjun Nair,user583@email.com,58,Female,Maharashtra,Mumbai,492428,2018-08-31,<3L,Regular,1,Home & Kitchen,App Store
CUST00584,Yash Joshi,user584@email.com,18,Female,Kerala,Kozhikode,330479,2019-07-11,6-10L,Regular,0,Home & Kitchen,Email Campaign
CUST00585,Nisha Banerjee,user585@email.com,54,Female,Tamil Nadu,Salem,226505,2020-07-01,<3L,New,0,Automotive,Referral
CUST00586,Meera Sharma,user586@email.com,60,Female,Uttar Pradesh,Varanasi,760990,2023-07-20,3-6L,Regular,1,Fashion,Paid Ads
CUST00587,Sneha Mehta,user587@email.com,38,Female,Kerala,Kochi,219874,2018-11-07,>20L,Premium,0,Grocery,Paid Ads
CUST00588,Priya Mehta,user588@email.com,43,Female,Telangana,Karimnagar,950746,2022-04-27,10-20L,VIP,0,Books,Organic Search
CUST00589,Utkarsh Singh,user589@email.com,29,Male,West Bengal,Kolkata,468900,2022-10-27,3-6L,New,0,Home & Kitchen,Organic Search
CUST00590,Arjun Rao,user590@email.com,58,Female,Rajasthan,Jodhpur,920379,2022-05-15,6-10L,Premium,0,Beauty & Health,Email Campaign
CUST00591,Amit Verma,user591@email.com,53,Female,Maharashtra,Mumbai,696440,2018-04-04,>20L,VIP,0,Office Supplies,Social Media
CUST00592,Amit Reddy,user592@email.com,47,Male,Delhi,Noida,970638,2019-08-10,6-10L,Regular,0,Home & Kitchen,Organic Search
CUST00593,Akash Reddy,user593@email.com,36,Male,Kerala,Kollam,638401,2019-04-25,6-10L,Premium,0,Sports & Fitness,Organic Search
CUST00594,Rajesh Kumar,user594@email.com,24,Male,Delhi,Faridabad,688275,2019-11-22,6-10L,New,0,Beauty & Health,Paid Ads
CUST00595,Anjali Joshi,user595@email.com,48,Male,Telangana,Hyderabad,835868,2021-08-16,3-6L,Premium,0,Home & Kitchen,Referral
CUST00596,Utkarsh Nair,user596@email.com,30,Male,Rajasthan,Udaipur,407017,2021-01-11,3-6L,New,0,Automotive,Paid Ads
CUST00597,Utkarsh Banerjee,user597@email.com,33,Other,Gujarat,Surat,369013,2018-02-28,6-10L,Premium,0,Books,Email Campaign
CUST00598,Aarav Iyer,user598@email.com,53,Male,Punjab,Ludhiana,594838,2021-11-20,10-20L,New,0,Fashion,Organic Search
CUST00599,Akash Pillai,user599@email.com,37,Male,Telangana,Karimnagar,163804,2023-02-09,>20L,Regular,0,Grocery,Social Media
CUST00600,Ishaan Joshi,user600@email.com,43,Male,Haryana,Panipat,558093,2018-01-06,3-6L,New,1,Beauty & Health,Organic Search
CUST00601,Anjali Verma,user601@email.com,39,Female,Kerala,Kozhikode,709773,2021-02-04,3-6L,Premium,0,Grocery,Referral
CUST00602,Siddharth Banerjee,user602@email.com,23,Female,Delhi,New Delhi,720960,2022-06-16,10-20L,Regular,0,Automotive,Organic Search
CUST00603,Siddharth Verma,user603@email.com,54,Male,Kerala,Kollam,114890,2020-07-16,<3L,Regular,0,Sports & Fitness,Referral
CUST00604,Ishaan Trivedi,user604@email.com,59,Female,Karnataka,Mysuru,706290,2020-02-22,3-6L,Regular,0,Office Supplies,Referral
CUST00605,Akash Patel,user605@email.com,51,Female,Punjab,Jalandhar,551798,2021-04-25,6-10L,Regular,0,Home & Kitchen,Referral
CUST00606,Aarav Pandey,user606@email.com,35,Male,Rajasthan,Kota,328928,2019-03-02,>20L,New,0,Beauty & Health,App Store
CUST00607,Karan Iyer,user607@email.com,53,Female,Maharashtra,Thane,749863,2019-09-26,10-20L,New,1,Home & Kitchen,Organic Search
CUST00608,Riya Nair,user608@email.com,33,Male,Kerala,Thiruvananthapuram,580340,2021-05-01,3-6L,Regular,0,Grocery,Social Media
CUST00609,Priya Singh,user609@email.com,19,Female,Madhya Pradesh,Ujjain,592882,2019-06-20,<3L,Regular,1,Automotive,Paid Ads
CUST00610,Shreya Iyer,user610@email.com,45,Female,Punjab,Ludhiana,625490,2019-11-20,10-20L,New,0,Fashion,Paid Ads
CUST00611,Arjun Sharma,user611@email.com,42,Male,Uttar Pradesh,Varanasi,897769,2021-12-22,>20L,Regular,0,Home & Kitchen,Paid Ads
CUST00612,Pooja Pandey,user612@email.com,55,Male,Karnataka,Bengaluru,107560,2023-12-13,3-6L,Premium,1,Office Supplies,Social Media
CUST00613,Karan Iyer,user613@email.com,38,Male,Andhra Pradesh,Vijayawada,417431,2020-09-06,3-6L,VIP,1,Grocery,Organic Search
CUST00614,Karan Agarwal,user614@email.com,39,Female,Madhya Pradesh,Gwalior,933472,2019-05-26,3-6L,Premium,0,Fashion,Social Media
CUST00615,Aarav Patel,user615@email.com,39,Female,Maharashtra,Pune,959368,2019-08-29,6-10L,New,1,Beauty & Health,Organic Search
CUST00616,Mihir Sharma,user616@email.com,40,Male,Tamil Nadu,Trichy,365550,2023-04-27,10-20L,New,1,Toys & Games,Email Campaign
CUST00617,Deepika Nair,user617@email.com,32,Male,Maharashtra,Pune,429693,2020-03-07,>20L,Premium,0,Toys & Games,Organic Search
CUST00618,Akash Pillai,user618@email.com,38,Female,Uttar Pradesh,Lucknow,299006,2020-05-15,<3L,New,0,Grocery,Paid Ads
CUST00619,Meera Joshi,user619@email.com,60,Female,Bihar,Darbhanga,273021,2023-06-27,6-10L,Regular,0,Books,Paid Ads
CUST00620,Vikram Kumar,user620@email.com,49,Male,Kerala,Kozhikode,901605,2021-07-03,6-10L,Regular,1,Toys & Games,Social Media
CUST00621,Sunita Iyer,user621@email.com,37,Female,Telangana,Khammam,573333,2023-05-18,3-6L,New,0,Office Supplies,App Store
CUST00622,Karan Pandey,user622@email.com,36,Female,Andhra Pradesh,Tirupati,133981,2022-02-22,<3L,Premium,0,Home & Kitchen,Paid Ads
CUST00623,Priya Trivedi,user623@email.com,18,Male,Uttar Pradesh,Agra,596927,2020-12-02,6-10L,Regular,0,Toys & Games,Organic Search
CUST00624,Riya Singh,user624@email.com,35,Male,Gujarat,Ahmedabad,875061,2021-12-21,<3L,Regular,0,Books,Social Media
CUST00625,Sneha Agarwal,user625@email.com,54,Female,Gujarat,Surat,700424,2022-06-24,3-6L,New,1,Toys & Games,Social Media
CUST00626,Siddharth Sharma,user626@email.com,32,Male,Madhya Pradesh,Jabalpur,534339,2023-02-07,3-6L,New,0,Electronics,Paid Ads
CUST00627,Manoj Pillai,user627@email.com,40,Male,Haryana,Hisar,465475,2023-02-26,10-20L,Premium,1,Home & Kitchen,Paid Ads
CUST00628,Karan Shah,user628@email.com,21,Male,Haryana,Rohtak,210386,2018-03-02,10-20L,Regular,0,Office Supplies,Organic Search
CUST00629,Akash Sharma,user629@email.com,49,Female,Delhi,Gurgaon,659130,2023-09-27,<3L,New,0,Electronics,Paid Ads
CUST00630,Ananya Pandey,user630@email.com,26,Male,Tamil Nadu,Salem,103441,2021-06-20,<3L,Regular,1,Grocery,Social Media
CUST00631,Yash Shah,user631@email.com,38,Male,Bihar,Bhagalpur,866532,2021-04-15,3-6L,VIP,0,Grocery,Email Campaign
CUST00632,Rajesh Mehta,user632@email.com,48,Male,Madhya Pradesh,Bhopal,683897,2021-07-23,3-6L,Premium,0,Books,Social Media
CUST00633,Isha Patel,user633@email.com,34,Male,Andhra Pradesh,Visakhapatnam,668228,2021-09-03,<3L,New,0,Automotive,Referral
CUST00634,Sunita Reddy,user634@email.com,40,Male,Madhya Pradesh,Gwalior,460157,2021-01-16,3-6L,Regular,1,Home & Kitchen,Email Campaign
CUST00635,Nisha Rao,user635@email.com,31,Female,Andhra Pradesh,Vijayawada,291105,2020-06-02,3-6L,Premium,0,Books,Referral
CUST00636,Riya Gupta,user636@email.com,43,Male,Punjab,Ludhiana,766794,2021-06-19,>20L,New,0,Books,Social Media
CUST00637,Nisha Pillai,user637@email.com,52,Female,Punjab,Patiala,340361,2021-10-26,3-6L,Premium,0,Books,Email Campaign
CUST00638,Anjali Singh,user638@email.com,41,Female,Delhi,Faridabad,506251,2023-05-07,6-10L,New,0,Home & Kitchen,Referral
CUST00639,Riya Joshi,user639@email.com,57,Male,Delhi,Ghaziabad,690679,2018-05-28,10-20L,VIP,0,Electronics,App Store
CUST00640,Meera Reddy,user640@email.com,40,Female,Punjab,Jalandhar,169841,2019-12-21,6-10L,Regular,0,Office Supplies,Email Campaign
CUST00641,Anjali Nair,user641@email.com,51,Male,Gujarat,Surat,889945,2022-09-30,<3L,Regular,1,Books,Social Media
CUST00642,Rahul Malhotra,user642@email.com,53,Male,Tamil Nadu,Chennai,288035,2021-08-20,3-6L,New,1,Beauty & Health,Social Media
CUST00643,Aditi Singh,user643@email.com,52,Female,Madhya Pradesh,Indore,809974,2021-01-02,<3L,New,1,Automotive,Social Media
CUST00644,Ishaan Singh,user644@email.com,20,Male,Karnataka,Belgaum,458628,2019-01-01,10-20L,Regular,1,Toys & Games,Referral
CUST00645,Aditya Verma,user645@email.com,45,Male,Uttar Pradesh,Allahabad,159278,2022-08-12,6-10L,VIP,0,Beauty & Health,Email Campaign
CUST00646,Aarav Sharma,user646@email.com,41,Female,Andhra Pradesh,Nellore,120900,2023-03-27,3-6L,VIP,1,Office Supplies,Organic Search
CUST00647,Ishaan Sharma,user647@email.com,18,Male,Haryana,Faridabad,600042,2023-10-17,<3L,Premium,1,Sports & Fitness,Email Campaign
CUST00648,Riya Malhotra,user648@email.com,36,Female,Kerala,Kochi,538211,2019-11-17,6-10L,VIP,0,Automotive,Organic Search
CUST00649,Anjali Mishra,user649@email.com,59,Male,Uttar Pradesh,Varanasi,545995,2018-05-08,10-20L,VIP,0,Beauty & Health,Email Campaign
CUST00650,Vikram Singh,user650@email.com,54,Male,Bihar,Darbhanga,773360,2022-11-07,<3L,Regular,0,Beauty & Health,Referral
CUST00651,Aarav Reddy,user651@email.com,44,Male,Punjab,Patiala,848252,2018-03-19,>20L,Regular,0,Grocery,Paid Ads
CUST00652,Arjun Gupta,user652@email.com,54,Male,Telangana,Khammam,929621,2020-07-09,3-6L,Premium,0,Electronics,Social Media
CUST00653,Mihir Pandey,user653@email.com,34,Male,Delhi,Gurgaon,676082,2022-04-07,<3L,Regular,0,Toys & Games,Social Media
CUST00654,Ishaan Mishra,user654@email.com,26,Male,Madhya Pradesh,Indore,596642,2019-09-22,6-10L,New,1,Sports & Fitness,Social Media
CUST00655,Siddharth Mishra,user655@email.com,31,Female,Bihar,Darbhanga,541611,2018-09-12,<3L,Premium,0,Office Supplies,Organic Search
CUST00656,Yash Pandey,user656@email.com,37,Female,Gujarat,Ahmedabad,928617,2023-03-16,>20L,New,1,Fashion,Social Media
CUST00657,Aditya Reddy,user657@email.com,42,Male,Karnataka,Belgaum,185044,2020-03-31,<3L,New,1,Sports & Fitness,App Store
CUST00658,Sunita Gupta,user658@email.com,47,Female,Uttar Pradesh,Lucknow,884332,2018-09-15,<3L,Premium,0,Electronics,Organic Search
CUST00659,Tanvi Pillai,user659@email.com,44,Male,Punjab,Ludhiana,640984,2021-11-22,3-6L,Premium,0,Fashion,Email Campaign
CUST00660,Tanvi Sharma,user660@email.com,18,Male,Karnataka,Bengaluru,161098,2019-11-04,<3L,Regular,1,Toys & Games,Email Campaign
CUST00661,Shreya Mishra,user661@email.com,20,Female,Punjab,Ludhiana,275970,2020-11-06,3-6L,New,0,Automotive,Email Campaign
CUST00662,Aditi Verma,user662@email.com,43,Female,Karnataka,Belgaum,392602,2018-11-20,6-10L,New,1,Beauty & Health,Paid Ads
CUST00663,Isha Banerjee,user663@email.com,60,Male,Karnataka,Mysuru,832659,2019-07-18,6-10L,VIP,1,Sports & Fitness,Social Media
CUST00664,Kavya Reddy,user664@email.com,37,Male,Maharashtra,Nagpur,969569,2023-11-12,<3L,Regular,0,Grocery,Paid Ads
CUST00665,Ishaan Nair,user665@email.com,57,Male,West Bengal,Siliguri,380305,2019-08-07,<3L,VIP,0,Automotive,Referral
CUST00666,Ishaan Banerjee,user666@email.com,47,Female,Delhi,New Delhi,723740,2018-12-28,3-6L,VIP,0,Sports & Fitness,Referral
CUST00667,Siddharth Verma,user667@email.com,60,Female,Karnataka,Mysuru,673897,2020-09-06,<3L,Regular,0,Grocery,Organic Search
CUST00668,Karan Kumar,user668@email.com,21,Male,Bihar,Darbhanga,200916,2020-01-09,6-10L,Regular,0,Automotive,Social Media
CUST00669,Ananya Verma,user669@email.com,23,Male,Andhra Pradesh,Vijayawada,815991,2018-02-06,6-10L,Regular,0,Home & Kitchen,Social Media
CUST00670,Priya Rao,user670@email.com,25,Male,Telangana,Khammam,275879,2021-05-08,6-10L,Premium,0,Electronics,Organic Search
CUST00671,Kavya Reddy,user671@email.com,47,Male,Andhra Pradesh,Guntur,373583,2019-12-13,<3L,Regular,0,Home & Kitchen,Organic Search
CUST00672,Nisha Reddy,user672@email.com,29,Male,Maharashtra,Nagpur,634489,2023-09-13,3-6L,Premium,0,Fashion,Organic Search
CUST00673,Shreya Joshi,user673@email.com,31,Male,Punjab,Jalandhar,115573,2020-02-15,3-6L,Regular,1,Beauty & Health,Referral
CUST00674,Aditi Patel,user674@email.com,36,Female,Uttar Pradesh,Allahabad,874783,2019-10-01,6-10L,Regular,0,Fashion,Email Campaign
CUST00675,Aditi Joshi,user675@email.com,56,Female,Karnataka,Bengaluru,473402,2020-03-01,3-6L,New,1,Automotive,Paid Ads
CUST00676,Varun Sharma,user676@email.com,60,Female,Haryana,Gurugram,745478,2018-03-04,3-6L,Regular,1,Sports & Fitness,Social Media
CUST00677,Tanvi Singh,user677@email.com,42,Male,Bihar,Darbhanga,435333,2023-08-22,3-6L,Regular,1,Electronics,Social Media
CUST00678,Pooja Shah,user678@email.com,44,Female,Kerala,Kozhikode,522783,2021-09-05,<3L,New,1,Home & Kitchen,Organic Search
CUST00679,Vikram Sharma,user679@email.com,59,Male,Bihar,Darbhanga,376692,2020-03-26,3-6L,VIP,0,Beauty & Health,Referral
CUST00680,Rahul Banerjee,user680@email.com,56,Female,Gujarat,Ahmedabad,798986,2020-11-07,6-10L,Regular,0,Home & Kitchen,Referral
CUST00681,Amit Shah,user681@email.com,58,Female,Andhra Pradesh,Tirupati,746107,2020-02-23,10-20L,Regular,1,Toys & Games,Social Media
CUST00682,Amit Patel,user682@email.com,57,Female,Uttar Pradesh,Lucknow,528670,2022-11-22,10-20L,Regular,0,Automotive,Organic Search
CUST00683,Shreya Sharma,user683@email.com,21,Female,West Bengal,Durgapur,749491,2021-04-26,3-6L,Regular,1,Fashion,Referral
CUST00684,Akash Mehta,user684@email.com,52,Other,Kerala,Kozhikode,411807,2022-10-15,>20L,Regular,1,Beauty & Health,Organic Search
CUST00685,Rajesh Joshi,user685@email.com,52,Male,Tamil Nadu,Coimbatore,865909,2018-12-11,<3L,Premium,1,Fashion,Paid Ads
CUST00686,Pooja Mehta,user686@email.com,21,Male,Uttar Pradesh,Lucknow,566456,2020-01-24,6-10L,Regular,0,Electronics,Email Campaign
CUST00687,Deepika Pandey,user687@email.com,32,Female,Rajasthan,Udaipur,751044,2020-12-23,3-6L,Regular,0,Electronics,Organic Search
CUST00688,Mihir Shah,user688@email.com,40,Female,Andhra Pradesh,Guntur,708748,2019-11-11,<3L,Regular,0,Beauty & Health,App Store
CUST00689,Karan Trivedi,user689@email.com,38,Female,Madhya Pradesh,Gwalior,601326,2018-02-16,6-10L,VIP,0,Fashion,Paid Ads
CUST00690,Yash Singh,user690@email.com,57,Male,Madhya Pradesh,Indore,696555,2019-05-08,<3L,Regular,0,Grocery,Social Media
CUST00691,Nisha Sharma,user691@email.com,41,Male,Telangana,Hyderabad,795782,2021-06-05,6-10L,Regular,1,Books,Social Media
CUST00692,Aditya Joshi,user692@email.com,53,Female,Andhra Pradesh,Nellore,727297,2023-11-30,3-6L,Premium,1,Electronics,Paid Ads
CUST00693,Akash Singh,user693@email.com,32,Male,Uttar Pradesh,Lucknow,513431,2018-03-11,3-6L,New,0,Beauty & Health,Social Media
CUST00694,Riya Pandey,user694@email.com,18,Female,Karnataka,Belgaum,965887,2019-09-06,6-10L,New,1,Fashion,Social Media
CUST00695,Yash Iyer,user695@email.com,45,Female,Uttar Pradesh,Lucknow,449037,2022-03-26,<3L,Premium,0,Sports & Fitness,Referral
CUST00696,Vikram Pandey,user696@email.com,38,Male,Gujarat,Surat,642176,2023-01-04,3-6L,Regular,1,Books,Paid Ads
CUST00697,Amit Mishra,user697@email.com,54,Male,Delhi,Gurgaon,614810,2023-07-12,3-6L,New,1,Sports & Fitness,Email Campaign
CUST00698,Meera Pandey,user698@email.com,44,Male,Maharashtra,Nashik,343855,2022-11-28,10-20L,Premium,1,Home & Kitchen,Email Campaign
CUST00699,Mihir Gupta,user699@email.com,42,Female,Tamil Nadu,Salem,751010,2023-03-11,6-10L,VIP,0,Beauty & Health,Organic Search
CUST00700,Aditi Agarwal,user700@email.com,55,Female,West Bengal,Siliguri,266862,2018-10-26,3-6L,New,0,Books,Organic Search
CUST00701,Amit Banerjee,user701@email.com,21,Female,Gujarat,Surat,147968,2018-08-21,>20L,Regular,0,Toys & Games,App Store
CUST00702,Kavya Singh,user702@email.com,33,Female,Uttar Pradesh,Agra,657501,2018-06-20,<3L,Premium,0,Electronics,Social Media
CUST00703,Nisha Patel,user703@email.com,40,Male,Tamil Nadu,Trichy,381824,2019-06-11,3-6L,New,0,Grocery,Paid Ads
CUST00704,Ananya Singh,user704@email.com,51,Female,Andhra Pradesh,Vijayawada,459495,2023-10-06,3-6L,Premium,0,Automotive,App Store
CUST00705,Sunita Agarwal,user705@email.com,35,Female,Madhya Pradesh,Jabalpur,140058,2021-11-12,10-20L,Regular,1,Automotive,Referral
CUST00706,Sneha Malhotra,user706@email.com,18,Female,West Bengal,Asansol,498686,2023-05-02,6-10L,Regular,0,Fashion,Organic Search
CUST00707,Shreya Shah,user707@email.com,34,Male,Tamil Nadu,Salem,616555,2023-05-04,3-6L,Premium,1,Toys & Games,Paid Ads
CUST00708,Divya Mishra,user708@email.com,49,Female,Haryana,Faridabad,923105,2018-08-20,3-6L,Regular,0,Sports & Fitness,Organic Search
CUST00709,Siddharth Verma,user709@email.com,30,Male,Haryana,Hisar,182235,2021-01-31,>20L,Regular,1,Office Supplies,Social Media
CUST00710,Sneha Mehta,user710@email.com,56,Male,Karnataka,Mysuru,183634,2018-02-10,<3L,Premium,0,Office Supplies,Paid Ads
CUST00711,Aditya Mehta,user711@email.com,48,Male,Bihar,Patna,523988,2020-04-07,10-20L,Regular,0,Sports & Fitness,Organic Search
CUST00712,Ananya Mehta,user712@email.com,27,Male,Uttar Pradesh,Agra,827888,2023-07-30,10-20L,Regular,0,Beauty & Health,Email Campaign
CUST00713,Tanvi Pandey,user713@email.com,42,Female,Karnataka,Belgaum,472384,2023-04-30,>20L,Regular,0,Office Supplies,Email Campaign
CUST00714,Aditya Pillai,user714@email.com,32,Female,Kerala,Thrissur,700228,2022-10-13,10-20L,New,0,Grocery,Organic Search
CUST00715,Yash Malhotra,user715@email.com,34,Female,Madhya Pradesh,Jabalpur,849374,2020-11-30,10-20L,Regular,1,Electronics,Organic Search
CUST00716,Vikram Mehta,user716@email.com,46,Female,Delhi,New Delhi,824799,2023-05-18,6-10L,New,1,Beauty & Health,Organic Search
CUST00717,Mihir Rao,user717@email.com,23,Male,Rajasthan,Ajmer,787816,2018-07-12,<3L,Premium,0,Toys & Games,App Store
CUST00718,Deepika Joshi,user718@email.com,42,Female,Madhya Pradesh,Ujjain,698659,2018-04-07,6-10L,Premium,0,Books,Referral
CUST00719,Sneha Patel,user719@email.com,18,Male,Telangana,Nizamabad,958648,2021-03-16,6-10L,Regular,0,Office Supplies,Email Campaign
CUST00720,Aditya Shah,user720@email.com,22,Male,Maharashtra,Thane,418740,2020-07-10,>20L,Premium,0,Books,Paid Ads
CUST00721,Tanvi Verma,user721@email.com,38,Male,Tamil Nadu,Chennai,718866,2018-02-20,3-6L,New,1,Fashion,Organic Search
CUST00722,Manoj Mishra,user722@email.com,54,Male,Uttar Pradesh,Varanasi,363653,2023-05-05,<3L,Premium,1,Beauty & Health,Paid Ads
CUST00723,Sanjay Sharma,user723@email.com,44,Female,Delhi,New Delhi,501120,2018-12-16,>20L,VIP,0,Electronics,Social Media
CUST00724,Deepika Patel,user724@email.com,45,Female,Delhi,Gurgaon,643518,2022-04-19,3-6L,Regular,0,Office Supplies,Organic Search
CUST00725,Riya Shah,user725@email.com,52,Male,Uttar Pradesh,Allahabad,300618,2022-04-15,<3L,Premium,0,Beauty & Health,Referral
CUST00726,Tanvi Iyer,user726@email.com,58,Female,Delhi,Ghaziabad,281645,2019-02-09,3-6L,Regular,0,Beauty & Health,Referral
CUST00727,Arjun Singh,user727@email.com,55,Female,Tamil Nadu,Coimbatore,160782,2023-02-04,<3L,Premium,0,Electronics,Referral
CUST00728,Rajesh Mishra,user728@email.com,36,Male,West Bengal,Asansol,609439,2018-05-21,6-10L,Premium,0,Fashion,Email Campaign
CUST00729,Manoj Verma,user729@email.com,35,Female,Punjab,Jalandhar,111348,2023-06-23,3-6L,Premium,0,Beauty & Health,Paid Ads
CUST00730,Kavya Trivedi,user730@email.com,46,Female,Andhra Pradesh,Guntur,186062,2018-01-16,10-20L,VIP,1,Automotive,Social Media
CUST00731,Kavya Verma,user731@email.com,33,Male,Karnataka,Mangaluru,807733,2021-10-26,3-6L,Regular,0,Home & Kitchen,Paid Ads
CUST00732,Rohit Shah,user732@email.com,46,Female,Madhya Pradesh,Indore,636500,2018-12-22,<3L,Premium,0,Home & Kitchen,App Store
CUST00733,Siddharth Patel,user733@email.com,42,Female,West Bengal,Kolkata,148931,2023-03-12,6-10L,Premium,0,Grocery,Organic Search
CUST00734,Mihir Verma,user734@email.com,56,Female,Karnataka,Mangaluru,360257,2023-11-11,>20L,New,0,Toys & Games,Organic Search
CUST00735,Rahul Shah,user735@email.com,40,Male,Haryana,Faridabad,780612,2018-04-16,3-6L,Regular,1,Grocery,App Store
CUST00736,Rahul Mishra,user736@email.com,18,Male,Karnataka,Bengaluru,722330,2019-01-13,<3L,Premium,0,Office Supplies,App Store
CUST00737,Varun Mehta,user737@email.com,47,Male,Karnataka,Hubli,417062,2022-07-16,10-20L,New,0,Grocery,Email Campaign
CUST00738,Isha Rao,user738@email.com,40,Male,Bihar,Muzaffarpur,387995,2023-05-04,10-20L,Premium,0,Toys & Games,Organic Search
CUST00739,Deepika Rao,user739@email.com,53,Male,Telangana,Khammam,204795,2023-11-05,10-20L,Premium,1,Automotive,Social Media
CUST00740,Siddharth Joshi,user740@email.com,21,Female,Karnataka,Mangaluru,923389,2020-05-05,10-20L,Regular,0,Electronics,Social Media
CUST00741,Yash Trivedi,user741@email.com,38,Male,Andhra Pradesh,Tirupati,624108,2019-12-30,3-6L,New,0,Beauty & Health,Email Campaign
CUST00742,Priya Malhotra,user742@email.com,58,Male,Rajasthan,Udaipur,712295,2021-03-31,3-6L,Regular,1,Sports & Fitness,Referral
CUST00743,Nisha Nair,user743@email.com,27,Female,Maharashtra,Mumbai,438231,2020-12-13,3-6L,Premium,0,Electronics,Referral
CUST00744,Aarav Pillai,user744@email.com,35,Female,Maharashtra,Thane,115094,2019-07-06,6-10L,New,0,Grocery,Paid Ads
CUST00745,Divya Patel,user745@email.com,25,Female,Telangana,Karimnagar,389300,2023-05-25,3-6L,New,1,Beauty & Health,Organic Search
CUST00746,Priya Banerjee,user746@email.com,31,Male,Uttar Pradesh,Lucknow,461201,2022-10-29,6-10L,Regular,0,Books,Email Campaign
CUST00747,Rajesh Nair,user747@email.com,21,Female,Punjab,Amritsar,829264,2023-03-14,3-6L,Regular,0,Beauty & Health,Organic Search
CUST00748,Sneha Nair,user748@email.com,29,Female,Karnataka,Belgaum,185425,2020-06-20,>20L,Regular,0,Beauty & Health,Social Media
CUST00749,Meera Sharma,user749@email.com,36,Female,Uttar Pradesh,Agra,626693,2021-01-31,10-20L,Regular,1,Grocery,Organic Search
CUST00750,Utkarsh Nair,user750@email.com,48,Female,Rajasthan,Jodhpur,569309,2020-04-11,6-10L,New,1,Beauty & Health,Email Campaign
CUST00751,Nisha Mishra,user751@email.com,24,Male,Kerala,Kollam,899380,2023-07-28,3-6L,Regular,1,Home & Kitchen,Organic Search
CUST00752,Ananya Malhotra,user752@email.com,19,Female,Andhra Pradesh,Vijayawada,176522,2020-03-20,3-6L,Regular,1,Books,Email Campaign
CUST00753,Rohit Shah,user753@email.com,45,Male,Maharashtra,Mumbai,946569,2019-01-13,3-6L,Premium,0,Grocery,Paid Ads
CUST00754,Mihir Singh,user754@email.com,25,Male,Madhya Pradesh,Jabalpur,342467,2020-06-01,6-10L,Regular,0,Fashion,Social Media
CUST00755,Akash Agarwal,user755@email.com,48,Female,Telangana,Hyderabad,273365,2018-08-25,3-6L,VIP,1,Sports & Fitness,Organic Search
CUST00756,Arjun Mishra,user756@email.com,26,Other,Rajasthan,Jaipur,267968,2018-05-31,6-10L,Regular,1,Sports & Fitness,Email Campaign
CUST00757,Sanjay Joshi,user757@email.com,59,Male,Bihar,Bhagalpur,400405,2018-01-02,10-20L,New,0,Beauty & Health,Organic Search
CUST00758,Akash Trivedi,user758@email.com,18,Male,Uttar Pradesh,Agra,782015,2022-02-20,6-10L,Premium,0,Toys & Games,Email Campaign
CUST00759,Anjali Reddy,user759@email.com,29,Female,West Bengal,Durgapur,965472,2019-05-07,>20L,Regular,0,Grocery,Social Media
CUST00760,Mihir Mehta,user760@email.com,33,Female,Rajasthan,Ajmer,265288,2021-07-26,<3L,Regular,0,Books,Referral
CUST00761,Arjun Reddy,user761@email.com,44,Female,Kerala,Thrissur,534535,2020-02-04,3-6L,Regular,0,Home & Kitchen,Referral
CUST00762,Arjun Pillai,user762@email.com,39,Male,Uttar Pradesh,Kanpur,482992,2021-05-30,6-10L,New,1,Sports & Fitness,Referral
CUST00763,Priya Pandey,user763@email.com,50,Female,Tamil Nadu,Trichy,983187,2021-04-02,3-6L,VIP,0,Books,Organic Search
CUST00764,Aditya Kumar,user764@email.com,40,Female,Maharashtra,Mumbai,751873,2021-05-17,<3L,VIP,1,Toys & Games,Referral
CUST00765,Aarav Mishra,user765@email.com,58,Male,Tamil Nadu,Trichy,717975,2021-04-24,6-10L,New,1,Automotive,Organic Search
CUST00766,Rohit Mishra,user766@email.com,30,Male,Rajasthan,Udaipur,918001,2018-02-04,6-10L,Premium,1,Office Supplies,Email Campaign
CUST00767,Akash Banerjee,user767@email.com,34,Male,Punjab,Amritsar,384791,2020-02-24,6-10L,VIP,0,Grocery,Email Campaign
CUST00768,Riya Sharma,user768@email.com,28,Male,Uttar Pradesh,Lucknow,427476,2019-07-03,10-20L,Regular,0,Electronics,Paid Ads
CUST00769,Anjali Mehta,user769@email.com,33,Male,Telangana,Nizamabad,749473,2019-12-05,>20L,New,1,Fashion,Paid Ads
CUST00770,Aditya Mehta,user770@email.com,48,Female,Haryana,Rohtak,803259,2023-11-07,>20L,Premium,0,Fashion,Referral
CUST00771,Rohit Sharma,user771@email.com,55,Male,Madhya Pradesh,Ujjain,407047,2023-05-13,>20L,VIP,1,Automotive,App Store
CUST00772,Varun Banerjee,user772@email.com,18,Male,Haryana,Gurugram,554891,2021-11-16,<3L,Regular,1,Home & Kitchen,Email Campaign
CUST00773,Deepika Mehta,user773@email.com,39,Male,West Bengal,Siliguri,526368,2020-09-17,6-10L,VIP,0,Fashion,Email Campaign
CUST00774,Rajesh Rao,user774@email.com,53,Female,Maharashtra,Nashik,539697,2021-03-03,3-6L,Regular,0,Automotive,Referral
CUST00775,Akash Verma,user775@email.com,29,Female,Andhra Pradesh,Guntur,935073,2023-02-22,6-10L,New,0,Home & Kitchen,Referral
CUST00776,Mihir Malhotra,user776@email.com,23,Female,Andhra Pradesh,Visakhapatnam,963048,2022-05-20,6-10L,New,0,Automotive,Email Campaign
CUST00777,Kavya Reddy,user777@email.com,23,Female,Gujarat,Gandhinagar,512516,2019-06-01,3-6L,Premium,0,Sports & Fitness,Organic Search
CUST00778,Kavya Joshi,user778@email.com,38,Female,Telangana,Karimnagar,341983,2018-12-31,>20L,Premium,1,Office Supplies,Organic Search
CUST00779,Nisha Malhotra,user779@email.com,50,Male,Gujarat,Rajkot,414392,2019-07-02,3-6L,Regular,0,Toys & Games,Social Media
CUST00780,Karan Trivedi,user780@email.com,19,Female,Andhra Pradesh,Guntur,791968,2019-10-03,<3L,VIP,0,Automotive,Paid Ads
CUST00781,Sanjay Gupta,user781@email.com,52,Female,Delhi,Gurgaon,168117,2021-11-18,<3L,Premium,0,Books,Referral
CUST00782,Nisha Joshi,user782@email.com,49,Female,Rajasthan,Ajmer,422064,2018-12-26,10-20L,VIP,0,Sports & Fitness,Social Media
CUST00783,Anjali Mehta,user783@email.com,52,Male,Andhra Pradesh,Vijayawada,697768,2018-09-09,>20L,Regular,0,Books,Email Campaign
CUST00784,Varun Gupta,user784@email.com,58,Female,Delhi,Noida,390425,2021-06-25,>20L,Regular,0,Home & Kitchen,Organic Search
CUST00785,Rohit Nair,user785@email.com,29,Female,Punjab,Patiala,719630,2020-01-04,6-10L,Regular,1,Fashion,Referral
CUST00786,Rajesh Shah,user786@email.com,53,Female,Madhya Pradesh,Bhopal,795064,2019-06-30,3-6L,New,0,Grocery,Organic Search
CUST00787,Deepika Trivedi,user787@email.com,52,Female,Punjab,Chandigarh,546716,2023-06-06,3-6L,Regular,0,Toys & Games,Organic Search
CUST00788,Varun Mishra,user788@email.com,31,Male,Delhi,Noida,384839,2019-11-28,<3L,Regular,0,Office Supplies,Email Campaign
CUST00789,Kavya Iyer,user789@email.com,53,Male,Madhya Pradesh,Jabalpur,578766,2018-02-23,3-6L,Regular,0,Fashion,Organic Search
CUST00790,Aditi Gupta,user790@email.com,45,Female,Uttar Pradesh,Kanpur,417936,2023-01-15,>20L,Regular,1,Toys & Games,Organic Search
CUST00791,Divya Shah,user791@email.com,60,Male,Karnataka,Belgaum,370492,2023-12-24,10-20L,Regular,0,Beauty & Health,Social Media
CUST00792,Manoj Kumar,user792@email.com,58,Female,Gujarat,Vadodara,276496,2023-04-11,10-20L,Premium,0,Fashion,App Store
CUST00793,Isha Joshi,user793@email.com,32,Female,Kerala,Thiruvananthapuram,638391,2021-12-11,10-20L,Premium,0,Fashion,Email Campaign
CUST00794,Rahul Shah,user794@email.com,57,Female,Telangana,Nizamabad,301107,2018-11-20,10-20L,Regular,1,Grocery,Social Media
CUST00795,Aditya Banerjee,user795@email.com,46,Male,Bihar,Patna,375142,2020-10-21,3-6L,Regular,0,Books,Organic Search
CUST00796,Rohit Iyer,user796@email.com,39,Other,Haryana,Rohtak,932507,2023-02-21,3-6L,Premium,0,Fashion,Paid Ads
CUST00797,Nisha Sharma,user797@email.com,26,Female,Tamil Nadu,Coimbatore,396367,2019-07-19,3-6L,New,0,Office Supplies,Organic Search
CUST00798,Mihir Nair,user798@email.com,34,Female,Karnataka,Hubli,548161,2018-04-08,3-6L,Premium,0,Toys & Games,Organic Search
CUST00799,Kavya Shah,user799@email.com,26,Male,Madhya Pradesh,Bhopal,588570,2019-02-08,>20L,VIP,0,Automotive,Email Campaign
CUST00800,Rahul Reddy,user800@email.com,29,Female,Tamil Nadu,Coimbatore,306834,2021-06-20,3-6L,VIP,0,Automotive,Organic Search
CUST00801,Manoj Agarwal,user801@email.com,22,Other,Rajasthan,Jodhpur,278392,2020-07-22,6-10L,Premium,0,Home & Kitchen,Paid Ads
CUST00802,Priya Pillai,user802@email.com,23,Male,Uttar Pradesh,Lucknow,727310,2019-05-14,<3L,Regular,0,Books,App Store
CUST00803,Siddharth Rao,user803@email.com,44,Male,Telangana,Warangal,150968,2020-02-11,6-10L,VIP,0,Grocery,Social Media
CUST00804,Arjun Nair,user804@email.com,42,Male,Delhi,New Delhi,885988,2023-06-04,>20L,Regular,0,Beauty & Health,Organic Search
CUST00805,Akash Agarwal,user805@email.com,26,Male,Punjab,Patiala,702393,2018-08-07,<3L,Regular,0,Grocery,Paid Ads
CUST00806,Akash Banerjee,user806@email.com,24,Male,Kerala,Kollam,523391,2019-09-04,6-10L,VIP,0,Grocery,Organic Search
CUST00807,Ananya Pillai,user807@email.com,55,Female,Madhya Pradesh,Indore,534180,2023-08-17,6-10L,Premium,0,Electronics,Social Media
CUST00808,Riya Kumar,user808@email.com,40,Other,Rajasthan,Kota,912694,2022-12-11,10-20L,Regular,1,Sports & Fitness,Social Media
CUST00809,Anjali Verma,user809@email.com,21,Male,Tamil Nadu,Chennai,377640,2023-09-04,6-10L,VIP,1,Office Supplies,Referral
CUST00810,Divya Malhotra,user810@email.com,20,Male,Madhya Pradesh,Indore,239421,2018-05-24,10-20L,Regular,0,Fashion,Social Media
CUST00811,Akash Sharma,user811@email.com,24,Female,Gujarat,Ahmedabad,386365,2023-03-14,10-20L,Regular,1,Home & Kitchen,Social Media
CUST00812,Akash Pandey,user812@email.com,34,Female,Bihar,Gaya,990892,2019-05-30,6-10L,Regular,0,Books,Referral
CUST00813,Riya Banerjee,user813@email.com,53,Male,Kerala,Kollam,168501,2018-06-25,3-6L,Regular,0,Grocery,Paid Ads
CUST00814,Nisha Pandey,user814@email.com,60,Male,Kerala,Thrissur,599727,2022-08-06,6-10L,VIP,0,Beauty & Health,Referral
CUST00815,Sneha Kumar,user815@email.com,22,Male,Bihar,Darbhanga,504531,2018-06-28,3-6L,Regular,0,Electronics,Paid Ads
CUST00816,Anjali Shah,user816@email.com,26,Female,Tamil Nadu,Salem,836090,2022-01-26,<3L,Premium,1,Automotive,Organic Search
CUST00817,Siddharth Rao,user817@email.com,36,Male,Maharashtra,Thane,973271,2023-03-20,<3L,New,1,Books,Organic Search
CUST00818,Utkarsh Mishra,user818@email.com,35,Male,Gujarat,Surat,452327,2021-11-28,10-20L,New,1,Home & Kitchen,Social Media
CUST00819,Sanjay Kumar,user819@email.com,50,Female,Gujarat,Vadodara,365875,2021-08-06,6-10L,New,1,Sports & Fitness,Referral
CUST00820,Isha Patel,user820@email.com,19,Male,Uttar Pradesh,Agra,197861,2018-11-27,<3L,Regular,1,Automotive,Email Campaign
CUST00821,Ishaan Mehta,user821@email.com,58,Female,West Bengal,Howrah,355795,2020-09-19,<3L,Regular,1,Sports & Fitness,Organic Search
CUST00822,Sunita Patel,user822@email.com,24,Male,Uttar Pradesh,Varanasi,351760,2018-12-17,3-6L,Regular,1,Home & Kitchen,App Store
CUST00823,Sneha Patel,user823@email.com,47,Female,Madhya Pradesh,Indore,639046,2022-02-13,6-10L,Premium,0,Toys & Games,Paid Ads
CUST00824,Arjun Malhotra,user824@email.com,57,Female,Punjab,Patiala,407861,2018-03-28,6-10L,Premium,1,Grocery,Email Campaign
CUST00825,Yash Banerjee,user825@email.com,45,Male,Tamil Nadu,Salem,389737,2021-06-23,10-20L,Regular,0,Electronics,Social Media
CUST00826,Rahul Rao,user826@email.com,33,Female,Madhya Pradesh,Jabalpur,773204,2023-02-11,<3L,Premium,1,Home & Kitchen,Referral
CUST00827,Amit Mishra,user827@email.com,60,Female,Madhya Pradesh,Gwalior,645643,2020-04-16,<3L,Premium,0,Electronics,Referral
CUST00828,Vikram Joshi,user828@email.com,24,Female,Bihar,Muzaffarpur,966840,2019-05-13,6-10L,Regular,0,Automotive,App Store
CUST00829,Nisha Pandey,user829@email.com,37,Male,Karnataka,Bengaluru,219517,2022-04-14,<3L,New,1,Sports & Fitness,Paid Ads
CUST00830,Deepika Shah,user830@email.com,29,Female,Telangana,Warangal,344300,2020-07-30,<3L,VIP,0,Electronics,Paid Ads
CUST00831,Tanvi Trivedi,user831@email.com,31,Male,Uttar Pradesh,Varanasi,309894,2023-01-26,<3L,Regular,0,Fashion,Referral
CUST00832,Pooja Shah,user832@email.com,51,Male,Andhra Pradesh,Nellore,146729,2019-01-04,10-20L,Regular,0,Electronics,Organic Search
CUST00833,Sanjay Mishra,user833@email.com,31,Male,Karnataka,Mangaluru,641059,2022-10-10,10-20L,Regular,0,Grocery,Social Media
CUST00834,Utkarsh Trivedi,user834@email.com,55,Female,Rajasthan,Jodhpur,625862,2020-04-27,<3L,Regular,0,Grocery,Email Campaign
CUST00835,Anjali Singh,user835@email.com,18,Male,Kerala,Kollam,613799,2021-07-01,3-6L,Regular,1,Automotive,Email Campaign
CUST00836,Aditi Agarwal,user836@email.com,30,Female,Haryana,Rohtak,833692,2023-07-31,3-6L,Premium,0,Automotive,Email Campaign
CUST00837,Manoj Mishra,user837@email.com,24,Female,Madhya Pradesh,Jabalpur,847803,2019-09-28,3-6L,VIP,1,Fashion,Social Media
CUST00838,Sneha Patel,user838@email.com,47,Female,Gujarat,Gandhinagar,812809,2019-11-06,10-20L,New,0,Fashion,Social Media
CUST00839,Isha Sharma,user839@email.com,44,Male,Gujarat,Ahmedabad,735927,2019-02-27,6-10L,Regular,0,Automotive,Email Campaign
CUST00840,Ishaan Gupta,user840@email.com,21,Male,Punjab,Ludhiana,324004,2023-10-14,3-6L,Premium,0,Electronics,Email Campaign
CUST00841,Varun Rao,user841@email.com,44,Female,West Bengal,Kolkata,384920,2019-01-15,<3L,New,0,Fashion,Paid Ads
CUST00842,Amit Singh,user842@email.com,55,Male,Madhya Pradesh,Jabalpur,840266,2019-01-09,3-6L,Regular,0,Beauty & Health,Social Media
CUST00843,Aarav Banerjee,user843@email.com,60,Female,Karnataka,Mangaluru,396881,2022-11-24,3-6L,VIP,0,Electronics,App Store
CUST00844,Rajesh Singh,user844@email.com,43,Female,Delhi,Faridabad,971884,2022-05-24,3-6L,Premium,0,Office Supplies,Referral
CUST00845,Amit Verma,user845@email.com,55,Male,Punjab,Patiala,676594,2020-07-09,<3L,Premium,1,Beauty & Health,Referral
CUST00846,Sanjay Reddy,user846@email.com,21,Male,Telangana,Karimnagar,986696,2023-12-01,3-6L,New,1,Beauty & Health,Paid Ads
CUST00847,Ananya Rao,user847@email.com,42,Male,Tamil Nadu,Salem,997493,2018-02-17,<3L,Regular,0,Fashion,Referral
CUST00848,Riya Reddy,user848@email.com,23,Male,West Bengal,Durgapur,917525,2018-11-04,10-20L,VIP,0,Fashion,Email Campaign
CUST00849,Anjali Verma,user849@email.com,48,Female,Kerala,Thiruvananthapuram,798054,2020-07-18,>20L,New,0,Electronics,Social Media
CUST00850,Ananya Singh,user850@email.com,60,Male,Maharashtra,Nagpur,564692,2020-04-01,10-20L,Regular,0,Home & Kitchen,App Store
CUST00851,Shreya Shah,user851@email.com,23,Female,Kerala,Kozhikode,924865,2020-09-11,3-6L,Regular,1,Toys & Games,Referral
CUST00852,Arjun Pillai,user852@email.com,52,Male,Gujarat,Surat,943900,2023-11-01,>20L,Premium,0,Fashion,Paid Ads
CUST00853,Shreya Mishra,user853@email.com,20,Male,Maharashtra,Mumbai,111659,2019-12-09,<3L,Regular,1,Beauty & Health,Organic Search
CUST00854,Rohit Rao,user854@email.com,36,Female,Madhya Pradesh,Jabalpur,323086,2022-06-03,>20L,Premium,0,Toys & Games,Referral
CUST00855,Deepika Singh,user855@email.com,42,Male,Gujarat,Ahmedabad,947842,2021-07-24,<3L,Premium,1,Toys & Games,Email Campaign
CUST00856,Sanjay Rao,user856@email.com,19,Female,Delhi,Noida,379791,2020-05-06,<3L,Premium,1,Home & Kitchen,Social Media
CUST00857,Mihir Rao,user857@email.com,56,Female,Uttar Pradesh,Lucknow,206396,2021-11-24,3-6L,New,0,Automotive,Referral
CUST00858,Divya Rao,user858@email.com,45,Male,Uttar Pradesh,Allahabad,608146,2019-12-02,>20L,Regular,1,Automotive,Organic Search
CUST00859,Amit Verma,user859@email.com,60,Male,Bihar,Gaya,328633,2018-09-23,<3L,Regular,0,Office Supplies,Organic Search
CUST00860,Amit Banerjee,user860@email.com,31,Female,Bihar,Darbhanga,636338,2019-10-10,6-10L,Premium,1,Beauty & Health,Organic Search
CUST00861,Tanvi Gupta,user861@email.com,44,Female,Haryana,Panipat,938677,2018-04-18,6-10L,Premium,0,Grocery,Social Media
CUST00862,Manoj Shah,user862@email.com,46,Female,West Bengal,Howrah,963283,2019-10-17,3-6L,Regular,1,Toys & Games,Organic Search
CUST00863,Kavya Pillai,user863@email.com,34,Male,Uttar Pradesh,Kanpur,998951,2023-12-27,3-6L,VIP,0,Office Supplies,Email Campaign
CUST00864,Aarav Iyer,user864@email.com,33,Male,Gujarat,Rajkot,237422,2020-06-16,<3L,Regular,1,Sports & Fitness,Paid Ads
CUST00865,Divya Pillai,user865@email.com,56,Male,Andhra Pradesh,Vijayawada,717208,2022-09-28,6-10L,Premium,0,Home & Kitchen,Social Media
CUST00866,Shreya Sharma,user866@email.com,52,Male,Gujarat,Gandhinagar,380842,2020-09-01,6-10L,Premium,0,Fashion,Paid Ads
CUST00867,Aarav Pillai,user867@email.com,46,Male,Rajasthan,Jodhpur,839383,2023-02-11,<3L,New,0,Electronics,Organic Search
CUST00868,Siddharth Mehta,user868@email.com,44,Male,Maharashtra,Mumbai,831267,2018-06-15,10-20L,Regular,0,Books,Organic Search
CUST00869,Amit Sharma,user869@email.com,55,Female,Gujarat,Ahmedabad,798015,2023-12-14,>20L,Premium,1,Fashion,Email Campaign
CUST00870,Riya Mehta,user870@email.com,40,Male,Madhya Pradesh,Ujjain,317252,2021-11-09,3-6L,Premium,1,Office Supplies,Organic Search
CUST00871,Arjun Rao,user871@email.com,53,Male,Karnataka,Mangaluru,214209,2023-03-14,10-20L,Premium,1,Books,Paid Ads
CUST00872,Manoj Nair,user872@email.com,27,Female,Maharashtra,Nagpur,592317,2018-01-25,6-10L,Premium,0,Electronics,Organic Search
CUST00873,Siddharth Kumar,user873@email.com,47,Male,Karnataka,Belgaum,995682,2019-05-21,3-6L,VIP,0,Books,Referral
CUST00874,Manoj Verma,user874@email.com,42,Female,Kerala,Kochi,902847,2020-10-29,6-10L,Premium,0,Beauty & Health,Social Media
CUST00875,Arjun Patel,user875@email.com,38,Female,Gujarat,Vadodara,372239,2022-08-02,3-6L,Premium,0,Sports & Fitness,Referral
CUST00876,Isha Pandey,user876@email.com,58,Male,Punjab,Chandigarh,843709,2018-06-12,10-20L,Premium,0,Electronics,Email Campaign
CUST00877,Varun Mehta,user877@email.com,56,Male,Delhi,Gurgaon,209314,2022-02-06,3-6L,Premium,1,Electronics,Organic Search
CUST00878,Arjun Agarwal,user878@email.com,27,Female,Punjab,Patiala,800671,2022-06-22,3-6L,Regular,0,Home & Kitchen,App Store
CUST00879,Tanvi Gupta,user879@email.com,30,Male,West Bengal,Howrah,534701,2019-05-24,6-10L,New,1,Beauty & Health,Email Campaign
CUST00880,Siddharth Singh,user880@email.com,50,Female,Delhi,Ghaziabad,802370,2022-09-25,3-6L,Regular,1,Fashion,Organic Search
CUST00881,Varun Rao,user881@email.com,40,Female,Bihar,Gaya,549234,2018-10-05,>20L,Premium,1,Toys & Games,App Store
CUST00882,Yash Patel,user882@email.com,49,Female,Telangana,Hyderabad,920450,2019-07-11,>20L,Regular,0,Beauty & Health,Referral
CUST00883,Aditi Nair,user883@email.com,40,Female,Haryana,Faridabad,392198,2018-10-24,6-10L,Regular,1,Grocery,Referral
CUST00884,Ishaan Malhotra,user884@email.com,19,Male,Uttar Pradesh,Lucknow,267486,2019-01-30,10-20L,Regular,1,Automotive,Paid Ads
CUST00885,Varun Kumar,user885@email.com,33,Male,Delhi,New Delhi,110174,2020-01-13,6-10L,Regular,0,Automotive,Social Media
CUST00886,Mihir Agarwal,user886@email.com,24,Female,Madhya Pradesh,Ujjain,733355,2020-09-27,10-20L,Regular,0,Home & Kitchen,Email Campaign
CUST00887,Aarav Singh,user887@email.com,28,Male,Gujarat,Vadodara,465667,2023-12-28,3-6L,Regular,0,Sports & Fitness,Paid Ads
CUST00888,Sneha Pandey,user888@email.com,41,Female,Karnataka,Bengaluru,170115,2020-07-28,3-6L,Regular,1,Beauty & Health,Social Media
CUST00889,Akash Reddy,user889@email.com,38,Female,Karnataka,Hubli,288843,2022-07-30,10-20L,Regular,0,Electronics,Paid Ads
CUST00890,Nisha Mishra,user890@email.com,42,Male,Kerala,Thiruvananthapuram,526204,2023-01-23,3-6L,Regular,0,Automotive,Referral
CUST00891,Ishaan Mishra,user891@email.com,18,Female,Punjab,Ludhiana,213970,2023-05-28,3-6L,Regular,0,Grocery,Social Media
CUST00892,Karan Mishra,user892@email.com,42,Male,Kerala,Thiruvananthapuram,488510,2023-04-22,3-6L,New,1,Toys & Games,Email Campaign
CUST00893,Divya Malhotra,user893@email.com,51,Female,West Bengal,Siliguri,936997,2023-05-24,>20L,Regular,1,Toys & Games,App Store
CUST00894,Varun Mehta,user894@email.com,46,Female,Kerala,Thrissur,989157,2021-09-06,>20L,Regular,0,Grocery,Referral
CUST00895,Vikram Rao,user895@email.com,23,Female,Rajasthan,Ajmer,632529,2020-08-28,<3L,Regular,1,Beauty & Health,Organic Search
CUST00896,Rajesh Malhotra,user896@email.com,30,Female,Delhi,New Delhi,774043,2022-11-28,>20L,Premium,0,Automotive,Organic Search
CUST00897,Vikram Pandey,user897@email.com,35,Male,Tamil Nadu,Salem,997705,2018-08-01,<3L,New,0,Toys & Games,Organic Search
CUST00898,Shreya Iyer,user898@email.com,48,Female,Gujarat,Ahmedabad,203461,2023-01-29,3-6L,New,0,Electronics,Referral
CUST00899,Nisha Patel,user899@email.com,26,Female,Gujarat,Rajkot,419503,2018-04-30,6-10L,New,0,Electronics,Referral
CUST00900,Akash Mehta,user900@email.com,42,Male,Rajasthan,Kota,627630,2022-12-22,6-10L,Premium,1,Home & Kitchen,Referral
CUST00901,Utkarsh Reddy,user901@email.com,59,Female,Karnataka,Belgaum,705767,2022-11-20,3-6L,Regular,1,Fashion,App Store
CUST00902,Aditya Verma,user902@email.com,57,Female,Delhi,Faridabad,737575,2021-03-30,6-10L,VIP,1,Electronics,Organic Search
CUST00903,Arjun Malhotra,user903@email.com,47,Male,Delhi,Noida,999751,2023-01-21,3-6L,VIP,1,Office Supplies,Organic Search
CUST00904,Siddharth Singh,user904@email.com,32,Male,Punjab,Jalandhar,538688,2018-11-14,3-6L,VIP,0,Fashion,Email Campaign
CUST00905,Aditi Banerjee,user905@email.com,33,Female,Rajasthan,Jodhpur,260876,2020-12-01,3-6L,VIP,0,Toys & Games,Organic Search
CUST00906,Sunita Nair,user906@email.com,35,Female,Gujarat,Gandhinagar,380783,2018-02-28,>20L,Regular,1,Sports & Fitness,Referral
CUST00907,Shreya Gupta,user907@email.com,23,Male,Karnataka,Hubli,157226,2019-07-14,10-20L,Premium,1,Books,Referral
CUST00908,Kavya Mishra,user908@email.com,48,Male,Rajasthan,Kota,142464,2019-01-27,10-20L,New,1,Beauty & Health,Social Media
CUST00909,Meera Iyer,user909@email.com,31,Male,Telangana,Hyderabad,829692,2023-07-17,3-6L,Regular,1,Sports & Fitness,Social Media
CUST00910,Varun Nair,user910@email.com,35,Male,Kerala,Kozhikode,458171,2022-12-15,6-10L,VIP,0,Beauty & Health,Email Campaign
CUST00911,Nisha Shah,user911@email.com,25,Female,Andhra Pradesh,Vijayawada,307712,2018-07-01,6-10L,Premium,1,Books,App Store
CUST00912,Meera Reddy,user912@email.com,31,Male,Andhra Pradesh,Tirupati,708257,2023-11-28,6-10L,Regular,0,Beauty & Health,Organic Search
CUST00913,Isha Pillai,user913@email.com,33,Female,Kerala,Kochi,492945,2020-11-22,3-6L,VIP,0,Fashion,Organic Search
CUST00914,Aditi Nair,user914@email.com,24,Male,West Bengal,Asansol,102503,2022-11-13,6-10L,New,0,Grocery,Referral
CUST00915,Ananya Banerjee,user915@email.com,21,Male,Uttar Pradesh,Kanpur,567437,2021-09-08,3-6L,Premium,0,Office Supplies,Organic Search
CUST00916,Arjun Reddy,user916@email.com,43,Male,Andhra Pradesh,Vijayawada,828925,2023-01-14,<3L,VIP,0,Toys & Games,Paid Ads
CUST00917,Siddharth Singh,user917@email.com,23,Male,Punjab,Amritsar,330122,2023-06-02,<3L,Regular,1,Beauty & Health,Referral
CUST00918,Arjun Sharma,user918@email.com,30,Female,Rajasthan,Ajmer,775577,2021-08-03,10-20L,Regular,1,Fashion,Organic Search
CUST00919,Kavya Verma,user919@email.com,21,Female,Gujarat,Surat,765463,2021-12-02,6-10L,New,1,Automotive,Referral
CUST00920,Rajesh Singh,user920@email.com,19,Female,Andhra Pradesh,Guntur,998088,2019-05-14,6-10L,Regular,1,Grocery,Referral
CUST00921,Sunita Singh,user921@email.com,47,Female,Haryana,Faridabad,630231,2018-05-22,6-10L,New,1,Automotive,Organic Search
CUST00922,Riya Gupta,user922@email.com,24,Male,Bihar,Patna,342837,2023-03-08,6-10L,Regular,1,Beauty & Health,Social Media
CUST00923,Priya Rao,user923@email.com,36,Female,Delhi,Noida,176069,2023-05-19,3-6L,Premium,1,Toys & Games,Organic Search
CUST00924,Arjun Pandey,user924@email.com,22,Male,Uttar Pradesh,Agra,294626,2020-10-12,<3L,New,0,Fashion,Social Media
CUST00925,Utkarsh Malhotra,user925@email.com,22,Male,Rajasthan,Ajmer,697399,2020-01-18,3-6L,Regular,1,Home & Kitchen,Social Media
CUST00926,Mihir Reddy,user926@email.com,18,Female,Kerala,Thiruvananthapuram,826941,2022-02-07,<3L,Regular,0,Office Supplies,Social Media
CUST00927,Arjun Mishra,user927@email.com,30,Male,Karnataka,Hubli,257866,2023-12-24,6-10L,New,0,Automotive,Email Campaign
CUST00928,Rohit Malhotra,user928@email.com,52,Male,Tamil Nadu,Coimbatore,995919,2020-11-25,10-20L,New,0,Electronics,Paid Ads
CUST00929,Rohit Kumar,user929@email.com,37,Female,West Bengal,Asansol,337374,2019-11-27,<3L,VIP,1,Beauty & Health,Organic Search
CUST00930,Nisha Pillai,user930@email.com,42,Male,Kerala,Kollam,214118,2021-12-05,6-10L,Regular,1,Office Supplies,Paid Ads
CUST00931,Aarav Verma,user931@email.com,31,Male,Kerala,Thrissur,295200,2023-01-12,6-10L,Regular,1,Grocery,Social Media
CUST00932,Meera Sharma,user932@email.com,58,Male,Bihar,Gaya,999742,2022-04-14,>20L,Regular,0,Beauty & Health,Social Media
CUST00933,Siddharth Pillai,user933@email.com,42,Male,Maharashtra,Mumbai,547685,2020-06-29,<3L,Regular,1,Automotive,Social Media
CUST00934,Rahul Pillai,user934@email.com,50,Female,Bihar,Patna,144506,2019-07-06,<3L,VIP,0,Grocery,Email Campaign
CUST00935,Mihir Nair,user935@email.com,27,Female,West Bengal,Durgapur,995482,2018-09-04,<3L,VIP,0,Sports & Fitness,App Store
CUST00936,Riya Trivedi,user936@email.com,42,Female,West Bengal,Durgapur,999883,2020-11-03,3-6L,New,0,Electronics,Social Media
CUST00937,Aarav Singh,user937@email.com,47,Female,Tamil Nadu,Trichy,293692,2018-05-01,10-20L,VIP,0,Grocery,Referral
CUST00938,Karan Rao,user938@email.com,45,Male,Rajasthan,Udaipur,770797,2023-08-10,<3L,VIP,1,Books,Organic Search
CUST00939,Aditi Verma,user939@email.com,19,Male,Maharashtra,Mumbai,977904,2021-09-23,3-6L,Regular,1,Fashion,Email Campaign
CUST00940,Aditi Reddy,user940@email.com,25,Male,Uttar Pradesh,Lucknow,611421,2020-01-24,6-10L,Regular,1,Beauty & Health,Organic Search
CUST00941,Aditi Verma,user941@email.com,21,Female,Karnataka,Bengaluru,536686,2020-09-04,<3L,Premium,0,Grocery,Social Media
CUST00942,Rajesh Agarwal,user942@email.com,33,Female,Telangana,Hyderabad,898104,2019-08-03,6-10L,Regular,0,Beauty & Health,Paid Ads
CUST00943,Deepika Nair,user943@email.com,28,Female,Telangana,Warangal,403012,2022-09-18,6-10L,New,0,Home & Kitchen,Organic Search
CUST00944,Shreya Malhotra,user944@email.com,25,Female,Kerala,Kochi,501725,2022-01-31,3-6L,Premium,0,Home & Kitchen,Referral
CUST00945,Ishaan Rao,user945@email.com,57,Female,Bihar,Muzaffarpur,899875,2018-06-09,<3L,Premium,0,Electronics,Social Media
CUST00946,Mihir Agarwal,user946@email.com,49,Male,Uttar Pradesh,Allahabad,494141,2022-07-03,<3L,Regular,0,Sports & Fitness,Organic Search
CUST00947,Aditya Nair,user947@email.com,53,Female,Kerala,Kozhikode,696709,2018-12-20,3-6L,Premium,1,Automotive,Referral
CUST00948,Amit Pillai,user948@email.com,24,Female,Andhra Pradesh,Nellore,156418,2021-03-20,3-6L,Regular,1,Office Supplies,App Store
CUST00949,Sunita Pandey,user949@email.com,43,Female,Telangana,Warangal,497176,2020-10-22,3-6L,New,1,Electronics,Social Media
CUST00950,Riya Singh,user950@email.com,52,Female,Delhi,Noida,900559,2018-07-16,3-6L,New,0,Toys & Games,Paid Ads
CUST00951,Amit Joshi,user951@email.com,50,Female,Uttar Pradesh,Agra,974894,2018-05-26,>20L,New,0,Grocery,Referral
CUST00952,Yash Joshi,user952@email.com,56,Female,Kerala,Kozhikode,952190,2022-12-03,6-10L,Regular,1,Toys & Games,Social Media
CUST00953,Meera Pillai,user953@email.com,31,Male,Madhya Pradesh,Gwalior,629100,2021-05-26,<3L,Premium,0,Home & Kitchen,Email Campaign
CUST00954,Kavya Iyer,user954@email.com,45,Male,Gujarat,Vadodara,115806,2022-10-29,3-6L,Regular,0,Fashion,Referral
CUST00955,Rahul Kumar,user955@email.com,24,Female,Madhya Pradesh,Indore,508215,2023-04-23,3-6L,Premium,0,Beauty & Health,Organic Search
CUST00956,Ananya Mehta,user956@email.com,21,Female,Maharashtra,Thane,378468,2020-06-08,3-6L,Premium,1,Beauty & Health,Paid Ads
CUST00957,Rohit Patel,user957@email.com,41,Female,West Bengal,Siliguri,852684,2023-10-28,<3L,Regular,1,Office Supplies,Referral
CUST00958,Ananya Singh,user958@email.com,36,Male,Punjab,Ludhiana,799475,2018-08-27,3-6L,Regular,0,Office Supplies,Social Media
CUST00959,Anjali Sharma,user959@email.com,35,Other,Delhi,Noida,459073,2020-07-23,>20L,Regular,0,Electronics,Organic Search
CUST00960,Ananya Nair,user960@email.com,57,Male,Maharashtra,Pune,206526,2022-04-16,6-10L,Premium,0,Grocery,Paid Ads
CUST00961,Isha Gupta,user961@email.com,29,Male,West Bengal,Kolkata,472835,2019-08-06,6-10L,Regular,1,Sports & Fitness,Referral
CUST00962,Karan Shah,user962@email.com,57,Male,Gujarat,Ahmedabad,197893,2020-10-13,>20L,VIP,1,Home & Kitchen,Social Media
CUST00963,Mihir Reddy,user963@email.com,40,Female,Andhra Pradesh,Vijayawada,181543,2019-05-07,10-20L,Regular,0,Grocery,Organic Search
CUST00964,Mihir Reddy,user964@email.com,57,Female,Punjab,Ludhiana,319522,2020-07-07,10-20L,Regular,1,Electronics,Social Media
CUST00965,Pooja Rao,user965@email.com,45,Female,Bihar,Bhagalpur,886502,2019-01-22,3-6L,Premium,1,Fashion,Organic Search
CUST00966,Tanvi Shah,user966@email.com,55,Male,Telangana,Warangal,400792,2018-04-08,3-6L,Regular,1,Toys & Games,Email Campaign
CUST00967,Deepika Reddy,user967@email.com,51,Female,Uttar Pradesh,Agra,168953,2020-03-17,3-6L,Regular,0,Sports & Fitness,Organic Search
CUST00968,Vikram Pandey,user968@email.com,26,Female,Tamil Nadu,Madurai,853514,2023-08-16,<3L,Premium,0,Sports & Fitness,Social Media
CUST00969,Sunita Shah,user969@email.com,57,Female,Karnataka,Belgaum,855618,2022-09-04,6-10L,Regular,0,Toys & Games,Paid Ads
CUST00970,Manoj Kumar,user970@email.com,32,Female,Kerala,Thiruvananthapuram,888416,2018-09-04,3-6L,VIP,1,Sports & Fitness,Email Campaign
CUST00971,Ishaan Iyer,user971@email.com,26,Male,Maharashtra,Nagpur,807195,2021-05-26,<3L,Regular,0,Grocery,Paid Ads
CUST00972,Aarav Malhotra,user972@email.com,48,Male,Madhya Pradesh,Ujjain,453051,2020-05-09,<3L,Regular,1,Sports & Fitness,App Store
CUST00973,Aditya Rao,user973@email.com,19,Other,Gujarat,Surat,326669,2022-08-15,3-6L,Regular,1,Books,Organic Search
CUST00974,Shreya Mishra,user974@email.com,39,Female,Delhi,Faridabad,853668,2021-05-15,<3L,New,1,Sports & Fitness,Organic Search
CUST00975,Yash Pandey,user975@email.com,18,Male,Delhi,New Delhi,944758,2023-03-29,10-20L,Regular,0,Automotive,Referral
CUST00976,Riya Rao,user976@email.com,47,Male,Delhi,New Delhi,333402,2023-04-01,10-20L,New,1,Electronics,Referral
CUST00977,Arjun Rao,user977@email.com,31,Male,Tamil Nadu,Chennai,265358,2023-08-18,6-10L,New,0,Automotive,Referral
CUST00978,Aditya Singh,user978@email.com,56,Male,Kerala,Kochi,651410,2023-09-12,6-10L,Regular,0,Sports & Fitness,Social Media
CUST00979,Varun Patel,user979@email.com,52,Male,Tamil Nadu,Chennai,475204,2022-08-09,10-20L,VIP,1,Automotive,Social Media
CUST00980,Isha Joshi,user980@email.com,47,Male,Tamil Nadu,Salem,858801,2021-12-25,3-6L,Regular,0,Office Supplies,Organic Search
CUST00981,Rajesh Agarwal,user981@email.com,53,Female,Uttar Pradesh,Allahabad,174118,2021-09-21,10-20L,Regular,0,Sports & Fitness,Email Campaign
CUST00982,Sneha Gupta,user982@email.com,35,Male,Tamil Nadu,Salem,412788,2021-07-13,<3L,Premium,0,Books,Social Media
CUST00983,Isha Kumar,user983@email.com,54,Female,Gujarat,Vadodara,465844,2020-07-14,3-6L,New,0,Books,Paid Ads
CUST00984,Rajesh Singh,user984@email.com,40,Male,Punjab,Jalandhar,616227,2020-12-08,3-6L,Regular,1,Sports & Fitness,Organic Search
CUST00985,Rajesh Pillai,user985@email.com,56,Male,Punjab,Patiala,309800,2018-05-02,3-6L,Regular,0,Fashion,Social Media
CUST00986,Sneha Iyer,user986@email.com,58,Male,Haryana,Hisar,786805,2020-02-14,10-20L,New,1,Beauty & Health,Social Media
CUST00987,Priya Pillai,user987@email.com,35,Female,Telangana,Karimnagar,647464,2018-10-27,6-10L,Regular,1,Automotive,Social Media
CUST00988,Mihir Singh,user988@email.com,22,Male,Gujarat,Surat,503296,2020-11-10,>20L,New,0,Automotive,Organic Search
CUST00989,Vikram Agarwal,user989@email.com,20,Male,Telangana,Hyderabad,935602,2021-05-09,10-20L,Regular,0,Grocery,Organic Search
CUST00990,Aditi Kumar,user990@email.com,44,Male,Bihar,Patna,800681,2020-02-09,3-6L,Regular,0,Home & Kitchen,Email Campaign
CUST00991,Aditi Joshi,user991@email.com,54,Male,Punjab,Patiala,754015,2018-09-21,<3L,New,1,Fashion,Social Media
CUST00992,Aditya Patel,user992@email.com,58,Male,West Bengal,Kolkata,989098,2023-01-15,6-10L,New,0,Fashion,Email Campaign
CUST00993,Kavya Mishra,user993@email.com,38,Female,Rajasthan,Jodhpur,270109,2019-02-26,3-6L,VIP,0,Toys & Games,Referral
CUST00994,Siddharth Sharma,user994@email.com,50,Female,Maharashtra,Pune,313820,2022-11-07,10-20L,Regular,1,Beauty & Health,Referral
CUST00995,Aditi Kumar,user995@email.com,53,Female,Gujarat,Gandhinagar,439599,2019-07-25,<3L,Regular,1,Office Supplies,Paid Ads
CUST00996,Vikram Gupta,user996@email.com,19,Male,Andhra Pradesh,Visakhapatnam,378059,2020-07-03,<3L,Premium,0,Books,Social Media
CUST00997,Mihir Joshi,user997@email.com,33,Male,Haryana,Panipat,938880,2018-12-09,<3L,Regular,0,Books,Referral
CUST00998,Deepika Trivedi,user998@email.com,18,Male,Bihar,Patna,930823,2019-09-09,<3L,VIP,0,Automotive,Email Campaign
CUST00999,Yash Pandey,user999@email.com,57,Female,Bihar,Gaya,281890,2019-01-12,3-6L,Regular,0,Automotive,Social Media
CUST01000,Isha Joshi,user1000@email.com,39,Female,Punjab,Amritsar,661498,2021-02-28,6-10L,Regular,0,Sports & Fitness,Referral
CUST01001,Meera Sharma,user1001@email.com,41,Female,Punjab,Jalandhar,444495,2020-10-09,3-6L,VIP,0,Books,Social Media
CUST01002,Aarav Pillai,user1002@email.com,32,Female,Telangana,Nizamabad,201864,2019-10-27,3-6L,New,1,Books,Social Media
CUST01003,Ananya Sharma,user1003@email.com,36,Male,Haryana,Hisar,945780,2023-10-17,3-6L,VIP,0,Home & Kitchen,Paid Ads
CUST01004,Siddharth Iyer,user1004@email.com,35,Female,Telangana,Karimnagar,817719,2019-05-16,6-10L,Regular,1,Sports & Fitness,Organic Search
CUST01005,Tanvi Shah,user1005@email.com,30,Male,Uttar Pradesh,Agra,515622,2020-04-28,10-20L,Regular,0,Beauty & Health,Referral
CUST01006,Rajesh Verma,user1006@email.com,51,Male,Gujarat,Rajkot,417488,2020-09-26,<3L,Regular,1,Fashion,Organic Search
CUST01007,Priya Rao,user1007@email.com,51,Female,Andhra Pradesh,Tirupati,515861,2019-07-26,6-10L,New,0,Sports & Fitness,App Store
CUST01008,Sanjay Verma,user1008@email.com,21,Female,Gujarat,Rajkot,306486,2023-01-22,6-10L,VIP,1,Grocery,Organic Search
CUST01009,Siddharth Malhotra,user1009@email.com,57,Female,Madhya Pradesh,Indore,389029,2018-08-28,6-10L,Premium,0,Toys & Games,Paid Ads
CUST01010,Aarav Agarwal,user1010@email.com,42,Male,Bihar,Gaya,318934,2022-07-03,>20L,Regular,0,Books,Social Media
CUST01011,Aarav Pillai,user1011@email.com,24,Male,Karnataka,Hubli,333859,2018-10-06,10-20L,VIP,0,Books,Email Campaign
CUST01012,Varun Malhotra,user1012@email.com,58,Female,Punjab,Amritsar,842942,2018-04-22,3-6L,Regular,1,Sports & Fitness,Organic Search
CUST01013,Vikram Singh,user1013@email.com,55,Female,Haryana,Faridabad,425809,2023-09-23,6-10L,New,1,Office Supplies,Social Media
CUST01014,Aditya Patel,user1014@email.com,24,Other,Tamil Nadu,Madurai,592498,2018-12-19,6-10L,Premium,1,Electronics,Email Campaign
CUST01015,Manoj Shah,user1015@email.com,37,Male,Tamil Nadu,Salem,436085,2023-04-02,3-6L,Regular,1,Fashion,Social Media
CUST01016,Mihir Patel,user1016@email.com,38,Male,Maharashtra,Nashik,930817,2023-10-31,3-6L,Regular,1,Home & Kitchen,Email Campaign
CUST01017,Akash Joshi,user1017@email.com,52,Male,Delhi,Gurgaon,321439,2021-05-01,>20L,Premium,0,Books,Referral
CUST01018,Amit Mishra,user1018@email.com,23,Male,Bihar,Bhagalpur,609919,2021-11-29,6-10L,Regular,1,Fashion,Organic Search
CUST01019,Shreya Nair,user1019@email.com,58,Female,Kerala,Kochi,227948,2021-08-26,6-10L,Premium,0,Grocery,Organic Search
CUST01020,Deepika Verma,user1020@email.com,18,Male,Haryana,Hisar,417094,2023-10-03,6-10L,Regular,0,Automotive,Social Media
CUST01021,Karan Verma,user1021@email.com,32,Male,Madhya Pradesh,Jabalpur,901549,2019-03-24,6-10L,Regular,1,Beauty & Health,Organic Search
CUST01022,Karan Nair,user1022@email.com,54,Female,Madhya Pradesh,Jabalpur,998403,2023-04-06,<3L,Premium,1,Toys & Games,Email Campaign
CUST01023,Isha Mehta,user1023@email.com,58,Male,Maharashtra,Pune,687484,2022-05-28,>20L,Regular,0,Office Supplies,Organic Search
CUST01024,Arjun Mishra,user1024@email.com,55,Male,Maharashtra,Nashik,959892,2019-11-05,<3L,Premium,0,Sports & Fitness,Referral
CUST01025,Tanvi Agarwal,user1025@email.com,39,Male,Karnataka,Bengaluru,495012,2022-07-20,10-20L,VIP,1,Office Supplies,Social Media
CUST01026,Varun Banerjee,user1026@email.com,28,Male,Uttar Pradesh,Lucknow,399877,2023-07-08,3-6L,New,0,Automotive,Referral
CUST01027,Tanvi Iyer,user1027@email.com,47,Female,Delhi,Noida,378837,2022-02-26,6-10L,New,0,Home & Kitchen,Email Campaign
CUST01028,Vikram Malhotra,user1028@email.com,22,Male,Delhi,New Delhi,175460,2023-09-10,10-20L,Regular,0,Fashion,Referral
CUST01029,Deepika Rao,user1029@email.com,43,Male,Delhi,Gurgaon,998964,2020-11-16,<3L,New,0,Books,Email Campaign
CUST01030,Aditya Gupta,user1030@email.com,29,Male,Kerala,Thrissur,881911,2019-08-03,6-10L,Premium,0,Books,Email Campaign
CUST01031,Tanvi Gupta,user1031@email.com,31,Male,Punjab,Jalandhar,964849,2020-05-16,3-6L,New,0,Automotive,Paid Ads
CUST01032,Deepika Pillai,user1032@email.com,50,Female,Andhra Pradesh,Guntur,252068,2020-07-28,3-6L,VIP,1,Beauty & Health,Social Media
CUST01033,Utkarsh Malhotra,user1033@email.com,42,Female,Rajasthan,Jodhpur,215571,2023-10-20,10-20L,Regular,0,Toys & Games,Organic Search
CUST01034,Amit Rao,user1034@email.com,30,Female,Delhi,Ghaziabad,732576,2022-01-02,3-6L,New,0,Fashion,App Store
CUST01035,Kavya Mehta,user1035@email.com,20,Male,Kerala,Kollam,395932,2019-03-24,6-10L,VIP,0,Office Supplies,Organic Search
CUST01036,Rohit Shah,user1036@email.com,40,Male,Haryana,Faridabad,160835,2022-10-07,3-6L,Premium,1,Electronics,Email Campaign
CUST01037,Siddharth Sharma,user1037@email.com,48,Female,Karnataka,Bengaluru,506458,2023-03-12,10-20L,VIP,0,Home & Kitchen,Organic Search
CUST01038,Varun Joshi,user1038@email.com,57,Male,West Bengal,Asansol,859457,2020-11-13,3-6L,VIP,0,Home & Kitchen,Email Campaign
CUST01039,Rohit Trivedi,user1039@email.com,58,Male,Gujarat,Rajkot,920092,2018-12-04,<3L,Regular,1,Automotive,Social Media
CUST01040,Sanjay Agarwal,user1040@email.com,31,Female,Rajasthan,Jaipur,151490,2023-04-03,<3L,Regular,0,Home & Kitchen,Paid Ads
CUST01041,Siddharth Mishra,user1041@email.com,19,Male,Bihar,Patna,680304,2019-12-22,3-6L,New,0,Toys & Games,Organic Search
CUST01042,Sunita Malhotra,user1042@email.com,24,Male,Haryana,Hisar,762876,2018-02-18,6-10L,Regular,0,Beauty & Health,Email Campaign
CUST01043,Aditya Mehta,user1043@email.com,35,Male,Haryana,Rohtak,537389,2021-05-14,>20L,New,0,Beauty & Health,Organic Search
CUST01044,Priya Pillai,user1044@email.com,22,Male,Gujarat,Surat,561370,2021-10-29,3-6L,Premium,0,Toys & Games,Paid Ads
CUST01045,Rahul Mishra,user1045@email.com,23,Female,Andhra Pradesh,Guntur,310389,2019-06-23,6-10L,New,0,Beauty & Health,Social Media
CUST01046,Kavya Mehta,user1046@email.com,59,Male,Maharashtra,Nagpur,986095,2022-05-06,<3L,Regular,1,Office Supplies,Organic Search
CUST01047,Divya Banerjee,user1047@email.com,18,Female,Andhra Pradesh,Vijayawada,657966,2023-06-11,>20L,Regular,0,Books,Referral
CUST01048,Sneha Pandey,user1048@email.com,53,Female,Telangana,Hyderabad,202566,2022-10-17,6-10L,New,0,Books,Social Media
CUST01049,Rohit Malhotra,user1049@email.com,46,Female,West Bengal,Siliguri,648353,2023-01-13,>20L,Premium,1,Fashion,Referral
CUST01050,Arjun Gupta,user1050@email.com,22,Male,West Bengal,Asansol,529396,2023-07-30,6-10L,New,1,Toys & Games,Email Campaign
CUST01051,Isha Verma,user1051@email.com,33,Male,Kerala,Thiruvananthapuram,621480,2020-02-01,3-6L,VIP,0,Home & Kitchen,Social Media
CUST01052,Akash Sharma,user1052@email.com,54,Female,Punjab,Chandigarh,684895,2021-01-31,10-20L,Regular,0,Grocery,Referral
CUST01053,Mihir Mishra,user1053@email.com,33,Male,West Bengal,Howrah,674858,2023-06-18,<3L,VIP,0,Books,App Store
CUST01054,Riya Mishra,user1054@email.com,19,Male,Karnataka,Hubli,648408,2018-11-27,3-6L,Premium,0,Electronics,Email Campaign
CUST01055,Priya Patel,user1055@email.com,38,Female,Telangana,Khammam,570025,2021-10-09,3-6L,Regular,0,Electronics,Email Campaign
CUST01056,Amit Malhotra,user1056@email.com,35,Male,Maharashtra,Nashik,877804,2023-05-03,>20L,New,0,Home & Kitchen,App Store
CUST01057,Aditi Nair,user1057@email.com,48,Female,Bihar,Gaya,412100,2022-05-10,3-6L,Premium,0,Books,Referral
CUST01058,Meera Verma,user1058@email.com,30,Male,Kerala,Kollam,945291,2020-07-02,<3L,Regular,0,Toys & Games,Organic Search
CUST01059,Sneha Verma,user1059@email.com,37,Female,Haryana,Rohtak,781810,2019-12-04,3-6L,Premium,0,Electronics,Paid Ads
CUST01060,Ananya Trivedi,user1060@email.com,48,Female,Gujarat,Surat,321930,2022-10-09,3-6L,New,0,Electronics,Social Media
CUST01061,Manoj Kumar,user1061@email.com,20,Female,Maharashtra,Nagpur,153008,2021-02-14,6-10L,Premium,1,Books,Social Media
CUST01062,Varun Pandey,user1062@email.com,25,Male,Punjab,Chandigarh,258053,2019-04-16,<3L,Regular,0,Automotive,App Store
CUST01063,Siddharth Pillai,user1063@email.com,35,Male,Andhra Pradesh,Visakhapatnam,311892,2023-07-17,>20L,VIP,0,Books,Organic Search
CUST01064,Pooja Joshi,user1064@email.com,60,Male,Kerala,Kochi,487966,2018-03-07,<3L,New,1,Toys & Games,Referral
CUST01065,Yash Singh,user1065@email.com,33,Female,Andhra Pradesh,Visakhapatnam,487144,2019-04-23,3-6L,New,0,Beauty & Health,Paid Ads
CUST01066,Aditya Rao,user1066@email.com,54,Male,Uttar Pradesh,Varanasi,308869,2019-12-23,>20L,VIP,0,Electronics,Organic Search
CUST01067,Sanjay Shah,user1067@email.com,30,Male,Uttar Pradesh,Kanpur,356619,2018-03-24,>20L,Premium,0,Fashion,Email Campaign
CUST01068,Sanjay Shah,user1068@email.com,30,Male,Bihar,Gaya,429505,2021-09-21,10-20L,New,0,Sports & Fitness,Email Campaign
CUST01069,Ananya Rao,user1069@email.com,26,Female,Bihar,Muzaffarpur,208012,2018-04-04,6-10L,Regular,1,Fashion,Organic Search
CUST01070,Siddharth Mehta,user1070@email.com,20,Male,Madhya Pradesh,Jabalpur,186990,2023-05-14,3-6L,Regular,0,Electronics,Email Campaign
CUST01071,Sanjay Kumar,user1071@email.com,32,Male,Andhra Pradesh,Visakhapatnam,814429,2020-03-20,>20L,Premium,0,Beauty & Health,Organic Search
CUST01072,Rajesh Iyer,user1072@email.com,46,Female,Karnataka,Belgaum,673690,2019-11-27,6-10L,Regular,0,Toys & Games,Organic Search
CUST01073,Varun Malhotra,user1073@email.com,19,Female,Telangana,Warangal,206599,2019-03-14,<3L,Premium,0,Office Supplies,Email Campaign
CUST01074,Amit Malhotra,user1074@email.com,48,Female,Uttar Pradesh,Lucknow,529240,2020-05-19,10-20L,Regular,0,Office Supplies,Organic Search
CUST01075,Riya Reddy,user1075@email.com,26,Female,Delhi,Ghaziabad,829458,2022-12-13,<3L,Premium,0,Fashion,Paid Ads
CUST01076,Rajesh Pandey,user1076@email.com,22,Male,Uttar Pradesh,Kanpur,273364,2020-12-17,6-10L,VIP,0,Beauty & Health,Social Media
CUST01077,Tanvi Banerjee,user1077@email.com,23,Male,Rajasthan,Udaipur,864970,2018-09-28,10-20L,Premium,0,Office Supplies,Organic Search
CUST01078,Varun Mehta,user1078@email.com,51,Female,Telangana,Khammam,776859,2019-08-15,6-10L,Regular,0,Home & Kitchen,Organic Search
CUST01079,Pooja Kumar,user1079@email.com,27,Female,Karnataka,Bengaluru,345613,2021-07-07,>20L,Premium,1,Books,Referral
CUST01080,Riya Gupta,user1080@email.com,60,Female,Telangana,Karimnagar,502588,2023-07-09,3-6L,Regular,0,Books,Email Campaign
CUST01081,Sanjay Iyer,user1081@email.com,50,Male,West Bengal,Durgapur,824944,2019-12-08,3-6L,Premium,0,Office Supplies,Referral
CUST01082,Siddharth Agarwal,user1082@email.com,25,Male,Rajasthan,Jodhpur,150780,2021-09-26,>20L,Premium,1,Office Supplies,Referral
CUST01083,Varun Verma,user1083@email.com,57,Male,Kerala,Kozhikode,664933,2023-10-02,6-10L,Regular,0,Home & Kitchen,Paid Ads
CUST01084,Karan Pandey,user1084@email.com,46,Male,West Bengal,Durgapur,407135,2019-02-23,6-10L,Regular,0,Grocery,Referral
CUST01085,Priya Verma,user1085@email.com,30,Male,West Bengal,Kolkata,854404,2019-06-23,3-6L,New,0,Toys & Games,App Store
CUST01086,Arjun Pandey,user1086@email.com,22,Male,Tamil Nadu,Coimbatore,535272,2021-11-22,10-20L,New,0,Office Supplies,Referral
CUST01087,Meera Verma,user1087@email.com,48,Male,Telangana,Hyderabad,682508,2021-12-22,3-6L,New,0,Grocery,Referral
CUST01088,Anjali Shah,user1088@email.com,20,Male,Gujarat,Vadodara,623617,2020-10-05,6-10L,New,0,Toys & Games,Referral
CUST01089,Siddharth Pandey,user1089@email.com,55,Male,Punjab,Ludhiana,300149,2019-02-02,10-20L,Regular,0,Office Supplies,Social Media
CUST01090,Rahul Pillai,user1090@email.com,39,Male,Madhya Pradesh,Ujjain,217382,2022-12-15,6-10L,New,1,Office Supplies,Paid Ads
CUST01091,Priya Agarwal,user1091@email.com,32,Male,Gujarat,Rajkot,714164,2023-05-18,3-6L,New,1,Fashion,Social Media
CUST01092,Aarav Rao,user1092@email.com,59,Male,Rajasthan,Jodhpur,436068,2023-01-05,6-10L,VIP,0,Automotive,Social Media
CUST01093,Sunita Joshi,user1093@email.com,41,Male,Gujarat,Ahmedabad,958384,2018-12-05,3-6L,Regular,1,Home & Kitchen,App Store
CUST01094,Sanjay Kumar,user1094@email.com,43,Male,Rajasthan,Kota,784537,2023-02-15,6-10L,New,0,Grocery,Email Campaign
CUST01095,Akash Verma,user1095@email.com,57,Female,Bihar,Darbhanga,783530,2022-02-03,3-6L,VIP,0,Automotive,Paid Ads
CUST01096,Vikram Patel,user1096@email.com,25,Female,Rajasthan,Ajmer,650840,2018-09-23,<3L,Premium,1,Toys & Games,Paid Ads
CUST01097,Rohit Rao,user1097@email.com,48,Male,Madhya Pradesh,Bhopal,811769,2023-03-22,10-20L,VIP,0,Home & Kitchen,Referral
CUST01098,Rahul Iyer,user1098@email.com,29,Male,Delhi,Faridabad,290109,2023-03-27,3-6L,New,0,Fashion,Organic Search
CUST01099,Akash Patel,user1099@email.com,53,Male,Maharashtra,Nagpur,997244,2021-02-10,3-6L,Premium,0,Beauty & Health,Paid Ads
CUST01100,Aditi Malhotra,user1100@email.com,43,Male,Maharashtra,Mumbai,821669,2020-08-13,3-6L,New,0,Grocery,Paid Ads
CUST01101,Karan Gupta,user1101@email.com,57,Male,Kerala,Thiruvananthapuram,973006,2018-05-02,10-20L,Premium,0,Toys & Games,Email Campaign
CUST01102,Varun Shah,user1102@email.com,22,Female,Telangana,Khammam,676328,2019-01-18,>20L,Premium,0,Home & Kitchen,Social Media
CUST01103,Vikram Pandey,user1103@email.com,57,Female,Karnataka,Mangaluru,512360,2021-05-19,<3L,Regular,0,Books,Social Media
CUST01104,Shreya Banerjee,user1104@email.com,43,Female,Uttar Pradesh,Allahabad,267804,2023-01-21,6-10L,Regular,0,Toys & Games,Organic Search
CUST01105,Sanjay Pillai,user1105@email.com,40,Male,Madhya Pradesh,Jabalpur,328193,2021-12-19,6-10L,Premium,1,Electronics,Organic Search
CUST01106,Shreya Patel,user1106@email.com,46,Female,Andhra Pradesh,Nellore,843269,2021-04-04,<3L,Premium,0,Grocery,Email Campaign
CUST01107,Aditya Shah,user1107@email.com,45,Female,Telangana,Karimnagar,630089,2020-08-30,3-6L,Regular,1,Sports & Fitness,Social Media
CUST01108,Sanjay Mehta,user1108@email.com,21,Male,Andhra Pradesh,Visakhapatnam,708110,2021-12-19,10-20L,Regular,0,Books,Social Media
CUST01109,Divya Pandey,user1109@email.com,23,Male,Karnataka,Mangaluru,316351,2022-04-16,10-20L,Regular,0,Grocery,App Store
CUST01110,Aarav Shah,user1110@email.com,18,Female,Kerala,Kochi,160043,2022-04-30,6-10L,Regular,0,Fashion,Organic Search
CUST01111,Rahul Joshi,user1111@email.com,43,Male,Uttar Pradesh,Lucknow,412398,2021-09-15,6-10L,Regular,0,Sports & Fitness,Organic Search
CUST01112,Rohit Shah,user1112@email.com,50,Male,Punjab,Chandigarh,852545,2021-06-03,<3L,Premium,0,Beauty & Health,Referral
CUST01113,Karan Rao,user1113@email.com,36,Male,Madhya Pradesh,Jabalpur,179833,2018-06-18,6-10L,Premium,0,Books,Social Media
CUST01114,Mihir Kumar,user1114@email.com,27,Female,Rajasthan,Udaipur,658391,2020-01-31,<3L,Premium,1,Grocery,Email Campaign
CUST01115,Kavya Verma,user1115@email.com,39,Male,Karnataka,Mangaluru,910111,2018-05-29,3-6L,Regular,0,Fashion,Social Media
CUST01116,Aditya Shah,user1116@email.com,30,Female,Rajasthan,Jaipur,292718,2023-10-21,<3L,New,1,Home & Kitchen,Paid Ads
CUST01117,Rahul Rao,user1117@email.com,35,Male,West Bengal,Durgapur,224756,2022-09-13,6-10L,Regular,1,Grocery,Organic Search
CUST01118,Rajesh Mishra,user1118@email.com,39,Female,Madhya Pradesh,Indore,599007,2020-12-28,>20L,New,0,Home & Kitchen,Organic Search
CUST01119,Priya Malhotra,user1119@email.com,48,Male,Bihar,Gaya,973608,2018-11-30,3-6L,Regular,0,Beauty & Health,Referral
CUST01120,Varun Sharma,user1120@email.com,22,Male,Uttar Pradesh,Agra,165525,2018-04-04,10-20L,Regular,0,Grocery,Organic Search
CUST01121,Tanvi Patel,user1121@email.com,29,Male,Delhi,Faridabad,852400,2023-09-11,6-10L,Premium,0,Grocery,Paid Ads
CUST01122,Shreya Singh,user1122@email.com,57,Female,Maharashtra,Pune,898803,2021-05-05,3-6L,New,0,Automotive,Referral
CUST01123,Isha Banerjee,user1123@email.com,34,Female,Telangana,Warangal,468604,2021-12-04,<3L,VIP,0,Beauty & Health,Social Media
CUST01124,Tanvi Malhotra,user1124@email.com,38,Male,Andhra Pradesh,Tirupati,849725,2018-12-09,6-10L,New,0,Office Supplies,Email Campaign
CUST01125,Tanvi Patel,user1125@email.com,23,Male,Bihar,Gaya,916191,2021-02-25,3-6L,Regular,1,Grocery,Organic Search
CUST01126,Varun Joshi,user1126@email.com,35,Male,Maharashtra,Nashik,868426,2021-09-25,3-6L,Regular,1,Home & Kitchen,Social Media
CUST01127,Sneha Shah,user1127@email.com,37,Female,Madhya Pradesh,Indore,534675,2019-06-07,10-20L,New,0,Home & Kitchen,Social Media
CUST01128,Rohit Verma,user1128@email.com,35,Male,Andhra Pradesh,Visakhapatnam,611193,2019-07-12,3-6L,Regular,1,Electronics,Paid Ads
CUST01129,Yash Gupta,user1129@email.com,47,Female,Bihar,Bhagalpur,269160,2020-08-07,6-10L,Premium,1,Beauty & Health,Organic Search
CUST01130,Utkarsh Sharma,user1130@email.com,28,Female,Punjab,Ludhiana,269833,2021-12-10,6-10L,Premium,0,Grocery,Organic Search
CUST01131,Riya Patel,user1131@email.com,35,Female,Delhi,Ghaziabad,104374,2019-11-03,3-6L,Premium,1,Automotive,Referral
CUST01132,Utkarsh Shah,user1132@email.com,31,Female,Delhi,Faridabad,844163,2023-07-08,6-10L,Regular,0,Automotive,Paid Ads
CUST01133,Siddharth Gupta,user1133@email.com,52,Female,Kerala,Kollam,823214,2020-08-13,3-6L,New,0,Books,Email Campaign
CUST01134,Yash Malhotra,user1134@email.com,26,Female,Andhra Pradesh,Guntur,617885,2020-08-27,<3L,Premium,0,Electronics,Paid Ads
CUST01135,Priya Singh,user1135@email.com,49,Male,West Bengal,Durgapur,480781,2018-11-09,10-20L,Regular,0,Automotive,Social Media
CUST01136,Siddharth Sharma,user1136@email.com,44,Female,Rajasthan,Kota,714627,2020-05-04,<3L,Regular,0,Sports & Fitness,Social Media
CUST01137,Pooja Pillai,user1137@email.com,22,Female,West Bengal,Siliguri,466039,2018-09-08,3-6L,Regular,0,Books,Organic Search
CUST01138,Kavya Singh,user1138@email.com,28,Male,Andhra Pradesh,Tirupati,831965,2019-03-07,3-6L,Premium,0,Home & Kitchen,App Store
CUST01139,Sneha Reddy,user1139@email.com,28,Male,Punjab,Chandigarh,275691,2023-08-14,3-6L,VIP,1,Toys & Games,Organic Search
CUST01140,Meera Nair,user1140@email.com,50,Male,Andhra Pradesh,Nellore,779379,2018-04-25,>20L,Regular,0,Automotive,Social Media
CUST01141,Isha Kumar,user1141@email.com,42,Male,West Bengal,Kolkata,422806,2020-07-06,<3L,Regular,0,Sports & Fitness,Organic Search
CUST01142,Rohit Nair,user1142@email.com,24,Female,Madhya Pradesh,Jabalpur,519673,2021-12-12,3-6L,Premium,0,Automotive,Referral
CUST01143,Siddharth Reddy,user1143@email.com,33,Female,Telangana,Karimnagar,694182,2019-06-06,>20L,Regular,1,Automotive,App Store
CUST01144,Sunita Pandey,user1144@email.com,42,Male,Telangana,Nizamabad,950341,2022-09-30,10-20L,Regular,0,Home & Kitchen,Email Campaign
CUST01145,Meera Agarwal,user1145@email.com,59,Female,Gujarat,Vadodara,480408,2021-10-29,3-6L,New,0,Fashion,Email Campaign
CUST01146,Rajesh Singh,user1146@email.com,49,Female,Telangana,Karimnagar,271405,2022-11-27,<3L,Regular,1,Automotive,Email Campaign
CUST01147,Akash Nair,user1147@email.com,52,Female,Gujarat,Gandhinagar,368278,2021-12-07,3-6L,Regular,0,Home & Kitchen,Social Media
CUST01148,Sunita Mishra,user1148@email.com,38,Male,Andhra Pradesh,Visakhapatnam,171294,2018-05-09,>20L,Premium,0,Grocery,Referral
CUST01149,Ananya Sharma,user1149@email.com,58,Male,Bihar,Muzaffarpur,846363,2019-03-20,10-20L,Regular,0,Home & Kitchen,Referral
CUST01150,Meera Trivedi,user1150@email.com,37,Male,Gujarat,Gandhinagar,251796,2022-10-18,6-10L,Regular,0,Office Supplies,Paid Ads
CUST01151,Sanjay Mishra,user1151@email.com,39,Female,Delhi,Faridabad,352403,2021-01-04,<3L,Regular,0,Toys & Games,Social Media
CUST01152,Rohit Sharma,user1152@email.com,29,Female,Gujarat,Surat,583173,2019-06-26,3-6L,Regular,1,Books,Paid Ads
CUST01153,Nisha Agarwal,user1153@email.com,19,Male,West Bengal,Howrah,756288,2020-03-30,3-6L,Regular,1,Beauty & Health,Paid Ads
CUST01154,Rajesh Nair,user1154@email.com,22,Male,Rajasthan,Udaipur,279429,2022-09-07,6-10L,Premium,0,Electronics,Referral
CUST01155,Meera Joshi,user1155@email.com,44,Male,Andhra Pradesh,Nellore,285977,2020-11-09,3-6L,Premium,0,Beauty & Health,Paid Ads
CUST01156,Arjun Sharma,user1156@email.com,58,Male,Uttar Pradesh,Lucknow,782375,2018-03-01,6-10L,Regular,0,Office Supplies,Organic Search
CUST01157,Utkarsh Pillai,user1157@email.com,23,Male,Karnataka,Bengaluru,746868,2018-09-26,3-6L,Regular,0,Toys & Games,Referral
CUST01158,Rahul Nair,user1158@email.com,53,Male,Karnataka,Mysuru,791573,2023-07-15,6-10L,Regular,0,Grocery,Referral
CUST01159,Isha Shah,user1159@email.com,50,Male,Punjab,Ludhiana,756174,2020-12-26,3-6L,Premium,0,Office Supplies,Paid Ads
CUST01160,Manoj Pillai,user1160@email.com,24,Male,Bihar,Bhagalpur,880916,2022-08-05,6-10L,Premium,0,Sports & Fitness,Organic Search
CUST01161,Sanjay Shah,user1161@email.com,49,Male,Maharashtra,Nashik,581718,2020-03-08,3-6L,Premium,0,Beauty & Health,Paid Ads
CUST01162,Mihir Rao,user1162@email.com,48,Male,Andhra Pradesh,Vijayawada,494600,2018-04-14,10-20L,Premium,0,Electronics,Email Campaign
CUST01163,Nisha Pandey,user1163@email.com,36,Male,Gujarat,Rajkot,887991,2023-01-28,6-10L,Regular,1,Sports & Fitness,Organic Search
CUST01164,Aditya Pandey,user1164@email.com,21,Male,Uttar Pradesh,Kanpur,895507,2022-12-23,<3L,New,0,Beauty & Health,Social Media
CUST01165,Aditya Kumar,user1165@email.com,38,Female,Punjab,Ludhiana,540225,2023-02-16,<3L,New,0,Automotive,Social Media
CUST01166,Aarav Trivedi,user1166@email.com,57,Male,Bihar,Darbhanga,929792,2021-09-28,6-10L,Regular,1,Office Supplies,Paid Ads
CUST01167,Varun Mishra,user1167@email.com,56,Male,Telangana,Karimnagar,525486,2022-11-30,6-10L,Regular,1,Grocery,Organic Search
CUST01168,Sanjay Shah,user1168@email.com,60,Male,West Bengal,Kolkata,538620,2023-01-14,10-20L,Premium,1,Electronics,Social Media
CUST01169,Sunita Kumar,user1169@email.com,58,Male,Haryana,Gurugram,629612,2023-09-24,6-10L,Regular,0,Sports & Fitness,Email Campaign
CUST01170,Sanjay Rao,user1170@email.com,42,Male,Tamil Nadu,Coimbatore,290226,2022-08-29,10-20L,Regular,0,Grocery,Social Media
CUST01171,Shreya Iyer,user1171@email.com,31,Male,West Bengal,Asansol,463517,2019-04-17,6-10L,Regular,1,Beauty & Health,Organic Search
CUST01172,Pooja Gupta,user1172@email.com,20,Male,Andhra Pradesh,Vijayawada,818785,2018-03-17,3-6L,Premium,0,Sports & Fitness,Social Media
CUST01173,Deepika Trivedi,user1173@email.com,48,Female,Madhya Pradesh,Gwalior,233192,2022-12-11,6-10L,Premium,0,Sports & Fitness,Social Media
CUST01174,Sanjay Joshi,user1174@email.com,59,Male,Tamil Nadu,Chennai,227338,2021-03-14,<3L,Regular,0,Beauty & Health,Organic Search
CUST01175,Arjun Sharma,user1175@email.com,22,Male,Rajasthan,Udaipur,628439,2018-08-26,3-6L,Regular,0,Beauty & Health,Referral
CUST01176,Meera Pandey,user1176@email.com,51,Female,Telangana,Warangal,532668,2023-08-01,<3L,New,0,Books,Paid Ads
CUST01177,Mihir Pillai,user1177@email.com,18,Male,Kerala,Thrissur,696714,2023-11-29,>20L,Regular,0,Home & Kitchen,Organic Search
CUST01178,Sneha Shah,user1178@email.com,35,Male,Maharashtra,Nagpur,591176,2023-01-18,6-10L,New,0,Books,Social Media
CUST01179,Amit Mehta,user1179@email.com,49,Male,Madhya Pradesh,Bhopal,853857,2018-07-02,<3L,Regular,1,Grocery,Referral
CUST01180,Sneha Reddy,user1180@email.com,59,Male,Punjab,Amritsar,667310,2021-08-29,<3L,New,1,Automotive,Social Media
CUST01181,Divya Nair,user1181@email.com,36,Female,Uttar Pradesh,Kanpur,550782,2021-12-11,6-10L,Regular,0,Toys & Games,Organic Search
CUST01182,Vikram Trivedi,user1182@email.com,27,Male,Maharashtra,Mumbai,114968,2020-02-07,3-6L,Premium,1,Sports & Fitness,Organic Search
CUST01183,Karan Sharma,user1183@email.com,40,Male,Tamil Nadu,Trichy,743866,2020-11-27,3-6L,Premium,0,Beauty & Health,Paid Ads
CUST01184,Sanjay Pandey,user1184@email.com,37,Female,Punjab,Ludhiana,261032,2023-08-27,3-6L,Premium,0,Sports & Fitness,Paid Ads
CUST01185,Manoj Nair,user1185@email.com,25,Male,Haryana,Faridabad,255593,2019-05-25,3-6L,Regular,0,Sports & Fitness,Organic Search
CUST01186,Mihir Agarwal,user1186@email.com,40,Male,Telangana,Khammam,702798,2019-02-04,10-20L,New,1,Home & Kitchen,Social Media
CUST01187,Sunita Gupta,user1187@email.com,19,Male,Kerala,Kollam,232205,2019-02-20,10-20L,New,0,Beauty & Health,Paid Ads
CUST01188,Ishaan Singh,user1188@email.com,56,Male,Uttar Pradesh,Varanasi,344114,2023-10-29,6-10L,New,1,Grocery,Referral
CUST01189,Sanjay Mishra,user1189@email.com,38,Male,Karnataka,Hubli,194736,2023-02-06,10-20L,Regular,0,Automotive,App Store
CUST01190,Siddharth Patel,user1190@email.com,46,Male,Uttar Pradesh,Agra,311664,2018-04-29,3-6L,VIP,0,Home & Kitchen,Referral
CUST01191,Rohit Malhotra,user1191@email.com,41,Male,Telangana,Hyderabad,339384,2019-06-24,10-20L,Regular,1,Automotive,Social Media
CUST01192,Ishaan Trivedi,user1192@email.com,37,Female,Madhya Pradesh,Ujjain,555819,2021-11-02,<3L,Regular,1,Electronics,Email Campaign
CUST01193,Aarav Pillai,user1193@email.com,51,Male,Punjab,Jalandhar,127529,2020-08-04,<3L,New,0,Home & Kitchen,Referral
CUST01194,Aarav Trivedi,user1194@email.com,34,Female,Andhra Pradesh,Vijayawada,416500,2023-04-16,10-20L,Regular,0,Office Supplies,Social Media
CUST01195,Rajesh Sharma,user1195@email.com,57,Female,Rajasthan,Kota,895453,2022-06-28,<3L,Premium,0,Beauty & Health,Referral
CUST01196,Meera Mishra,user1196@email.com,59,Male,Tamil Nadu,Coimbatore,535424,2023-01-19,3-6L,Regular,0,Toys & Games,Referral
CUST01197,Kavya Verma,user1197@email.com,45,Female,Delhi,New Delhi,242853,2019-03-24,3-6L,New,1,Automotive,Referral
CUST01198,Tanvi Pandey,user1198@email.com,43,Female,Maharashtra,Nagpur,913024,2021-08-05,6-10L,Regular,0,Sports & Fitness,Organic Search
CUST01199,Aditya Sharma,user1199@email.com,43,Female,Haryana,Hisar,659628,2018-02-15,6-10L,Premium,0,Home & Kitchen,Organic Search
CUST01200,Arjun Reddy,user1200@email.com,25,Female,Karnataka,Bengaluru,853087,2021-07-20,<3L,New,1,Toys & Games,Referral
CUST01201,Sneha Malhotra,user1201@email.com,50,Male,Telangana,Warangal,134707,2018-03-05,10-20L,Premium,1,Home & Kitchen,Social Media
CUST01202,Aditi Pandey,user1202@email.com,30,Male,Delhi,Faridabad,705926,2022-05-20,>20L,Regular,1,Toys & Games,Social Media
CUST01203,Ishaan Pandey,user1203@email.com,23,Male,Maharashtra,Nashik,538487,2020-03-14,>20L,Regular,1,Office Supplies,Email Campaign
CUST01204,Anjali Shah,user1204@email.com,53,Male,Rajasthan,Jaipur,722618,2020-07-04,10-20L,Premium,1,Toys & Games,Paid Ads
CUST01205,Mihir Patel,user1205@email.com,45,Female,Bihar,Gaya,321494,2018-10-09,6-10L,Premium,0,Sports & Fitness,App Store
CUST01206,Divya Reddy,user1206@email.com,28,Female,Kerala,Kollam,965676,2023-02-20,<3L,New,0,Office Supplies,Social Media
CUST01207,Kavya Mehta,user1207@email.com,60,Male,West Bengal,Siliguri,371216,2022-02-22,6-10L,Premium,1,Beauty & Health,Referral
CUST01208,Aditya Shah,user1208@email.com,26,Female,Karnataka,Mysuru,338709,2022-07-28,<3L,Regular,1,Office Supplies,Organic Search
CUST01209,Yash Joshi,user1209@email.com,26,Male,Andhra Pradesh,Vijayawada,805074,2018-05-25,10-20L,New,0,Sports & Fitness,Organic Search
CUST01210,Riya Joshi,user1210@email.com,54,Female,Punjab,Jalandhar,825594,2023-06-20,3-6L,Premium,0,Electronics,Organic Search
CUST01211,Varun Joshi,user1211@email.com,54,Male,Rajasthan,Jodhpur,622782,2018-10-23,6-10L,Premium,1,Electronics,Referral
CUST01212,Varun Pillai,user1212@email.com,49,Female,Punjab,Jalandhar,247506,2019-12-29,6-10L,New,0,Grocery,Social Media
CUST01213,Aarav Banerjee,user1213@email.com,44,Male,Punjab,Patiala,370373,2022-01-07,10-20L,Premium,0,Home & Kitchen,Email Campaign
CUST01214,Isha Nair,user1214@email.com,32,Male,Delhi,Noida,891718,2020-06-03,6-10L,Regular,0,Fashion,Social Media
CUST01215,Riya Patel,user1215@email.com,30,Female,Delhi,Gurgaon,982481,2018-09-08,<3L,Regular,1,Sports & Fitness,Email Campaign
CUST01216,Amit Nair,user1216@email.com,44,Male,Karnataka,Mysuru,127622,2018-04-29,10-20L,Regular,0,Office Supplies,Referral
CUST01217,Karan Singh,user1217@email.com,32,Female,West Bengal,Siliguri,772686,2019-09-07,>20L,VIP,0,Automotive,Email Campaign
CUST01218,Sanjay Gupta,user1218@email.com,23,Female,Andhra Pradesh,Guntur,195138,2020-06-12,6-10L,VIP,0,Grocery,Social Media
CUST01219,Varun Malhotra,user1219@email.com,21,Male,Maharashtra,Mumbai,937961,2023-04-06,10-20L,New,1,Books,Email Campaign
CUST01220,Kavya Rao,user1220@email.com,32,Female,Punjab,Ludhiana,621860,2023-02-22,<3L,Regular,0,Sports & Fitness,Social Media
CUST01221,Ishaan Singh,user1221@email.com,40,Male,Andhra Pradesh,Guntur,797407,2022-06-18,6-10L,New,0,Office Supplies,Organic Search
CUST01222,Arjun Iyer,user1222@email.com,45,Male,Uttar Pradesh,Kanpur,302142,2020-12-18,6-10L,Regular,0,Sports & Fitness,Social Media
CUST01223,Manoj Reddy,user1223@email.com,44,Female,Kerala,Kozhikode,413578,2022-08-15,6-10L,Regular,0,Sports & Fitness,Referral
CUST01224,Riya Joshi,user1224@email.com,25,Male,Gujarat,Gandhinagar,509725,2019-09-15,3-6L,Regular,0,Beauty & Health,Social Media
CUST01225,Riya Mehta,user1225@email.com,58,Male,Uttar Pradesh,Kanpur,108626,2022-05-12,>20L,New,1,Beauty & Health,Organic Search
CUST01226,Aditya Singh,user1226@email.com,43,Female,Telangana,Nizamabad,106160,2021-11-11,<3L,New,0,Home & Kitchen,Organic Search
CUST01227,Manoj Shah,user1227@email.com,33,Male,Tamil Nadu,Salem,597550,2023-09-30,<3L,Regular,1,Electronics,Organic Search
CUST01228,Divya Trivedi,user1228@email.com,50,Male,Haryana,Rohtak,257171,2022-12-25,<3L,Regular,0,Home & Kitchen,Social Media
CUST01229,Sneha Reddy,user1229@email.com,57,Female,Kerala,Kollam,212851,2021-07-23,10-20L,Regular,0,Books,Email Campaign
CUST01230,Rohit Reddy,user1230@email.com,43,Female,Uttar Pradesh,Agra,833407,2022-05-12,<3L,Regular,0,Home & Kitchen,Organic Search
CUST01231,Aditya Sharma,user1231@email.com,59,Male,Gujarat,Surat,384192,2020-07-27,3-6L,Regular,0,Beauty & Health,Referral
CUST01232,Sunita Agarwal,user1232@email.com,56,Female,Karnataka,Hubli,574166,2022-03-07,<3L,New,0,Electronics,Referral
CUST01233,Divya Singh,user1233@email.com,44,Female,Bihar,Bhagalpur,245638,2018-12-15,6-10L,Regular,0,Beauty & Health,Email Campaign
CUST01234,Tanvi Verma,user1234@email.com,26,Female,Gujarat,Vadodara,420027,2023-08-10,6-10L,VIP,0,Electronics,Organic Search
CUST01235,Aditya Rao,user1235@email.com,47,Male,Kerala,Kozhikode,851223,2022-07-04,<3L,Regular,0,Automotive,Social Media
CUST01236,Yash Rao,user1236@email.com,60,Male,Bihar,Darbhanga,758821,2020-06-23,10-20L,Regular,0,Books,Social Media
CUST01237,Sanjay Shah,user1237@email.com,58,Female,Delhi,Gurgaon,226327,2022-12-21,6-10L,Regular,1,Fashion,Organic Search
CUST01238,Meera Sharma,user1238@email.com,56,Female,Punjab,Chandigarh,989676,2020-12-09,6-10L,New,0,Toys & Games,Paid Ads
CUST01239,Deepika Malhotra,user1239@email.com,24,Male,Delhi,Gurgaon,666493,2021-12-04,3-6L,Regular,1,Sports & Fitness,Organic Search
CUST01240,Rahul Verma,user1240@email.com,46,Male,Kerala,Thiruvananthapuram,725054,2020-02-13,3-6L,New,0,Automotive,Organic Search
CUST01241,Arjun Pillai,user1241@email.com,48,Female,West Bengal,Siliguri,826014,2023-02-22,3-6L,Premium,0,Automotive,Social Media
CUST01242,Isha Verma,user1242@email.com,57,Female,Punjab,Ludhiana,140860,2021-01-01,3-6L,Regular,0,Home & Kitchen,Paid Ads
CUST01243,Aditya Pandey,user1243@email.com,50,Male,Gujarat,Ahmedabad,821227,2020-05-12,>20L,Regular,0,Fashion,Paid Ads
CUST01244,Vikram Sharma,user1244@email.com,48,Male,Tamil Nadu,Madurai,308022,2023-08-24,3-6L,New,0,Electronics,Organic Search
CUST01245,Aditi Agarwal,user1245@email.com,32,Male,Maharashtra,Pune,508953,2021-08-29,<3L,Regular,0,Electronics,Social Media
CUST01246,Aditya Kumar,user1246@email.com,59,Male,Karnataka,Belgaum,747854,2019-04-25,<3L,New,1,Grocery,Paid Ads
CUST01247,Sunita Singh,user1247@email.com,26,Male,Haryana,Rohtak,551057,2023-03-26,3-6L,Premium,0,Automotive,Organic Search
CUST01248,Utkarsh Malhotra,user1248@email.com,22,Male,Tamil Nadu,Trichy,490188,2023-04-07,3-6L,Regular,0,Beauty & Health,Organic Search
CUST01249,Siddharth Kumar,user1249@email.com,30,Male,Telangana,Khammam,730046,2022-06-17,<3L,New,0,Toys & Games,Referral
CUST01250,Sanjay Trivedi,user1250@email.com,33,Male,Andhra Pradesh,Vijayawada,663828,2019-12-11,3-6L,New,0,Electronics,Social Media
CUST01251,Arjun Trivedi,user1251@email.com,50,Female,Kerala,Thrissur,654680,2023-10-24,>20L,VIP,0,Beauty & Health,Referral
CUST01252,Meera Sharma,user1252@email.com,46,Male,Haryana,Gurugram,126014,2019-06-08,<3L,Regular,0,Home & Kitchen,Organic Search
CUST01253,Aarav Pillai,user1253@email.com,43,Male,Andhra Pradesh,Guntur,870656,2021-08-09,3-6L,Regular,0,Automotive,Paid Ads
CUST01254,Arjun Banerjee,user1254@email.com,51,Male,West Bengal,Siliguri,676107,2020-12-29,<3L,Regular,0,Electronics,Email Campaign
CUST01255,Nisha Pandey,user1255@email.com,35,Male,Maharashtra,Mumbai,589097,2020-11-11,10-20L,Premium,0,Office Supplies,Email Campaign
CUST01256,Utkarsh Singh,user1256@email.com,30,Female,Madhya Pradesh,Jabalpur,632257,2018-12-27,3-6L,Premium,1,Books,Paid Ads
CUST01257,Aditya Shah,user1257@email.com,56,Female,Gujarat,Vadodara,431255,2019-04-14,<3L,New,0,Office Supplies,Paid Ads
CUST01258,Karan Banerjee,user1258@email.com,55,Female,West Bengal,Asansol,868558,2020-03-12,6-10L,Premium,1,Beauty & Health,Social Media
CUST01259,Aditya Trivedi,user1259@email.com,58,Female,Madhya Pradesh,Indore,585970,2022-05-02,10-20L,Regular,0,Electronics,Organic Search
CUST01260,Kavya Rao,user1260@email.com,45,Female,Uttar Pradesh,Allahabad,218411,2022-06-29,10-20L,VIP,1,Office Supplies,Social Media
CUST01261,Shreya Banerjee,user1261@email.com,43,Female,Maharashtra,Pune,992948,2020-03-27,6-10L,Premium,0,Office Supplies,Organic Search
CUST01262,Priya Iyer,user1262@email.com,25,Male,Haryana,Faridabad,629960,2021-01-02,>20L,New,0,Toys & Games,Referral
CUST01263,Sneha Banerjee,user1263@email.com,45,Male,Haryana,Gurugram,393243,2022-05-07,3-6L,Premium,0,Books,Email Campaign
CUST01264,Rajesh Agarwal,user1264@email.com,35,Other,Andhra Pradesh,Visakhapatnam,287393,2021-02-16,3-6L,Premium,0,Home & Kitchen,Social Media
CUST01265,Pooja Rao,user1265@email.com,59,Female,Gujarat,Rajkot,214116,2020-11-01,6-10L,Regular,1,Toys & Games,Paid Ads
CUST01266,Pooja Iyer,user1266@email.com,29,Male,West Bengal,Siliguri,879532,2020-06-21,3-6L,Regular,0,Grocery,Social Media
CUST01267,Sanjay Pillai,user1267@email.com,55,Male,Karnataka,Belgaum,222286,2019-12-07,6-10L,Regular,0,Grocery,Paid Ads
CUST01268,Sneha Gupta,user1268@email.com,27,Male,Andhra Pradesh,Vijayawada,647728,2021-05-25,<3L,VIP,0,Toys & Games,Social Media
CUST01269,Amit Shah,user1269@email.com,57,Female,Haryana,Faridabad,733350,2020-05-10,3-6L,Regular,0,Electronics,Referral
CUST01270,Kavya Pandey,user1270@email.com,56,Female,Madhya Pradesh,Indore,248853,2022-09-09,6-10L,Regular,0,Fashion,Email Campaign
CUST01271,Rohit Gupta,user1271@email.com,32,Female,Kerala,Kollam,767022,2020-02-21,3-6L,Regular,0,Home & Kitchen,Social Media
CUST01272,Isha Mehta,user1272@email.com,36,Female,Haryana,Gurugram,901403,2022-08-28,6-10L,Regular,0,Sports & Fitness,Social Media
CUST01273,Rohit Agarwal,user1273@email.com,41,Female,Punjab,Amritsar,398055,2021-06-06,10-20L,Premium,1,Toys & Games,App Store
CUST01274,Mihir Shah,user1274@email.com,58,Female,Delhi,Ghaziabad,995693,2021-12-08,3-6L,New,0,Sports & Fitness,Organic Search
CUST01275,Karan Agarwal,user1275@email.com,50,Male,Kerala,Thrissur,176771,2020-01-02,3-6L,Regular,0,Automotive,App Store
CUST01276,Anjali Kumar,user1276@email.com,24,Male,Karnataka,Mangaluru,163665,2021-06-16,3-6L,New,0,Grocery,Email Campaign
CUST01277,Shreya Shah,user1277@email.com,38,Female,Tamil Nadu,Salem,889390,2021-03-20,6-10L,Regular,0,Toys & Games,Referral
CUST01278,Priya Iyer,user1278@email.com,40,Female,Madhya Pradesh,Jabalpur,936565,2020-03-31,>20L,New,0,Books,Social Media
CUST01279,Meera Trivedi,user1279@email.com,46,Female,Kerala,Thrissur,947946,2022-11-03,10-20L,Regular,0,Office Supplies,Referral
CUST01280,Nisha Malhotra,user1280@email.com,35,Male,Delhi,Noida,789822,2020-07-24,10-20L,Premium,0,Fashion,Referral
CUST01281,Rajesh Rao,user1281@email.com,22,Male,Gujarat,Vadodara,440242,2019-12-01,3-6L,Regular,1,Automotive,Referral
CUST01282,Nisha Pillai,user1282@email.com,33,Female,West Bengal,Siliguri,556264,2021-02-09,<3L,Regular,0,Books,Referral
CUST01283,Kavya Gupta,user1283@email.com,28,Female,Haryana,Hisar,318424,2022-02-26,3-6L,New,0,Books,Social Media
CUST01284,Varun Pandey,user1284@email.com,60,Male,Kerala,Kozhikode,552881,2023-12-23,6-10L,New,0,Grocery,Organic Search
CUST01285,Deepika Rao,user1285@email.com,24,Male,Kerala,Kochi,182405,2018-02-13,10-20L,New,0,Automotive,Organic Search
CUST01286,Aarav Sharma,user1286@email.com,57,Female,Tamil Nadu,Coimbatore,259933,2018-05-14,<3L,New,0,Fashion,Email Campaign
CUST01287,Divya Joshi,user1287@email.com,43,Male,Haryana,Rohtak,369918,2018-09-23,>20L,Premium,1,Automotive,Referral
CUST01288,Akash Mehta,user1288@email.com,45,Male,Tamil Nadu,Madurai,135726,2022-01-10,6-10L,VIP,0,Office Supplies,Social Media
CUST01289,Ananya Joshi,user1289@email.com,36,Male,Rajasthan,Ajmer,416378,2022-08-22,3-6L,Regular,0,Beauty & Health,Paid Ads
CUST01290,Amit Mehta,user1290@email.com,31,Female,Haryana,Hisar,433942,2021-10-19,<3L,Regular,1,Fashion,Social Media
CUST01291,Yash Shah,user1291@email.com,48,Male,Kerala,Kochi,411830,2019-09-13,>20L,Premium,0,Sports & Fitness,Social Media
CUST01292,Sunita Pandey,user1292@email.com,39,Male,Punjab,Chandigarh,922445,2023-01-08,6-10L,VIP,1,Office Supplies,Email Campaign
CUST01293,Divya Iyer,user1293@email.com,55,Male,Maharashtra,Nagpur,821696,2020-05-01,6-10L,VIP,0,Beauty & Health,Referral
CUST01294,Rahul Mehta,user1294@email.com,30,Male,Haryana,Gurugram,678012,2018-10-06,6-10L,Regular,0,Home & Kitchen,Social Media
CUST01295,Rohit Pillai,user1295@email.com,41,Female,Telangana,Karimnagar,537119,2023-02-22,3-6L,Regular,0,Fashion,Referral
CUST01296,Arjun Sharma,user1296@email.com,49,Male,West Bengal,Kolkata,531150,2023-01-13,3-6L,Premium,1,Automotive,Email Campaign
CUST01297,Karan Malhotra,user1297@email.com,29,Female,Haryana,Panipat,961339,2019-03-16,<3L,Premium,0,Fashion,Organic Search
CUST01298,Ishaan Reddy,user1298@email.com,22,Female,Uttar Pradesh,Lucknow,702946,2018-09-30,6-10L,Premium,1,Books,Email Campaign
CUST01299,Akash Rao,user1299@email.com,22,Male,Maharashtra,Mumbai,492730,2022-07-12,3-6L,Regular,0,Automotive,App Store
CUST01300,Siddharth Joshi,user1300@email.com,46,Male,Rajasthan,Jaipur,446191,2019-08-28,3-6L,Regular,0,Beauty & Health,Organic Search
CUST01301,Yash Agarwal,user1301@email.com,25,Female,Telangana,Nizamabad,792479,2021-12-11,6-10L,Regular,0,Electronics,Social Media
CUST01302,Nisha Pandey,user1302@email.com,50,Female,Haryana,Hisar,108548,2021-04-10,6-10L,Premium,1,Home & Kitchen,Social Media
CUST01303,Sunita Kumar,user1303@email.com,54,Male,Rajasthan,Udaipur,855814,2021-07-10,<3L,Regular,0,Books,Organic Search
CUST01304,Vikram Iyer,user1304@email.com,56,Female,Uttar Pradesh,Allahabad,284611,2022-07-14,3-6L,Regular,0,Beauty & Health,Paid Ads
CUST01305,Divya Shah,user1305@email.com,55,Male,Haryana,Rohtak,711488,2022-12-24,10-20L,Regular,0,Beauty & Health,Social Media
CUST01306,Aditi Singh,user1306@email.com,21,Male,Uttar Pradesh,Lucknow,943497,2018-01-27,3-6L,New,1,Electronics,Referral
CUST01307,Akash Pillai,user1307@email.com,35,Female,Telangana,Karimnagar,742796,2020-07-31,3-6L,Regular,0,Sports & Fitness,Paid Ads
CUST01308,Rajesh Sharma,user1308@email.com,49,Male,Delhi,Noida,320775,2019-12-17,3-6L,New,0,Sports & Fitness,Paid Ads
CUST01309,Sanjay Joshi,user1309@email.com,52,Male,Bihar,Patna,654396,2019-12-12,10-20L,Regular,1,Beauty & Health,Email Campaign
CUST01310,Varun Patel,user1310@email.com,37,Male,Karnataka,Bengaluru,789755,2020-02-28,>20L,Regular,0,Beauty & Health,Paid Ads
CUST01311,Rahul Mishra,user1311@email.com,33,Female,Tamil Nadu,Trichy,448592,2019-04-19,6-10L,Premium,1,Fashion,Paid Ads
CUST01312,Divya Pillai,user1312@email.com,50,Male,Punjab,Patiala,233070,2018-02-26,6-10L,Premium,1,Automotive,Referral
CUST01313,Sneha Reddy,user1313@email.com,18,Male,Karnataka,Mangaluru,672978,2018-06-22,6-10L,Regular,0,Sports & Fitness,Social Media
CUST01314,Aarav Patel,user1314@email.com,41,Female,Karnataka,Hubli,367081,2022-01-30,10-20L,Premium,1,Home & Kitchen,Paid Ads
CUST01315,Varun Kumar,user1315@email.com,59,Male,Haryana,Panipat,182282,2018-06-03,6-10L,Premium,0,Fashion,Organic Search
CUST01316,Vikram Sharma,user1316@email.com,33,Male,Andhra Pradesh,Nellore,813173,2020-12-09,3-6L,Premium,1,Books,Referral
CUST01317,Deepika Trivedi,user1317@email.com,19,Female,West Bengal,Howrah,428988,2019-11-27,<3L,VIP,1,Toys & Games,Organic Search
CUST01318,Meera Iyer,user1318@email.com,19,Female,West Bengal,Howrah,932548,2020-06-01,6-10L,New,0,Electronics,Email Campaign
CUST01319,Ishaan Pillai,user1319@email.com,18,Male,Kerala,Kochi,274693,2020-11-28,<3L,VIP,0,Fashion,Email Campaign
CUST01320,Utkarsh Singh,user1320@email.com,59,Male,Karnataka,Mangaluru,786925,2020-03-03,>20L,New,1,Home & Kitchen,Referral
CUST01321,Aditya Agarwal,user1321@email.com,56,Male,Telangana,Hyderabad,572049,2018-04-04,6-10L,Regular,0,Office Supplies,App Store
CUST01322,Rohit Singh,user1322@email.com,56,Female,Rajasthan,Kota,420337,2023-04-12,>20L,Premium,1,Automotive,Email Campaign
CUST01323,Varun Kumar,user1323@email.com,35,Female,Andhra Pradesh,Guntur,638432,2019-01-02,10-20L,Regular,0,Automotive,Paid Ads
CUST01324,Ishaan Pandey,user1324@email.com,27,Male,Madhya Pradesh,Ujjain,245008,2018-11-27,10-20L,VIP,1,Grocery,App Store
CUST01325,Sneha Shah,user1325@email.com,57,Female,Uttar Pradesh,Allahabad,853125,2020-07-31,3-6L,Regular,0,Home & Kitchen,Referral
CUST01326,Rahul Iyer,user1326@email.com,54,Female,Uttar Pradesh,Allahabad,100122,2022-06-20,>20L,Regular,0,Beauty & Health,Referral
CUST01327,Aarav Malhotra,user1327@email.com,34,Male,Kerala,Kollam,673671,2023-03-19,3-6L,Premium,0,Fashion,App Store
CUST01328,Pooja Singh,user1328@email.com,26,Male,Andhra Pradesh,Guntur,311321,2020-09-04,<3L,Regular,0,Home & Kitchen,Paid Ads
CUST01329,Kavya Pillai,user1329@email.com,38,Male,West Bengal,Durgapur,868864,2018-06-30,6-10L,Premium,1,Electronics,Organic Search
CUST01330,Isha Mishra,user1330@email.com,60,Female,Madhya Pradesh,Gwalior,943363,2022-06-08,3-6L,New,0,Home & Kitchen,Organic Search
CUST01331,Utkarsh Mishra,user1331@email.com,30,Female,Karnataka,Mysuru,975505,2019-08-21,6-10L,Regular,0,Home & Kitchen,Social Media
CUST01332,Tanvi Pillai,user1332@email.com,27,Male,Maharashtra,Thane,358469,2022-07-23,<3L,VIP,0,Books,Email Campaign
CUST01333,Kavya Malhotra,user1333@email.com,25,Male,Andhra Pradesh,Vijayawada,993504,2023-01-04,6-10L,Premium,0,Beauty & Health,Referral
CUST01334,Karan Verma,user1334@email.com,20,Male,Gujarat,Gandhinagar,567053,2021-08-16,3-6L,Premium,0,Toys & Games,Paid Ads
CUST01335,Aarav Kumar,user1335@email.com,43,Male,Delhi,New Delhi,510559,2020-11-09,3-6L,Regular,1,Home & Kitchen,App Store
CUST01336,Utkarsh Malhotra,user1336@email.com,59,Male,Telangana,Nizamabad,871561,2023-06-12,>20L,Premium,0,Beauty & Health,Social Media
CUST01337,Kavya Mishra,user1337@email.com,60,Male,Madhya Pradesh,Jabalpur,353349,2020-07-24,>20L,New,0,Toys & Games,Social Media
CUST01338,Rahul Verma,user1338@email.com,54,Female,Rajasthan,Jaipur,244645,2018-04-25,6-10L,Premium,0,Fashion,Paid Ads
CUST01339,Deepika Agarwal,user1339@email.com,23,Female,Tamil Nadu,Coimbatore,961913,2018-05-12,3-6L,Premium,0,Fashion,Social Media
CUST01340,Rahul Malhotra,user1340@email.com,19,Male,Madhya Pradesh,Gwalior,955968,2020-04-10,3-6L,New,0,Beauty & Health,Organic Search
CUST01341,Vikram Agarwal,user1341@email.com,32,Male,Kerala,Kochi,359167,2021-07-21,10-20L,New,1,Automotive,Paid Ads
CUST01342,Varun Patel,user1342@email.com,25,Female,Haryana,Rohtak,458014,2019-05-29,6-10L,Regular,0,Books,Referral
CUST01343,Aditi Reddy,user1343@email.com,32,Male,Maharashtra,Nagpur,388895,2018-04-30,3-6L,Premium,0,Sports & Fitness,Email Campaign
CUST01344,Sneha Mishra,user1344@email.com,36,Male,Telangana,Khammam,769820,2020-02-17,10-20L,New,1,Office Supplies,Email Campaign
CUST01345,Rohit Shah,user1345@email.com,51,Male,Punjab,Jalandhar,297638,2019-11-13,10-20L,Regular,0,Books,Paid Ads
CUST01346,Akash Agarwal,user1346@email.com,42,Male,Gujarat,Surat,555902,2019-02-28,>20L,Premium,1,Grocery,Referral
CUST01347,Rohit Gupta,user1347@email.com,25,Male,Rajasthan,Udaipur,742815,2020-04-13,6-10L,Premium,0,Grocery,Referral
CUST01348,Utkarsh Shah,user1348@email.com,24,Female,Andhra Pradesh,Guntur,757923,2020-09-20,>20L,Premium,1,Automotive,Referral
CUST01349,Sunita Malhotra,user1349@email.com,22,Male,Maharashtra,Mumbai,859371,2018-04-18,3-6L,VIP,1,Grocery,App Store
CUST01350,Kavya Pillai,user1350@email.com,42,Female,Maharashtra,Pune,787210,2022-12-29,3-6L,Regular,0,Home & Kitchen,Organic Search
CUST01351,Isha Verma,user1351@email.com,47,Female,Haryana,Gurugram,561895,2018-07-30,<3L,Regular,1,Fashion,Email Campaign
CUST01352,Deepika Malhotra,user1352@email.com,34,Male,Kerala,Thiruvananthapuram,138673,2019-07-04,<3L,Regular,0,Sports & Fitness,Paid Ads
CUST01353,Akash Agarwal,user1353@email.com,48,Male,Karnataka,Hubli,650342,2022-03-07,6-10L,VIP,0,Toys & Games,Paid Ads
CUST01354,Ananya Verma,user1354@email.com,27,Male,Gujarat,Rajkot,792277,2020-08-06,3-6L,VIP,1,Books,Referral
CUST01355,Shreya Reddy,user1355@email.com,20,Male,Haryana,Faridabad,164599,2018-04-18,6-10L,Regular,1,Grocery,Paid Ads
CUST01356,Priya Gupta,user1356@email.com,34,Male,West Bengal,Kolkata,751036,2019-01-20,6-10L,Regular,0,Books,Paid Ads
CUST01357,Manoj Mishra,user1357@email.com,56,Female,Telangana,Karimnagar,485709,2021-04-19,<3L,Regular,0,Beauty & Health,Referral
CUST01358,Shreya Singh,user1358@email.com,31,Female,Andhra Pradesh,Guntur,587441,2020-04-12,6-10L,Regular,1,Home & Kitchen,Social Media
CUST01359,Yash Patel,user1359@email.com,22,Female,Telangana,Khammam,629904,2021-12-03,<3L,Premium,1,Grocery,Organic Search
CUST01360,Ishaan Rao,user1360@email.com,56,Male,Kerala,Thrissur,832115,2020-06-05,>20L,VIP,1,Electronics,Referral
CUST01361,Arjun Sharma,user1361@email.com,57,Female,Haryana,Hisar,429112,2022-05-13,3-6L,Premium,0,Sports & Fitness,Paid Ads
CUST01362,Amit Shah,user1362@email.com,36,Female,Haryana,Rohtak,969470,2018-11-04,10-20L,VIP,1,Home & Kitchen,Social Media
CUST01363,Pooja Gupta,user1363@email.com,26,Female,Tamil Nadu,Trichy,531624,2018-02-12,<3L,New,1,Automotive,Referral
CUST01364,Shreya Agarwal,user1364@email.com,48,Male,Andhra Pradesh,Guntur,614705,2023-01-17,<3L,Regular,1,Books,Email Campaign
CUST01365,Aditi Nair,user1365@email.com,32,Female,Maharashtra,Thane,565314,2022-05-11,3-6L,VIP,1,Books,Referral
CUST01366,Yash Rao,user1366@email.com,31,Other,Punjab,Chandigarh,532582,2021-07-05,6-10L,Premium,1,Fashion,Organic Search
CUST01367,Rajesh Mehta,user1367@email.com,32,Male,Delhi,Ghaziabad,996598,2021-04-22,6-10L,Regular,1,Sports & Fitness,Paid Ads
CUST01368,Sunita Iyer,user1368@email.com,40,Male,Uttar Pradesh,Lucknow,300397,2019-12-09,>20L,New,0,Home & Kitchen,Social Media
CUST01369,Rahul Iyer,user1369@email.com,18,Male,Gujarat,Vadodara,861418,2022-09-15,<3L,New,0,Fashion,App Store
CUST01370,Divya Iyer,user1370@email.com,56,Female,Kerala,Kozhikode,610538,2018-09-07,6-10L,Premium,1,Books,Referral
CUST01371,Aditya Mishra,user1371@email.com,24,Female,Delhi,Noida,276890,2023-12-13,3-6L,Premium,0,Toys & Games,Organic Search
CUST01372,Arjun Shah,user1372@email.com,32,Female,Tamil Nadu,Chennai,251668,2021-11-15,>20L,Premium,0,Toys & Games,App Store
CUST01373,Siddharth Malhotra,user1373@email.com,28,Female,Uttar Pradesh,Agra,830144,2023-12-27,3-6L,Regular,1,Sports & Fitness,Organic Search
CUST01374,Meera Pillai,user1374@email.com,52,Male,Haryana,Hisar,856187,2023-11-12,6-10L,New,0,Books,Referral
CUST01375,Sunita Agarwal,user1375@email.com,30,Male,Tamil Nadu,Salem,220428,2022-10-02,<3L,Premium,0,Automotive,Organic Search
CUST01376,Karan Iyer,user1376@email.com,54,Male,Delhi,Ghaziabad,814829,2020-09-30,6-10L,Regular,0,Home & Kitchen,Email Campaign
CUST01377,Ishaan Agarwal,user1377@email.com,30,Male,Madhya Pradesh,Bhopal,509424,2019-09-24,6-10L,New,0,Grocery,Organic Search
CUST01378,Ishaan Malhotra,user1378@email.com,30,Female,Kerala,Kozhikode,236398,2020-11-14,<3L,New,1,Home & Kitchen,Referral
CUST01379,Vikram Mishra,user1379@email.com,57,Female,Punjab,Chandigarh,397192,2022-03-13,10-20L,Regular,0,Office Supplies,Organic Search
CUST01380,Siddharth Gupta,user1380@email.com,37,Male,Punjab,Chandigarh,314805,2019-02-23,3-6L,Regular,0,Sports & Fitness,Social Media
CUST01381,Yash Iyer,user1381@email.com,44,Male,Telangana,Khammam,862722,2020-01-16,6-10L,Regular,0,Toys & Games,Social Media
CUST01382,Vikram Nair,user1382@email.com,34,Male,Kerala,Kochi,942312,2021-10-25,3-6L,New,1,Beauty & Health,App Store
CUST01383,Mihir Agarwal,user1383@email.com,47,Female,Rajasthan,Ajmer,195075,2023-07-25,3-6L,Premium,0,Fashion,Organic Search
CUST01384,Nisha Nair,user1384@email.com,58,Male,Bihar,Darbhanga,568239,2020-11-08,<3L,Regular,1,Automotive,Organic Search
CUST01385,Divya Joshi,user1385@email.com,31,Female,Haryana,Gurugram,658029,2023-01-31,10-20L,Premium,0,Toys & Games,Organic Search
CUST01386,Utkarsh Banerjee,user1386@email.com,58,Female,Gujarat,Rajkot,304847,2022-04-06,3-6L,Regular,0,Automotive,Email Campaign
CUST01387,Ishaan Malhotra,user1387@email.com,44,Female,Maharashtra,Thane,721138,2021-06-05,3-6L,New,1,Toys & Games,App Store
CUST01388,Isha Reddy,user1388@email.com,23,Male,Karnataka,Bengaluru,628345,2021-03-22,3-6L,New,1,Automotive,Referral
CUST01389,Nisha Mehta,user1389@email.com,44,Male,Uttar Pradesh,Varanasi,157670,2022-03-08,<3L,Premium,0,Toys & Games,Email Campaign
CUST01390,Aarav Reddy,user1390@email.com,26,Female,Haryana,Faridabad,758030,2018-07-18,3-6L,Premium,1,Fashion,Social Media
CUST01391,Rajesh Mishra,user1391@email.com,31,Female,Punjab,Chandigarh,353316,2020-01-12,<3L,Regular,0,Office Supplies,Organic Search
CUST01392,Rahul Banerjee,user1392@email.com,33,Male,Karnataka,Belgaum,875374,2018-03-11,<3L,VIP,1,Automotive,Paid Ads
CUST01393,Meera Joshi,user1393@email.com,21,Male,Telangana,Khammam,212679,2023-09-20,10-20L,Premium,1,Toys & Games,Organic Search
CUST01394,Vikram Pandey,user1394@email.com,37,Male,Kerala,Kollam,798999,2022-03-22,10-20L,VIP,0,Beauty & Health,Organic Search
CUST01395,Divya Agarwal,user1395@email.com,58,Female,Rajasthan,Ajmer,881175,2021-11-29,3-6L,Regular,0,Sports & Fitness,Email Campaign
CUST01396,Riya Nair,user1396@email.com,23,Male,Kerala,Kollam,771712,2018-12-03,>20L,New,0,Beauty & Health,Social Media
CUST01397,Riya Rao,user1397@email.com,28,Male,Delhi,Noida,122237,2018-08-06,6-10L,Regular,1,Electronics,Email Campaign
CUST01398,Utkarsh Patel,user1398@email.com,30,Female,Andhra Pradesh,Nellore,938219,2020-07-22,<3L,Premium,0,Books,Paid Ads
CUST01399,Karan Agarwal,user1399@email.com,41,Female,Telangana,Warangal,505802,2019-04-22,3-6L,VIP,1,Electronics,Social Media
CUST01400,Meera Verma,user1400@email.com,57,Male,West Bengal,Siliguri,783484,2018-02-14,3-6L,New,0,Beauty & Health,Social Media
CUST01401,Varun Sharma,user1401@email.com,26,Male,Punjab,Jalandhar,972141,2018-04-30,>20L,Regular,0,Toys & Games,Referral
CUST01402,Siddharth Kumar,user1402@email.com,48,Female,Kerala,Kozhikode,382539,2018-04-29,6-10L,VIP,0,Fashion,Email Campaign
CUST01403,Aditi Mishra,user1403@email.com,52,Male,Maharashtra,Nashik,401866,2020-07-07,<3L,New,0,Toys & Games,Referral
CUST01404,Pooja Sharma,user1404@email.com,52,Female,Haryana,Gurugram,847590,2018-08-12,6-10L,New,0,Home & Kitchen,Paid Ads
CUST01405,Aditya Rao,user1405@email.com,55,Male,Bihar,Bhagalpur,765882,2023-08-14,6-10L,Premium,0,Beauty & Health,Paid Ads
CUST01406,Pooja Banerjee,user1406@email.com,30,Female,Maharashtra,Nagpur,410294,2020-01-07,3-6L,Regular,0,Electronics,Paid Ads
CUST01407,Deepika Patel,user1407@email.com,45,Female,Madhya Pradesh,Bhopal,664475,2021-03-30,6-10L,Regular,1,Office Supplies,Organic Search
CUST01408,Tanvi Verma,user1408@email.com,52,Male,West Bengal,Durgapur,852888,2019-10-14,6-10L,Regular,0,Automotive,Referral
CUST01409,Aarav Agarwal,user1409@email.com,46,Male,Uttar Pradesh,Varanasi,249919,2019-04-05,10-20L,Regular,0,Home & Kitchen,App Store
CUST01410,Ananya Agarwal,user1410@email.com,26,Female,West Bengal,Asansol,416463,2020-03-15,<3L,Regular,0,Electronics,Organic Search
CUST01411,Vikram Singh,user1411@email.com,21,Male,Maharashtra,Mumbai,950042,2018-08-06,10-20L,Regular,1,Fashion,App Store
CUST01412,Deepika Gupta,user1412@email.com,36,Male,Madhya Pradesh,Jabalpur,762976,2021-12-05,<3L,New,0,Toys & Games,Social Media
CUST01413,Sanjay Agarwal,user1413@email.com,40,Male,Gujarat,Ahmedabad,942731,2023-03-16,6-10L,Regular,0,Books,Referral
CUST01414,Rajesh Pandey,user1414@email.com,24,Male,Telangana,Nizamabad,869716,2022-10-03,6-10L,New,0,Grocery,Organic Search
CUST01415,Priya Mehta,user1415@email.com,32,Male,Rajasthan,Jaipur,284036,2020-01-14,>20L,VIP,1,Office Supplies,Social Media
CUST01416,Meera Malhotra,user1416@email.com,37,Female,Tamil Nadu,Salem,229430,2019-12-23,6-10L,Regular,0,Grocery,Referral
CUST01417,Mihir Banerjee,user1417@email.com,48,Male,Bihar,Bhagalpur,781273,2019-09-04,6-10L,Regular,0,Fashion,Paid Ads
CUST01418,Varun Banerjee,user1418@email.com,26,Male,Karnataka,Mysuru,850014,2019-04-01,<3L,Premium,0,Office Supplies,Referral
CUST01419,Aditya Iyer,user1419@email.com,47,Female,Delhi,Faridabad,170211,2023-03-04,6-10L,Regular,0,Grocery,Organic Search
CUST01420,Akash Pillai,user1420@email.com,24,Male,Andhra Pradesh,Visakhapatnam,877823,2019-08-08,3-6L,Regular,0,Electronics,Paid Ads
CUST01421,Tanvi Sharma,user1421@email.com,41,Female,Delhi,Ghaziabad,382223,2020-07-15,10-20L,Regular,1,Office Supplies,Social Media
CUST01422,Aditya Singh,user1422@email.com,43,Female,Madhya Pradesh,Indore,111823,2020-06-28,6-10L,Regular,0,Books,Paid Ads
CUST01423,Isha Mishra,user1423@email.com,43,Female,Karnataka,Bengaluru,360886,2022-08-18,>20L,New,1,Fashion,Social Media
CUST01424,Priya Banerjee,user1424@email.com,48,Male,Uttar Pradesh,Varanasi,598279,2019-12-02,6-10L,New,1,Automotive,Email Campaign
CUST01425,Sunita Mehta,user1425@email.com,54,Male,Bihar,Muzaffarpur,856507,2018-09-09,3-6L,Regular,0,Grocery,Referral
CUST01426,Deepika Verma,user1426@email.com,39,Female,Delhi,New Delhi,665249,2021-01-27,6-10L,Regular,1,Office Supplies,Referral
CUST01427,Sneha Trivedi,user1427@email.com,30,Male,Tamil Nadu,Trichy,982172,2021-11-23,>20L,Regular,1,Sports & Fitness,Organic Search
CUST01428,Vikram Mehta,user1428@email.com,19,Female,Tamil Nadu,Coimbatore,450449,2020-04-16,10-20L,VIP,0,Sports & Fitness,Organic Search
CUST01429,Vikram Patel,user1429@email.com,57,Male,Maharashtra,Pune,575493,2023-01-04,>20L,Regular,1,Electronics,Paid Ads
CUST01430,Varun Mehta,user1430@email.com,54,Female,West Bengal,Asansol,147437,2018-10-22,<3L,Premium,1,Toys & Games,App Store
CUST01431,Sneha Mishra,user1431@email.com,29,Male,Haryana,Panipat,188691,2020-09-07,10-20L,Regular,0,Grocery,Email Campaign
CUST01432,Anjali Singh,user1432@email.com,29,Female,Telangana,Nizamabad,283824,2021-08-14,6-10L,Regular,1,Sports & Fitness,Email Campaign
CUST01433,Akash Iyer,user1433@email.com,38,Female,Delhi,Ghaziabad,989399,2018-01-30,3-6L,Premium,0,Sports & Fitness,Email Campaign
CUST01434,Varun Iyer,user1434@email.com,38,Female,Maharashtra,Nashik,972523,2023-07-30,6-10L,Premium,1,Office Supplies,Referral
CUST01435,Riya Singh,user1435@email.com,23,Male,West Bengal,Durgapur,115421,2018-01-11,>20L,New,1,Automotive,Referral
CUST01436,Kavya Mishra,user1436@email.com,49,Female,Madhya Pradesh,Jabalpur,869094,2022-02-09,<3L,Regular,1,Automotive,Email Campaign
CUST01437,Divya Joshi,user1437@email.com,43,Male,Haryana,Gurugram,102152,2019-11-07,6-10L,Regular,0,Beauty & Health,Social Media
CUST01438,Tanvi Shah,user1438@email.com,52,Female,Uttar Pradesh,Kanpur,843076,2018-03-18,>20L,Regular,1,Books,Referral
CUST01439,Aditi Kumar,user1439@email.com,43,Female,Delhi,Noida,645120,2020-08-11,6-10L,New,0,Toys & Games,Organic Search
CUST01440,Ananya Iyer,user1440@email.com,48,Male,Tamil Nadu,Coimbatore,760000,2022-03-18,10-20L,Regular,0,Books,Referral
CUST01441,Rajesh Verma,user1441@email.com,39,Male,Uttar Pradesh,Allahabad,862944,2021-12-26,3-6L,Regular,0,Toys & Games,Email Campaign
CUST01442,Rohit Gupta,user1442@email.com,54,Male,Rajasthan,Jaipur,771694,2019-12-23,3-6L,Premium,0,Automotive,Referral
CUST01443,Riya Patel,user1443@email.com,40,Female,Karnataka,Mangaluru,911502,2018-04-28,6-10L,Regular,1,Fashion,Referral
CUST01444,Nisha Rao,user1444@email.com,60,Male,Bihar,Bhagalpur,939055,2019-03-27,<3L,Regular,0,Toys & Games,Email Campaign
CUST01445,Meera Reddy,user1445@email.com,57,Female,Punjab,Jalandhar,200169,2021-07-27,<3L,VIP,1,Office Supplies,Referral
CUST01446,Mihir Sharma,user1446@email.com,38,Male,Madhya Pradesh,Jabalpur,767695,2022-05-18,<3L,Premium,0,Fashion,Social Media
CUST01447,Nisha Rao,user1447@email.com,20,Female,Maharashtra,Nashik,717829,2019-08-15,10-20L,Regular,1,Toys & Games,Referral
CUST01448,Rajesh Reddy,user1448@email.com,56,Male,Bihar,Muzaffarpur,390485,2022-09-14,<3L,Premium,0,Fashion,Referral
CUST01449,Amit Iyer,user1449@email.com,42,Female,Kerala,Kozhikode,897782,2018-09-09,3-6L,VIP,1,Sports & Fitness,Email Campaign
CUST01450,Ishaan Iyer,user1450@email.com,44,Female,Bihar,Bhagalpur,193898,2021-09-20,3-6L,VIP,0,Office Supplies,Organic Search
CUST01451,Tanvi Patel,user1451@email.com,32,Female,Haryana,Panipat,659310,2018-12-06,6-10L,Premium,0,Sports & Fitness,Email Campaign
CUST01452,Yash Mishra,user1452@email.com,60,Female,Kerala,Thrissur,785746,2023-01-18,6-10L,Premium,0,Beauty & Health,Email Campaign
CUST01453,Aditi Malhotra,user1453@email.com,53,Male,Uttar Pradesh,Allahabad,293122,2019-07-31,10-20L,Regular,1,Toys & Games,Organic Search
CUST01454,Priya Agarwal,user1454@email.com,38,Male,Haryana,Hisar,268424,2020-08-16,3-6L,Regular,1,Home & Kitchen,Email Campaign
CUST01455,Aarav Iyer,user1455@email.com,38,Male,Telangana,Hyderabad,947267,2020-09-20,3-6L,VIP,0,Fashion,Referral
CUST01456,Pooja Kumar,user1456@email.com,45,Female,Karnataka,Mysuru,814153,2019-06-11,>20L,Regular,0,Office Supplies,Organic Search
CUST01457,Deepika Pillai,user1457@email.com,18,Female,Punjab,Patiala,216226,2020-08-04,6-10L,Premium,0,Beauty & Health,Paid Ads
CUST01458,Sanjay Shah,user1458@email.com,42,Female,West Bengal,Kolkata,974475,2020-05-06,<3L,Premium,0,Toys & Games,Referral
CUST01459,Karan Reddy,user1459@email.com,31,Female,Delhi,New Delhi,993786,2018-05-17,3-6L,Premium,0,Automotive,Email Campaign
CUST01460,Yash Joshi,user1460@email.com,57,Male,Gujarat,Ahmedabad,180056,2023-01-19,<3L,Regular,0,Books,Email Campaign
CUST01461,Anjali Rao,user1461@email.com,31,Male,Kerala,Kochi,633929,2020-12-29,3-6L,Regular,0,Home & Kitchen,Social Media
CUST01462,Yash Pillai,user1462@email.com,40,Male,Tamil Nadu,Trichy,115116,2020-11-09,>20L,Regular,1,Beauty & Health,Organic Search
CUST01463,Isha Reddy,user1463@email.com,53,Male,Andhra Pradesh,Vijayawada,653736,2018-05-23,3-6L,New,0,Beauty & Health,Email Campaign
CUST01464,Karan Pillai,user1464@email.com,22,Male,Bihar,Muzaffarpur,645995,2020-04-08,<3L,Regular,0,Automotive,Referral
CUST01465,Aarav Reddy,user1465@email.com,23,Male,Tamil Nadu,Madurai,960473,2021-03-22,3-6L,Regular,0,Office Supplies,Paid Ads
CUST01466,Nisha Reddy,user1466@email.com,60,Male,Kerala,Thiruvananthapuram,152678,2022-01-31,<3L,VIP,0,Sports & Fitness,Referral
CUST01467,Akash Nair,user1467@email.com,22,Female,Madhya Pradesh,Bhopal,515278,2018-09-30,6-10L,Premium,1,Books,Paid Ads
CUST01468,Arjun Verma,user1468@email.com,37,Male,Maharashtra,Nagpur,955131,2019-12-13,>20L,Premium,0,Books,Social Media
CUST01469,Deepika Kumar,user1469@email.com,46,Male,Bihar,Patna,744598,2019-05-06,3-6L,Premium,1,Beauty & Health,Referral
CUST01470,Rohit Trivedi,user1470@email.com,38,Male,West Bengal,Asansol,882172,2021-02-07,3-6L,New,1,Toys & Games,Organic Search
CUST01471,Kavya Banerjee,user1471@email.com,57,Female,Karnataka,Hubli,379255,2021-01-30,10-20L,VIP,1,Fashion,Email Campaign
CUST01472,Riya Nair,user1472@email.com,26,Female,Tamil Nadu,Salem,158732,2023-03-28,>20L,Regular,1,Automotive,Email Campaign
CUST01473,Rahul Gupta,user1473@email.com,49,Male,Kerala,Thiruvananthapuram,992491,2023-01-07,<3L,Regular,0,Toys & Games,Paid Ads
CUST01474,Utkarsh Rao,user1474@email.com,41,Male,Bihar,Gaya,940949,2022-08-25,3-6L,Regular,0,Sports & Fitness,Social Media
CUST01475,Amit Sharma,user1475@email.com,41,Female,West Bengal,Kolkata,830642,2020-08-10,6-10L,Premium,1,Toys & Games,Paid Ads
CUST01476,Aditi Banerjee,user1476@email.com,45,Female,Delhi,Noida,289461,2019-01-27,<3L,Regular,1,Sports & Fitness,Referral
CUST01477,Vikram Mishra,user1477@email.com,51,Male,Uttar Pradesh,Agra,534932,2021-03-16,10-20L,Premium,1,Office Supplies,Paid Ads
CUST01478,Priya Reddy,user1478@email.com,46,Female,Rajasthan,Kota,693714,2020-07-20,10-20L,Regular,1,Sports & Fitness,Paid Ads
CUST01479,Arjun Iyer,user1479@email.com,24,Male,Rajasthan,Jodhpur,540698,2020-06-18,10-20L,Regular,0,Office Supplies,Referral
CUST01480,Amit Kumar,user1480@email.com,51,Female,Karnataka,Mysuru,845723,2018-12-23,3-6L,Regular,0,Beauty & Health,Organic Search
CUST01481,Kavya Gupta,user1481@email.com,36,Female,Maharashtra,Thane,538476,2019-12-08,3-6L,Regular,0,Automotive,App Store
CUST01482,Sanjay Iyer,user1482@email.com,35,Female,Kerala,Thiruvananthapuram,383944,2019-02-14,<3L,Regular,0,Office Supplies,Paid Ads
CUST01483,Rohit Nair,user1483@email.com,22,Male,Kerala,Thrissur,799283,2018-10-06,10-20L,New,0,Grocery,Email Campaign
CUST01484,Amit Mishra,user1484@email.com,34,Male,Telangana,Warangal,705056,2019-12-19,6-10L,Premium,1,Home & Kitchen,App Store
CUST01485,Akash Rao,user1485@email.com,48,Male,Uttar Pradesh,Varanasi,844073,2021-02-17,6-10L,Premium,1,Books,Paid Ads
CUST01486,Utkarsh Agarwal,user1486@email.com,58,Female,Delhi,Gurgaon,466200,2020-09-04,10-20L,Premium,1,Electronics,Social Media
CUST01487,Aarav Kumar,user1487@email.com,42,Female,Kerala,Thrissur,875459,2022-10-04,6-10L,Premium,1,Sports & Fitness,App Store
CUST01488,Siddharth Rao,user1488@email.com,21,Female,Telangana,Warangal,333460,2022-07-10,10-20L,Regular,0,Office Supplies,Social Media
CUST01489,Aditi Banerjee,user1489@email.com,35,Male,Punjab,Patiala,679901,2020-07-11,6-10L,New,1,Grocery,Organic Search
CUST01490,Anjali Malhotra,user1490@email.com,20,Male,Uttar Pradesh,Allahabad,873339,2023-04-06,10-20L,New,0,Toys & Games,Social Media
CUST01491,Riya Mehta,user1491@email.com,20,Other,West Bengal,Durgapur,303548,2023-12-26,3-6L,Premium,0,Automotive,Referral
CUST01492,Meera Agarwal,user1492@email.com,27,Male,Tamil Nadu,Madurai,190259,2023-09-13,3-6L,Premium,0,Toys & Games,Email Campaign
CUST01493,Isha Agarwal,user1493@email.com,41,Male,Delhi,Faridabad,505968,2018-07-01,6-10L,Regular,0,Toys & Games,Referral
CUST01494,Nisha Mishra,user1494@email.com,38,Male,Kerala,Kollam,969139,2022-03-04,6-10L,New,0,Sports & Fitness,Social Media
CUST01495,Arjun Joshi,user1495@email.com,49,Female,Tamil Nadu,Madurai,585903,2019-12-20,6-10L,Premium,1,Sports & Fitness,Email Campaign
CUST01496,Kavya Kumar,user1496@email.com,18,Male,Tamil Nadu,Salem,866740,2020-08-21,>20L,Premium,1,Automotive,Paid Ads
CUST01497,Akash Pillai,user1497@email.com,58,Male,Maharashtra,Mumbai,617713,2018-01-31,10-20L,Regular,0,Automotive,Paid Ads
CUST01498,Ananya Iyer,user1498@email.com,34,Female,Karnataka,Mangaluru,150969,2021-04-21,>20L,New,0,Sports & Fitness,Paid Ads
CUST01499,Aarav Iyer,user1499@email.com,45,Male,Karnataka,Bengaluru,713117,2019-02-21,<3L,Regular,0,Fashion,App Store
CUST01500,Sanjay Gupta,user1500@email.com,60,Female,Haryana,Rohtak,536576,2019-02-15,>20L,New,0,Sports & Fitness,Organic Search
CUST01501,Meera Kumar,user1501@email.com,22,Male,Tamil Nadu,Trichy,647870,2020-08-12,10-20L,Regular,1,Sports & Fitness,Organic Search
CUST01502,Anjali Trivedi,user1502@email.com,22,Female,Karnataka,Belgaum,775999,2022-12-13,3-6L,Premium,0,Books,Organic Search
CUST01503,Anjali Kumar,user1503@email.com,37,Female,Kerala,Kochi,194329,2018-07-08,<3L,Regular,1,Fashion,Email Campaign
CUST01504,Ananya Singh,user1504@email.com,51,Male,Madhya Pradesh,Indore,245493,2021-01-17,6-10L,New,1,Grocery,App Store
CUST01505,Ananya Singh,user1505@email.com,39,Female,West Bengal,Durgapur,992072,2021-01-09,6-10L,Premium,1,Electronics,Referral
CUST01506,Pooja Joshi,user1506@email.com,32,Female,Gujarat,Surat,645219,2022-12-26,>20L,Regular,0,Automotive,Email Campaign
CUST01507,Deepika Joshi,user1507@email.com,29,Male,Karnataka,Hubli,308452,2020-09-01,3-6L,Regular,0,Home & Kitchen,Paid Ads
CUST01508,Divya Singh,user1508@email.com,24,Female,Kerala,Thiruvananthapuram,817019,2023-12-01,10-20L,Regular,1,Automotive,Paid Ads
CUST01509,Manoj Pandey,user1509@email.com,20,Female,Maharashtra,Nagpur,254734,2022-11-21,3-6L,New,0,Fashion,Email Campaign
CUST01510,Akash Banerjee,user1510@email.com,22,Male,Uttar Pradesh,Varanasi,385807,2021-06-02,6-10L,Regular,1,Office Supplies,App Store
CUST01511,Nisha Nair,user1511@email.com,37,Female,West Bengal,Durgapur,617852,2021-10-15,<3L,New,0,Toys & Games,Email Campaign
CUST01512,Divya Verma,user1512@email.com,18,Female,Haryana,Rohtak,656207,2022-07-19,<3L,Regular,0,Grocery,Social Media
CUST01513,Manoj Mehta,user1513@email.com,27,Female,Gujarat,Surat,125131,2021-02-26,3-6L,New,0,Sports & Fitness,Paid Ads
CUST01514,Isha Pandey,user1514@email.com,39,Male,Maharashtra,Mumbai,386068,2022-05-26,6-10L,Premium,1,Fashion,Email Campaign
CUST01515,Aditya Pandey,user1515@email.com,59,Male,Madhya Pradesh,Gwalior,887933,2021-05-13,6-10L,Regular,1,Toys & Games,Paid Ads
CUST01516,Vikram Verma,user1516@email.com,38,Female,Maharashtra,Nashik,763043,2019-06-28,6-10L,New,1,Toys & Games,Referral
CUST01517,Yash Kumar,user1517@email.com,46,Male,Uttar Pradesh,Lucknow,156695,2019-08-09,6-10L,New,0,Grocery,Social Media
CUST01518,Divya Kumar,user1518@email.com,21,Female,Tamil Nadu,Chennai,903278,2022-03-01,3-6L,Premium,1,Beauty & Health,Paid Ads
CUST01519,Rohit Rao,user1519@email.com,49,Male,Telangana,Nizamabad,430028,2022-02-16,>20L,Regular,1,Grocery,Email Campaign
CUST01520,Deepika Reddy,user1520@email.com,32,Female,Telangana,Khammam,786653,2019-01-02,6-10L,Premium,0,Automotive,Organic Search
CUST01521,Shreya Sharma,user1521@email.com,18,Female,Delhi,New Delhi,305285,2022-07-05,3-6L,Premium,1,Home & Kitchen,Paid Ads
CUST01522,Riya Malhotra,user1522@email.com,36,Male,West Bengal,Kolkata,948411,2020-01-18,3-6L,Regular,0,Office Supplies,Social Media
CUST01523,Amit Verma,user1523@email.com,45,Male,Tamil Nadu,Chennai,762751,2018-09-08,10-20L,Regular,0,Electronics,Organic Search
CUST01524,Tanvi Pandey,user1524@email.com,22,Male,Gujarat,Gandhinagar,126645,2019-05-16,<3L,Regular,1,Grocery,Social Media
CUST01525,Rahul Nair,user1525@email.com,29,Female,West Bengal,Kolkata,681603,2020-01-25,6-10L,Regular,1,Beauty & Health,Referral
CUST01526,Tanvi Kumar,user1526@email.com,44,Male,Gujarat,Gandhinagar,381630,2018-12-09,3-6L,Premium,1,Home & Kitchen,Social Media
CUST01527,Karan Agarwal,user1527@email.com,21,Male,Madhya Pradesh,Jabalpur,759099,2023-07-10,3-6L,Premium,1,Toys & Games,Social Media
CUST01528,Mihir Sharma,user1528@email.com,31,Female,Delhi,Faridabad,290825,2023-03-02,10-20L,Premium,0,Books,App Store
CUST01529,Isha Gupta,user1529@email.com,53,Male,Karnataka,Bengaluru,245882,2022-04-12,10-20L,Premium,0,Office Supplies,Organic Search
CUST01530,Nisha Shah,user1530@email.com,43,Male,Bihar,Patna,480289,2018-08-05,3-6L,Regular,0,Home & Kitchen,Paid Ads
CUST01531,Sanjay Malhotra,user1531@email.com,42,Male,Tamil Nadu,Madurai,463249,2019-02-16,3-6L,Premium,1,Books,Social Media
CUST01532,Aarav Mehta,user1532@email.com,37,Male,Uttar Pradesh,Varanasi,685786,2022-01-28,3-6L,Premium,1,Home & Kitchen,Email Campaign
CUST01533,Sunita Agarwal,user1533@email.com,57,Male,Andhra Pradesh,Tirupati,894882,2023-11-02,3-6L,New,0,Office Supplies,Referral
CUST01534,Vikram Joshi,user1534@email.com,25,Male,Uttar Pradesh,Varanasi,287109,2019-05-12,6-10L,Regular,1,Grocery,Social Media
CUST01535,Isha Iyer,user1535@email.com,32,Male,Karnataka,Hubli,548159,2020-01-09,3-6L,VIP,0,Books,Email Campaign
CUST01536,Kavya Shah,user1536@email.com,38,Male,Delhi,Ghaziabad,444197,2022-08-23,3-6L,New,0,Grocery,Social Media
CUST01537,Akash Reddy,user1537@email.com,40,Female,Bihar,Gaya,274697,2021-01-24,6-10L,Premium,0,Fashion,Email Campaign
CUST01538,Rohit Verma,user1538@email.com,60,Female,Tamil Nadu,Chennai,347692,2019-05-11,>20L,New,1,Office Supplies,Email Campaign
CUST01539,Deepika Pillai,user1539@email.com,43,Male,West Bengal,Howrah,287836,2018-02-18,<3L,Regular,0,Fashion,Email Campaign
CUST01540,Aditya Sharma,user1540@email.com,60,Female,Karnataka,Hubli,718520,2018-09-25,<3L,Regular,0,Office Supplies,Organic Search
CUST01541,Sneha Mehta,user1541@email.com,22,Female,Maharashtra,Nagpur,818171,2021-07-30,10-20L,Regular,1,Sports & Fitness,Paid Ads
CUST01542,Mihir Trivedi,user1542@email.com,58,Male,Uttar Pradesh,Allahabad,705527,2022-08-17,6-10L,Regular,1,Toys & Games,Organic Search
CUST01543,Priya Singh,user1543@email.com,24,Female,Bihar,Bhagalpur,530513,2019-06-09,3-6L,Regular,0,Grocery,Paid Ads
CUST01544,Akash Kumar,user1544@email.com,30,Male,Delhi,Faridabad,464359,2018-12-09,3-6L,Premium,1,Toys & Games,Organic Search
CUST01545,Varun Gupta,user1545@email.com,21,Female,Tamil Nadu,Coimbatore,399594,2022-06-17,<3L,Regular,0,Beauty & Health,Organic Search
CUST01546,Yash Reddy,user1546@email.com,39,Female,Bihar,Darbhanga,475126,2019-01-23,6-10L,Regular,0,Fashion,Social Media
CUST01547,Arjun Shah,user1547@email.com,27,Male,Bihar,Gaya,711487,2023-05-16,6-10L,Premium,0,Books,Email Campaign
CUST01548,Shreya Patel,user1548@email.com,59,Female,West Bengal,Kolkata,107433,2018-12-16,6-10L,New,0,Toys & Games,Organic Search
CUST01549,Riya Mishra,user1549@email.com,31,Female,Rajasthan,Jodhpur,204378,2019-10-15,6-10L,Regular,0,Automotive,Referral
CUST01550,Sneha Mishra,user1550@email.com,19,Male,Gujarat,Vadodara,712602,2020-12-03,6-10L,Regular,0,Home & Kitchen,Referral
CUST01551,Divya Pandey,user1551@email.com,60,Male,Maharashtra,Nashik,141028,2021-06-13,3-6L,VIP,1,Office Supplies,App Store
CUST01552,Yash Verma,user1552@email.com,19,Male,Punjab,Chandigarh,830682,2023-01-09,3-6L,Regular,1,Electronics,Paid Ads
CUST01553,Ishaan Gupta,user1553@email.com,40,Female,Andhra Pradesh,Tirupati,837605,2020-04-23,6-10L,Regular,0,Beauty & Health,Referral
CUST01554,Mihir Mehta,user1554@email.com,51,Female,Maharashtra,Nagpur,542882,2018-12-04,6-10L,Regular,0,Sports & Fitness,Organic Search
CUST01555,Arjun Nair,user1555@email.com,46,Male,Haryana,Rohtak,446653,2020-01-04,6-10L,VIP,0,Books,Referral
CUST01556,Mihir Rao,user1556@email.com,30,Other,Maharashtra,Nagpur,227666,2022-01-16,3-6L,Premium,0,Toys & Games,Organic Search
CUST01557,Karan Shah,user1557@email.com,30,Female,Madhya Pradesh,Ujjain,279364,2021-12-04,>20L,Premium,1,Home & Kitchen,Social Media
CUST01558,Priya Joshi,user1558@email.com,52,Female,Madhya Pradesh,Gwalior,542108,2022-02-04,6-10L,VIP,0,Grocery,Social Media
CUST01559,Kavya Patel,user1559@email.com,36,Female,Rajasthan,Jodhpur,244921,2021-02-03,3-6L,Regular,0,Books,Email Campaign
CUST01560,Varun Agarwal,user1560@email.com,19,Male,Andhra Pradesh,Vijayawada,331422,2022-05-10,<3L,New,1,Automotive,Social Media
CUST01561,Ananya Pillai,user1561@email.com,60,Male,Andhra Pradesh,Nellore,474993,2023-07-07,3-6L,Regular,0,Books,Organic Search
CUST01562,Akash Agarwal,user1562@email.com,52,Male,Kerala,Kochi,797300,2022-07-08,10-20L,New,0,Electronics,Social Media
CUST01563,Sneha Trivedi,user1563@email.com,58,Male,Telangana,Karimnagar,376267,2021-11-08,3-6L,New,0,Fashion,Organic Search
CUST01564,Utkarsh Mehta,user1564@email.com,46,Female,Uttar Pradesh,Agra,255570,2021-11-14,10-20L,New,0,Sports & Fitness,Paid Ads
CUST01565,Aarav Iyer,user1565@email.com,36,Male,West Bengal,Durgapur,997760,2018-06-10,6-10L,Regular,0,Grocery,Social Media
CUST01566,Mihir Verma,user1566@email.com,23,Male,Rajasthan,Udaipur,347172,2021-03-20,3-6L,New,0,Toys & Games,Organic Search
CUST01567,Aditya Banerjee,user1567@email.com,29,Male,Punjab,Ludhiana,621627,2019-11-20,3-6L,New,1,Grocery,Paid Ads
CUST01568,Shreya Pillai,user1568@email.com,25,Female,Gujarat,Vadodara,304109,2018-11-24,>20L,New,1,Toys & Games,Paid Ads
CUST01569,Manoj Sharma,user1569@email.com,35,Male,Andhra Pradesh,Vijayawada,965680,2023-03-11,<3L,VIP,1,Home & Kitchen,Email Campaign
CUST01570,Sanjay Sharma,user1570@email.com,47,Male,Haryana,Faridabad,666777,2020-06-16,6-10L,VIP,0,Sports & Fitness,Social Media
CUST01571,Vikram Singh,user1571@email.com,57,Male,Bihar,Darbhanga,577296,2022-08-27,<3L,Regular,0,Toys & Games,Paid Ads
CUST01572,Sunita Pillai,user1572@email.com,31,Male,Kerala,Thiruvananthapuram,482173,2018-02-26,<3L,VIP,1,Grocery,Email Campaign
CUST01573,Akash Mishra,user1573@email.com,21,Female,Madhya Pradesh,Ujjain,676081,2019-01-28,>20L,Premium,1,Fashion,Email Campaign
CUST01574,Nisha Rao,user1574@email.com,33,Female,Punjab,Chandigarh,974128,2019-06-20,>20L,New,0,Automotive,Social Media
CUST01575,Utkarsh Mishra,user1575@email.com,21,Male,Telangana,Nizamabad,965841,2019-07-19,<3L,Premium,0,Toys & Games,Email Campaign
CUST01576,Deepika Verma,user1576@email.com,51,Female,Delhi,Noida,963744,2022-03-21,6-10L,Regular,0,Electronics,Organic Search
CUST01577,Siddharth Reddy,user1577@email.com,52,Male,Punjab,Patiala,907145,2020-01-14,6-10L,Regular,1,Home & Kitchen,Email Campaign
CUST01578,Divya Rao,user1578@email.com,46,Female,Andhra Pradesh,Nellore,343433,2022-03-20,6-10L,Regular,0,Beauty & Health,Paid Ads
CUST01579,Deepika Patel,user1579@email.com,48,Female,Andhra Pradesh,Vijayawada,957634,2020-05-03,10-20L,Regular,1,Toys & Games,Referral
CUST01580,Aarav Pandey,user1580@email.com,36,Male,Telangana,Khammam,577555,2018-09-14,3-6L,Regular,0,Electronics,Email Campaign
CUST01581,Arjun Nair,user1581@email.com,35,Female,West Bengal,Siliguri,853902,2022-08-23,<3L,VIP,0,Sports & Fitness,Social Media
CUST01582,Divya Agarwal,user1582@email.com,37,Male,Punjab,Chandigarh,316916,2021-09-26,>20L,Regular,1,Electronics,Email Campaign
CUST01583,Vikram Gupta,user1583@email.com,18,Male,Rajasthan,Jodhpur,295170,2018-09-19,6-10L,Regular,1,Home & Kitchen,Email Campaign
CUST01584,Isha Joshi,user1584@email.com,34,Female,Rajasthan,Udaipur,509754,2021-09-22,<3L,Regular,0,Office Supplies,Organic Search
CUST01585,Divya Reddy,user1585@email.com,53,Male,Punjab,Chandigarh,288826,2023-04-03,<3L,Regular,1,Books,Social Media
CUST01586,Sanjay Pillai,user1586@email.com,45,Female,Tamil Nadu,Madurai,410310,2018-09-08,10-20L,New,0,Sports & Fitness,Organic Search
CUST01587,Manoj Joshi,user1587@email.com,44,Male,Telangana,Warangal,401366,2020-12-18,6-10L,Regular,0,Fashion,Organic Search
CUST01588,Siddharth Mishra,user1588@email.com,25,Female,Haryana,Hisar,655718,2020-11-07,>20L,Regular,0,Electronics,Social Media
CUST01589,Mihir Pandey,user1589@email.com,59,Female,Andhra Pradesh,Visakhapatnam,398778,2019-02-25,6-10L,Premium,0,Home & Kitchen,Organic Search
CUST01590,Nisha Reddy,user1590@email.com,34,Male,Rajasthan,Jaipur,184663,2019-11-01,3-6L,Regular,1,Grocery,Email Campaign
CUST01591,Manoj Banerjee,user1591@email.com,51,Male,Telangana,Nizamabad,959725,2022-10-13,<3L,Premium,0,Electronics,Social Media
CUST01592,Riya Trivedi,user1592@email.com,38,Female,Karnataka,Bengaluru,858654,2018-07-22,<3L,Regular,0,Automotive,Social Media
CUST01593,Priya Sharma,user1593@email.com,49,Male,Tamil Nadu,Coimbatore,794486,2023-05-19,10-20L,New,0,Home & Kitchen,Email Campaign
CUST01594,Utkarsh Agarwal,user1594@email.com,59,Male,Tamil Nadu,Madurai,944913,2023-09-14,6-10L,VIP,0,Office Supplies,Referral
CUST01595,Mihir Shah,user1595@email.com,58,Male,Rajasthan,Ajmer,677210,2019-12-18,3-6L,Regular,1,Automotive,Paid Ads
CUST01596,Isha Iyer,user1596@email.com,36,Female,Haryana,Panipat,684569,2023-01-24,<3L,New,1,Beauty & Health,Social Media
CUST01597,Karan Rao,user1597@email.com,53,Male,Telangana,Khammam,342302,2022-08-25,6-10L,Premium,0,Home & Kitchen,Referral
CUST01598,Akash Shah,user1598@email.com,54,Female,Madhya Pradesh,Gwalior,803497,2022-12-16,<3L,Regular,0,Office Supplies,Referral
CUST01599,Pooja Gupta,user1599@email.com,28,Female,West Bengal,Asansol,520402,2023-06-12,3-6L,New,1,Office Supplies,Email Campaign
CUST01600,Vikram Kumar,user1600@email.com,57,Female,Kerala,Kollam,488177,2023-12-15,<3L,Regular,0,Beauty & Health,Referral
CUST01601,Sneha Iyer,user1601@email.com,40,Male,Kerala,Kochi,427177,2022-11-23,10-20L,Regular,1,Books,Referral
CUST01602,Arjun Shah,user1602@email.com,46,Female,Andhra Pradesh,Visakhapatnam,430868,2020-02-21,<3L,Regular,1,Office Supplies,Paid Ads
CUST01603,Aditi Joshi,user1603@email.com,49,Male,Tamil Nadu,Coimbatore,852629,2020-05-03,10-20L,Regular,0,Automotive,Paid Ads
CUST01604,Isha Reddy,user1604@email.com,34,Female,Andhra Pradesh,Guntur,639105,2021-11-03,<3L,New,1,Fashion,Organic Search
CUST01605,Aarav Singh,user1605@email.com,18,Female,Tamil Nadu,Trichy,868233,2022-03-03,6-10L,Regular,0,Electronics,Email Campaign
CUST01606,Aarav Rao,user1606@email.com,50,Male,Punjab,Ludhiana,734222,2023-07-27,<3L,VIP,0,Books,App Store
CUST01607,Aditi Banerjee,user1607@email.com,47,Female,Tamil Nadu,Trichy,710457,2021-11-01,3-6L,New,0,Home & Kitchen,Organic Search
CUST01608,Riya Mishra,user1608@email.com,37,Female,Kerala,Kozhikode,657038,2023-11-14,>20L,Regular,1,Electronics,Organic Search
CUST01609,Tanvi Agarwal,user1609@email.com,59,Male,Uttar Pradesh,Varanasi,106077,2022-07-27,10-20L,New,0,Electronics,Organic Search
CUST01610,Aditya Mishra,user1610@email.com,51,Male,Gujarat,Vadodara,589038,2019-01-19,<3L,Regular,0,Toys & Games,Paid Ads
CUST01611,Shreya Joshi,user1611@email.com,24,Male,Haryana,Hisar,455979,2019-04-29,6-10L,Regular,1,Automotive,Referral
CUST01612,Priya Reddy,user1612@email.com,32,Male,Haryana,Panipat,221139,2018-05-26,10-20L,Premium,1,Toys & Games,Organic Search
CUST01613,Sneha Verma,user1613@email.com,50,Female,Maharashtra,Nagpur,430281,2023-01-17,6-10L,New,1,Electronics,Referral
CUST01614,Deepika Rao,user1614@email.com,18,Male,Telangana,Hyderabad,549860,2022-03-06,10-20L,New,1,Sports & Fitness,Social Media
CUST01615,Aditi Joshi,user1615@email.com,30,Male,Uttar Pradesh,Allahabad,998294,2023-03-29,3-6L,Regular,0,Electronics,Organic Search
CUST01616,Mihir Malhotra,user1616@email.com,60,Female,Tamil Nadu,Madurai,954135,2023-07-08,6-10L,Premium,1,Books,Social Media
CUST01617,Akash Agarwal,user1617@email.com,48,Female,Gujarat,Surat,455535,2018-04-02,3-6L,Regular,0,Office Supplies,Email Campaign
CUST01618,Mihir Pandey,user1618@email.com,43,Male,Bihar,Muzaffarpur,434325,2019-12-28,<3L,Regular,0,Automotive,Social Media
CUST01619,Amit Mehta,user1619@email.com,33,Female,Madhya Pradesh,Ujjain,144991,2020-01-06,6-10L,Premium,0,Sports & Fitness,Email Campaign
CUST01620,Meera Verma,user1620@email.com,24,Male,Bihar,Muzaffarpur,709206,2019-11-15,6-10L,VIP,0,Fashion,Paid Ads
CUST01621,Karan Trivedi,user1621@email.com,55,Female,Haryana,Panipat,491706,2021-06-12,6-10L,Regular,1,Automotive,Email Campaign
CUST01622,Tanvi Mehta,user1622@email.com,24,Male,Delhi,Ghaziabad,706305,2023-11-08,10-20L,Regular,0,Toys & Games,Organic Search
CUST01623,Rohit Kumar,user1623@email.com,55,Female,Rajasthan,Jaipur,347757,2020-09-04,>20L,Premium,1,Grocery,Email Campaign
CUST01624,Shreya Rao,user1624@email.com,56,Male,Kerala,Thiruvananthapuram,415549,2018-02-22,3-6L,Regular,1,Sports & Fitness,Email Campaign
CUST01625,Akash Gupta,user1625@email.com,45,Female,Karnataka,Mangaluru,266713,2022-03-09,3-6L,Regular,1,Automotive,Referral
CUST01626,Rajesh Verma,user1626@email.com,44,Male,Madhya Pradesh,Jabalpur,518193,2021-09-10,3-6L,VIP,0,Beauty & Health,Organic Search
CUST01627,Karan Kumar,user1627@email.com,43,Male,Tamil Nadu,Trichy,378372,2023-07-19,3-6L,Regular,0,Grocery,Referral
CUST01628,Tanvi Trivedi,user1628@email.com,32,Female,Haryana,Hisar,425648,2023-05-01,3-6L,Premium,0,Grocery,Organic Search
CUST01629,Pooja Sharma,user1629@email.com,34,Male,Gujarat,Rajkot,407713,2023-06-20,3-6L,Regular,0,Grocery,Organic Search
CUST01630,Aarav Malhotra,user1630@email.com,39,Female,Andhra Pradesh,Visakhapatnam,304912,2019-01-05,3-6L,Premium,1,Sports & Fitness,Organic Search
CUST01631,Aditya Reddy,user1631@email.com,28,Male,Bihar,Gaya,164634,2022-06-03,10-20L,Regular,0,Grocery,Organic Search
CUST01632,Isha Trivedi,user1632@email.com,47,Female,Delhi,New Delhi,452353,2021-01-16,10-20L,Premium,1,Grocery,Referral
CUST01633,Riya Sharma,user1633@email.com,40,Male,Rajasthan,Jodhpur,860599,2023-05-05,3-6L,New,0,Beauty & Health,Email Campaign
CUST01634,Pooja Mishra,user1634@email.com,40,Female,Haryana,Gurugram,837034,2023-12-06,6-10L,Regular,0,Grocery,Email Campaign
CUST01635,Rahul Banerjee,user1635@email.com,44,Male,Uttar Pradesh,Varanasi,461807,2021-09-06,>20L,Regular,0,Fashion,Referral
CUST01636,Mihir Patel,user1636@email.com,21,Male,Punjab,Patiala,816765,2019-11-08,>20L,VIP,0,Fashion,Organic Search
CUST01637,Manoj Pillai,user1637@email.com,30,Male,Bihar,Bhagalpur,850169,2020-03-23,>20L,New,0,Electronics,Organic Search
CUST01638,Aditi Joshi,user1638@email.com,44,Female,Telangana,Nizamabad,863458,2023-04-01,3-6L,Premium,1,Electronics,Social Media
CUST01639,Isha Patel,user1639@email.com,55,Male,Madhya Pradesh,Gwalior,858375,2022-06-17,6-10L,Premium,1,Fashion,Email Campaign
CUST01640,Anjali Shah,user1640@email.com,24,Female,Gujarat,Vadodara,901078,2023-11-06,6-10L,Regular,1,Fashion,Paid Ads
CUST01641,Isha Trivedi,user1641@email.com,35,Other,Kerala,Thiruvananthapuram,256068,2021-02-16,<3L,Premium,0,Grocery,App Store
CUST01642,Varun Pillai,user1642@email.com,56,Male,Maharashtra,Nagpur,494422,2019-05-28,6-10L,Premium,0,Grocery,App Store
CUST01643,Anjali Gupta,user1643@email.com,44,Female,Tamil Nadu,Chennai,931678,2023-05-23,<3L,Premium,0,Home & Kitchen,Paid Ads
CUST01644,Mihir Mishra,user1644@email.com,25,Female,Rajasthan,Ajmer,922963,2020-06-26,6-10L,VIP,0,Home & Kitchen,Email Campaign
CUST01645,Nisha Kumar,user1645@email.com,21,Female,Rajasthan,Jodhpur,749671,2021-08-13,3-6L,Premium,0,Beauty & Health,App Store
CUST01646,Isha Verma,user1646@email.com,37,Female,Bihar,Bhagalpur,607840,2018-01-13,3-6L,VIP,0,Beauty & Health,Paid Ads
CUST01647,Aditi Malhotra,user1647@email.com,38,Female,Kerala,Kollam,169900,2018-12-23,<3L,Regular,0,Toys & Games,Email Campaign
CUST01648,Utkarsh Shah,user1648@email.com,40,Male,Gujarat,Ahmedabad,442515,2022-01-10,10-20L,Regular,1,Toys & Games,Paid Ads
CUST01649,Riya Rao,user1649@email.com,59,Female,Maharashtra,Thane,560518,2022-10-30,10-20L,New,0,Electronics,Referral
CUST01650,Riya Reddy,user1650@email.com,26,Female,Delhi,Noida,629710,2020-04-13,6-10L,VIP,1,Electronics,Social Media
CUST01651,Arjun Reddy,user1651@email.com,20,Male,Telangana,Hyderabad,914607,2022-03-28,>20L,New,0,Sports & Fitness,Organic Search
CUST01652,Ananya Mehta,user1652@email.com,23,Male,Uttar Pradesh,Agra,602292,2018-11-17,10-20L,New,1,Toys & Games,App Store
CUST01653,Rajesh Pandey,user1653@email.com,48,Female,Karnataka,Mysuru,317285,2023-11-25,3-6L,Regular,0,Toys & Games,Social Media
CUST01654,Sneha Sharma,user1654@email.com,44,Female,Delhi,Faridabad,620264,2023-07-24,6-10L,Regular,1,Grocery,Organic Search
CUST01655,Shreya Trivedi,user1655@email.com,29,Female,Andhra Pradesh,Tirupati,313307,2019-01-01,<3L,VIP,0,Grocery,Organic Search
CUST01656,Sanjay Nair,user1656@email.com,45,Female,Haryana,Panipat,422967,2021-08-30,>20L,Premium,0,Sports & Fitness,Paid Ads
CUST01657,Amit Agarwal,user1657@email.com,52,Female,Karnataka,Mangaluru,313898,2022-11-04,10-20L,Premium,0,Grocery,Organic Search
CUST01658,Aditya Malhotra,user1658@email.com,39,Male,Andhra Pradesh,Visakhapatnam,391637,2018-12-17,<3L,New,0,Home & Kitchen,Referral
CUST01659,Shreya Kumar,user1659@email.com,31,Female,Madhya Pradesh,Ujjain,970420,2018-08-13,<3L,Regular,0,Toys & Games,Social Media
CUST01660,Sanjay Iyer,user1660@email.com,58,Male,Uttar Pradesh,Kanpur,514746,2020-09-27,<3L,Regular,0,Home & Kitchen,Paid Ads
CUST01661,Rohit Pandey,user1661@email.com,25,Male,Andhra Pradesh,Visakhapatnam,432204,2021-11-11,3-6L,Regular,0,Sports & Fitness,Organic Search
CUST01662,Karan Pillai,user1662@email.com,35,Female,Maharashtra,Pune,914327,2018-05-08,10-20L,Premium,0,Fashion,Email Campaign
CUST01663,Utkarsh Patel,user1663@email.com,53,Male,Gujarat,Vadodara,702520,2022-02-03,>20L,New,1,Fashion,Paid Ads
CUST01664,Yash Banerjee,user1664@email.com,58,Female,Punjab,Jalandhar,719387,2020-08-18,10-20L,New,1,Automotive,Paid Ads
CUST01665,Akash Banerjee,user1665@email.com,47,Female,Tamil Nadu,Chennai,303393,2023-05-31,<3L,Premium,1,Books,Organic Search
CUST01666,Divya Kumar,user1666@email.com,27,Male,Telangana,Hyderabad,340297,2022-08-31,3-6L,Regular,0,Sports & Fitness,Organic Search
CUST01667,Ishaan Banerjee,user1667@email.com,48,Female,Tamil Nadu,Chennai,350190,2019-09-11,3-6L,Regular,0,Sports & Fitness,Social Media
CUST01668,Sanjay Shah,user1668@email.com,34,Male,Maharashtra,Nashik,287086,2021-07-25,10-20L,Regular,0,Beauty & Health,Paid Ads
CUST01669,Nisha Sharma,user1669@email.com,20,Male,Telangana,Warangal,304318,2020-02-29,>20L,VIP,0,Fashion,Organic Search
CUST01670,Pooja Mishra,user1670@email.com,46,Female,West Bengal,Asansol,165740,2020-04-08,3-6L,Regular,1,Office Supplies,Email Campaign
CUST01671,Rahul Verma,user1671@email.com,40,Male,Tamil Nadu,Coimbatore,481595,2018-02-28,>20L,Regular,0,Home & Kitchen,Referral
CUST01672,Vikram Pillai,user1672@email.com,43,Male,Bihar,Darbhanga,363134,2023-03-20,3-6L,Regular,0,Electronics,Social Media
CUST01673,Arjun Verma,user1673@email.com,55,Male,Kerala,Kozhikode,712053,2019-04-29,<3L,Regular,0,Toys & Games,Organic Search
CUST01674,Ananya Gupta,user1674@email.com,59,Male,Maharashtra,Nashik,854305,2021-04-14,6-10L,Premium,1,Office Supplies,Email Campaign
CUST01675,Meera Shah,user1675@email.com,39,Male,Gujarat,Vadodara,915142,2023-12-14,<3L,Regular,0,Sports & Fitness,Referral
CUST01676,Sanjay Pillai,user1676@email.com,19,Male,West Bengal,Kolkata,170007,2023-10-20,6-10L,Regular,0,Books,Organic Search
CUST01677,Utkarsh Shah,user1677@email.com,35,Male,Uttar Pradesh,Varanasi,399090,2021-02-12,10-20L,Regular,0,Automotive,Email Campaign
CUST01678,Mihir Pandey,user1678@email.com,22,Male,Maharashtra,Pune,291373,2018-11-01,3-6L,Premium,0,Automotive,Email Campaign
CUST01679,Utkarsh Shah,user1679@email.com,50,Male,Rajasthan,Jodhpur,837512,2020-09-14,3-6L,Regular,1,Fashion,Social Media
CUST01680,Ananya Sharma,user1680@email.com,41,Male,Haryana,Rohtak,247319,2022-01-06,6-10L,Regular,0,Grocery,Email Campaign
CUST01681,Aditya Verma,user1681@email.com,21,Male,Punjab,Chandigarh,905917,2020-03-13,<3L,Regular,0,Beauty & Health,Organic Search
CUST01682,Pooja Kumar,user1682@email.com,20,Male,Karnataka,Bengaluru,536426,2020-03-08,>20L,Regular,0,Books,Referral
CUST01683,Amit Sharma,user1683@email.com,31,Male,Karnataka,Hubli,789096,2020-10-01,6-10L,Regular,1,Grocery,Referral
CUST01684,Isha Iyer,user1684@email.com,36,Male,Tamil Nadu,Madurai,519784,2022-09-12,<3L,Premium,1,Automotive,Email Campaign
CUST01685,Siddharth Banerjee,user1685@email.com,47,Male,Gujarat,Rajkot,625554,2023-09-12,3-6L,Regular,1,Automotive,Organic Search
CUST01686,Pooja Mehta,user1686@email.com,31,Male,Punjab,Chandigarh,931006,2019-11-18,6-10L,VIP,1,Office Supplies,Paid Ads
CUST01687,Ananya Patel,user1687@email.com,53,Male,Gujarat,Ahmedabad,785112,2020-11-25,10-20L,Premium,1,Electronics,Referral
CUST01688,Sanjay Malhotra,user1688@email.com,39,Male,Uttar Pradesh,Allahabad,857268,2020-11-01,3-6L,Regular,0,Toys & Games,Referral
CUST01689,Sanjay Pillai,user1689@email.com,44,Male,Maharashtra,Mumbai,963741,2020-05-14,3-6L,Regular,0,Automotive,Referral
CUST01690,Aditya Agarwal,user1690@email.com,55,Male,Tamil Nadu,Trichy,375524,2019-04-22,<3L,Regular,0,Electronics,Organic Search
CUST01691,Meera Joshi,user1691@email.com,46,Male,Tamil Nadu,Coimbatore,249587,2019-01-30,10-20L,Regular,0,Toys & Games,Paid Ads
CUST01692,Varun Mishra,user1692@email.com,28,Female,Andhra Pradesh,Visakhapatnam,536594,2020-09-09,10-20L,Regular,0,Grocery,Organic Search
CUST01693,Akash Kumar,user1693@email.com,22,Female,Andhra Pradesh,Guntur,412756,2022-08-22,<3L,Premium,0,Toys & Games,Referral
CUST01694,Pooja Rao,user1694@email.com,23,Male,West Bengal,Asansol,661559,2018-09-11,>20L,Regular,0,Grocery,Organic Search
CUST01695,Rohit Mishra,user1695@email.com,36,Male,Uttar Pradesh,Agra,782433,2019-10-22,6-10L,Regular,1,Toys & Games,Organic Search
CUST01696,Sunita Pillai,user1696@email.com,25,Male,Andhra Pradesh,Vijayawada,807978,2021-01-26,6-10L,Regular,1,Electronics,Social Media
CUST01697,Nisha Malhotra,user1697@email.com,52,Male,Madhya Pradesh,Bhopal,622713,2021-07-25,>20L,New,1,Books,Organic Search
CUST01698,Arjun Mishra,user1698@email.com,44,Female,Gujarat,Surat,415108,2021-03-09,10-20L,New,0,Home & Kitchen,Organic Search
CUST01699,Siddharth Gupta,user1699@email.com,41,Female,Delhi,Faridabad,752375,2018-03-27,<3L,Regular,0,Grocery,Email Campaign
CUST01700,Yash Nair,user1700@email.com,21,Male,Punjab,Amritsar,798224,2018-10-19,10-20L,Regular,1,Home & Kitchen,Organic Search
CUST01701,Rohit Verma,user1701@email.com,29,Male,Rajasthan,Jaipur,969665,2018-04-14,<3L,New,0,Grocery,Referral
CUST01702,Nisha Reddy,user1702@email.com,50,Male,Punjab,Ludhiana,787645,2018-09-19,3-6L,Regular,0,Fashion,Paid Ads
CUST01703,Aditi Verma,user1703@email.com,38,Male,West Bengal,Durgapur,317050,2019-04-28,6-10L,VIP,1,Toys & Games,Social Media
CUST01704,Deepika Pandey,user1704@email.com,58,Female,Haryana,Faridabad,437639,2020-12-16,6-10L,New,1,Grocery,Organic Search
CUST01705,Amit Kumar,user1705@email.com,47,Male,Rajasthan,Udaipur,875738,2022-01-21,6-10L,Premium,0,Beauty & Health,Paid Ads
CUST01706,Manoj Patel,user1706@email.com,19,Male,Bihar,Darbhanga,215204,2023-12-07,>20L,New,0,Grocery,Organic Search
CUST01707,Utkarsh Pandey,user1707@email.com,56,Male,Telangana,Karimnagar,997747,2021-01-22,<3L,Premium,1,Sports & Fitness,Social Media
CUST01708,Pooja Nair,user1708@email.com,27,Male,Bihar,Gaya,952555,2019-03-21,3-6L,Premium,0,Grocery,Organic Search
CUST01709,Aditya Mehta,user1709@email.com,18,Male,Tamil Nadu,Trichy,464564,2023-06-11,10-20L,Premium,0,Toys & Games,Organic Search
CUST01710,Shreya Reddy,user1710@email.com,40,Male,Haryana,Panipat,394549,2021-11-15,6-10L,Regular,1,Electronics,Organic Search
CUST01711,Manoj Pandey,user1711@email.com,59,Female,Madhya Pradesh,Indore,256093,2018-04-11,3-6L,Regular,1,Beauty & Health,Referral
CUST01712,Meera Shah,user1712@email.com,51,Female,Telangana,Nizamabad,165663,2023-10-11,6-10L,Premium,1,Beauty & Health,Social Media
CUST01713,Utkarsh Sharma,user1713@email.com,23,Male,Punjab,Jalandhar,258402,2021-11-07,3-6L,Regular,1,Electronics,Organic Search
CUST01714,Deepika Kumar,user1714@email.com,59,Female,Telangana,Nizamabad,526131,2018-01-13,6-10L,Regular,1,Sports & Fitness,Organic Search
CUST01715,Karan Sharma,user1715@email.com,49,Female,Delhi,Noida,562863,2018-01-15,6-10L,Regular,1,Home & Kitchen,Referral
CUST01716,Ishaan Agarwal,user1716@email.com,59,Female,Gujarat,Vadodara,487518,2020-11-01,3-6L,VIP,1,Home & Kitchen,Organic Search
CUST01717,Utkarsh Agarwal,user1717@email.com,21,Male,Andhra Pradesh,Tirupati,869522,2021-10-25,3-6L,Regular,0,Automotive,Paid Ads
CUST01718,Karan Singh,user1718@email.com,50,Male,Rajasthan,Ajmer,564266,2019-10-19,3-6L,New,1,Books,Paid Ads
CUST01719,Siddharth Patel,user1719@email.com,43,Female,Maharashtra,Mumbai,287072,2019-06-07,3-6L,Premium,0,Home & Kitchen,Social Media
CUST01720,Isha Patel,user1720@email.com,36,Male,Karnataka,Mangaluru,117394,2019-02-13,>20L,Regular,1,Office Supplies,Organic Search
CUST01721,Rajesh Agarwal,user1721@email.com,37,Female,Delhi,Ghaziabad,663953,2021-04-22,<3L,New,1,Fashion,Social Media
CUST01722,Siddharth Banerjee,user1722@email.com,48,Female,Telangana,Hyderabad,710442,2021-08-14,3-6L,New,1,Books,Email Campaign
CUST01723,Sunita Mishra,user1723@email.com,38,Male,Gujarat,Vadodara,471888,2021-10-19,<3L,Premium,0,Electronics,Referral
CUST01724,Amit Singh,user1724@email.com,27,Female,Karnataka,Mysuru,778032,2019-06-28,3-6L,VIP,0,Office Supplies,Referral
CUST01725,Mihir Singh,user1725@email.com,59,Female,West Bengal,Howrah,449389,2023-08-29,3-6L,New,0,Books,Organic Search
CUST01726,Ishaan Trivedi,user1726@email.com,39,Male,Uttar Pradesh,Allahabad,538627,2021-10-18,10-20L,Premium,0,Books,Email Campaign
CUST01727,Sanjay Trivedi,user1727@email.com,36,Female,Madhya Pradesh,Indore,569158,2021-08-18,>20L,VIP,0,Toys & Games,Referral
CUST01728,Karan Sharma,user1728@email.com,41,Male,Telangana,Warangal,760924,2023-01-28,3-6L,VIP,0,Home & Kitchen,Email Campaign
CUST01729,Aditya Nair,user1729@email.com,32,Female,Haryana,Faridabad,657960,2021-07-20,6-10L,New,0,Toys & Games,App Store
CUST01730,Mihir Rao,user1730@email.com,60,Female,Haryana,Faridabad,906532,2022-10-16,3-6L,Premium,0,Home & Kitchen,App Store
CUST01731,Deepika Trivedi,user1731@email.com,35,Female,Gujarat,Gandhinagar,497618,2021-03-18,3-6L,Regular,1,Toys & Games,Email Campaign
CUST01732,Varun Rao,user1732@email.com,41,Male,Punjab,Jalandhar,164040,2020-04-03,<3L,Premium,0,Fashion,Referral
CUST01733,Aarav Patel,user1733@email.com,19,Male,Delhi,Faridabad,530853,2019-02-15,3-6L,Premium,0,Office Supplies,Social Media
CUST01734,Sunita Reddy,user1734@email.com,30,Male,Punjab,Amritsar,870718,2019-08-23,<3L,Regular,0,Automotive,Organic Search
CUST01735,Nisha Rao,user1735@email.com,31,Female,Gujarat,Gandhinagar,730429,2018-01-09,10-20L,Regular,0,Home & Kitchen,App Store
CUST01736,Ananya Malhotra,user1736@email.com,46,Male,Kerala,Kozhikode,521386,2019-07-02,>20L,Regular,1,Fashion,Organic Search
CUST01737,Deepika Iyer,user1737@email.com,42,Female,Bihar,Darbhanga,596762,2018-09-11,6-10L,New,0,Automotive,Organic Search
CUST01738,Yash Mehta,user1738@email.com,38,Male,Maharashtra,Nashik,781103,2022-07-30,<3L,Premium,0,Office Supplies,Organic Search
CUST01739,Rahul Verma,user1739@email.com,45,Female,Haryana,Rohtak,399116,2018-07-19,10-20L,Premium,1,Toys & Games,Social Media
CUST01740,Riya Pandey,user1740@email.com,32,Male,Madhya Pradesh,Jabalpur,699058,2023-09-15,<3L,Regular,1,Grocery,Organic Search
CUST01741,Yash Gupta,user1741@email.com,26,Male,Tamil Nadu,Salem,425184,2021-06-02,3-6L,New,0,Toys & Games,Paid Ads
CUST01742,Riya Banerjee,user1742@email.com,18,Male,Uttar Pradesh,Kanpur,587639,2023-08-28,<3L,Regular,0,Books,Organic Search
CUST01743,Aarav Rao,user1743@email.com,37,Female,Delhi,Noida,176258,2023-12-25,6-10L,Premium,0,Fashion,Organic Search
CUST01744,Amit Pandey,user1744@email.com,34,Female,Delhi,Ghaziabad,520503,2021-06-30,<3L,Premium,0,Sports & Fitness,Email Campaign
CUST01745,Kavya Singh,user1745@email.com,27,Male,Tamil Nadu,Chennai,196989,2023-08-14,3-6L,Regular,1,Office Supplies,Social Media
CUST01746,Karan Agarwal,user1746@email.com,25,Male,West Bengal,Durgapur,443668,2023-02-24,6-10L,New,1,Office Supplies,Organic Search
CUST01747,Rohit Rao,user1747@email.com,56,Male,Delhi,Faridabad,905930,2019-04-11,<3L,VIP,0,Books,Organic Search
CUST01748,Arjun Reddy,user1748@email.com,18,Female,West Bengal,Durgapur,123440,2023-09-16,>20L,Regular,0,Automotive,Referral
CUST01749,Nisha Shah,user1749@email.com,52,Female,West Bengal,Asansol,621961,2023-10-25,<3L,New,1,Sports & Fitness,Paid Ads
CUST01750,Nisha Patel,user1750@email.com,52,Female,Bihar,Patna,632092,2018-01-24,<3L,Premium,1,Electronics,Organic Search
CUST01751,Ananya Mehta,user1751@email.com,39,Male,Kerala,Kochi,621692,2018-01-10,>20L,VIP,0,Toys & Games,Referral
CUST01752,Sneha Nair,user1752@email.com,41,Female,Uttar Pradesh,Allahabad,780182,2022-07-19,<3L,Premium,1,Beauty & Health,Email Campaign
CUST01753,Kavya Agarwal,user1753@email.com,47,Male,Uttar Pradesh,Varanasi,634347,2018-06-14,6-10L,New,1,Fashion,Social Media
CUST01754,Arjun Trivedi,user1754@email.com,41,Male,Uttar Pradesh,Kanpur,551215,2019-07-21,<3L,Regular,0,Automotive,Referral
CUST01755,Sneha Sharma,user1755@email.com,44,Female,Haryana,Faridabad,564311,2019-10-12,10-20L,Regular,0,Automotive,Referral
CUST01756,Ishaan Mehta,user1756@email.com,28,Male,Rajasthan,Udaipur,669411,2018-06-16,>20L,Regular,0,Toys & Games,Organic Search
CUST01757,Kavya Rao,user1757@email.com,27,Female,Telangana,Nizamabad,105647,2021-01-11,3-6L,Premium,1,Beauty & Health,Social Media
CUST01758,Arjun Rao,user1758@email.com,46,Male,Karnataka,Bengaluru,347891,2019-12-02,<3L,Regular,1,Fashion,Social Media
CUST01759,Aarav Singh,user1759@email.com,26,Female,Tamil Nadu,Salem,684481,2021-11-25,3-6L,Regular,0,Home & Kitchen,Paid Ads
CUST01760,Mihir Mishra,user1760@email.com,41,Female,Punjab,Amritsar,883680,2022-06-16,<3L,Regular,0,Beauty & Health,Organic Search
CUST01761,Varun Pillai,user1761@email.com,35,Female,Haryana,Hisar,661223,2023-01-25,3-6L,Regular,0,Fashion,Social Media
CUST01762,Ishaan Trivedi,user1762@email.com,59,Female,Gujarat,Surat,370883,2023-03-05,3-6L,VIP,0,Office Supplies,Organic Search
CUST01763,Riya Rao,user1763@email.com,22,Female,Delhi,Gurgaon,845248,2018-11-19,10-20L,Regular,0,Sports & Fitness,Email Campaign
CUST01764,Pooja Rao,user1764@email.com,38,Male,Bihar,Bhagalpur,606164,2021-04-12,<3L,New,0,Home & Kitchen,Organic Search
CUST01765,Rajesh Nair,user1765@email.com,19,Other,Madhya Pradesh,Bhopal,407272,2020-01-13,6-10L,Regular,1,Home & Kitchen,Organic Search
CUST01766,Priya Sharma,user1766@email.com,59,Female,Karnataka,Mysuru,511858,2023-12-05,3-6L,Premium,1,Toys & Games,Email Campaign
CUST01767,Karan Agarwal,user1767@email.com,39,Male,Rajasthan,Jodhpur,717525,2020-07-19,6-10L,New,0,Automotive,Referral
CUST01768,Varun Mehta,user1768@email.com,43,Male,Punjab,Ludhiana,665669,2019-07-09,3-6L,Premium,0,Electronics,App Store
CUST01769,Pooja Reddy,user1769@email.com,25,Female,Kerala,Kochi,779516,2023-12-02,>20L,Regular,0,Fashion,Paid Ads
CUST01770,Sanjay Shah,user1770@email.com,27,Male,Kerala,Thrissur,433176,2021-01-30,<3L,Regular,1,Home & Kitchen,Organic Search
CUST01771,Sneha Shah,user1771@email.com,22,Male,Madhya Pradesh,Bhopal,225044,2021-09-11,6-10L,Regular,0,Automotive,Social Media
CUST01772,Priya Singh,user1772@email.com,20,Male,Andhra Pradesh,Visakhapatnam,870560,2018-01-03,3-6L,Premium,0,Automotive,Email Campaign
CUST01773,Shreya Nair,user1773@email.com,50,Male,Maharashtra,Pune,251657,2022-01-14,3-6L,New,1,Home & Kitchen,Referral
CUST01774,Nisha Mehta,user1774@email.com,46,Female,Telangana,Karimnagar,831118,2023-12-15,3-6L,New,1,Electronics,Paid Ads
CUST01775,Tanvi Patel,user1775@email.com,53,Female,Punjab,Chandigarh,459655,2021-01-05,10-20L,Regular,0,Sports & Fitness,Social Media
CUST01776,Pooja Singh,user1776@email.com,22,Male,Andhra Pradesh,Vijayawada,188927,2018-02-23,6-10L,VIP,1,Beauty & Health,Organic Search
CUST01777,Varun Reddy,user1777@email.com,27,Female,Maharashtra,Mumbai,696948,2023-05-29,<3L,Premium,0,Books,Social Media
CUST01778,Akash Agarwal,user1778@email.com,55,Male,West Bengal,Howrah,348739,2020-04-20,3-6L,New,0,Office Supplies,Email Campaign
CUST01779,Sneha Rao,user1779@email.com,35,Male,Rajasthan,Kota,404525,2022-12-30,6-10L,Regular,1,Home & Kitchen,Organic Search
CUST01780,Sanjay Trivedi,user1780@email.com,32,Male,Madhya Pradesh,Jabalpur,598724,2022-03-27,10-20L,Regular,1,Electronics,Organic Search
CUST01781,Akash Mehta,user1781@email.com,53,Female,Bihar,Bhagalpur,255050,2020-08-19,10-20L,New,1,Beauty & Health,Referral
CUST01782,Isha Reddy,user1782@email.com,48,Male,Karnataka,Mangaluru,198038,2019-11-21,10-20L,Premium,0,Office Supplies,App Store
CUST01783,Karan Nair,user1783@email.com,23,Female,Uttar Pradesh,Kanpur,457361,2020-01-17,10-20L,Premium,1,Toys & Games,Referral
CUST01784,Arjun Trivedi,user1784@email.com,26,Male,Kerala,Kollam,872049,2023-08-18,3-6L,Premium,0,Office Supplies,Organic Search
CUST01785,Vikram Rao,user1785@email.com,35,Male,Bihar,Bhagalpur,145626,2021-05-01,3-6L,VIP,0,Books,Social Media
CUST01786,Sanjay Nair,user1786@email.com,35,Male,Madhya Pradesh,Ujjain,895716,2019-02-28,<3L,New,1,Books,Email Campaign
CUST01787,Amit Pandey,user1787@email.com,54,Female,Rajasthan,Ajmer,513405,2018-05-01,6-10L,Regular,0,Fashion,Paid Ads
CUST01788,Akash Gupta,user1788@email.com,47,Female,Rajasthan,Ajmer,762025,2022-10-26,6-10L,Regular,0,Books,Email Campaign
CUST01789,Sneha Nair,user1789@email.com,26,Male,Telangana,Khammam,543534,2021-05-26,6-10L,Premium,0,Office Supplies,Email Campaign
CUST01790,Kavya Malhotra,user1790@email.com,30,Male,Kerala,Kochi,142236,2023-07-31,10-20L,Regular,0,Fashion,Organic Search
CUST01791,Amit Pillai,user1791@email.com,35,Female,Gujarat,Ahmedabad,144734,2023-10-18,<3L,New,0,Books,Social Media
CUST01792,Priya Pandey,user1792@email.com,19,Female,West Bengal,Kolkata,350692,2019-01-29,6-10L,VIP,0,Beauty & Health,Paid Ads
CUST01793,Siddharth Iyer,user1793@email.com,43,Male,Telangana,Khammam,792548,2023-07-07,3-6L,Premium,1,Automotive,Email Campaign
CUST01794,Siddharth Agarwal,user1794@email.com,57,Male,Rajasthan,Udaipur,150519,2021-09-14,>20L,Regular,0,Electronics,Social Media
CUST01795,Vikram Reddy,user1795@email.com,45,Male,Gujarat,Surat,303859,2021-01-16,3-6L,Premium,1,Beauty & Health,Referral
CUST01796,Kavya Malhotra,user1796@email.com,27,Female,Haryana,Gurugram,529568,2018-03-14,3-6L,New,0,Sports & Fitness,App Store
CUST01797,Varun Mehta,user1797@email.com,18,Male,Maharashtra,Nagpur,266391,2021-02-01,3-6L,Premium,1,Office Supplies,Paid Ads
CUST01798,Manoj Rao,user1798@email.com,25,Male,West Bengal,Howrah,965795,2023-07-17,10-20L,New,0,Grocery,Referral
CUST01799,Anjali Agarwal,user1799@email.com,47,Male,Madhya Pradesh,Ujjain,263284,2020-07-09,6-10L,Premium,1,Office Supplies,Email Campaign
CUST01800,Rahul Kumar,user1800@email.com,29,Male,Karnataka,Hubli,456334,2018-08-30,3-6L,Regular,0,Grocery,Email Campaign
CUST01801,Yash Singh,user1801@email.com,55,Male,Madhya Pradesh,Indore,332889,2019-04-13,6-10L,Premium,0,Office Supplies,Referral
CUST01802,Isha Nair,user1802@email.com,53,Female,Delhi,New Delhi,462898,2021-05-02,<3L,Premium,0,Toys & Games,Referral
CUST01803,Rajesh Mishra,user1803@email.com,25,Female,West Bengal,Asansol,868605,2018-06-13,10-20L,Premium,1,Toys & Games,Organic Search
CUST01804,Kavya Banerjee,user1804@email.com,25,Male,Rajasthan,Ajmer,387210,2022-07-06,<3L,Regular,0,Beauty & Health,Social Media
CUST01805,Riya Patel,user1805@email.com,49,Female,Bihar,Darbhanga,927456,2020-11-25,<3L,Premium,1,Fashion,Email Campaign
CUST01806,Varun Pillai,user1806@email.com,52,Male,Bihar,Patna,786944,2018-12-17,>20L,Regular,0,Toys & Games,Organic Search
CUST01807,Ananya Malhotra,user1807@email.com,40,Female,Haryana,Faridabad,141419,2020-05-13,3-6L,Premium,0,Beauty & Health,Paid Ads
CUST01808,Meera Joshi,user1808@email.com,19,Female,Haryana,Hisar,800696,2021-03-04,3-6L,Regular,1,Grocery,Email Campaign
CUST01809,Siddharth Patel,user1809@email.com,45,Male,Uttar Pradesh,Varanasi,891205,2019-09-16,<3L,VIP,0,Office Supplies,Email Campaign
CUST01810,Riya Malhotra,user1810@email.com,50,Male,Telangana,Khammam,431901,2019-04-01,3-6L,New,1,Home & Kitchen,Email Campaign
CUST01811,Isha Agarwal,user1811@email.com,57,Female,Telangana,Warangal,392194,2018-01-17,6-10L,Regular,1,Electronics,Email Campaign
CUST01812,Siddharth Reddy,user1812@email.com,35,Male,Madhya Pradesh,Indore,416496,2020-11-20,<3L,Regular,0,Electronics,Organic Search
CUST01813,Kavya Mehta,user1813@email.com,41,Female,Karnataka,Mangaluru,100760,2022-03-09,<3L,Premium,0,Home & Kitchen,Social Media
CUST01814,Vikram Agarwal,user1814@email.com,43,Female,Rajasthan,Jodhpur,282964,2023-11-06,6-10L,New,1,Office Supplies,Email Campaign
CUST01815,Aditya Iyer,user1815@email.com,18,Male,Madhya Pradesh,Gwalior,902649,2018-09-24,10-20L,Premium,0,Sports & Fitness,Email Campaign
CUST01816,Rahul Mishra,user1816@email.com,34,Female,Karnataka,Mangaluru,684678,2018-02-17,<3L,Regular,1,Toys & Games,Referral
CUST01817,Rohit Nair,user1817@email.com,20,Male,West Bengal,Siliguri,206709,2020-02-19,3-6L,Regular,0,Toys & Games,Email Campaign
CUST01818,Sunita Singh,user1818@email.com,48,Female,Madhya Pradesh,Ujjain,755869,2020-01-23,<3L,New,0,Beauty & Health,Organic Search
CUST01819,Siddharth Pandey,user1819@email.com,23,Male,Andhra Pradesh,Guntur,371422,2022-12-19,<3L,Premium,0,Toys & Games,Social Media
CUST01820,Mihir Mehta,user1820@email.com,40,Female,Bihar,Bhagalpur,482167,2018-09-10,6-10L,Premium,0,Beauty & Health,Paid Ads
CUST01821,Akash Sharma,user1821@email.com,31,Male,Kerala,Kochi,651168,2018-02-25,6-10L,Regular,0,Beauty & Health,Paid Ads
CUST01822,Aarav Verma,user1822@email.com,47,Female,Haryana,Faridabad,333627,2018-12-15,>20L,Regular,1,Automotive,Email Campaign
CUST01823,Isha Patel,user1823@email.com,28,Male,Andhra Pradesh,Tirupati,105472,2023-02-12,3-6L,New,0,Electronics,Organic Search
CUST01824,Akash Joshi,user1824@email.com,37,Male,Maharashtra,Nashik,197841,2019-05-24,6-10L,Regular,1,Home & Kitchen,Paid Ads
CUST01825,Rohit Mehta,user1825@email.com,57,Female,West Bengal,Asansol,423433,2018-12-11,3-6L,New,0,Automotive,Email Campaign
CUST01826,Aarav Shah,user1826@email.com,33,Male,Telangana,Warangal,265644,2021-07-28,6-10L,Regular,1,Toys & Games,Organic Search
CUST01827,Shreya Reddy,user1827@email.com,35,Female,Kerala,Kochi,672811,2018-11-12,>20L,Premium,0,Toys & Games,Social Media
CUST01828,Pooja Singh,user1828@email.com,19,Female,Rajasthan,Udaipur,506754,2019-11-17,10-20L,Regular,1,Automotive,Paid Ads
CUST01829,Ishaan Singh,user1829@email.com,45,Female,Karnataka,Belgaum,867587,2018-07-17,6-10L,Regular,1,Automotive,Organic Search
CUST01830,Sneha Agarwal,user1830@email.com,38,Male,Karnataka,Belgaum,592955,2018-10-08,<3L,Regular,0,Sports & Fitness,Email Campaign
CUST01831,Aarav Singh,user1831@email.com,25,Male,Madhya Pradesh,Indore,788859,2019-12-07,10-20L,New,1,Books,Organic Search
CUST01832,Shreya Patel,user1832@email.com,25,Male,Madhya Pradesh,Indore,401347,2019-04-02,3-6L,Regular,1,Sports & Fitness,Referral
CUST01833,Akash Gupta,user1833@email.com,48,Female,West Bengal,Asansol,222265,2023-04-16,6-10L,Premium,0,Electronics,Email Campaign
CUST01834,Shreya Pandey,user1834@email.com,28,Female,Telangana,Warangal,672743,2018-08-25,3-6L,VIP,0,Books,Social Media
CUST01835,Siddharth Shah,user1835@email.com,19,Male,Telangana,Warangal,856933,2022-07-09,<3L,Premium,0,Office Supplies,Social Media
CUST01836,Deepika Joshi,user1836@email.com,49,Male,Delhi,New Delhi,804796,2023-07-19,<3L,Regular,0,Beauty & Health,App Store
CUST01837,Siddharth Pillai,user1837@email.com,50,Male,Bihar,Patna,845071,2018-08-12,6-10L,Premium,0,Books,Paid Ads
CUST01838,Ishaan Agarwal,user1838@email.com,48,Male,Tamil Nadu,Coimbatore,830635,2020-07-22,3-6L,Regular,0,Electronics,Organic Search
CUST01839,Arjun Joshi,user1839@email.com,32,Female,Uttar Pradesh,Lucknow,591883,2018-07-24,3-6L,New,0,Toys & Games,Organic Search
CUST01840,Siddharth Iyer,user1840@email.com,57,Male,West Bengal,Durgapur,306108,2018-01-24,10-20L,Premium,0,Sports & Fitness,Referral
CUST01841,Ishaan Reddy,user1841@email.com,47,Male,Madhya Pradesh,Jabalpur,230871,2018-12-28,3-6L,VIP,0,Home & Kitchen,Organic Search
CUST01842,Rohit Joshi,user1842@email.com,44,Male,Gujarat,Rajkot,944937,2023-03-09,3-6L,Regular,1,Fashion,Email Campaign
CUST01843,Rajesh Joshi,user1843@email.com,49,Female,Telangana,Khammam,563406,2020-10-14,3-6L,Premium,1,Automotive,Paid Ads
CUST01844,Arjun Nair,user1844@email.com,19,Male,Uttar Pradesh,Kanpur,132094,2023-12-13,<3L,Regular,0,Fashion,Paid Ads
CUST01845,Pooja Shah,user1845@email.com,20,Male,Kerala,Kochi,400316,2021-07-27,3-6L,VIP,0,Office Supplies,Social Media
CUST01846,Kavya Malhotra,user1846@email.com,58,Female,West Bengal,Howrah,841317,2023-10-05,3-6L,Regular,0,Toys & Games,Organic Search
CUST01847,Manoj Agarwal,user1847@email.com,18,Female,Uttar Pradesh,Allahabad,171904,2022-06-27,10-20L,New,0,Toys & Games,Organic Search
CUST01848,Deepika Patel,user1848@email.com,51,Female,Uttar Pradesh,Lucknow,490457,2022-01-16,3-6L,Premium,1,Electronics,Paid Ads
CUST01849,Yash Verma,user1849@email.com,54,Male,Rajasthan,Kota,857573,2022-04-24,6-10L,Premium,0,Fashion,Email Campaign
CUST01850,Vikram Joshi,user1850@email.com,20,Female,Punjab,Amritsar,949271,2022-03-11,3-6L,VIP,0,Office Supplies,Referral
CUST01851,Siddharth Shah,user1851@email.com,59,Female,West Bengal,Siliguri,136427,2021-01-11,10-20L,VIP,0,Books,App Store
CUST01852,Ananya Pillai,user1852@email.com,40,Male,West Bengal,Kolkata,680016,2020-02-26,3-6L,Regular,1,Sports & Fitness,Social Media
CUST01853,Karan Patel,user1853@email.com,59,Female,Maharashtra,Mumbai,269253,2019-05-21,>20L,Regular,0,Books,Referral
CUST01854,Rajesh Nair,user1854@email.com,18,Male,Gujarat,Ahmedabad,219854,2020-02-24,>20L,New,0,Books,Social Media
CUST01855,Utkarsh Pandey,user1855@email.com,56,Male,Andhra Pradesh,Tirupati,122885,2021-03-27,10-20L,Premium,1,Electronics,Social Media
CUST01856,Amit Mishra,user1856@email.com,19,Male,Tamil Nadu,Chennai,734417,2021-11-25,3-6L,Regular,0,Toys & Games,Organic Search
CUST01857,Sunita Agarwal,user1857@email.com,30,Female,Haryana,Faridabad,261913,2023-06-27,10-20L,New,0,Toys & Games,Paid Ads
CUST01858,Priya Singh,user1858@email.com,32,Male,Karnataka,Hubli,210092,2023-01-11,>20L,New,1,Home & Kitchen,Referral
CUST01859,Utkarsh Banerjee,user1859@email.com,42,Other,Rajasthan,Udaipur,718068,2022-08-17,3-6L,VIP,0,Sports & Fitness,Social Media
CUST01860,Vikram Sharma,user1860@email.com,46,Male,Uttar Pradesh,Lucknow,169776,2020-08-18,6-10L,Regular,1,Toys & Games,Social Media
CUST01861,Tanvi Malhotra,user1861@email.com,23,Male,Madhya Pradesh,Ujjain,629576,2018-06-14,<3L,Regular,1,Toys & Games,Email Campaign
CUST01862,Vikram Pillai,user1862@email.com,53,Male,Karnataka,Mysuru,641488,2019-03-14,3-6L,New,1,Office Supplies,Social Media
CUST01863,Mihir Agarwal,user1863@email.com,47,Female,Maharashtra,Mumbai,930203,2021-07-09,6-10L,Premium,1,Beauty & Health,Referral
CUST01864,Divya Sharma,user1864@email.com,57,Male,Haryana,Rohtak,226285,2018-01-01,6-10L,Regular,0,Grocery,Email Campaign
CUST01865,Rohit Mehta,user1865@email.com,34,Male,Tamil Nadu,Madurai,823410,2020-08-14,6-10L,Premium,1,Fashion,Referral
CUST01866,Akash Gupta,user1866@email.com,50,Male,Delhi,Ghaziabad,941525,2022-04-29,10-20L,Regular,0,Toys & Games,Paid Ads
CUST01867,Rohit Gupta,user1867@email.com,60,Female,Tamil Nadu,Chennai,202041,2019-04-23,>20L,Regular,0,Automotive,Email Campaign
CUST01868,Karan Shah,user1868@email.com,59,Male,Delhi,New Delhi,932358,2021-06-24,>20L,Regular,0,Books,Referral
CUST01869,Sneha Banerjee,user1869@email.com,50,Male,Kerala,Thrissur,676762,2023-08-01,<3L,Regular,0,Fashion,Social Media
CUST01870,Amit Malhotra,user1870@email.com,47,Male,Uttar Pradesh,Kanpur,213282,2020-05-16,<3L,Regular,1,Beauty & Health,Organic Search
CUST01871,Priya Shah,user1871@email.com,42,Male,Punjab,Patiala,467703,2019-05-21,6-10L,Regular,1,Toys & Games,Social Media
CUST01872,Aditya Nair,user1872@email.com,31,Male,Gujarat,Ahmedabad,804028,2018-02-03,10-20L,Premium,1,Electronics,Email Campaign
CUST01873,Meera Kumar,user1873@email.com,28,Male,Kerala,Kozhikode,505706,2023-10-30,>20L,Regular,1,Toys & Games,Paid Ads
CUST01874,Arjun Verma,user1874@email.com,27,Male,Punjab,Ludhiana,400203,2018-11-24,3-6L,Regular,0,Office Supplies,Social Media
CUST01875,Manoj Banerjee,user1875@email.com,57,Male,Delhi,Gurgaon,358822,2018-05-08,6-10L,Premium,0,Toys & Games,Social Media
CUST01876,Karan Iyer,user1876@email.com,27,Female,Bihar,Patna,950373,2023-10-23,6-10L,Premium,1,Home & Kitchen,Email Campaign
CUST01877,Meera Banerjee,user1877@email.com,54,Female,Uttar Pradesh,Kanpur,748954,2022-12-31,<3L,Regular,1,Grocery,Referral
CUST01878,Siddharth Shah,user1878@email.com,18,Male,Andhra Pradesh,Vijayawada,459893,2020-04-11,3-6L,New,0,Fashion,Organic Search
CUST01879,Manoj Malhotra,user1879@email.com,21,Female,Haryana,Faridabad,264787,2021-02-18,3-6L,New,1,Office Supplies,Email Campaign
CUST01880,Shreya Patel,user1880@email.com,27,Male,Haryana,Gurugram,557558,2020-09-13,6-10L,Regular,0,Office Supplies,Social Media
CUST01881,Aditi Shah,user1881@email.com,50,Male,Haryana,Rohtak,801717,2022-06-01,6-10L,Regular,0,Office Supplies,Referral
CUST01882,Arjun Sharma,user1882@email.com,22,Male,Karnataka,Belgaum,413481,2018-08-12,3-6L,Regular,0,Automotive,Organic Search
CUST01883,Siddharth Iyer,user1883@email.com,48,Female,Delhi,Ghaziabad,595085,2021-02-13,3-6L,Premium,1,Beauty & Health,Organic Search
CUST01884,Shreya Mishra,user1884@email.com,53,Male,Telangana,Nizamabad,151201,2020-02-14,3-6L,New,1,Home & Kitchen,Social Media
CUST01885,Isha Pandey,user1885@email.com,36,Male,Haryana,Gurugram,301389,2022-01-03,6-10L,Regular,0,Electronics,Social Media
CUST01886,Kavya Reddy,user1886@email.com,57,Female,West Bengal,Siliguri,650530,2021-09-03,<3L,Regular,0,Books,Referral
CUST01887,Karan Verma,user1887@email.com,22,Male,Punjab,Ludhiana,183825,2022-08-19,3-6L,Regular,0,Toys & Games,Email Campaign
CUST01888,Mihir Patel,user1888@email.com,37,Female,Maharashtra,Nashik,909095,2021-07-10,<3L,Regular,0,Fashion,Organic Search
CUST01889,Aditi Trivedi,user1889@email.com,22,Female,Kerala,Kochi,363412,2019-02-06,<3L,Regular,1,Fashion,Email Campaign
CUST01890,Tanvi Banerjee,user1890@email.com,51,Female,Haryana,Panipat,578820,2022-02-28,10-20L,New,1,Office Supplies,Referral
CUST01891,Divya Pillai,user1891@email.com,20,Female,Bihar,Bhagalpur,182420,2019-11-19,10-20L,Premium,1,Fashion,Organic Search
CUST01892,Ananya Pandey,user1892@email.com,40,Male,Haryana,Hisar,368200,2023-12-30,3-6L,VIP,0,Office Supplies,Organic Search
CUST01893,Mihir Kumar,user1893@email.com,21,Male,Delhi,Ghaziabad,621017,2022-04-09,3-6L,Regular,1,Beauty & Health,Social Media
CUST01894,Sneha Verma,user1894@email.com,28,Male,Madhya Pradesh,Bhopal,936494,2018-08-06,6-10L,Regular,1,Books,Paid Ads
CUST01895,Aarav Gupta,user1895@email.com,39,Male,Uttar Pradesh,Varanasi,924369,2021-07-07,<3L,Regular,0,Beauty & Health,Organic Search
CUST01896,Isha Pillai,user1896@email.com,26,Male,Gujarat,Gandhinagar,704172,2019-09-11,6-10L,Premium,0,Electronics,Paid Ads
CUST01897,Yash Joshi,user1897@email.com,21,Female,Delhi,Faridabad,261971,2021-11-02,6-10L,Regular,0,Toys & Games,Social Media
CUST01898,Ananya Gupta,user1898@email.com,28,Female,Punjab,Jalandhar,804012,2023-03-09,10-20L,Regular,0,Automotive,Social Media
CUST01899,Nisha Reddy,user1899@email.com,40,Female,Kerala,Kochi,334095,2023-03-12,6-10L,Regular,0,Electronics,Organic Search
CUST01900,Riya Reddy,user1900@email.com,47,Female,Delhi,Ghaziabad,944506,2018-07-02,10-20L,Regular,1,Beauty & Health,Referral
CUST01901,Deepika Gupta,user1901@email.com,21,Male,Gujarat,Vadodara,169497,2018-05-07,6-10L,New,0,Grocery,Referral
CUST01902,Rahul Banerjee,user1902@email.com,47,Male,Karnataka,Mangaluru,488241,2022-11-29,3-6L,Regular,0,Fashion,Paid Ads
CUST01903,Karan Banerjee,user1903@email.com,37,Male,West Bengal,Siliguri,292954,2019-08-13,10-20L,Regular,0,Automotive,Email Campaign
CUST01904,Rahul Gupta,user1904@email.com,52,Female,Rajasthan,Jodhpur,931583,2020-08-16,<3L,Regular,0,Automotive,Email Campaign
CUST01905,Aarav Patel,user1905@email.com,55,Male,Tamil Nadu,Madurai,282480,2021-06-12,<3L,New,1,Sports & Fitness,Paid Ads
CUST01906,Riya Mehta,user1906@email.com,51,Female,Uttar Pradesh,Kanpur,968895,2018-06-14,6-10L,VIP,0,Electronics,Organic Search
CUST01907,Yash Trivedi,user1907@email.com,46,Female,Tamil Nadu,Madurai,606113,2023-11-04,3-6L,Premium,0,Home & Kitchen,Referral
CUST01908,Varun Joshi,user1908@email.com,35,Female,Uttar Pradesh,Kanpur,935009,2023-10-30,10-20L,Regular,1,Books,Referral
CUST01909,Divya Sharma,user1909@email.com,44,Female,Bihar,Muzaffarpur,808123,2023-07-07,<3L,New,0,Books,Organic Search
CUST01910,Karan Banerjee,user1910@email.com,39,Female,Andhra Pradesh,Guntur,499262,2022-07-09,3-6L,Premium,1,Automotive,Referral
CUST01911,Varun Verma,user1911@email.com,22,Other,Punjab,Patiala,341572,2019-06-20,<3L,VIP,1,Beauty & Health,Organic Search
CUST01912,Sneha Singh,user1912@email.com,39,Male,Maharashtra,Nashik,595826,2021-09-30,10-20L,Regular,1,Books,Referral
CUST01913,Aditya Rao,user1913@email.com,60,Male,Uttar Pradesh,Varanasi,588045,2019-10-28,6-10L,Regular,1,Office Supplies,Referral
CUST01914,Aditi Malhotra,user1914@email.com,51,Male,West Bengal,Kolkata,163581,2019-04-22,3-6L,Regular,0,Toys & Games,Paid Ads
CUST01915,Sanjay Mishra,user1915@email.com,57,Female,Andhra Pradesh,Tirupati,111453,2023-01-24,6-10L,New,1,Fashion,Referral
CUST01916,Manoj Iyer,user1916@email.com,36,Male,Delhi,Faridabad,910327,2020-01-05,<3L,New,0,Electronics,Social Media
CUST01917,Siddharth Pillai,user1917@email.com,38,Female,Andhra Pradesh,Tirupati,991719,2023-07-14,6-10L,VIP,1,Fashion,Social Media
CUST01918,Rohit Pandey,user1918@email.com,59,Male,Kerala,Kochi,539865,2021-07-23,3-6L,VIP,0,Fashion,Referral
CUST01919,Deepika Sharma,user1919@email.com,44,Female,Haryana,Hisar,214742,2022-02-24,6-10L,VIP,0,Toys & Games,Organic Search
CUST01920,Manoj Patel,user1920@email.com,54,Female,Rajasthan,Jaipur,529368,2021-09-02,6-10L,VIP,0,Automotive,Email Campaign
CUST01921,Yash Kumar,user1921@email.com,33,Male,Delhi,Faridabad,454241,2019-10-20,6-10L,New,0,Sports & Fitness,Paid Ads
CUST01922,Deepika Banerjee,user1922@email.com,22,Female,Delhi,New Delhi,575805,2022-12-16,10-20L,VIP,0,Beauty & Health,Referral
CUST01923,Meera Mehta,user1923@email.com,43,Male,Gujarat,Ahmedabad,897410,2022-12-11,<3L,Premium,0,Home & Kitchen,Organic Search
CUST01924,Riya Joshi,user1924@email.com,37,Male,Maharashtra,Nashik,772254,2022-11-08,<3L,VIP,0,Sports & Fitness,Email Campaign
CUST01925,Tanvi Trivedi,user1925@email.com,23,Female,Punjab,Chandigarh,410477,2022-07-09,3-6L,Regular,0,Books,Organic Search
CUST01926,Isha Shah,user1926@email.com,25,Female,Delhi,Ghaziabad,563046,2020-03-27,3-6L,Regular,1,Books,Referral
CUST01927,Sanjay Pandey,user1927@email.com,47,Male,Madhya Pradesh,Ujjain,226836,2022-09-12,<3L,VIP,0,Books,Social Media
CUST01928,Tanvi Shah,user1928@email.com,33,Female,Gujarat,Vadodara,147015,2020-09-17,>20L,Regular,1,Books,Organic Search
CUST01929,Ishaan Verma,user1929@email.com,18,Male,Karnataka,Bengaluru,750990,2019-08-12,<3L,Regular,0,Books,Social Media
CUST01930,Rohit Nair,user1930@email.com,35,Female,Bihar,Darbhanga,622736,2018-08-21,3-6L,New,1,Electronics,Organic Search
CUST01931,Aarav Malhotra,user1931@email.com,36,Female,Telangana,Khammam,865018,2023-09-06,3-6L,Regular,0,Office Supplies,Social Media
CUST01932,Isha Malhotra,user1932@email.com,23,Male,Delhi,Gurgaon,286477,2022-11-04,3-6L,Premium,1,Books,Paid Ads
CUST01933,Arjun Pillai,user1933@email.com,57,Female,Delhi,Gurgaon,122381,2023-07-12,3-6L,New,0,Toys & Games,Email Campaign
CUST01934,Deepika Mishra,user1934@email.com,60,Male,Uttar Pradesh,Lucknow,383208,2020-07-27,6-10L,Regular,0,Grocery,Paid Ads
CUST01935,Tanvi Rao,user1935@email.com,49,Female,Andhra Pradesh,Vijayawada,652801,2022-05-03,10-20L,New,1,Office Supplies,Organic Search
CUST01936,Aditya Joshi,user1936@email.com,50,Male,Telangana,Hyderabad,942521,2023-07-07,10-20L,New,0,Books,Organic Search
CUST01937,Arjun Kumar,user1937@email.com,42,Female,Delhi,Ghaziabad,957146,2018-12-14,3-6L,Premium,0,Sports & Fitness,Email Campaign
CUST01938,Aarav Joshi,user1938@email.com,54,Male,Kerala,Kollam,540752,2023-11-16,<3L,New,1,Office Supplies,Referral
CUST01939,Rajesh Trivedi,user1939@email.com,36,Male,Telangana,Khammam,737612,2019-09-26,3-6L,Regular,1,Grocery,Social Media
CUST01940,Mihir Sharma,user1940@email.com,32,Male,Bihar,Bhagalpur,623816,2020-01-15,<3L,Premium,0,Books,Referral
CUST01941,Ananya Singh,user1941@email.com,57,Male,West Bengal,Howrah,128373,2023-01-02,6-10L,Regular,0,Fashion,Organic Search
CUST01942,Vikram Sharma,user1942@email.com,55,Female,West Bengal,Howrah,208250,2020-12-17,>20L,New,0,Electronics,Organic Search
CUST01943,Vikram Pillai,user1943@email.com,35,Female,Rajasthan,Jaipur,308840,2021-07-01,10-20L,Regular,1,Electronics,Organic Search
CUST01944,Ananya Nair,user1944@email.com,52,Male,Maharashtra,Nashik,541168,2018-04-26,<3L,Premium,1,Books,Social Media
CUST01945,Isha Patel,user1945@email.com,43,Male,Punjab,Patiala,919600,2022-02-27,6-10L,Regular,0,Automotive,Referral
CUST01946,Tanvi Mehta,user1946@email.com,30,Female,Madhya Pradesh,Jabalpur,423748,2019-01-02,<3L,Regular,0,Toys & Games,Paid Ads
CUST01947,Aarav Agarwal,user1947@email.com,36,Female,Karnataka,Mysuru,635987,2023-10-13,10-20L,Regular,1,Beauty & Health,Social Media
CUST01948,Akash Trivedi,user1948@email.com,45,Female,Kerala,Kozhikode,109945,2022-12-31,6-10L,Regular,0,Books,Organic Search
CUST01949,Karan Trivedi,user1949@email.com,51,Male,Gujarat,Vadodara,892666,2019-04-21,3-6L,Regular,1,Automotive,Email Campaign
CUST01950,Divya Patel,user1950@email.com,36,Female,Madhya Pradesh,Indore,411521,2021-03-28,3-6L,Regular,0,Sports & Fitness,Referral
CUST01951,Manoj Malhotra,user1951@email.com,27,Male,Tamil Nadu,Salem,166877,2020-12-31,6-10L,New,0,Sports & Fitness,Email Campaign
CUST01952,Sunita Agarwal,user1952@email.com,32,Female,Uttar Pradesh,Agra,977776,2020-01-31,6-10L,Premium,1,Office Supplies,Organic Search
CUST01953,Vikram Sharma,user1953@email.com,60,Female,Telangana,Nizamabad,384986,2019-12-04,3-6L,Regular,0,Books,Referral
CUST01954,Aditya Malhotra,user1954@email.com,60,Female,Andhra Pradesh,Vijayawada,453946,2020-09-04,<3L,Regular,0,Office Supplies,Email Campaign
CUST01955,Aarav Nair,user1955@email.com,60,Female,Kerala,Thrissur,496142,2022-03-06,6-10L,New,0,Home & Kitchen,Organic Search
CUST01956,Priya Joshi,user1956@email.com,39,Other,Gujarat,Surat,212007,2020-04-29,6-10L,Regular,1,Fashion,Organic Search
CUST01957,Varun Banerjee,user1957@email.com,24,Female,Rajasthan,Udaipur,617414,2020-04-30,6-10L,Regular,0,Beauty & Health,Email Campaign
CUST01958,Utkarsh Pandey,user1958@email.com,19,Male,Tamil Nadu,Trichy,139407,2022-05-21,<3L,Regular,0,Books,Email Campaign
CUST01959,Aditi Joshi,user1959@email.com,27,Male,Rajasthan,Jaipur,785513,2023-12-15,<3L,Regular,0,Automotive,Paid Ads
CUST01960,Shreya Malhotra,user1960@email.com,33,Male,Madhya Pradesh,Gwalior,344174,2018-01-25,6-10L,New,0,Home & Kitchen,Paid Ads
CUST01961,Karan Sharma,user1961@email.com,32,Female,Bihar,Bhagalpur,956574,2020-04-04,3-6L,Regular,0,Home & Kitchen,Social Media
CUST01962,Isha Agarwal,user1962@email.com,41,Female,Karnataka,Mangaluru,760130,2023-10-06,>20L,New,1,Electronics,Paid Ads
CUST01963,Rohit Rao,user1963@email.com,56,Other,Andhra Pradesh,Visakhapatnam,570096,2018-08-12,6-10L,Premium,0,Home & Kitchen,Referral
CUST01964,Manoj Verma,user1964@email.com,25,Female,Haryana,Gurugram,149410,2021-02-18,3-6L,Regular,1,Fashion,Email Campaign
CUST01965,Siddharth Pandey,user1965@email.com,47,Male,Rajasthan,Jaipur,500762,2021-10-31,>20L,Regular,0,Grocery,Organic Search
CUST01966,Tanvi Patel,user1966@email.com,25,Other,Tamil Nadu,Madurai,592713,2021-08-30,6-10L,New,0,Home & Kitchen,Organic Search
CUST01967,Yash Malhotra,user1967@email.com,57,Male,Gujarat,Surat,510353,2023-08-01,6-10L,Regular,0,Office Supplies,Social Media
CUST01968,Sunita Pandey,user1968@email.com,57,Female,Karnataka,Hubli,403189,2020-02-11,10-20L,Regular,1,Office Supplies,Organic Search
CUST01969,Manoj Gupta,user1969@email.com,25,Female,Tamil Nadu,Chennai,300236,2023-04-11,6-10L,Regular,1,Automotive,Social Media
CUST01970,Divya Singh,user1970@email.com,47,Male,Madhya Pradesh,Gwalior,997414,2023-10-24,<3L,Premium,0,Books,Email Campaign
CUST01971,Deepika Mehta,user1971@email.com,38,Male,Kerala,Kochi,800498,2019-06-18,<3L,VIP,0,Beauty & Health,Social Media
CUST01972,Akash Mishra,user1972@email.com,19,Female,Maharashtra,Mumbai,241412,2021-07-03,>20L,Regular,1,Home & Kitchen,Organic Search
CUST01973,Sneha Shah,user1973@email.com,37,Male,Punjab,Jalandhar,815224,2018-07-15,<3L,Premium,1,Beauty & Health,Organic Search
CUST01974,Meera Rao,user1974@email.com,20,Female,Gujarat,Rajkot,851425,2021-09-21,10-20L,New,0,Electronics,Email Campaign
CUST01975,Utkarsh Malhotra,user1975@email.com,28,Male,West Bengal,Siliguri,339019,2021-07-22,6-10L,VIP,0,Toys & Games,Referral
CUST01976,Tanvi Pandey,user1976@email.com,20,Male,Bihar,Muzaffarpur,876034,2021-10-23,>20L,Premium,0,Fashion,Social Media
CUST01977,Sunita Mishra,user1977@email.com,33,Female,Delhi,Gurgaon,635269,2021-03-19,6-10L,Regular,0,Office Supplies,Organic Search
CUST01978,Manoj Sharma,user1978@email.com,40,Female,Haryana,Gurugram,201394,2020-08-26,10-20L,VIP,0,Beauty & Health,Email Campaign
CUST01979,Ishaan Singh,user1979@email.com,41,Female,Maharashtra,Thane,903874,2022-09-23,10-20L,Regular,0,Fashion,Organic Search
CUST01980,Rohit Sharma,user1980@email.com,33,Female,Delhi,Noida,904058,2021-11-19,10-20L,Regular,1,Office Supplies,Email Campaign
CUST01981,Tanvi Trivedi,user1981@email.com,50,Male,Maharashtra,Mumbai,583371,2019-08-23,3-6L,New,0,Fashion,Social Media
CUST01982,Amit Banerjee,user1982@email.com,47,Male,Rajasthan,Jaipur,335393,2018-09-14,>20L,Regular,0,Toys & Games,Organic Search
CUST01983,Utkarsh Gupta,user1983@email.com,44,Male,Karnataka,Hubli,414478,2018-10-16,6-10L,VIP,0,Grocery,Referral
CUST01984,Meera Malhotra,user1984@email.com,30,Other,Haryana,Hisar,722896,2023-11-08,10-20L,Regular,0,Fashion,Referral
CUST01985,Siddharth Agarwal,user1985@email.com,57,Other,Uttar Pradesh,Lucknow,337135,2018-06-09,3-6L,Premium,0,Sports & Fitness,Organic Search
CUST01986,Ishaan Shah,user1986@email.com,55,Female,Rajasthan,Jaipur,303144,2020-08-21,<3L,New,1,Office Supplies,Social Media
CUST01987,Aditi Gupta,user1987@email.com,21,Female,Kerala,Kozhikode,529769,2022-09-29,3-6L,Regular,1,Books,Referral
CUST01988,Siddharth Kumar,user1988@email.com,53,Male,Kerala,Thrissur,797244,2023-05-01,10-20L,Premium,0,Automotive,Organic Search
CUST01989,Divya Rao,user1989@email.com,44,Male,Delhi,Gurgaon,714004,2022-01-30,<3L,New,1,Office Supplies,Referral
CUST01990,Amit Verma,user1990@email.com,44,Female,Kerala,Kollam,464114,2023-07-20,6-10L,Premium,0,Fashion,App Store
CUST01991,Arjun Kumar,user1991@email.com,57,Male,Andhra Pradesh,Tirupati,410795,2023-11-14,3-6L,Regular,0,Beauty & Health,Email Campaign
CUST01992,Sneha Agarwal,user1992@email.com,21,Female,Uttar Pradesh,Allahabad,666655,2019-05-19,<3L,Regular,0,Home & Kitchen,Social Media
CUST01993,Sanjay Sharma,user1993@email.com,50,Male,Haryana,Hisar,573767,2019-04-27,<3L,Regular,0,Grocery,Social Media
CUST01994,Rohit Pillai,user1994@email.com,46,Female,West Bengal,Kolkata,183806,2021-06-29,>20L,Premium,0,Automotive,Social Media
CUST01995,Karan Pillai,user1995@email.com,50,Female,Punjab,Chandigarh,919581,2019-11-27,<3L,Premium,1,Home & Kitchen,Social Media
CUST01996,Aditya Singh,user1996@email.com,22,Male,Haryana,Rohtak,676588,2023-04-17,6-10L,Premium,1,Toys & Games,Organic Search
CUST01997,Sunita Agarwal,user1997@email.com,28,Male,Maharashtra,Pune,917939,2021-05-01,<3L,Premium,0,Fashion,Social Media
CUST01998,Karan Shah,user1998@email.com,33,Male,Haryana,Rohtak,548297,2019-02-11,<3L,Regular,0,Office Supplies,Email Campaign
CUST01999,Rohit Nair,user1999@email.com,39,Female,Punjab,Chandigarh,829157,2023-08-21,6-10L,Regular,0,Grocery,Social Media
CUST02000,Nisha Joshi,user2000@email.com,29,Male,Haryana,Panipat,322924,2019-04-07,6-10L,New,0,Office Supplies,Organic Search
CUST02001,Shreya Nair,user2001@email.com,58,Male,Gujarat,Surat,893402,2018-07-10,<3L,Premium,1,Books,Referral
CUST02002,Ananya Reddy,user2002@email.com,33,Male,Bihar,Muzaffarpur,468022,2023-07-22,6-10L,VIP,0,Sports & Fitness,Email Campaign
CUST02003,Meera Trivedi,user2003@email.com,22,Female,Gujarat,Gandhinagar,892938,2023-10-22,3-6L,Regular,1,Books,Paid Ads
CUST02004,Arjun Agarwal,user2004@email.com,19,Female,Kerala,Kochi,803470,2019-09-26,3-6L,Premium,0,Electronics,Referral
CUST02005,Rohit Pandey,user2005@email.com,23,Female,Haryana,Faridabad,466365,2023-09-01,<3L,VIP,0,Sports & Fitness,Referral
CUST02006,Siddharth Mehta,user2006@email.com,38,Other,Delhi,Ghaziabad,707250,2020-07-03,6-10L,Regular,0,Grocery,Email Campaign
CUST02007,Manoj Banerjee,user2007@email.com,25,Other,Andhra Pradesh,Visakhapatnam,983014,2022-04-16,3-6L,Premium,0,Automotive,Referral
CUST02008,Nisha Shah,user2008@email.com,48,Male,Gujarat,Vadodara,284722,2019-06-11,10-20L,Regular,0,Grocery,Email Campaign
CUST02009,Utkarsh Malhotra,user2009@email.com,32,Male,Bihar,Patna,721810,2019-04-01,<3L,New,0,Office Supplies,Social Media
CUST02010,Aditi Iyer,user2010@email.com,19,Male,Rajasthan,Udaipur,729625,2023-08-01,6-10L,Regular,1,Beauty & Health,Organic Search
CUST02011,Divya Joshi,user2011@email.com,36,Male,West Bengal,Siliguri,589923,2020-05-29,3-6L,VIP,0,Automotive,Organic Search
CUST02012,Sanjay Patel,user2012@email.com,58,Male,Bihar,Darbhanga,980751,2022-08-02,3-6L,VIP,0,Beauty & Health,Email Campaign
CUST02013,Divya Mehta,user2013@email.com,54,Female,West Bengal,Howrah,876887,2020-11-30,6-10L,New,0,Electronics,Organic Search
CUST02014,Amit Agarwal,user2014@email.com,37,Male,Karnataka,Mysuru,498739,2020-09-14,3-6L,Regular,1,Toys & Games,Organic Search
CUST02015,Aditya Shah,user2015@email.com,27,Male,Bihar,Patna,417135,2023-10-03,>20L,Premium,1,Electronics,Social Media
CUST02016,Rahul Agarwal,user2016@email.com,23,Female,Andhra Pradesh,Guntur,653080,2022-08-17,10-20L,New,0,Fashion,Referral
CUST02017,Sneha Malhotra,user2017@email.com,34,Male,Kerala,Thiruvananthapuram,510198,2019-11-19,6-10L,New,1,Home & Kitchen,Email Campaign
CUST02018,Pooja Joshi,user2018@email.com,57,Male,Rajasthan,Udaipur,281944,2020-05-11,<3L,New,1,Office Supplies,Email Campaign
CUST02019,Isha Banerjee,user2019@email.com,32,Female,Andhra Pradesh,Tirupati,924660,2021-12-31,<3L,Regular,0,Fashion,Organic Search
CUST02020,Shreya Pandey,user2020@email.com,25,Male,Delhi,Faridabad,383313,2022-08-24,6-10L,VIP,0,Electronics,Paid Ads
CUST02021,Sunita Malhotra,user2021@email.com,58,Male,Rajasthan,Jodhpur,284411,2022-06-06,<3L,VIP,0,Home & Kitchen,Referral
CUST02022,Rohit Shah,user2022@email.com,20,Other,Bihar,Bhagalpur,802857,2022-07-04,6-10L,Premium,0,Automotive,Organic Search
CUST02023,Riya Verma,user2023@email.com,27,Other,Punjab,Patiala,317817,2018-08-24,6-10L,New,1,Home & Kitchen,Referral
CUST02024,Isha Verma,user2024@email.com,26,Male,West Bengal,Kolkata,853653,2019-11-25,<3L,Regular,1,Books,Social Media
CUST02025,Divya Rao,user2025@email.com,28,Male,Gujarat,Rajkot,292547,2019-05-20,3-6L,Regular,1,Automotive,Organic Search
CUST02026,Manoj Malhotra,user2026@email.com,58,Male,Madhya Pradesh,Gwalior,403636,2020-03-14,<3L,Premium,1,Automotive,Organic Search
CUST02027,Siddharth Mishra,user2027@email.com,54,Female,Haryana,Panipat,863096,2020-08-21,3-6L,New,0,Toys & Games,Social Media
CUST02028,Aarav Patel,user2028@email.com,51,Male,Punjab,Jalandhar,869671,2020-09-11,>20L,Regular,1,Fashion,Paid Ads
CUST02029,Rohit Pandey,user2029@email.com,27,Male,Kerala,Thiruvananthapuram,968332,2018-06-09,10-20L,Premium,0,Grocery,Paid Ads
CUST02030,Mihir Malhotra,user2030@email.com,43,Female,Delhi,Ghaziabad,176241,2023-07-03,10-20L,Regular,0,Beauty & Health,Organic Search
CUST02031,Shreya Pandey,user2031@email.com,52,Male,Telangana,Hyderabad,161673,2018-02-26,10-20L,New,0,Fashion,Organic Search
CUST02032,Ananya Sharma,user2032@email.com,50,Female,Punjab,Ludhiana,931466,2021-06-27,3-6L,Regular,1,Sports & Fitness,Organic Search
CUST02033,Sunita Iyer,user2033@email.com,27,Male,Haryana,Gurugram,495732,2023-07-24,3-6L,Regular,1,Home & Kitchen,Email Campaign
CUST02034,Rohit Banerjee,user2034@email.com,24,Female,Rajasthan,Ajmer,730061,2018-08-05,6-10L,New,0,Toys & Games,Referral
CUST02035,Deepika Nair,user2035@email.com,42,Male,Delhi,New Delhi,299596,2019-03-02,3-6L,Premium,1,Toys & Games,Social Media
CUST02036,Kavya Mishra,user2036@email.com,57,Female,Telangana,Karimnagar,984029,2018-12-19,3-6L,New,1,Fashion,Organic Search
CUST02037,Vikram Nair,user2037@email.com,22,Male,Punjab,Jalandhar,989714,2020-09-11,6-10L,Regular,0,Grocery,Email Campaign
CUST02038,Karan Gupta,user2038@email.com,50,Male,Delhi,Faridabad,135870,2018-06-14,<3L,New,0,Electronics,Referral
CUST02039,Rohit Mehta,user2039@email.com,37,Female,Bihar,Darbhanga,586716,2022-03-06,6-10L,Premium,0,Books,Email Campaign
CUST02040,Siddharth Shah,user2040@email.com,22,Male,Karnataka,Bengaluru,705640,2022-12-18,3-6L,Regular,1,Sports & Fitness,Organic Search
CUST02041,Deepika Joshi,user2041@email.com,19,Female,Telangana,Hyderabad,999476,2019-04-11,3-6L,Premium,1,Automotive,Organic Search
CUST02042,Riya Rao,user2042@email.com,59,Male,West Bengal,Durgapur,311564,2018-06-27,3-6L,New,0,Sports & Fitness,Organic Search
CUST02043,Manoj Sharma,user2043@email.com,55,Female,Delhi,Ghaziabad,308434,2023-08-03,>20L,Regular,1,Fashion,Organic Search
CUST02044,Siddharth Nair,user2044@email.com,25,Female,West Bengal,Siliguri,876824,2023-12-10,3-6L,Regular,1,Sports & Fitness,Social Media
CUST02045,Siddharth Rao,user2045@email.com,47,Male,Telangana,Hyderabad,989436,2023-11-23,6-10L,New,0,Books,App Store
CUST02046,Sneha Agarwal,user2046@email.com,33,Male,Telangana,Nizamabad,214423,2022-05-15,<3L,Regular,0,Grocery,Paid Ads
CUST02047,Rohit Reddy,user2047@email.com,51,Male,West Bengal,Howrah,837230,2021-11-07,3-6L,New,0,Automotive,Social Media
CUST02048,Arjun Pillai,user2048@email.com,47,Female,Delhi,Gurgaon,735541,2021-09-08,6-10L,Regular,1,Sports & Fitness,Email Campaign
CUST02049,Shreya Iyer,user2049@email.com,59,Female,Karnataka,Hubli,157833,2023-06-20,3-6L,Regular,0,Grocery,Organic Search
CUST02050,Kavya Kumar,user2050@email.com,60,Male,Rajasthan,Jaipur,275604,2019-12-03,3-6L,New,0,Electronics,Referral
CUST02051,Aditya Joshi,user2051@email.com,41,Female,Madhya Pradesh,Gwalior,318951,2021-09-30,3-6L,VIP,0,Home & Kitchen,Referral
CUST02052,Deepika Shah,user2052@email.com,22,Female,Maharashtra,Nashik,683153,2023-02-27,<3L,Premium,0,Office Supplies,Email Campaign
CUST02053,Akash Rao,user2053@email.com,52,Male,Bihar,Patna,756498,2018-01-10,3-6L,New,0,Grocery,Organic Search
CUST02054,Sneha Reddy,user2054@email.com,40,Female,Madhya Pradesh,Indore,787561,2018-03-12,>20L,VIP,0,Grocery,Organic Search
CUST02055,Anjali Rao,user2055@email.com,47,Male,Madhya Pradesh,Gwalior,305211,2019-05-04,6-10L,Regular,1,Beauty & Health,Email Campaign
CUST02056,Karan Kumar,user2056@email.com,39,Male,Delhi,Noida,380005,2021-01-30,>20L,Regular,0,Grocery,Organic Search
CUST02057,Sneha Mehta,user2057@email.com,48,Male,Karnataka,Mysuru,128965,2019-09-27,3-6L,Regular,1,Sports & Fitness,App Store
CUST02058,Aditya Pandey,user2058@email.com,50,Male,Tamil Nadu,Chennai,409398,2021-02-10,6-10L,Premium,1,Beauty & Health,Referral
CUST02059,Isha Verma,user2059@email.com,43,Female,Karnataka,Bengaluru,809412,2018-11-13,3-6L,Regular,0,Toys & Games,Organic Search
CUST02060,Divya Sharma,user2060@email.com,31,Male,Telangana,Khammam,528953,2022-10-05,6-10L,New,1,Sports & Fitness,Referral
CUST02061,Deepika Gupta,user2061@email.com,46,Female,Uttar Pradesh,Varanasi,486715,2018-06-29,3-6L,New,0,Automotive,Organic Search
CUST02062,Akash Gupta,user2062@email.com,30,Male,Kerala,Kozhikode,887561,2020-11-15,6-10L,Premium,1,Sports & Fitness,Organic Search
CUST02063,Tanvi Mishra,user2063@email.com,29,Male,Haryana,Faridabad,730883,2018-01-26,10-20L,Regular,0,Electronics,Referral
CUST02064,Arjun Trivedi,user2064@email.com,29,Male,Gujarat,Vadodara,387877,2020-02-10,3-6L,Regular,0,Automotive,Organic Search
CUST02065,Arjun Kumar,user2065@email.com,38,Female,Gujarat,Gandhinagar,465459,2020-12-22,3-6L,New,1,Office Supplies,Organic Search
CUST02066,Ishaan Iyer,user2066@email.com,60,Other,Rajasthan,Udaipur,728596,2020-11-29,>20L,New,1,Home & Kitchen,Paid Ads
CUST02067,Riya Gupta,user2067@email.com,19,Female,Gujarat,Surat,966027,2023-12-23,6-10L,New,0,Books,Email Campaign
CUST02068,Sanjay Rao,user2068@email.com,52,Male,Tamil Nadu,Chennai,805473,2022-02-15,6-10L,Premium,0,Office Supplies,Organic Search
CUST02069,Akash Malhotra,user2069@email.com,22,Male,Andhra Pradesh,Visakhapatnam,185247,2019-02-18,<3L,New,1,Electronics,Organic Search
CUST02070,Aarav Singh,user2070@email.com,36,Female,West Bengal,Asansol,291849,2021-03-21,10-20L,Premium,0,Books,Organic Search
CUST02071,Aditi Verma,user2071@email.com,53,Male,Kerala,Thiruvananthapuram,322897,2021-12-26,3-6L,Regular,0,Fashion,Email Campaign
CUST02072,Karan Agarwal,user2072@email.com,55,Female,Rajasthan,Jaipur,850105,2020-04-10,<3L,Premium,0,Electronics,Social Media
CUST02073,Tanvi Verma,user2073@email.com,49,Male,Punjab,Amritsar,422615,2023-10-18,3-6L,New,1,Toys & Games,Organic Search
CUST02074,Utkarsh Gupta,user2074@email.com,51,Female,Maharashtra,Thane,971263,2021-08-05,3-6L,Regular,1,Books,Referral
CUST02075,Utkarsh Singh,user2075@email.com,52,Male,Kerala,Kollam,170633,2022-08-04,3-6L,New,0,Home & Kitchen,Paid Ads
CUST02076,Sunita Sharma,user2076@email.com,23,Male,Andhra Pradesh,Visakhapatnam,529775,2018-04-26,6-10L,Premium,0,Beauty & Health,Email Campaign
CUST02077,Nisha Joshi,user2077@email.com,49,Female,Bihar,Patna,543315,2020-09-13,3-6L,Premium,1,Electronics,Email Campaign
CUST02078,Mihir Mehta,user2078@email.com,24,Male,Maharashtra,Mumbai,543534,2022-05-04,<3L,Premium,1,Electronics,Organic Search
CUST02079,Priya Joshi,user2079@email.com,40,Male,Telangana,Nizamabad,412880,2022-02-15,3-6L,VIP,1,Grocery,Referral
CUST02080,Priya Pandey,user2080@email.com,26,Female,Rajasthan,Kota,341466,2018-01-04,6-10L,Regular,0,Beauty & Health,Social Media
CUST02081,Manoj Mehta,user2081@email.com,49,Female,Kerala,Kochi,129500,2023-05-30,10-20L,Premium,0,Toys & Games,Referral
CUST02082,Anjali Iyer,user2082@email.com,48,Male,Maharashtra,Mumbai,874028,2023-11-25,<3L,Regular,1,Automotive,Referral
CUST02083,Arjun Banerjee,user2083@email.com,53,Male,Delhi,Noida,769179,2021-04-30,>20L,Regular,1,Home & Kitchen,Organic Search
CUST02084,Varun Gupta,user2084@email.com,27,Female,Tamil Nadu,Chennai,641653,2018-02-08,10-20L,Regular,0,Beauty & Health,Email Campaign
CUST02085,Divya Shah,user2085@email.com,56,Male,West Bengal,Howrah,328439,2022-11-03,>20L,VIP,0,Books,Social Media
CUST02086,Tanvi Mehta,user2086@email.com,58,Male,Tamil Nadu,Coimbatore,509327,2021-10-22,3-6L,Premium,1,Electronics,Email Campaign
CUST02087,Varun Kumar,user2087@email.com,40,Female,Madhya Pradesh,Bhopal,978663,2020-04-29,10-20L,Regular,1,Fashion,Social Media
CUST02088,Sneha Patel,user2088@email.com,39,Female,Delhi,Gurgaon,438699,2020-09-04,6-10L,New,0,Office Supplies,Social Media
CUST02089,Meera Malhotra,user2089@email.com,23,Female,Haryana,Gurugram,447103,2023-05-22,3-6L,Regular,1,Fashion,Referral
CUST02090,Rohit Verma,user2090@email.com,21,Male,Haryana,Panipat,394373,2020-08-25,3-6L,Regular,0,Automotive,Organic Search
CUST02091,Shreya Pillai,user2091@email.com,27,Female,Punjab,Ludhiana,364854,2020-01-06,6-10L,Premium,0,Sports & Fitness,Referral
CUST02092,Aditya Gupta,user2092@email.com,22,Male,Kerala,Kochi,418728,2019-12-13,6-10L,Regular,0,Electronics,Paid Ads
CUST02093,Rahul Pillai,user2093@email.com,39,Male,Andhra Pradesh,Visakhapatnam,693435,2023-11-29,6-10L,Premium,0,Automotive,Referral
CUST02094,Tanvi Pillai,user2094@email.com,30,Male,Telangana,Hyderabad,215557,2021-11-17,3-6L,VIP,0,Sports & Fitness,Email Campaign
CUST02095,Yash Patel,user2095@email.com,29,Female,Madhya Pradesh,Bhopal,460115,2018-01-05,10-20L,Regular,0,Books,Organic Search
CUST02096,Akash Pandey,user2096@email.com,55,Male,Madhya Pradesh,Bhopal,361898,2018-09-07,6-10L,New,0,Grocery,App Store
CUST02097,Yash Mehta,user2097@email.com,57,Male,Andhra Pradesh,Visakhapatnam,313042,2020-07-07,10-20L,VIP,0,Automotive,Organic Search
CUST02098,Sanjay Joshi,user2098@email.com,23,Female,West Bengal,Kolkata,527927,2020-04-14,6-10L,Premium,1,Books,Email Campaign
CUST02099,Aditi Mehta,user2099@email.com,42,Male,Gujarat,Surat,741309,2023-04-21,<3L,Regular,0,Office Supplies,App Store
CUST02100,Utkarsh Banerjee,user2100@email.com,33,Male,Uttar Pradesh,Agra,834633,2018-03-03,<3L,Premium,0,Office Supplies,Organic Search
CUST02101,Anjali Reddy,user2101@email.com,56,Male,Maharashtra,Thane,747548,2018-09-09,6-10L,Premium,0,Sports & Fitness,Social Media
CUST02102,Vikram Iyer,user2102@email.com,28,Female,Andhra Pradesh,Nellore,438807,2021-12-16,3-6L,New,1,Automotive,Paid Ads
CUST02103,Aarav Verma,user2103@email.com,50,Female,Tamil Nadu,Chennai,894481,2021-05-04,3-6L,Regular,1,Grocery,Social Media
CUST02104,Meera Nair,user2104@email.com,57,Female,Madhya Pradesh,Gwalior,418557,2019-06-17,<3L,Regular,0,Grocery,Email Campaign
CUST02105,Siddharth Kumar,user2105@email.com,52,Female,Rajasthan,Udaipur,727666,2022-01-01,6-10L,Premium,1,Beauty & Health,Referral
CUST02106,Aditi Sharma,user2106@email.com,27,Male,Madhya Pradesh,Indore,533525,2023-01-18,10-20L,VIP,0,Grocery,Organic Search
CUST02107,Karan Kumar,user2107@email.com,34,Male,Rajasthan,Jodhpur,887935,2021-12-16,6-10L,New,0,Beauty & Health,Social Media
CUST02108,Rajesh Mishra,user2108@email.com,19,Male,Telangana,Khammam,330113,2020-12-17,3-6L,Regular,0,Sports & Fitness,Social Media
CUST02109,Yash Agarwal,user2109@email.com,32,Male,Karnataka,Bengaluru,946066,2018-04-09,3-6L,VIP,0,Beauty & Health,Organic Search
CUST02110,Manoj Banerjee,user2110@email.com,18,Female,West Bengal,Kolkata,471519,2020-12-19,6-10L,New,1,Office Supplies,Organic Search
CUST02111,Karan Shah,user2111@email.com,39,Male,Bihar,Darbhanga,649526,2021-05-24,3-6L,Regular,0,Books,Email Campaign
CUST02112,Aditi Mehta,user2112@email.com,40,Male,Madhya Pradesh,Gwalior,453867,2023-09-29,>20L,Regular,0,Grocery,Social Media
CUST02113,Karan Rao,user2113@email.com,58,Female,Andhra Pradesh,Nellore,235775,2020-12-31,10-20L,Regular,1,Sports & Fitness,Referral
CUST02114,Vikram Rao,user2114@email.com,23,Female,Gujarat,Vadodara,141235,2023-04-27,3-6L,Premium,1,Office Supplies,Social Media
CUST02115,Nisha Pandey,user2115@email.com,35,Female,Kerala,Thiruvananthapuram,152693,2018-08-13,<3L,Premium,0,Electronics,Referral
CUST02116,Aarav Malhotra,user2116@email.com,47,Female,West Bengal,Durgapur,971573,2021-08-16,3-6L,Regular,1,Office Supplies,Email Campaign
CUST02117,Akash Mishra,user2117@email.com,56,Other,Tamil Nadu,Madurai,457126,2021-06-06,6-10L,Regular,0,Sports & Fitness,Organic Search
CUST02118,Rohit Sharma,user2118@email.com,56,Female,Uttar Pradesh,Allahabad,892548,2021-11-26,<3L,New,0,Home & Kitchen,Social Media
CUST02119,Isha Trivedi,user2119@email.com,42,Male,Delhi,Ghaziabad,141337,2023-07-08,3-6L,Regular,0,Fashion,Organic Search
CUST02120,Kavya Kumar,user2120@email.com,30,Male,Bihar,Bhagalpur,235342,2018-11-06,<3L,Regular,0,Fashion,Organic Search
CUST02121,Nisha Pandey,user2121@email.com,37,Male,Kerala,Thrissur,640303,2019-08-24,<3L,Regular,1,Fashion,Social Media
CUST02122,Rohit Agarwal,user2122@email.com,27,Male,Kerala,Kollam,755334,2022-11-01,<3L,Premium,1,Grocery,Paid Ads
CUST02123,Arjun Shah,user2123@email.com,59,Female,Rajasthan,Jodhpur,443642,2021-11-06,>20L,Premium,1,Home & Kitchen,Referral
CUST02124,Ananya Mehta,user2124@email.com,32,Male,Punjab,Patiala,887019,2020-03-12,3-6L,VIP,0,Home & Kitchen,Email Campaign
CUST02125,Sunita Nair,user2125@email.com,41,Male,Kerala,Kollam,495146,2019-09-16,10-20L,Premium,1,Fashion,App Store
CUST02126,Aditi Shah,user2126@email.com,37,Female,Uttar Pradesh,Agra,676859,2020-06-10,<3L,Regular,1,Office Supplies,Referral
CUST02127,Rohit Agarwal,user2127@email.com,22,Male,Telangana,Warangal,734609,2023-03-13,10-20L,Premium,1,Books,Organic Search
CUST02128,Yash Joshi,user2128@email.com,56,Female,Maharashtra,Nashik,539767,2018-07-08,10-20L,Regular,0,Toys & Games,Social Media
CUST02129,Aditi Kumar,user2129@email.com,56,Female,Maharashtra,Pune,146611,2023-12-09,<3L,VIP,1,Grocery,Referral
CUST02130,Vikram Pandey,user2130@email.com,58,Female,Tamil Nadu,Salem,230679,2018-11-13,3-6L,Premium,1,Office Supplies,Email Campaign
CUST02131,Arjun Pillai,user2131@email.com,19,Female,Delhi,Noida,719213,2019-03-04,<3L,VIP,0,Home & Kitchen,Email Campaign
CUST02132,Pooja Mehta,user2132@email.com,54,Male,Kerala,Kollam,928201,2020-10-22,3-6L,New,0,Home & Kitchen,Referral
CUST02133,Isha Mishra,user2133@email.com,25,Female,Haryana,Panipat,494010,2020-06-06,3-6L,Regular,0,Sports & Fitness,Referral
CUST02134,Manoj Agarwal,user2134@email.com,38,Female,Kerala,Kochi,171825,2023-02-21,10-20L,Regular,1,Sports & Fitness,App Store
CUST02135,Rohit Verma,user2135@email.com,35,Male,Madhya Pradesh,Indore,822863,2023-12-09,6-10L,Premium,1,Office Supplies,Email Campaign
CUST02136,Kavya Malhotra,user2136@email.com,30,Male,Telangana,Nizamabad,317633,2021-08-02,>20L,Premium,0,Home & Kitchen,Email Campaign
CUST02137,Pooja Gupta,user2137@email.com,39,Male,Gujarat,Vadodara,959249,2019-04-18,<3L,Regular,1,Electronics,Paid Ads
CUST02138,Manoj Mishra,user2138@email.com,27,Other,Haryana,Rohtak,524334,2023-11-28,6-10L,Regular,0,Sports & Fitness,Social Media
CUST02139,Sanjay Kumar,user2139@email.com,20,Female,Punjab,Chandigarh,455928,2018-06-14,3-6L,New,1,Fashion,Social Media
CUST02140,Divya Verma,user2140@email.com,56,Male,Punjab,Patiala,480767,2022-09-27,3-6L,Premium,1,Grocery,Organic Search
CUST02141,Kavya Pandey,user2141@email.com,55,Male,Gujarat,Rajkot,280688,2021-10-01,10-20L,Regular,0,Beauty & Health,Referral
CUST02142,Aditya Joshi,user2142@email.com,53,Male,Telangana,Warangal,183074,2018-11-01,3-6L,Regular,0,Office Supplies,Organic Search
CUST02143,Karan Iyer,user2143@email.com,18,Other,Delhi,Ghaziabad,536820,2022-02-23,>20L,Regular,0,Office Supplies,Paid Ads
CUST02144,Siddharth Sharma,user2144@email.com,24,Male,West Bengal,Kolkata,801609,2018-08-09,6-10L,Premium,0,Beauty & Health,Paid Ads
CUST02145,Priya Pillai,user2145@email.com,25,Female,Haryana,Gurugram,453226,2022-12-17,>20L,Premium,0,Automotive,Email Campaign
CUST02146,Karan Pandey,user2146@email.com,47,Female,Rajasthan,Kota,743513,2022-11-26,6-10L,New,1,Office Supplies,Email Campaign
CUST02147,Sanjay Mishra,user2147@email.com,32,Female,Karnataka,Mysuru,717969,2022-03-24,3-6L,Regular,1,Books,Email Campaign
CUST02148,Shreya Mehta,user2148@email.com,32,Male,Uttar Pradesh,Agra,656206,2022-11-23,3-6L,VIP,0,Electronics,Referral
CUST02149,Aditya Sharma,user2149@email.com,27,Female,Bihar,Muzaffarpur,600286,2022-10-31,>20L,New,1,Fashion,Referral
CUST02150,Tanvi Reddy,user2150@email.com,44,Female,Karnataka,Belgaum,996472,2019-07-16,<3L,Premium,1,Automotive,App Store
CUST02151,Siddharth Patel,user2151@email.com,26,Male,West Bengal,Kolkata,607117,2022-02-22,6-10L,VIP,1,Electronics,Referral
CUST02152,Amit Sharma,user2152@email.com,27,Male,Delhi,Gurgaon,811901,2020-12-03,3-6L,New,0,Grocery,Organic Search
CUST02153,Mihir Gupta,user2153@email.com,25,Female,Punjab,Jalandhar,580377,2018-11-04,10-20L,New,1,Toys & Games,Organic Search
CUST02154,Ananya Rao,user2154@email.com,25,Female,Maharashtra,Pune,788015,2023-03-17,3-6L,VIP,0,Office Supplies,Email Campaign
CUST02155,Sunita Pillai,user2155@email.com,27,Male,Maharashtra,Mumbai,304261,2019-01-31,<3L,New,0,Grocery,Organic Search
CUST02156,Arjun Gupta,user2156@email.com,57,Female,Tamil Nadu,Trichy,331588,2022-12-23,3-6L,VIP,0,Fashion,Social Media
CUST02157,Meera Malhotra,user2157@email.com,22,Male,Delhi,Noida,233030,2023-10-27,3-6L,Regular,1,Books,Email Campaign
CUST02158,Anjali Banerjee,user2158@email.com,22,Male,Karnataka,Belgaum,569836,2023-12-23,6-10L,Regular,0,Beauty & Health,Email Campaign
CUST02159,Isha Shah,user2159@email.com,40,Female,Tamil Nadu,Coimbatore,381576,2019-03-17,6-10L,Regular,0,Grocery,Social Media
CUST02160,Ananya Patel,user2160@email.com,31,Female,West Bengal,Howrah,322532,2023-12-28,3-6L,Regular,1,Home & Kitchen,Email Campaign
CUST02161,Utkarsh Shah,user2161@email.com,36,Female,Bihar,Darbhanga,808655,2022-08-26,>20L,Regular,0,Office Supplies,Social Media
CUST02162,Aditya Joshi,user2162@email.com,26,Female,Gujarat,Rajkot,490253,2019-05-14,3-6L,New,1,Automotive,Organic Search
CUST02163,Yash Patel,user2163@email.com,45,Male,Uttar Pradesh,Lucknow,518448,2018-02-04,6-10L,VIP,1,Fashion,Organic Search
CUST02164,Karan Agarwal,user2164@email.com,54,Female,Tamil Nadu,Coimbatore,345230,2021-12-28,3-6L,New,0,Books,App Store
CUST02165,Riya Gupta,user2165@email.com,20,Female,Delhi,Ghaziabad,185227,2021-09-12,6-10L,Premium,0,Fashion,Referral
CUST02166,Varun Mehta,user2166@email.com,22,Female,Tamil Nadu,Salem,572540,2018-09-22,6-10L,VIP,0,Home & Kitchen,Social Media
CUST02167,Nisha Agarwal,user2167@email.com,31,Male,Tamil Nadu,Madurai,998254,2022-12-27,>20L,Premium,0,Toys & Games,Paid Ads
CUST02168,Arjun Reddy,user2168@email.com,55,Male,Karnataka,Belgaum,461636,2020-07-02,10-20L,Regular,0,Home & Kitchen,Social Media
CUST02169,Manoj Reddy,user2169@email.com,42,Female,Telangana,Karimnagar,779451,2021-11-18,>20L,Regular,0,Automotive,Organic Search
CUST02170,Divya Joshi,user2170@email.com,20,Male,Karnataka,Belgaum,137877,2019-09-20,>20L,Regular,0,Home & Kitchen,App Store
CUST02171,Ananya Pandey,user2171@email.com,50,Female,Punjab,Chandigarh,991905,2023-03-17,3-6L,Regular,1,Electronics,Social Media
CUST02172,Meera Nair,user2172@email.com,56,Male,West Bengal,Durgapur,308723,2023-05-10,6-10L,VIP,1,Toys & Games,Paid Ads
CUST02173,Anjali Sharma,user2173@email.com,33,Male,Haryana,Gurugram,431612,2018-11-01,6-10L,New,0,Electronics,Paid Ads
CUST02174,Anjali Pillai,user2174@email.com,52,Male,Maharashtra,Nagpur,245975,2020-07-06,<3L,New,0,Sports & Fitness,Organic Search
CUST02175,Isha Joshi,user2175@email.com,33,Female,Punjab,Patiala,161025,2023-04-26,<3L,Regular,0,Toys & Games,Organic Search
CUST02176,Rohit Malhotra,user2176@email.com,22,Female,Telangana,Nizamabad,219139,2023-07-19,<3L,VIP,1,Sports & Fitness,Social Media
CUST02177,Yash Joshi,user2177@email.com,43,Female,Rajasthan,Jaipur,430922,2022-11-30,3-6L,Regular,1,Home & Kitchen,Social Media
CUST02178,Shreya Verma,user2178@email.com,26,Female,Karnataka,Mangaluru,214180,2019-05-11,10-20L,New,0,Books,Organic Search
CUST02179,Aarav Iyer,user2179@email.com,41,Female,Punjab,Ludhiana,129380,2021-08-03,>20L,Regular,1,Automotive,Email Campaign
CUST02180,Aditi Sharma,user2180@email.com,58,Female,Rajasthan,Jaipur,218421,2019-03-03,3-6L,Premium,0,Office Supplies,Social Media
CUST02181,Arjun Gupta,user2181@email.com,50,Male,Delhi,Ghaziabad,410575,2019-06-10,10-20L,Regular,0,Books,App Store
CUST02182,Tanvi Agarwal,user2182@email.com,22,Male,Punjab,Jalandhar,189671,2019-01-25,<3L,Premium,1,Fashion,App Store
CUST02183,Varun Trivedi,user2183@email.com,21,Male,Tamil Nadu,Coimbatore,499232,2019-06-27,3-6L,Regular,0,Office Supplies,Email Campaign
CUST02184,Rahul Reddy,user2184@email.com,52,Male,West Bengal,Kolkata,952201,2020-12-16,10-20L,Regular,1,Electronics,Organic Search
CUST02185,Priya Sharma,user2185@email.com,24,Male,Kerala,Thiruvananthapuram,542944,2018-11-02,3-6L,New,0,Home & Kitchen,Social Media
CUST02186,Rahul Gupta,user2186@email.com,41,Male,Tamil Nadu,Chennai,228321,2019-12-03,10-20L,Regular,0,Automotive,Paid Ads
CUST02187,Vikram Nair,user2187@email.com,57,Male,Karnataka,Bengaluru,675944,2023-06-01,10-20L,VIP,0,Sports & Fitness,Referral
CUST02188,Priya Mehta,user2188@email.com,44,Other,Uttar Pradesh,Agra,157521,2023-03-18,6-10L,New,1,Toys & Games,Organic Search
CUST02189,Riya Gupta,user2189@email.com,20,Male,Telangana,Nizamabad,967116,2018-12-03,<3L,Regular,1,Beauty & Health,Referral
CUST02190,Tanvi Pillai,user2190@email.com,19,Male,Gujarat,Ahmedabad,785637,2020-03-12,6-10L,Regular,1,Electronics,Social Media
CUST02191,Utkarsh Trivedi,user2191@email.com,36,Other,Gujarat,Vadodara,329733,2020-01-02,<3L,Premium,0,Automotive,Social Media
CUST02192,Sanjay Patel,user2192@email.com,18,Female,Bihar,Bhagalpur,897527,2021-08-16,6-10L,Regular,0,Books,Email Campaign
CUST02193,Manoj Reddy,user2193@email.com,39,Female,Gujarat,Ahmedabad,481022,2021-03-13,3-6L,Regular,0,Grocery,Organic Search
CUST02194,Akash Gupta,user2194@email.com,29,Female,Tamil Nadu,Salem,851998,2021-01-08,6-10L,Regular,0,Fashion,Email Campaign
CUST02195,Divya Sharma,user2195@email.com,29,Male,Uttar Pradesh,Agra,970890,2020-02-06,3-6L,VIP,0,Sports & Fitness,Paid Ads
CUST02196,Aditi Verma,user2196@email.com,32,Male,Madhya Pradesh,Indore,139466,2020-09-10,10-20L,Regular,0,Home & Kitchen,Social Media
CUST02197,Karan Trivedi,user2197@email.com,58,Female,Uttar Pradesh,Varanasi,416927,2018-03-11,>20L,New,1,Automotive,Social Media
CUST02198,Riya Mishra,user2198@email.com,36,Male,West Bengal,Kolkata,111544,2022-11-04,6-10L,Premium,0,Grocery,Paid Ads
CUST02199,Sneha Kumar,user2199@email.com,50,Male,Bihar,Darbhanga,202925,2023-11-16,10-20L,Regular,0,Beauty & Health,Paid Ads
CUST02200,Mihir Joshi,user2200@email.com,18,Male,Madhya Pradesh,Ujjain,633737,2019-06-27,3-6L,Regular,0,Fashion,Social Media
CUST02201,Isha Mishra,user2201@email.com,23,Female,Uttar Pradesh,Lucknow,537352,2022-10-13,>20L,New,0,Beauty & Health,Organic Search
CUST02202,Rajesh Shah,user2202@email.com,42,Male,West Bengal,Kolkata,224585,2022-05-28,10-20L,Regular,0,Automotive,Paid Ads
CUST02203,Ishaan Patel,user2203@email.com,51,Male,Madhya Pradesh,Gwalior,708718,2020-11-23,6-10L,Regular,0,Grocery,Email Campaign
CUST02204,Shreya Banerjee,user2204@email.com,54,Female,Maharashtra,Nagpur,780098,2021-04-13,6-10L,Premium,0,Automotive,Paid Ads
CUST02205,Yash Mishra,user2205@email.com,52,Male,Andhra Pradesh,Guntur,385129,2020-07-29,<3L,Regular,0,Office Supplies,App Store
CUST02206,Amit Kumar,user2206@email.com,32,Other,Punjab,Chandigarh,350918,2022-12-16,10-20L,Regular,0,Beauty & Health,Paid Ads
CUST02207,Ishaan Rao,user2207@email.com,38,Female,Kerala,Thiruvananthapuram,450792,2022-08-21,10-20L,Regular,1,Home & Kitchen,Organic Search
CUST02208,Utkarsh Malhotra,user2208@email.com,23,Female,Karnataka,Belgaum,290470,2019-10-24,6-10L,Premium,0,Electronics,Organic Search
CUST02209,Sanjay Mehta,user2209@email.com,28,Male,Maharashtra,Nagpur,389668,2019-12-21,3-6L,Regular,0,Grocery,Social Media
CUST02210,Sanjay Mishra,user2210@email.com,32,Male,Haryana,Gurugram,615747,2022-05-01,<3L,Regular,1,Electronics,App Store
CUST02211,Riya Mehta,user2211@email.com,34,Male,Delhi,Noida,312451,2018-11-15,6-10L,Regular,0,Office Supplies,Email Campaign
CUST02212,Vikram Gupta,user2212@email.com,50,Female,Uttar Pradesh,Lucknow,802095,2019-12-12,<3L,New,1,Home & Kitchen,Email Campaign
CUST02213,Ishaan Reddy,user2213@email.com,25,Female,Punjab,Patiala,586295,2019-12-31,3-6L,Premium,0,Toys & Games,Organic Search
CUST02214,Utkarsh Patel,user2214@email.com,34,Male,Karnataka,Bengaluru,431959,2018-11-18,3-6L,Regular,1,Fashion,Organic Search
CUST02215,Pooja Iyer,user2215@email.com,60,Female,Punjab,Patiala,870982,2018-04-29,>20L,New,0,Sports & Fitness,App Store
CUST02216,Sneha Singh,user2216@email.com,55,Female,Tamil Nadu,Salem,487160,2023-07-15,6-10L,Regular,0,Electronics,Social Media
CUST02217,Divya Banerjee,user2217@email.com,50,Male,Delhi,Noida,286002,2018-06-19,6-10L,Regular,0,Automotive,Email Campaign
CUST02218,Amit Kumar,user2218@email.com,22,Male,Madhya Pradesh,Indore,708554,2020-12-19,3-6L,Regular,0,Grocery,App Store
CUST02219,Ananya Patel,user2219@email.com,56,Other,Maharashtra,Mumbai,100934,2020-11-26,6-10L,Regular,0,Grocery,Referral
CUST02220,Utkarsh Pandey,user2220@email.com,60,Female,West Bengal,Howrah,316714,2022-05-20,>20L,Premium,0,Automotive,Email Campaign
CUST02221,Karan Kumar,user2221@email.com,45,Male,West Bengal,Kolkata,106686,2022-01-25,3-6L,New,0,Office Supplies,Referral
CUST02222,Varun Gupta,user2222@email.com,48,Female,West Bengal,Kolkata,358710,2019-08-09,6-10L,Regular,0,Automotive,Social Media
CUST02223,Akash Patel,user2223@email.com,37,Female,Rajasthan,Kota,891689,2020-09-09,>20L,Regular,1,Grocery,Organic Search
CUST02224,Mihir Nair,user2224@email.com,52,Male,Kerala,Kozhikode,638499,2021-09-29,10-20L,Regular,0,Electronics,Paid Ads
CUST02225,Sneha Sharma,user2225@email.com,55,Female,Rajasthan,Kota,920756,2021-12-04,6-10L,Regular,0,Home & Kitchen,Referral
CUST02226,Isha Shah,user2226@email.com,46,Male,Rajasthan,Jaipur,452664,2021-11-12,6-10L,New,0,Beauty & Health,Social Media
CUST02227,Mihir Kumar,user2227@email.com,39,Male,West Bengal,Asansol,734417,2019-01-06,6-10L,New,1,Beauty & Health,Paid Ads
CUST02228,Divya Nair,user2228@email.com,37,Female,Tamil Nadu,Salem,948461,2020-01-13,10-20L,Regular,0,Toys & Games,Referral
CUST02229,Aditi Mehta,user2229@email.com,29,Male,Andhra Pradesh,Guntur,543535,2019-03-28,<3L,Premium,0,Fashion,Email Campaign
CUST02230,Rohit Joshi,user2230@email.com,55,Male,Haryana,Hisar,542013,2022-02-01,3-6L,VIP,1,Grocery,Referral
CUST02231,Rohit Agarwal,user2231@email.com,29,Female,Haryana,Hisar,732361,2018-04-04,3-6L,New,0,Home & Kitchen,Paid Ads
CUST02232,Varun Singh,user2232@email.com,38,Male,Uttar Pradesh,Agra,309374,2019-04-09,6-10L,Regular,0,Electronics,Referral
CUST02233,Yash Rao,user2233@email.com,38,Female,Uttar Pradesh,Lucknow,928723,2021-07-15,6-10L,New,1,Sports & Fitness,Email Campaign
CUST02234,Akash Pillai,user2234@email.com,28,Male,Karnataka,Mysuru,119646,2022-02-07,>20L,New,0,Home & Kitchen,Paid Ads
CUST02235,Isha Agarwal,user2235@email.com,37,Female,West Bengal,Kolkata,920817,2019-03-21,>20L,Premium,0,Books,Referral
CUST02236,Manoj Pillai,user2236@email.com,33,Female,Kerala,Kochi,924592,2023-03-09,3-6L,Premium,0,Automotive,Organic Search
CUST02237,Nisha Gupta,user2237@email.com,57,Female,Rajasthan,Jaipur,235003,2018-11-20,3-6L,Premium,1,Toys & Games,Paid Ads
CUST02238,Amit Sharma,user2238@email.com,34,Female,Maharashtra,Nagpur,448995,2020-09-21,<3L,Premium,0,Books,Social Media
CUST02239,Rajesh Rao,user2239@email.com,22,Female,Uttar Pradesh,Agra,517072,2018-07-24,3-6L,Premium,0,Beauty & Health,Referral
CUST02240,Arjun Patel,user2240@email.com,30,Female,Rajasthan,Jaipur,718574,2021-09-30,<3L,Regular,1,Fashion,Organic Search
CUST02241,Sneha Verma,user2241@email.com,30,Female,Madhya Pradesh,Bhopal,141072,2021-06-10,>20L,Regular,0,Sports & Fitness,Referral
CUST02242,Ananya Sharma,user2242@email.com,43,Female,Punjab,Ludhiana,385545,2022-02-25,>20L,Premium,0,Sports & Fitness,Organic Search
CUST02243,Rahul Reddy,user2243@email.com,39,Female,Haryana,Rohtak,231544,2023-01-31,3-6L,Regular,0,Electronics,Social Media
CUST02244,Rajesh Singh,user2244@email.com,53,Male,Karnataka,Hubli,855124,2020-11-21,3-6L,New,0,Home & Kitchen,Social Media
CUST02245,Pooja Gupta,user2245@email.com,23,Male,Rajasthan,Jodhpur,511314,2019-12-23,6-10L,Regular,0,Beauty & Health,Social Media
CUST02246,Akash Shah,user2246@email.com,58,Male,Rajasthan,Jaipur,468333,2020-05-05,<3L,Regular,1,Grocery,Referral
CUST02247,Meera Mehta,user2247@email.com,22,Female,Uttar Pradesh,Kanpur,258425,2019-11-26,3-6L,New,0,Automotive,Email Campaign
CUST02248,Sunita Singh,user2248@email.com,52,Female,Tamil Nadu,Madurai,201360,2019-01-12,>20L,Regular,0,Home & Kitchen,Organic Search
CUST02249,Vikram Gupta,user2249@email.com,33,Female,Gujarat,Gandhinagar,124510,2020-11-18,3-6L,Premium,0,Books,Organic Search
CUST02250,Rajesh Nair,user2250@email.com,31,Male,Karnataka,Belgaum,585582,2020-06-28,10-20L,Premium,1,Home & Kitchen,Referral
CUST02251,Isha Kumar,user2251@email.com,19,Male,Telangana,Warangal,651302,2020-06-09,<3L,Premium,1,Home & Kitchen,Referral
CUST02252,Rahul Mishra,user2252@email.com,55,Male,Bihar,Bhagalpur,180653,2018-02-20,3-6L,Regular,0,Electronics,Referral
CUST02253,Utkarsh Iyer,user2253@email.com,20,Male,Karnataka,Mysuru,462981,2023-01-05,6-10L,Regular,1,Automotive,Email Campaign
CUST02254,Aarav Trivedi,user2254@email.com,30,Female,Madhya Pradesh,Gwalior,587332,2020-05-18,6-10L,New,1,Home & Kitchen,Organic Search
CUST02255,Aarav Gupta,user2255@email.com,35,Male,Rajasthan,Ajmer,320012,2020-10-18,6-10L,Regular,0,Grocery,Organic Search
CUST02256,Mihir Pandey,user2256@email.com,53,Male,Punjab,Chandigarh,623524,2020-08-06,>20L,Premium,1,Automotive,Organic Search
CUST02257,Deepika Rao,user2257@email.com,48,Male,Haryana,Hisar,159965,2022-04-11,6-10L,Regular,0,Fashion,Organic Search
CUST02258,Anjali Verma,user2258@email.com,52,Male,Kerala,Thrissur,238454,2020-07-27,3-6L,Regular,0,Office Supplies,Referral
CUST02259,Akash Shah,user2259@email.com,33,Female,Karnataka,Mysuru,302576,2019-01-12,3-6L,Regular,0,Electronics,Paid Ads
CUST02260,Arjun Singh,user2260@email.com,44,Female,Maharashtra,Thane,898458,2023-12-23,6-10L,Regular,1,Grocery,Organic Search
CUST02261,Priya Patel,user2261@email.com,49,Female,Kerala,Thrissur,711336,2022-03-19,3-6L,New,0,Office Supplies,Paid Ads
CUST02262,Siddharth Joshi,user2262@email.com,55,Male,Punjab,Chandigarh,385871,2019-02-03,10-20L,Premium,1,Beauty & Health,Paid Ads
CUST02263,Arjun Reddy,user2263@email.com,22,Male,Bihar,Gaya,369866,2021-04-13,>20L,Premium,1,Automotive,Organic Search
CUST02264,Amit Iyer,user2264@email.com,51,Female,Madhya Pradesh,Indore,988190,2021-05-11,6-10L,New,1,Home & Kitchen,Email Campaign
CUST02265,Meera Banerjee,user2265@email.com,27,Male,Rajasthan,Jaipur,955359,2023-05-05,>20L,Premium,0,Home & Kitchen,Social Media
CUST02266,Utkarsh Verma,user2266@email.com,37,Female,Haryana,Panipat,492926,2022-04-05,>20L,Premium,0,Fashion,Organic Search
CUST02267,Manoj Pandey,user2267@email.com,52,Male,Gujarat,Surat,542826,2020-03-26,3-6L,New,0,Grocery,Organic Search
CUST02268,Mihir Mehta,user2268@email.com,51,Male,Madhya Pradesh,Bhopal,630716,2023-03-12,<3L,Premium,0,Sports & Fitness,Referral
CUST02269,Ananya Pillai,user2269@email.com,44,Male,Punjab,Amritsar,841581,2021-04-25,6-10L,Regular,0,Electronics,Paid Ads
CUST02270,Aarav Nair,user2270@email.com,34,Male,Bihar,Gaya,242702,2018-03-16,>20L,New,1,Grocery,Social Media
CUST02271,Deepika Banerjee,user2271@email.com,49,Female,Madhya Pradesh,Indore,202766,2020-04-06,6-10L,Regular,1,Beauty & Health,Email Campaign
CUST02272,Meera Joshi,user2272@email.com,58,Male,Andhra Pradesh,Guntur,728406,2022-05-26,<3L,Regular,0,Automotive,App Store
CUST02273,Akash Joshi,user2273@email.com,24,Male,Kerala,Kozhikode,930642,2019-02-05,<3L,Regular,0,Fashion,Email Campaign
CUST02274,Vikram Singh,user2274@email.com,42,Female,Punjab,Ludhiana,251859,2021-08-08,<3L,VIP,0,Fashion,Social Media
CUST02275,Sanjay Mehta,user2275@email.com,51,Female,Uttar Pradesh,Agra,988540,2022-06-11,3-6L,New,1,Sports & Fitness,Social Media
CUST02276,Amit Malhotra,user2276@email.com,39,Female,Maharashtra,Nagpur,921064,2022-02-04,3-6L,Premium,0,Electronics,Organic Search
CUST02277,Arjun Mehta,user2277@email.com,24,Male,Telangana,Karimnagar,269501,2021-03-11,10-20L,Regular,1,Automotive,Organic Search
CUST02278,Aditya Verma,user2278@email.com,27,Female,Punjab,Amritsar,679250,2019-05-27,6-10L,VIP,0,Fashion,Organic Search
CUST02279,Aditya Pandey,user2279@email.com,58,Male,Kerala,Kochi,932695,2022-09-28,3-6L,New,0,Fashion,Organic Search
CUST02280,Pooja Iyer,user2280@email.com,49,Male,Kerala,Kollam,112328,2022-05-30,3-6L,Premium,0,Fashion,Paid Ads
CUST02281,Aarav Nair,user2281@email.com,41,Male,Andhra Pradesh,Vijayawada,185644,2018-03-13,3-6L,Premium,0,Fashion,Email Campaign
CUST02282,Sneha Rao,user2282@email.com,57,Male,Madhya Pradesh,Indore,810093,2022-04-21,3-6L,Regular,1,Office Supplies,Organic Search
CUST02283,Tanvi Patel,user2283@email.com,49,Male,Haryana,Hisar,292510,2019-08-06,3-6L,Premium,0,Books,Social Media
CUST02284,Kavya Mehta,user2284@email.com,23,Male,Maharashtra,Mumbai,740857,2021-11-12,6-10L,Regular,1,Grocery,Referral
CUST02285,Meera Verma,user2285@email.com,49,Female,Delhi,Faridabad,621237,2018-08-03,3-6L,Regular,1,Grocery,Social Media
CUST02286,Utkarsh Trivedi,user2286@email.com,58,Male,Kerala,Kozhikode,305278,2018-02-23,<3L,VIP,1,Sports & Fitness,Email Campaign
CUST02287,Ishaan Joshi,user2287@email.com,37,Female,Andhra Pradesh,Tirupati,482807,2018-12-24,>20L,Regular,0,Electronics,Paid Ads
CUST02288,Vikram Verma,user2288@email.com,26,Female,Andhra Pradesh,Visakhapatnam,853924,2020-07-27,3-6L,New,0,Sports & Fitness,Organic Search
CUST02289,Shreya Reddy,user2289@email.com,46,Male,Kerala,Kollam,277571,2020-01-15,<3L,Premium,0,Beauty & Health,Social Media
CUST02290,Anjali Rao,user2290@email.com,51,Female,Rajasthan,Jaipur,965369,2019-02-14,3-6L,New,0,Beauty & Health,Email Campaign
CUST02291,Rohit Reddy,user2291@email.com,46,Female,Karnataka,Hubli,384004,2022-01-07,3-6L,New,1,Home & Kitchen,Email Campaign
CUST02292,Shreya Iyer,user2292@email.com,50,Female,Kerala,Thrissur,964268,2020-06-08,6-10L,New,1,Books,Referral
CUST02293,Meera Agarwal,user2293@email.com,47,Male,Telangana,Khammam,967953,2018-08-10,3-6L,Premium,1,Office Supplies,Paid Ads
CUST02294,Rajesh Mehta,user2294@email.com,31,Male,Karnataka,Belgaum,716795,2022-02-26,3-6L,New,1,Grocery,Referral
CUST02295,Tanvi Sharma,user2295@email.com,49,Other,Rajasthan,Udaipur,871035,2018-10-22,<3L,New,1,Electronics,Referral
CUST02296,Meera Malhotra,user2296@email.com,23,Male,Delhi,Gurgaon,418098,2021-06-17,3-6L,Regular,0,Automotive,Referral
CUST02297,Aditi Iyer,user2297@email.com,19,Male,Madhya Pradesh,Bhopal,921707,2019-12-08,<3L,Premium,0,Fashion,Referral
CUST02298,Riya Banerjee,user2298@email.com,43,Male,Andhra Pradesh,Vijayawada,846569,2021-10-18,6-10L,Regular,0,Home & Kitchen,Organic Search
CUST02299,Isha Trivedi,user2299@email.com,60,Female,Andhra Pradesh,Nellore,421749,2018-04-29,10-20L,Premium,0,Beauty & Health,Paid Ads
CUST02300,Meera Shah,user2300@email.com,30,Female,Maharashtra,Nagpur,410967,2018-12-24,10-20L,Premium,0,Beauty & Health,Paid Ads
CUST02301,Priya Trivedi,user2301@email.com,20,Female,West Bengal,Siliguri,501575,2019-11-03,<3L,Regular,0,Home & Kitchen,Social Media
CUST02302,Kavya Shah,user2302@email.com,21,Female,Haryana,Hisar,588013,2019-06-11,>20L,Premium,1,Automotive,Referral
CUST02303,Aditi Gupta,user2303@email.com,57,Male,Madhya Pradesh,Gwalior,289011,2018-06-09,6-10L,Premium,0,Toys & Games,Email Campaign
CUST02304,Manoj Singh,user2304@email.com,32,Female,Maharashtra,Nashik,874640,2018-08-16,>20L,New,0,Office Supplies,Organic Search
CUST02305,Manoj Singh,user2305@email.com,55,Male,Uttar Pradesh,Lucknow,489316,2023-12-14,6-10L,Premium,0,Toys & Games,Email Campaign
CUST02306,Sanjay Singh,user2306@email.com,52,Male,West Bengal,Kolkata,179638,2019-04-11,3-6L,Regular,1,Books,Organic Search
CUST02307,Deepika Agarwal,user2307@email.com,47,Male,Delhi,New Delhi,243626,2019-10-25,10-20L,Regular,1,Books,Social Media
CUST02308,Shreya Reddy,user2308@email.com,23,Male,Kerala,Kochi,230934,2018-10-07,10-20L,New,0,Automotive,Email Campaign
CUST02309,Priya Gupta,user2309@email.com,58,Female,Karnataka,Mysuru,106483,2022-01-20,6-10L,New,1,Automotive,Referral
CUST02310,Priya Verma,user2310@email.com,18,Male,West Bengal,Howrah,320209,2018-06-24,3-6L,New,0,Toys & Games,Organic Search
CUST02311,Sanjay Joshi,user2311@email.com,60,Female,Rajasthan,Udaipur,287601,2020-03-01,10-20L,Regular,1,Home & Kitchen,Email Campaign
CUST02312,Arjun Sharma,user2312@email.com,45,Female,Bihar,Bhagalpur,587709,2020-03-21,<3L,New,0,Office Supplies,Referral
CUST02313,Ishaan Verma,user2313@email.com,33,Female,Kerala,Kochi,876408,2021-03-07,6-10L,Premium,0,Grocery,Paid Ads
CUST02314,Manoj Mishra,user2314@email.com,23,Male,Kerala,Kollam,998006,2019-03-30,<3L,Premium,1,Sports & Fitness,Referral
CUST02315,Pooja Agarwal,user2315@email.com,31,Male,Karnataka,Belgaum,683014,2021-10-27,<3L,Regular,0,Sports & Fitness,Referral
CUST02316,Aditi Agarwal,user2316@email.com,54,Female,Maharashtra,Nagpur,291832,2018-01-11,<3L,New,0,Grocery,Organic Search
CUST02317,Vikram Agarwal,user2317@email.com,55,Male,Kerala,Thrissur,182747,2023-01-25,3-6L,New,1,Toys & Games,Referral
CUST02318,Priya Singh,user2318@email.com,22,Female,Tamil Nadu,Trichy,250229,2018-12-25,3-6L,New,0,Automotive,Referral
CUST02319,Sneha Nair,user2319@email.com,48,Male,Tamil Nadu,Coimbatore,248958,2022-12-22,6-10L,Regular,0,Home & Kitchen,Paid Ads
CUST02320,Anjali Pillai,user2320@email.com,34,Male,West Bengal,Asansol,410329,2019-10-27,<3L,Premium,0,Sports & Fitness,Organic Search
CUST02321,Sunita Iyer,user2321@email.com,34,Female,Haryana,Rohtak,778917,2021-01-24,10-20L,New,1,Fashion,Referral
CUST02322,Siddharth Singh,user2322@email.com,51,Female,Bihar,Muzaffarpur,816359,2018-09-16,3-6L,New,0,Electronics,Organic Search
CUST02323,Varun Trivedi,user2323@email.com,53,Male,Uttar Pradesh,Allahabad,705276,2019-02-19,10-20L,Regular,0,Grocery,Referral
CUST02324,Kavya Patel,user2324@email.com,31,Male,Uttar Pradesh,Varanasi,752111,2023-04-15,3-6L,Premium,1,Office Supplies,Paid Ads
CUST02325,Shreya Nair,user2325@email.com,21,Male,Gujarat,Gandhinagar,440815,2021-05-23,6-10L,New,0,Beauty & Health,Paid Ads
CUST02326,Manoj Singh,user2326@email.com,39,Female,Karnataka,Mysuru,795136,2020-05-05,3-6L,New,0,Sports & Fitness,Referral
CUST02327,Deepika Trivedi,user2327@email.com,40,Female,Tamil Nadu,Chennai,561500,2020-08-15,10-20L,Regular,0,Home & Kitchen,Referral
CUST02328,Aditi Mehta,user2328@email.com,18,Male,Telangana,Hyderabad,642589,2020-08-16,3-6L,VIP,0,Home & Kitchen,Social Media
CUST02329,Ananya Joshi,user2329@email.com,19,Female,Bihar,Patna,352515,2018-09-18,<3L,New,1,Office Supplies,Paid Ads
CUST02330,Rajesh Pandey,user2330@email.com,24,Male,Maharashtra,Nagpur,158424,2018-07-25,<3L,Regular,1,Home & Kitchen,Paid Ads
CUST02331,Akash Sharma,user2331@email.com,58,Male,Kerala,Kochi,961393,2020-06-28,3-6L,New,1,Home & Kitchen,Social Media
CUST02332,Arjun Shah,user2332@email.com,52,Male,West Bengal,Asansol,667988,2023-11-11,<3L,Regular,0,Beauty & Health,Organic Search
CUST02333,Sneha Nair,user2333@email.com,20,Female,Gujarat,Gandhinagar,403424,2022-12-14,6-10L,Regular,0,Fashion,Paid Ads
CUST02334,Aarav Malhotra,user2334@email.com,26,Female,Gujarat,Vadodara,571872,2023-07-25,3-6L,New,0,Electronics,App Store
CUST02335,Siddharth Pandey,user2335@email.com,19,Female,Madhya Pradesh,Gwalior,691326,2023-09-30,3-6L,New,0,Toys & Games,Paid Ads
CUST02336,Meera Patel,user2336@email.com,46,Female,West Bengal,Howrah,301692,2018-03-13,<3L,Regular,1,Grocery,Organic Search
CUST02337,Nisha Shah,user2337@email.com,48,Male,Maharashtra,Mumbai,320230,2023-04-20,6-10L,Regular,1,Electronics,Referral
CUST02338,Rohit Mishra,user2338@email.com,29,Male,Uttar Pradesh,Kanpur,844605,2022-10-07,6-10L,Regular,0,Electronics,Referral
CUST02339,Divya Sharma,user2339@email.com,58,Female,Uttar Pradesh,Kanpur,596914,2019-08-06,<3L,Regular,0,Office Supplies,Referral
CUST02340,Tanvi Shah,user2340@email.com,19,Male,Uttar Pradesh,Lucknow,792187,2018-03-12,10-20L,VIP,1,Automotive,App Store
CUST02341,Meera Singh,user2341@email.com,20,Female,Madhya Pradesh,Jabalpur,424764,2018-11-21,<3L,Regular,0,Fashion,Organic Search
CUST02342,Arjun Reddy,user2342@email.com,45,Female,Bihar,Patna,328703,2021-11-28,3-6L,Regular,1,Electronics,Referral
CUST02343,Kavya Verma,user2343@email.com,45,Male,West Bengal,Asansol,909473,2021-06-07,<3L,Regular,0,Electronics,Organic Search
CUST02344,Sunita Iyer,user2344@email.com,56,Male,Maharashtra,Nashik,263427,2022-11-17,>20L,Regular,1,Sports & Fitness,Paid Ads
CUST02345,Deepika Mehta,user2345@email.com,41,Female,Haryana,Faridabad,580573,2020-05-26,<3L,Premium,0,Books,Social Media
CUST02346,Kavya Kumar,user2346@email.com,29,Male,Andhra Pradesh,Nellore,873429,2023-12-21,3-6L,Premium,0,Sports & Fitness,Referral
CUST02347,Karan Shah,user2347@email.com,50,Female,Telangana,Nizamabad,247400,2020-08-19,3-6L,VIP,1,Sports & Fitness,Referral
CUST02348,Amit Singh,user2348@email.com,48,Female,Punjab,Ludhiana,851414,2023-09-05,3-6L,Regular,0,Electronics,Social Media
CUST02349,Isha Pillai,user2349@email.com,46,Male,Karnataka,Belgaum,563826,2021-08-18,6-10L,Premium,0,Toys & Games,Social Media
CUST02350,Siddharth Malhotra,user2350@email.com,46,Female,Tamil Nadu,Madurai,315865,2019-08-26,3-6L,Premium,1,Electronics,Social Media
CUST02351,Siddharth Joshi,user2351@email.com,40,Male,Andhra Pradesh,Nellore,480955,2022-06-15,10-20L,Regular,0,Fashion,Social Media
CUST02352,Anjali Agarwal,user2352@email.com,50,Male,Punjab,Chandigarh,695840,2019-02-25,3-6L,New,0,Electronics,Organic Search
CUST02353,Akash Patel,user2353@email.com,38,Female,Maharashtra,Nagpur,497661,2019-07-31,>20L,Premium,0,Books,Paid Ads
CUST02354,Ananya Verma,user2354@email.com,36,Female,Andhra Pradesh,Tirupati,993635,2021-09-23,6-10L,Regular,0,Grocery,App Store
CUST02355,Sanjay Pandey,user2355@email.com,48,Male,Maharashtra,Pune,584424,2021-06-11,3-6L,Regular,1,Electronics,Email Campaign
CUST02356,Mihir Iyer,user2356@email.com,43,Male,Madhya Pradesh,Indore,909193,2023-10-19,6-10L,Regular,1,Toys & Games,Social Media
CUST02357,Kavya Sharma,user2357@email.com,21,Male,Haryana,Rohtak,780016,2021-06-11,<3L,Regular,1,Grocery,Organic Search
CUST02358,Tanvi Gupta,user2358@email.com,24,Male,Delhi,Gurgaon,435954,2018-03-18,>20L,Premium,0,Home & Kitchen,Organic Search
CUST02359,Divya Mishra,user2359@email.com,56,Female,Kerala,Thrissur,160511,2019-05-01,6-10L,VIP,0,Sports & Fitness,Organic Search
CUST02360,Shreya Joshi,user2360@email.com,47,Female,Maharashtra,Mumbai,938169,2018-07-21,<3L,New,1,Office Supplies,Organic Search
CUST02361,Priya Trivedi,user2361@email.com,41,Female,Uttar Pradesh,Agra,684198,2019-08-25,<3L,Regular,1,Fashion,Referral
CUST02362,Karan Malhotra,user2362@email.com,34,Female,Maharashtra,Thane,178766,2023-01-17,3-6L,Premium,0,Office Supplies,Paid Ads
CUST02363,Divya Rao,user2363@email.com,23,Male,Maharashtra,Nashik,438308,2020-06-17,6-10L,Regular,0,Beauty & Health,Organic Search
CUST02364,Priya Banerjee,user2364@email.com,60,Female,West Bengal,Siliguri,201480,2020-07-24,<3L,Regular,1,Toys & Games,Social Media
CUST02365,Isha Pandey,user2365@email.com,32,Female,West Bengal,Durgapur,450404,2020-02-21,3-6L,Regular,0,Books,App Store
CUST02366,Yash Sharma,user2366@email.com,48,Female,Uttar Pradesh,Agra,443114,2020-09-11,6-10L,New,1,Office Supplies,Referral
CUST02367,Ishaan Reddy,user2367@email.com,45,Other,Bihar,Bhagalpur,883662,2023-05-13,6-10L,New,0,Home & Kitchen,Email Campaign
CUST02368,Siddharth Mishra,user2368@email.com,34,Male,Andhra Pradesh,Tirupati,672059,2019-01-27,>20L,Regular,0,Toys & Games,Referral
CUST02369,Nisha Banerjee,user2369@email.com,59,Female,Telangana,Hyderabad,888912,2022-07-18,>20L,VIP,0,Home & Kitchen,Paid Ads
CUST02370,Karan Pandey,user2370@email.com,18,Female,West Bengal,Kolkata,896261,2022-05-09,>20L,VIP,1,Automotive,Social Media
CUST02371,Meera Mehta,user2371@email.com,60,Female,West Bengal,Howrah,985426,2022-10-19,3-6L,Regular,0,Grocery,Organic Search
CUST02372,Sneha Banerjee,user2372@email.com,34,Male,West Bengal,Howrah,772403,2022-10-25,6-10L,Regular,1,Fashion,Organic Search
CUST02373,Priya Rao,user2373@email.com,59,Female,West Bengal,Durgapur,631073,2023-06-12,10-20L,VIP,0,Office Supplies,Organic Search
CUST02374,Manoj Mehta,user2374@email.com,55,Male,Karnataka,Belgaum,293646,2023-10-22,3-6L,New,1,Books,Referral
CUST02375,Karan Gupta,user2375@email.com,21,Male,Haryana,Hisar,474946,2021-01-02,3-6L,Regular,1,Home & Kitchen,Social Media
CUST02376,Shreya Sharma,user2376@email.com,35,Female,Gujarat,Ahmedabad,295185,2023-08-25,10-20L,Premium,1,Books,Referral
CUST02377,Divya Iyer,user2377@email.com,42,Male,Bihar,Patna,711203,2018-05-24,3-6L,VIP,0,Sports & Fitness,Social Media
CUST02378,Ishaan Patel,user2378@email.com,42,Female,Rajasthan,Kota,684568,2021-07-12,6-10L,Premium,1,Office Supplies,Paid Ads
CUST02379,Anjali Iyer,user2379@email.com,46,Other,Gujarat,Gandhinagar,898543,2020-10-22,6-10L,Regular,0,Fashion,Organic Search
CUST02380,Ishaan Patel,user2380@email.com,52,Female,Punjab,Ludhiana,355466,2022-07-02,6-10L,VIP,0,Beauty & Health,Social Media
CUST02381,Anjali Trivedi,user2381@email.com,50,Female,Karnataka,Hubli,842111,2018-04-10,3-6L,New,0,Toys & Games,Organic Search
CUST02382,Siddharth Shah,user2382@email.com,21,Female,Haryana,Panipat,830179,2020-05-22,3-6L,VIP,1,Fashion,Social Media
CUST02383,Sneha Rao,user2383@email.com,31,Female,West Bengal,Siliguri,495097,2018-01-21,6-10L,Regular,0,Sports & Fitness,Social Media
CUST02384,Deepika Malhotra,user2384@email.com,26,Male,Madhya Pradesh,Jabalpur,298213,2020-07-13,3-6L,Premium,0,Grocery,Referral
CUST02385,Sanjay Pandey,user2385@email.com,21,Female,West Bengal,Durgapur,997942,2021-09-03,6-10L,Regular,0,Fashion,Social Media
CUST02386,Sanjay Pandey,user2386@email.com,30,Male,Karnataka,Hubli,651549,2023-06-26,6-10L,New,0,Home & Kitchen,Organic Search
CUST02387,Deepika Verma,user2387@email.com,59,Female,Bihar,Muzaffarpur,631696,2022-01-23,3-6L,New,1,Grocery,Referral
CUST02388,Sanjay Shah,user2388@email.com,42,Male,Haryana,Gurugram,964966,2022-10-11,6-10L,Regular,1,Fashion,Email Campaign
CUST02389,Sneha Banerjee,user2389@email.com,52,Male,Kerala,Kochi,979508,2019-12-18,>20L,Regular,0,Books,Referral
CUST02390,Deepika Joshi,user2390@email.com,24,Male,Kerala,Kochi,923730,2021-08-27,3-6L,Regular,0,Fashion,App Store
CUST02391,Kavya Patel,user2391@email.com,24,Male,West Bengal,Howrah,958398,2019-12-26,6-10L,Regular,0,Grocery,Social Media
CUST02392,Siddharth Malhotra,user2392@email.com,36,Male,Tamil Nadu,Trichy,276904,2021-05-15,3-6L,VIP,1,Grocery,Paid Ads
CUST02393,Priya Nair,user2393@email.com,52,Female,Andhra Pradesh,Visakhapatnam,821220,2021-11-24,>20L,Premium,0,Fashion,Email Campaign
CUST02394,Divya Singh,user2394@email.com,33,Male,Delhi,New Delhi,525268,2019-03-21,<3L,New,1,Grocery,App Store
CUST02395,Rohit Patel,user2395@email.com,50,Female,Haryana,Gurugram,798098,2019-11-05,3-6L,VIP,1,Sports & Fitness,Social Media
CUST02396,Arjun Pillai,user2396@email.com,36,Female,Kerala,Kollam,497811,2018-01-18,10-20L,Regular,0,Beauty & Health,Organic Search
CUST02397,Ananya Trivedi,user2397@email.com,28,Male,Kerala,Kollam,384971,2020-04-19,<3L,Regular,0,Office Supplies,Organic Search
CUST02398,Vikram Iyer,user2398@email.com,21,Male,Punjab,Chandigarh,769876,2018-01-12,3-6L,Premium,0,Home & Kitchen,Email Campaign
CUST02399,Pooja Patel,user2399@email.com,36,Male,Delhi,Faridabad,281947,2023-02-12,6-10L,New,0,Office Supplies,Organic Search
CUST02400,Siddharth Pillai,user2400@email.com,57,Male,Rajasthan,Jodhpur,736323,2019-06-09,>20L,Regular,1,Beauty & Health,Social Media
CUST02401,Anjali Iyer,user2401@email.com,25,Male,Haryana,Faridabad,187500,2023-10-26,>20L,VIP,1,Home & Kitchen,Social Media
CUST02402,Sanjay Kumar,user2402@email.com,55,Other,Delhi,Noida,972617,2018-02-24,6-10L,Regular,0,Office Supplies,Organic Search
CUST02403,Siddharth Pillai,user2403@email.com,40,Female,Uttar Pradesh,Varanasi,708590,2020-06-24,6-10L,New,1,Home & Kitchen,Organic Search
CUST02404,Rohit Shah,user2404@email.com,56,Male,Andhra Pradesh,Visakhapatnam,596247,2022-05-23,>20L,Regular,0,Books,Referral
CUST02405,Siddharth Joshi,user2405@email.com,38,Male,Gujarat,Ahmedabad,152226,2018-11-27,6-10L,Regular,0,Office Supplies,Organic Search
CUST02406,Kavya Mehta,user2406@email.com,59,Female,Madhya Pradesh,Bhopal,934694,2018-02-17,3-6L,Regular,0,Beauty & Health,Paid Ads
CUST02407,Nisha Shah,user2407@email.com,25,Female,Tamil Nadu,Salem,510825,2022-07-22,6-10L,Regular,0,Automotive,Paid Ads
CUST02408,Rahul Agarwal,user2408@email.com,51,Female,West Bengal,Howrah,985245,2019-04-23,<3L,New,0,Fashion,Paid Ads
CUST02409,Tanvi Patel,user2409@email.com,38,Female,West Bengal,Siliguri,284362,2023-11-26,10-20L,Regular,1,Beauty & Health,Paid Ads
CUST02410,Nisha Joshi,user2410@email.com,46,Male,West Bengal,Siliguri,104235,2023-09-01,10-20L,VIP,1,Grocery,Referral
CUST02411,Deepika Rao,user2411@email.com,41,Female,Tamil Nadu,Salem,816208,2023-04-09,3-6L,Regular,1,Office Supplies,Email Campaign
CUST02412,Sneha Malhotra,user2412@email.com,53,Male,Haryana,Faridabad,983277,2020-04-23,10-20L,Regular,0,Books,Organic Search
CUST02413,Meera Patel,user2413@email.com,36,Male,Telangana,Karimnagar,901265,2020-01-26,3-6L,Regular,0,Beauty & Health,Email Campaign
CUST02414,Anjali Pandey,user2414@email.com,59,Male,Rajasthan,Ajmer,629245,2020-05-30,6-10L,Regular,1,Sports & Fitness,Referral
CUST02415,Manoj Reddy,user2415@email.com,18,Female,Telangana,Karimnagar,536505,2018-12-17,6-10L,VIP,1,Beauty & Health,Email Campaign
CUST02416,Anjali Shah,user2416@email.com,29,Female,Delhi,Gurgaon,309549,2018-11-07,10-20L,VIP,0,Sports & Fitness,Referral
CUST02417,Amit Shah,user2417@email.com,39,Female,Karnataka,Mysuru,568509,2019-08-25,3-6L,Regular,0,Beauty & Health,Paid Ads
CUST02418,Meera Pandey,user2418@email.com,51,Other,Maharashtra,Mumbai,686706,2022-12-12,3-6L,New,1,Books,Organic Search
CUST02419,Karan Kumar,user2419@email.com,41,Female,Madhya Pradesh,Bhopal,175888,2023-02-08,6-10L,Regular,0,Electronics,Organic Search
CUST02420,Meera Reddy,user2420@email.com,28,Female,Tamil Nadu,Coimbatore,770048,2023-03-20,10-20L,New,0,Office Supplies,Organic Search
CUST02421,Aditya Shah,user2421@email.com,33,Male,Madhya Pradesh,Gwalior,182017,2019-12-09,<3L,Regular,0,Grocery,Organic Search
CUST02422,Riya Trivedi,user2422@email.com,39,Male,Karnataka,Bengaluru,948080,2021-02-13,6-10L,Regular,0,Automotive,Paid Ads
CUST02423,Aarav Trivedi,user2423@email.com,35,Male,Rajasthan,Jodhpur,697630,2022-04-20,3-6L,Regular,0,Fashion,Organic Search
CUST02424,Akash Patel,user2424@email.com,32,Male,Punjab,Amritsar,490077,2019-11-18,6-10L,VIP,0,Fashion,Social Media
CUST02425,Nisha Mishra,user2425@email.com,60,Male,Karnataka,Bengaluru,282092,2018-03-01,<3L,New,1,Home & Kitchen,Email Campaign
CUST02426,Amit Reddy,user2426@email.com,22,Female,Bihar,Darbhanga,138477,2021-01-22,10-20L,Regular,0,Home & Kitchen,Social Media
CUST02427,Mihir Verma,user2427@email.com,28,Male,Gujarat,Vadodara,682798,2021-06-19,3-6L,Premium,1,Sports & Fitness,Social Media
CUST02428,Riya Singh,user2428@email.com,56,Male,Telangana,Nizamabad,156029,2019-04-18,10-20L,New,0,Beauty & Health,Organic Search
CUST02429,Kavya Mehta,user2429@email.com,24,Female,Kerala,Kozhikode,133066,2023-03-12,3-6L,Premium,1,Electronics,Paid Ads
CUST02430,Manoj Trivedi,user2430@email.com,46,Male,Haryana,Rohtak,577219,2023-12-13,<3L,VIP,0,Home & Kitchen,Social Media
CUST02431,Sanjay Trivedi,user2431@email.com,51,Male,Maharashtra,Pune,639579,2018-05-13,<3L,VIP,0,Beauty & Health,Paid Ads
CUST02432,Karan Shah,user2432@email.com,40,Female,Karnataka,Mysuru,218605,2021-12-19,<3L,Regular,0,Electronics,Social Media
CUST02433,Isha Agarwal,user2433@email.com,22,Female,Uttar Pradesh,Lucknow,925377,2019-01-15,<3L,Regular,0,Beauty & Health,Social Media
CUST02434,Ishaan Iyer,user2434@email.com,35,Male,Maharashtra,Pune,549185,2023-01-05,3-6L,VIP,1,Electronics,Referral
CUST02435,Tanvi Singh,user2435@email.com,36,Female,Delhi,Noida,511269,2023-08-28,10-20L,Regular,1,Toys & Games,Paid Ads
CUST02436,Utkarsh Agarwal,user2436@email.com,34,Male,Uttar Pradesh,Varanasi,353352,2020-07-21,10-20L,Premium,1,Home & Kitchen,Referral
CUST02437,Siddharth Pandey,user2437@email.com,33,Female,Andhra Pradesh,Nellore,680717,2019-01-29,6-10L,New,0,Sports & Fitness,Organic Search
CUST02438,Rahul Banerjee,user2438@email.com,57,Female,Telangana,Khammam,170324,2022-09-06,<3L,Regular,0,Home & Kitchen,Referral
CUST02439,Varun Reddy,user2439@email.com,53,Female,Madhya Pradesh,Bhopal,205949,2023-09-14,3-6L,Premium,0,Automotive,Referral
CUST02440,Riya Verma,user2440@email.com,46,Female,Andhra Pradesh,Vijayawada,181053,2022-02-08,<3L,Regular,0,Fashion,Organic Search
CUST02441,Rahul Verma,user2441@email.com,42,Female,Kerala,Thrissur,749098,2023-06-14,10-20L,Regular,1,Office Supplies,Organic Search
CUST02442,Siddharth Reddy,user2442@email.com,47,Female,Delhi,New Delhi,953117,2022-03-04,6-10L,New,0,Fashion,Organic Search
CUST02443,Priya Kumar,user2443@email.com,43,Female,Telangana,Khammam,660230,2020-01-18,10-20L,New,1,Home & Kitchen,Referral
CUST02444,Ananya Reddy,user2444@email.com,56,Male,Maharashtra,Nashik,451555,2021-02-01,3-6L,Premium,0,Beauty & Health,Email Campaign
CUST02445,Utkarsh Mishra,user2445@email.com,20,Female,Telangana,Nizamabad,930746,2022-08-24,6-10L,Premium,0,Electronics,Paid Ads
CUST02446,Arjun Agarwal,user2446@email.com,58,Female,West Bengal,Durgapur,836520,2018-10-04,6-10L,Regular,0,Fashion,Organic Search
CUST02447,Arjun Mehta,user2447@email.com,43,Female,West Bengal,Howrah,765407,2018-10-31,<3L,Premium,0,Fashion,Social Media
CUST02448,Manoj Kumar,user2448@email.com,31,Female,Maharashtra,Pune,853262,2018-02-09,<3L,Regular,1,Beauty & Health,Paid Ads
CUST02449,Siddharth Reddy,user2449@email.com,33,Male,Uttar Pradesh,Kanpur,478555,2018-10-21,10-20L,Premium,1,Fashion,Paid Ads
CUST02450,Priya Mishra,user2450@email.com,57,Male,Maharashtra,Pune,549553,2023-02-01,6-10L,VIP,1,Electronics,Social Media
CUST02451,Aditya Banerjee,user2451@email.com,54,Other,Rajasthan,Jaipur,484916,2023-10-06,3-6L,Premium,0,Beauty & Health,App Store
CUST02452,Isha Singh,user2452@email.com,42,Male,Madhya Pradesh,Jabalpur,875684,2023-07-04,<3L,Premium,0,Beauty & Health,Paid Ads
CUST02453,Deepika Pandey,user2453@email.com,25,Male,Tamil Nadu,Chennai,185362,2023-08-28,6-10L,New,1,Office Supplies,Social Media
CUST02454,Priya Gupta,user2454@email.com,54,Male,Rajasthan,Jaipur,833141,2019-01-27,3-6L,New,1,Books,Paid Ads
CUST02455,Yash Gupta,user2455@email.com,47,Male,Telangana,Khammam,920727,2019-05-04,3-6L,New,0,Beauty & Health,Organic Search
CUST02456,Isha Pandey,user2456@email.com,31,Male,Bihar,Patna,788416,2019-12-25,3-6L,Premium,0,Fashion,Referral
CUST02457,Riya Trivedi,user2457@email.com,58,Male,Telangana,Karimnagar,487225,2020-12-01,<3L,New,0,Electronics,Paid Ads
CUST02458,Meera Sharma,user2458@email.com,18,Male,Kerala,Kollam,513559,2021-12-27,>20L,Regular,1,Books,Social Media
CUST02459,Nisha Kumar,user2459@email.com,50,Female,Madhya Pradesh,Ujjain,884547,2021-07-19,<3L,Regular,1,Home & Kitchen,Social Media
CUST02460,Utkarsh Mehta,user2460@email.com,46,Male,Madhya Pradesh,Jabalpur,202977,2022-07-16,10-20L,Regular,0,Beauty & Health,Organic Search
CUST02461,Ishaan Pandey,user2461@email.com,50,Male,Delhi,New Delhi,150654,2018-05-23,<3L,New,0,Automotive,Referral
CUST02462,Divya Mishra,user2462@email.com,53,Female,Kerala,Thiruvananthapuram,688393,2022-12-06,<3L,New,0,Sports & Fitness,Email Campaign
CUST02463,Ananya Sharma,user2463@email.com,30,Female,Andhra Pradesh,Nellore,405328,2019-10-09,>20L,New,1,Grocery,Organic Search
CUST02464,Priya Gupta,user2464@email.com,20,Female,Madhya Pradesh,Ujjain,268615,2022-08-29,10-20L,VIP,1,Home & Kitchen,Referral
CUST02465,Karan Reddy,user2465@email.com,42,Female,Gujarat,Surat,465318,2023-12-08,6-10L,Regular,0,Sports & Fitness,Social Media
CUST02466,Utkarsh Rao,user2466@email.com,27,Female,Andhra Pradesh,Guntur,407513,2021-10-20,6-10L,Premium,0,Home & Kitchen,Paid Ads
CUST02467,Kavya Pillai,user2467@email.com,46,Female,Tamil Nadu,Trichy,142442,2018-11-22,3-6L,Premium,0,Grocery,Email Campaign
CUST02468,Meera Patel,user2468@email.com,44,Female,Gujarat,Surat,748739,2020-07-16,6-10L,Regular,0,Automotive,Social Media
CUST02469,Riya Sharma,user2469@email.com,30,Male,Delhi,Gurgaon,824045,2018-11-16,<3L,Regular,0,Fashion,Email Campaign
CUST02470,Priya Pandey,user2470@email.com,26,Male,Delhi,Gurgaon,207401,2023-06-21,>20L,Premium,1,Automotive,Paid Ads
CUST02471,Divya Banerjee,user2471@email.com,40,Female,Telangana,Karimnagar,543671,2021-06-09,<3L,VIP,1,Automotive,Organic Search
CUST02472,Siddharth Banerjee,user2472@email.com,35,Male,Maharashtra,Nagpur,940853,2020-03-10,3-6L,New,0,Sports & Fitness,Organic Search
CUST02473,Akash Verma,user2473@email.com,35,Female,Uttar Pradesh,Varanasi,624836,2019-07-23,6-10L,Regular,1,Home & Kitchen,Referral
CUST02474,Aditi Verma,user2474@email.com,50,Male,Bihar,Darbhanga,774927,2021-12-16,3-6L,VIP,0,Home & Kitchen,Social Media
CUST02475,Shreya Gupta,user2475@email.com,41,Other,Telangana,Warangal,225192,2022-01-09,>20L,Regular,0,Office Supplies,Social Media
CUST02476,Ananya Pillai,user2476@email.com,23,Male,Kerala,Thiruvananthapuram,592817,2023-08-07,6-10L,Regular,1,Automotive,Organic Search
CUST02477,Shreya Agarwal,user2477@email.com,38,Other,Gujarat,Vadodara,585349,2022-08-31,6-10L,Regular,1,Home & Kitchen,Organic Search
CUST02478,Aditya Gupta,user2478@email.com,31,Male,Telangana,Karimnagar,632065,2023-10-20,<3L,Premium,0,Office Supplies,Organic Search
CUST02479,Siddharth Rao,user2479@email.com,48,Female,Uttar Pradesh,Agra,970006,2020-12-12,6-10L,Regular,1,Fashion,Social Media
CUST02480,Rajesh Gupta,user2480@email.com,28,Male,Delhi,Faridabad,684342,2019-09-29,3-6L,VIP,0,Sports & Fitness,Email Campaign
CUST02481,Aarav Mehta,user2481@email.com,50,Male,Telangana,Warangal,137372,2018-05-18,<3L,Regular,1,Books,Email Campaign
CUST02482,Aditi Nair,user2482@email.com,34,Female,Rajasthan,Jodhpur,391597,2023-09-30,3-6L,New,0,Grocery,Paid Ads
CUST02483,Arjun Agarwal,user2483@email.com,26,Female,Delhi,Gurgaon,860926,2018-02-22,6-10L,Premium,1,Automotive,App Store
CUST02484,Divya Rao,user2484@email.com,49,Male,Kerala,Kollam,634847,2020-04-28,3-6L,Regular,0,Home & Kitchen,Organic Search
CUST02485,Sanjay Pillai,user2485@email.com,21,Male,Delhi,New Delhi,530741,2020-07-13,<3L,Regular,0,Automotive,Social Media
CUST02486,Aditi Kumar,user2486@email.com,49,Male,Karnataka,Belgaum,631134,2022-10-08,<3L,Regular,0,Sports & Fitness,Referral
CUST02487,Divya Mishra,user2487@email.com,23,Female,Madhya Pradesh,Gwalior,488968,2019-08-11,6-10L,Regular,0,Beauty & Health,Email Campaign
CUST02488,Isha Joshi,user2488@email.com,33,Male,Bihar,Patna,200905,2018-12-13,3-6L,Regular,1,Books,Paid Ads
CUST02489,Sneha Joshi,user2489@email.com,53,Male,Delhi,Gurgaon,244892,2019-11-30,3-6L,New,0,Grocery,Referral
CUST02490,Ishaan Sharma,user2490@email.com,52,Female,Telangana,Hyderabad,666388,2019-09-07,<3L,Premium,0,Beauty & Health,Organic Search
CUST02491,Aditi Iyer,user2491@email.com,57,Female,Bihar,Bhagalpur,123310,2022-01-03,6-10L,Regular,1,Sports & Fitness,Referral
CUST02492,Siddharth Agarwal,user2492@email.com,60,Female,Telangana,Warangal,798445,2020-06-09,6-10L,Regular,1,Sports & Fitness,Organic Search
CUST02493,Utkarsh Trivedi,user2493@email.com,31,Male,Delhi,New Delhi,996571,2019-04-26,6-10L,VIP,1,Beauty & Health,Email Campaign
CUST02494,Shreya Mishra,user2494@email.com,50,Male,Maharashtra,Pune,403461,2019-09-19,3-6L,VIP,0,Electronics,Social Media
CUST02495,Akash Patel,user2495@email.com,39,Male,Delhi,Ghaziabad,907090,2021-07-03,6-10L,Regular,0,Grocery,Email Campaign
CUST02496,Aarav Nair,user2496@email.com,42,Female,Andhra Pradesh,Guntur,419027,2021-10-20,3-6L,Regular,1,Books,Social Media
CUST02497,Rohit Iyer,user2497@email.com,35,Female,Uttar Pradesh,Varanasi,161821,2020-06-17,3-6L,Regular,0,Beauty & Health,Paid Ads
CUST02498,Aarav Sharma,user2498@email.com,47,Female,Maharashtra,Nagpur,573508,2021-07-21,10-20L,New,0,Sports & Fitness,Referral
CUST02499,Tanvi Iyer,user2499@email.com,48,Other,Uttar Pradesh,Kanpur,355724,2020-02-16,3-6L,Regular,0,Home & Kitchen,Paid Ads
CUST02500,Vikram Iyer,user2500@email.com,20,Male,Maharashtra,Nagpur,545165,2021-05-24,6-10L,New,1,Electronics,Email Campaign
CUST02501,Kavya Rao,user2501@email.com,58,Female,Uttar Pradesh,Agra,541257,2020-05-02,3-6L,VIP,0,Toys & Games,Organic Search
CUST02502,Riya Agarwal,user2502@email.com,21,Male,Punjab,Patiala,879822,2019-08-25,<3L,Regular,0,Home & Kitchen,Social Media
CUST02503,Yash Pillai,user2503@email.com,39,Female,Delhi,Faridabad,553644,2022-08-13,>20L,Regular,0,Office Supplies,Organic Search
CUST02504,Priya Nair,user2504@email.com,59,Other,Maharashtra,Thane,269219,2022-02-26,<3L,Premium,0,Home & Kitchen,Organic Search
CUST02505,Tanvi Malhotra,user2505@email.com,54,Male,Andhra Pradesh,Nellore,648372,2019-12-01,3-6L,Regular,0,Books,Organic Search
CUST02506,Arjun Agarwal,user2506@email.com,45,Male,Tamil Nadu,Madurai,668973,2018-06-04,3-6L,Premium,1,Fashion,Social Media
CUST02507,Shreya Patel,user2507@email.com,57,Male,Telangana,Nizamabad,718227,2019-09-18,6-10L,Premium,0,Home & Kitchen,Email Campaign
CUST02508,Sunita Iyer,user2508@email.com,57,Male,Uttar Pradesh,Agra,878055,2019-07-30,3-6L,New,0,Beauty & Health,Email Campaign
CUST02509,Nisha Pandey,user2509@email.com,21,Female,Madhya Pradesh,Indore,542282,2020-09-15,>20L,New,0,Books,Organic Search
CUST02510,Utkarsh Pillai,user2510@email.com,38,Female,Madhya Pradesh,Ujjain,621631,2021-01-05,3-6L,Premium,1,Books,Email Campaign
CUST02511,Rahul Reddy,user2511@email.com,60,Male,Telangana,Nizamabad,230467,2020-01-25,3-6L,VIP,1,Office Supplies,Social Media
CUST02512,Pooja Trivedi,user2512@email.com,57,Female,Tamil Nadu,Trichy,664408,2019-03-23,6-10L,Premium,0,Automotive,Email Campaign
CUST02513,Divya Pillai,user2513@email.com,55,Female,Uttar Pradesh,Lucknow,821645,2022-03-03,3-6L,Regular,1,Fashion,Social Media
CUST02514,Meera Gupta,user2514@email.com,20,Male,Madhya Pradesh,Gwalior,235271,2021-11-06,<3L,Regular,0,Books,Organic Search
CUST02515,Yash Joshi,user2515@email.com,37,Female,Gujarat,Ahmedabad,256794,2021-07-07,6-10L,Premium,1,Fashion,Paid Ads
CUST02516,Yash Joshi,user2516@email.com,38,Female,Andhra Pradesh,Vijayawada,204774,2020-03-02,10-20L,Premium,0,Automotive,Organic Search
CUST02517,Aarav Joshi,user2517@email.com,42,Female,Haryana,Hisar,452929,2022-10-01,3-6L,Regular,1,Office Supplies,Organic Search
CUST02518,Riya Mishra,user2518@email.com,58,Female,Uttar Pradesh,Varanasi,961037,2022-12-03,10-20L,Premium,0,Grocery,Social Media
CUST02519,Manoj Banerjee,user2519@email.com,24,Female,Punjab,Patiala,294597,2022-05-07,10-20L,New,0,Grocery,Email Campaign
CUST02520,Tanvi Mishra,user2520@email.com,27,Female,Tamil Nadu,Madurai,236214,2021-04-22,<3L,Regular,0,Home & Kitchen,Referral
CUST02521,Sunita Kumar,user2521@email.com,58,Other,Delhi,Faridabad,404141,2020-01-12,3-6L,Regular,1,Sports & Fitness,Referral
CUST02522,Mihir Pillai,user2522@email.com,52,Female,Bihar,Patna,851625,2021-06-06,<3L,New,0,Fashion,Organic Search
CUST02523,Vikram Gupta,user2523@email.com,21,Female,Andhra Pradesh,Vijayawada,487570,2018-06-09,<3L,Premium,0,Fashion,Social Media
CUST02524,Arjun Gupta,user2524@email.com,20,Male,Uttar Pradesh,Varanasi,884042,2018-12-17,<3L,Regular,0,Toys & Games,Organic Search
CUST02525,Sunita Shah,user2525@email.com,43,Male,Karnataka,Belgaum,493881,2018-12-11,>20L,Regular,1,Fashion,Email Campaign
CUST02526,Aditya Mehta,user2526@email.com,27,Female,Bihar,Muzaffarpur,765484,2018-05-27,3-6L,Regular,0,Toys & Games,Referral
CUST02527,Rajesh Nair,user2527@email.com,49,Male,Haryana,Faridabad,747484,2018-11-28,6-10L,Regular,1,Books,Organic Search
CUST02528,Mihir Pandey,user2528@email.com,44,Female,Bihar,Patna,312303,2021-07-31,<3L,Regular,0,Fashion,Social Media
CUST02529,Amit Shah,user2529@email.com,30,Female,Andhra Pradesh,Tirupati,582150,2021-12-04,6-10L,New,0,Office Supplies,Social Media
CUST02530,Aarav Reddy,user2530@email.com,38,Male,Bihar,Muzaffarpur,681071,2022-03-02,<3L,Premium,0,Home & Kitchen,Organic Search
CUST02531,Priya Kumar,user2531@email.com,35,Female,Rajasthan,Ajmer,418264,2020-02-18,>20L,Premium,0,Toys & Games,Social Media
CUST02532,Shreya Agarwal,user2532@email.com,32,Male,Bihar,Patna,900134,2018-03-29,6-10L,Regular,0,Office Supplies,Paid Ads
CUST02533,Anjali Banerjee,user2533@email.com,30,Female,Tamil Nadu,Chennai,251581,2021-10-07,6-10L,Regular,1,Fashion,Organic Search
CUST02534,Aarav Trivedi,user2534@email.com,54,Male,West Bengal,Howrah,350153,2020-08-29,<3L,Regular,1,Office Supplies,Social Media
CUST02535,Utkarsh Verma,user2535@email.com,33,Male,Andhra Pradesh,Vijayawada,367124,2023-05-26,10-20L,New,0,Toys & Games,Paid Ads
CUST02536,Meera Pandey,user2536@email.com,45,Male,Uttar Pradesh,Agra,795869,2022-06-21,10-20L,Regular,0,Beauty & Health,Social Media
CUST02537,Karan Reddy,user2537@email.com,24,Female,Maharashtra,Pune,892866,2022-02-18,3-6L,Regular,0,Electronics,Email Campaign
CUST02538,Shreya Banerjee,user2538@email.com,24,Female,West Bengal,Howrah,724001,2023-05-14,<3L,Premium,1,Sports & Fitness,Email Campaign
CUST02539,Rajesh Sharma,user2539@email.com,45,Female,Telangana,Nizamabad,230751,2020-01-05,10-20L,Premium,1,Sports & Fitness,Email Campaign
CUST02540,Amit Iyer,user2540@email.com,34,Female,Uttar Pradesh,Kanpur,414775,2021-05-23,>20L,Regular,1,Toys & Games,Paid Ads
CUST02541,Mihir Joshi,user2541@email.com,48,Male,Telangana,Karimnagar,529463,2022-06-04,<3L,Regular,1,Fashion,Referral
CUST02542,Isha Pandey,user2542@email.com,53,Female,Madhya Pradesh,Indore,470367,2018-09-29,3-6L,Premium,0,Sports & Fitness,Referral
CUST02543,Yash Shah,user2543@email.com,35,Female,Uttar Pradesh,Varanasi,389781,2023-08-22,3-6L,New,1,Grocery,Email Campaign
CUST02544,Anjali Sharma,user2544@email.com,57,Male,Uttar Pradesh,Kanpur,668190,2019-12-28,<3L,VIP,1,Books,Social Media
CUST02545,Sanjay Pillai,user2545@email.com,20,Other,West Bengal,Kolkata,803748,2020-02-23,6-10L,Regular,1,Grocery,Email Campaign
CUST02546,Anjali Patel,user2546@email.com,55,Male,Bihar,Muzaffarpur,853007,2019-07-26,10-20L,VIP,0,Beauty & Health,Email Campaign
CUST02547,Akash Verma,user2547@email.com,28,Male,Telangana,Karimnagar,595434,2020-12-27,10-20L,Regular,1,Books,Paid Ads
CUST02548,Shreya Banerjee,user2548@email.com,36,Male,Haryana,Panipat,471059,2018-12-11,6-10L,VIP,1,Toys & Games,Email Campaign
CUST02549,Aditya Agarwal,user2549@email.com,40,Female,Karnataka,Bengaluru,292048,2021-07-08,6-10L,Premium,0,Beauty & Health,Paid Ads
CUST02550,Priya Malhotra,user2550@email.com,41,Female,Kerala,Kozhikode,753541,2018-03-30,3-6L,Premium,0,Office Supplies,Organic Search
CUST02551,Kavya Banerjee,user2551@email.com,34,Other,Delhi,Noida,946430,2022-01-26,10-20L,Regular,1,Fashion,Social Media
CUST02552,Rohit Reddy,user2552@email.com,42,Male,Delhi,Gurgaon,679658,2023-08-30,<3L,Regular,1,Office Supplies,Referral
CUST02553,Siddharth Mishra,user2553@email.com,18,Male,Delhi,Noida,699242,2019-10-01,3-6L,Regular,0,Electronics,Organic Search
CUST02554,Isha Singh,user2554@email.com,46,Male,Tamil Nadu,Madurai,471240,2020-06-09,10-20L,New,0,Toys & Games,Organic Search
CUST02555,Rajesh Banerjee,user2555@email.com,23,Male,Punjab,Amritsar,976816,2021-10-31,3-6L,VIP,0,Sports & Fitness,Referral
CUST02556,Siddharth Singh,user2556@email.com,18,Female,Gujarat,Ahmedabad,963401,2022-09-11,>20L,Regular,0,Home & Kitchen,Email Campaign
CUST02557,Ishaan Banerjee,user2557@email.com,28,Female,Bihar,Gaya,565820,2022-12-16,6-10L,New,0,Automotive,Social Media
CUST02558,Pooja Trivedi,user2558@email.com,32,Male,Telangana,Khammam,213463,2019-03-27,<3L,Regular,1,Electronics,Organic Search
CUST02559,Ishaan Gupta,user2559@email.com,18,Female,Telangana,Warangal,997109,2021-03-28,10-20L,Premium,0,Home & Kitchen,Referral
CUST02560,Aditi Mishra,user2560@email.com,52,Male,Kerala,Kochi,856344,2018-04-13,3-6L,Regular,0,Sports & Fitness,Referral
CUST02561,Amit Reddy,user2561@email.com,55,Female,Delhi,Faridabad,450641,2023-09-05,3-6L,Regular,1,Automotive,Email Campaign
CUST02562,Divya Mishra,user2562@email.com,54,Male,Karnataka,Mysuru,561067,2021-05-21,3-6L,New,0,Home & Kitchen,Referral
CUST02563,Amit Singh,user2563@email.com,37,Male,Gujarat,Ahmedabad,940112,2022-07-03,3-6L,Regular,0,Automotive,Social Media
CUST02564,Mihir Pillai,user2564@email.com,34,Female,Tamil Nadu,Chennai,227202,2023-03-10,3-6L,Premium,0,Fashion,Referral
CUST02565,Mihir Reddy,user2565@email.com,26,Female,Karnataka,Hubli,476292,2019-04-17,3-6L,Regular,1,Automotive,Organic Search
CUST02566,Isha Kumar,user2566@email.com,37,Male,West Bengal,Howrah,515931,2023-01-03,<3L,Regular,1,Automotive,Paid Ads
CUST02567,Rohit Banerjee,user2567@email.com,31,Female,Bihar,Patna,970898,2021-05-01,6-10L,New,0,Beauty & Health,Paid Ads
CUST02568,Utkarsh Nair,user2568@email.com,21,Female,Punjab,Chandigarh,662396,2022-08-17,10-20L,Regular,0,Automotive,Referral
CUST02569,Ananya Shah,user2569@email.com,44,Female,Gujarat,Rajkot,516638,2021-08-02,10-20L,Regular,1,Toys & Games,Organic Search
CUST02570,Ananya Sharma,user2570@email.com,22,Female,Tamil Nadu,Salem,576401,2022-05-10,3-6L,VIP,0,Office Supplies,Organic Search
CUST02571,Aditi Gupta,user2571@email.com,41,Female,Delhi,Gurgaon,155582,2020-11-08,<3L,Regular,1,Toys & Games,Email Campaign
CUST02572,Sneha Pillai,user2572@email.com,19,Male,Punjab,Patiala,854185,2023-09-18,10-20L,Regular,0,Books,Social Media
CUST02573,Varun Iyer,user2573@email.com,22,Male,Rajasthan,Kota,166132,2022-01-24,6-10L,Regular,0,Fashion,Paid Ads
CUST02574,Ishaan Malhotra,user2574@email.com,40,Female,Madhya Pradesh,Gwalior,101960,2023-04-25,3-6L,New,0,Home & Kitchen,Referral
CUST02575,Aarav Iyer,user2575@email.com,43,Male,Andhra Pradesh,Nellore,703102,2023-01-05,3-6L,Regular,1,Home & Kitchen,Paid Ads
CUST02576,Sanjay Singh,user2576@email.com,47,Male,Punjab,Amritsar,148407,2019-01-27,<3L,Regular,0,Automotive,Social Media
CUST02577,Isha Patel,user2577@email.com,25,Male,Telangana,Khammam,207496,2023-01-07,10-20L,New,0,Sports & Fitness,Social Media
CUST02578,Pooja Mishra,user2578@email.com,51,Male,Delhi,Ghaziabad,175059,2022-06-15,3-6L,Regular,0,Toys & Games,Referral
CUST02579,Siddharth Pandey,user2579@email.com,35,Female,Telangana,Warangal,469254,2018-02-19,<3L,Premium,1,Sports & Fitness,Paid Ads
CUST02580,Mihir Kumar,user2580@email.com,29,Female,Madhya Pradesh,Ujjain,920745,2019-11-15,3-6L,Premium,0,Office Supplies,Organic Search
CUST02581,Arjun Banerjee,user2581@email.com,57,Female,Delhi,Noida,174721,2018-09-14,3-6L,VIP,0,Electronics,Paid Ads
CUST02582,Rohit Patel,user2582@email.com,57,Female,Andhra Pradesh,Nellore,605916,2023-02-16,3-6L,New,0,Home & Kitchen,Social Media
CUST02583,Riya Patel,user2583@email.com,25,Male,Andhra Pradesh,Nellore,813477,2023-03-06,6-10L,New,1,Books,Referral
CUST02584,Amit Mishra,user2584@email.com,20,Male,Haryana,Rohtak,336088,2018-04-13,<3L,Regular,0,Sports & Fitness,Email Campaign
CUST02585,Sneha Mishra,user2585@email.com,35,Male,Karnataka,Belgaum,724132,2023-06-20,10-20L,Regular,0,Automotive,Email Campaign
CUST02586,Sneha Pandey,user2586@email.com,26,Male,Gujarat,Ahmedabad,937598,2020-11-21,10-20L,VIP,0,Grocery,Paid Ads
CUST02587,Tanvi Patel,user2587@email.com,60,Female,Rajasthan,Ajmer,772563,2020-10-13,10-20L,Premium,0,Sports & Fitness,Email Campaign
CUST02588,Sneha Pillai,user2588@email.com,53,Male,Bihar,Patna,775080,2022-04-06,10-20L,VIP,0,Electronics,Paid Ads
CUST02589,Sneha Patel,user2589@email.com,57,Male,Tamil Nadu,Salem,954756,2018-09-01,<3L,New,0,Automotive,Email Campaign
CUST02590,Sunita Iyer,user2590@email.com,30,Female,Tamil Nadu,Chennai,752262,2018-08-16,>20L,VIP,0,Fashion,Organic Search
CUST02591,Priya Malhotra,user2591@email.com,59,Male,Tamil Nadu,Salem,940073,2018-12-09,<3L,VIP,0,Grocery,Social Media
CUST02592,Anjali Patel,user2592@email.com,59,Female,Rajasthan,Jodhpur,585223,2021-04-26,10-20L,Regular,0,Electronics,Organic Search
CUST02593,Aditi Iyer,user2593@email.com,50,Male,Punjab,Ludhiana,631908,2022-05-11,>20L,VIP,0,Toys & Games,Organic Search
CUST02594,Deepika Pandey,user2594@email.com,34,Female,Uttar Pradesh,Lucknow,587767,2023-01-22,10-20L,Regular,0,Sports & Fitness,Organic Search
CUST02595,Karan Trivedi,user2595@email.com,44,Male,Kerala,Thiruvananthapuram,112429,2018-06-04,3-6L,Regular,0,Books,Paid Ads
CUST02596,Mihir Joshi,user2596@email.com,30,Female,Bihar,Muzaffarpur,198798,2018-04-08,10-20L,Regular,0,Automotive,Email Campaign
CUST02597,Kavya Rao,user2597@email.com,25,Female,Karnataka,Bengaluru,139207,2018-10-14,<3L,VIP,0,Fashion,Organic Search
CUST02598,Sneha Mehta,user2598@email.com,46,Male,Andhra Pradesh,Tirupati,954669,2018-07-10,<3L,New,0,Sports & Fitness,Organic Search
CUST02599,Nisha Joshi,user2599@email.com,56,Male,Telangana,Khammam,762706,2022-11-10,3-6L,Regular,0,Beauty & Health,Organic Search
CUST02600,Aditi Shah,user2600@email.com,56,Female,Madhya Pradesh,Ujjain,113081,2022-07-03,6-10L,New,0,Automotive,Paid Ads
CUST02601,Aarav Rao,user2601@email.com,31,Male,Karnataka,Mangaluru,303668,2022-05-02,3-6L,Premium,0,Automotive,Referral
CUST02602,Tanvi Pandey,user2602@email.com,54,Male,Tamil Nadu,Coimbatore,482592,2020-10-16,<3L,Regular,1,Sports & Fitness,Organic Search
CUST02603,Yash Patel,user2603@email.com,50,Male,Maharashtra,Mumbai,433945,2022-08-21,<3L,Regular,0,Automotive,Social Media
CUST02604,Karan Mishra,user2604@email.com,39,Male,Punjab,Jalandhar,226077,2018-03-12,<3L,Regular,1,Beauty & Health,App Store
CUST02605,Sanjay Nair,user2605@email.com,55,Male,Andhra Pradesh,Visakhapatnam,575706,2020-11-19,10-20L,Regular,0,Electronics,Referral
CUST02606,Sneha Nair,user2606@email.com,24,Female,West Bengal,Kolkata,735295,2018-02-20,10-20L,Regular,0,Home & Kitchen,Paid Ads
CUST02607,Pooja Pandey,user2607@email.com,54,Female,Gujarat,Surat,801325,2023-09-13,3-6L,New,0,Office Supplies,Referral
CUST02608,Arjun Iyer,user2608@email.com,41,Female,West Bengal,Kolkata,165612,2020-09-13,10-20L,Regular,0,Sports & Fitness,Organic Search
CUST02609,Arjun Sharma,user2609@email.com,47,Female,Tamil Nadu,Trichy,360838,2020-06-29,10-20L,Premium,1,Electronics,Organic Search
CUST02610,Rahul Sharma,user2610@email.com,27,Male,Bihar,Gaya,790043,2019-02-24,>20L,Premium,0,Home & Kitchen,Social Media
CUST02611,Aarav Pillai,user2611@email.com,57,Female,Bihar,Patna,574833,2023-12-17,<3L,VIP,0,Grocery,Referral
CUST02612,Nisha Trivedi,user2612@email.com,34,Male,Maharashtra,Nashik,518873,2019-01-14,10-20L,Regular,0,Home & Kitchen,Social Media
CUST02613,Aditya Patel,user2613@email.com,44,Female,Tamil Nadu,Salem,667130,2022-08-10,3-6L,Regular,0,Fashion,Social Media
CUST02614,Riya Pillai,user2614@email.com,40,Male,Uttar Pradesh,Allahabad,135991,2019-01-02,6-10L,VIP,0,Automotive,Referral
CUST02615,Riya Shah,user2615@email.com,29,Female,Telangana,Hyderabad,435955,2022-11-15,3-6L,New,0,Electronics,Social Media
CUST02616,Shreya Gupta,user2616@email.com,25,Female,Madhya Pradesh,Ujjain,411572,2020-01-19,6-10L,Regular,0,Books,Social Media
CUST02617,Rahul Mishra,user2617@email.com,49,Male,Rajasthan,Ajmer,446037,2018-12-30,3-6L,Regular,1,Books,Social Media
CUST02618,Sneha Gupta,user2618@email.com,39,Male,West Bengal,Siliguri,184366,2019-08-30,3-6L,VIP,1,Toys & Games,Referral
CUST02619,Aditi Reddy,user2619@email.com,37,Male,Tamil Nadu,Salem,136034,2018-10-05,3-6L,Regular,1,Office Supplies,Email Campaign
CUST02620,Deepika Joshi,user2620@email.com,26,Female,Haryana,Gurugram,688540,2023-09-24,3-6L,VIP,1,Beauty & Health,Email Campaign
CUST02621,Priya Reddy,user2621@email.com,30,Male,Haryana,Hisar,858763,2023-09-11,3-6L,Regular,0,Automotive,Paid Ads
CUST02622,Akash Mishra,user2622@email.com,49,Male,Karnataka,Belgaum,133582,2020-03-14,6-10L,Regular,0,Toys & Games,Email Campaign
CUST02623,Ishaan Trivedi,user2623@email.com,44,Female,Andhra Pradesh,Vijayawada,507741,2019-12-01,10-20L,Regular,0,Sports & Fitness,Social Media
CUST02624,Arjun Joshi,user2624@email.com,49,Female,Maharashtra,Nashik,714304,2019-11-19,3-6L,Regular,1,Automotive,Social Media
CUST02625,Rohit Rao,user2625@email.com,44,Male,Uttar Pradesh,Varanasi,364298,2022-07-28,10-20L,Premium,0,Grocery,Paid Ads
CUST02626,Rajesh Trivedi,user2626@email.com,45,Male,Andhra Pradesh,Nellore,678676,2020-12-13,10-20L,Premium,0,Fashion,Social Media
CUST02627,Arjun Pandey,user2627@email.com,58,Male,Rajasthan,Ajmer,940795,2020-07-23,>20L,New,0,Books,Organic Search
CUST02628,Aarav Rao,user2628@email.com,26,Female,Uttar Pradesh,Lucknow,235411,2021-04-29,3-6L,New,0,Office Supplies,Email Campaign
CUST02629,Aarav Rao,user2629@email.com,25,Female,Bihar,Muzaffarpur,399952,2022-05-21,10-20L,Premium,1,Books,Paid Ads
CUST02630,Akash Gupta,user2630@email.com,30,Male,Kerala,Kochi,272534,2020-03-19,10-20L,Premium,1,Toys & Games,Paid Ads
CUST02631,Nisha Trivedi,user2631@email.com,36,Female,Andhra Pradesh,Nellore,542125,2022-08-01,3-6L,New,0,Fashion,Organic Search
CUST02632,Siddharth Nair,user2632@email.com,51,Female,Rajasthan,Udaipur,450443,2020-10-19,6-10L,Premium,0,Automotive,Social Media
CUST02633,Nisha Mishra,user2633@email.com,22,Female,West Bengal,Siliguri,487728,2018-08-05,<3L,Regular,1,Grocery,Referral
CUST02634,Varun Rao,user2634@email.com,53,Male,Uttar Pradesh,Allahabad,332269,2020-08-21,3-6L,New,1,Fashion,App Store
CUST02635,Shreya Mehta,user2635@email.com,42,Female,Andhra Pradesh,Tirupati,493786,2019-10-23,3-6L,Regular,0,Fashion,Organic Search
CUST02636,Amit Joshi,user2636@email.com,30,Female,Uttar Pradesh,Varanasi,608273,2018-08-20,3-6L,Regular,0,Beauty & Health,Referral
CUST02637,Varun Nair,user2637@email.com,37,Male,Andhra Pradesh,Tirupati,351593,2022-12-29,>20L,New,0,Fashion,Social Media
CUST02638,Vikram Mishra,user2638@email.com,34,Male,Karnataka,Mangaluru,789635,2019-02-05,3-6L,Regular,0,Home & Kitchen,Organic Search
CUST02639,Sanjay Nair,user2639@email.com,32,Female,Telangana,Nizamabad,733369,2018-01-04,<3L,Regular,1,Beauty & Health,Organic Search
CUST02640,Varun Joshi,user2640@email.com,54,Male,Delhi,Ghaziabad,491928,2023-03-23,3-6L,Premium,0,Books,Paid Ads
CUST02641,Manoj Singh,user2641@email.com,48,Female,Bihar,Bhagalpur,224277,2019-08-04,3-6L,Premium,0,Home & Kitchen,Social Media
CUST02642,Kavya Nair,user2642@email.com,35,Male,Uttar Pradesh,Agra,957850,2022-01-15,6-10L,Premium,0,Beauty & Health,Organic Search
CUST02643,Vikram Nair,user2643@email.com,54,Male,Karnataka,Belgaum,117292,2020-05-08,>20L,Premium,1,Toys & Games,Referral
CUST02644,Priya Mehta,user2644@email.com,59,Male,Andhra Pradesh,Vijayawada,393406,2021-11-20,10-20L,Premium,1,Fashion,Organic Search
CUST02645,Sunita Iyer,user2645@email.com,34,Other,Madhya Pradesh,Ujjain,762579,2021-03-01,3-6L,Regular,0,Fashion,Paid Ads
CUST02646,Varun Pillai,user2646@email.com,22,Female,West Bengal,Siliguri,438250,2019-04-27,10-20L,New,0,Automotive,Social Media
CUST02647,Aarav Mishra,user2647@email.com,38,Male,Punjab,Ludhiana,680783,2022-05-12,<3L,Premium,0,Grocery,Social Media
CUST02648,Sunita Singh,user2648@email.com,29,Female,Tamil Nadu,Madurai,238249,2023-09-23,10-20L,New,0,Home & Kitchen,Social Media
CUST02649,Rajesh Trivedi,user2649@email.com,25,Female,Madhya Pradesh,Ujjain,466449,2021-07-20,<3L,Premium,0,Office Supplies,App Store
CUST02650,Vikram Trivedi,user2650@email.com,22,Male,Delhi,New Delhi,886007,2022-06-06,<3L,Premium,1,Books,Email Campaign
CUST02651,Meera Iyer,user2651@email.com,39,Female,Andhra Pradesh,Nellore,357406,2023-04-02,6-10L,Regular,0,Beauty & Health,App Store
CUST02652,Pooja Mehta,user2652@email.com,48,Female,Karnataka,Mangaluru,434991,2019-11-14,6-10L,Premium,0,Beauty & Health,Email Campaign
CUST02653,Isha Banerjee,user2653@email.com,50,Male,Rajasthan,Ajmer,290769,2023-08-31,3-6L,Regular,1,Beauty & Health,App Store
CUST02654,Rohit Singh,user2654@email.com,46,Female,Kerala,Kochi,958230,2020-01-19,3-6L,Premium,1,Sports & Fitness,Paid Ads
CUST02655,Utkarsh Banerjee,user2655@email.com,59,Female,Delhi,New Delhi,385563,2023-12-20,6-10L,Premium,1,Office Supplies,Organic Search
CUST02656,Meera Shah,user2656@email.com,27,Female,Madhya Pradesh,Bhopal,175929,2022-08-08,<3L,New,0,Sports & Fitness,Organic Search
CUST02657,Deepika Joshi,user2657@email.com,33,Male,Delhi,Ghaziabad,310827,2021-10-19,6-10L,Regular,1,Electronics,Social Media
CUST02658,Pooja Verma,user2658@email.com,24,Female,Punjab,Jalandhar,237392,2018-03-22,6-10L,Regular,0,Fashion,Referral
CUST02659,Manoj Patel,user2659@email.com,44,Female,Rajasthan,Jodhpur,427464,2020-10-30,6-10L,New,0,Office Supplies,Organic Search
CUST02660,Sanjay Mehta,user2660@email.com,28,Female,Maharashtra,Nagpur,562492,2021-02-06,6-10L,Premium,1,Sports & Fitness,Organic Search
CUST02661,Deepika Gupta,user2661@email.com,41,Female,Punjab,Amritsar,362333,2018-01-15,6-10L,New,0,Toys & Games,Referral
CUST02662,Utkarsh Mehta,user2662@email.com,27,Male,Gujarat,Gandhinagar,952316,2018-01-07,6-10L,Regular,0,Fashion,App Store
CUST02663,Riya Mehta,user2663@email.com,43,Female,Punjab,Patiala,776337,2021-05-26,<3L,Regular,0,Beauty & Health,Referral
CUST02664,Divya Mishra,user2664@email.com,52,Male,Gujarat,Vadodara,901413,2023-06-18,6-10L,Premium,1,Sports & Fitness,App Store
CUST02665,Riya Joshi,user2665@email.com,45,Female,Tamil Nadu,Madurai,752023,2019-02-28,10-20L,New,0,Books,Referral
CUST02666,Arjun Agarwal,user2666@email.com,59,Male,Haryana,Rohtak,630644,2023-06-30,10-20L,Regular,1,Beauty & Health,Social Media
CUST02667,Arjun Mishra,user2667@email.com,44,Male,Madhya Pradesh,Jabalpur,188697,2023-06-20,6-10L,Premium,1,Electronics,Organic Search
CUST02668,Riya Sharma,user2668@email.com,18,Female,Uttar Pradesh,Agra,168968,2018-02-05,<3L,Regular,1,Sports & Fitness,Social Media
CUST02669,Priya Singh,user2669@email.com,52,Male,Bihar,Patna,220991,2019-01-30,<3L,VIP,0,Sports & Fitness,Email Campaign
CUST02670,Priya Trivedi,user2670@email.com,59,Female,Telangana,Nizamabad,954743,2019-11-14,6-10L,Premium,0,Fashion,Email Campaign
CUST02671,Rajesh Mehta,user2671@email.com,37,Male,Andhra Pradesh,Visakhapatnam,142264,2019-05-01,10-20L,VIP,1,Toys & Games,Referral
CUST02672,Rahul Trivedi,user2672@email.com,44,Male,Telangana,Hyderabad,552985,2018-08-22,>20L,Regular,0,Fashion,Organic Search
CUST02673,Akash Agarwal,user2673@email.com,24,Male,Rajasthan,Udaipur,386031,2019-12-31,3-6L,New,0,Books,Referral
CUST02674,Riya Verma,user2674@email.com,26,Male,Madhya Pradesh,Indore,369044,2023-04-17,<3L,Regular,1,Beauty & Health,Paid Ads
CUST02675,Riya Trivedi,user2675@email.com,50,Male,Kerala,Kochi,861906,2020-12-05,<3L,Regular,1,Toys & Games,Email Campaign
CUST02676,Sneha Iyer,user2676@email.com,36,Female,Andhra Pradesh,Vijayawada,285178,2022-01-23,3-6L,Regular,0,Books,Organic Search
CUST02677,Sneha Reddy,user2677@email.com,44,Female,Gujarat,Rajkot,500885,2019-09-28,<3L,VIP,0,Fashion,Paid Ads
CUST02678,Rahul Kumar,user2678@email.com,47,Female,Rajasthan,Udaipur,785766,2018-06-08,6-10L,New,0,Office Supplies,Organic Search
CUST02679,Arjun Mishra,user2679@email.com,44,Female,Tamil Nadu,Chennai,343029,2018-02-22,10-20L,Regular,0,Electronics,Organic Search
CUST02680,Yash Rao,user2680@email.com,23,Male,West Bengal,Kolkata,721532,2022-06-27,3-6L,Regular,0,Fashion,Organic Search
CUST02681,Anjali Banerjee,user2681@email.com,46,Female,Punjab,Patiala,114345,2020-07-24,<3L,VIP,1,Electronics,Organic Search
CUST02682,Amit Rao,user2682@email.com,32,Male,Haryana,Rohtak,611865,2020-08-18,>20L,Regular,1,Automotive,Organic Search
CUST02683,Riya Gupta,user2683@email.com,49,Other,West Bengal,Siliguri,110810,2019-07-29,>20L,New,0,Automotive,Organic Search
CUST02684,Riya Gupta,user2684@email.com,48,Male,Tamil Nadu,Trichy,344201,2022-05-14,10-20L,Premium,0,Office Supplies,Social Media
CUST02685,Priya Joshi,user2685@email.com,32,Male,Haryana,Gurugram,232938,2018-12-24,3-6L,Regular,0,Beauty & Health,Social Media
CUST02686,Isha Agarwal,user2686@email.com,26,Female,Rajasthan,Jodhpur,434576,2018-07-13,<3L,Regular,0,Automotive,Referral
CUST02687,Karan Sharma,user2687@email.com,25,Female,Madhya Pradesh,Gwalior,642053,2020-07-24,<3L,Regular,0,Office Supplies,Organic Search
CUST02688,Deepika Agarwal,user2688@email.com,27,Female,Gujarat,Vadodara,467129,2020-04-11,<3L,Regular,1,Home & Kitchen,Social Media
CUST02689,Arjun Kumar,user2689@email.com,27,Female,Haryana,Faridabad,251608,2022-12-16,3-6L,Regular,0,Grocery,Referral
CUST02690,Rahul Rao,user2690@email.com,34,Male,Kerala,Kollam,164043,2020-08-30,10-20L,Premium,1,Fashion,Referral
CUST02691,Vikram Sharma,user2691@email.com,45,Female,Bihar,Gaya,551257,2023-06-27,10-20L,Regular,0,Books,Organic Search
CUST02692,Arjun Trivedi,user2692@email.com,42,Female,Maharashtra,Nashik,275440,2021-10-08,10-20L,Regular,1,Grocery,Email Campaign
CUST02693,Pooja Mehta,user2693@email.com,48,Male,Telangana,Khammam,192858,2018-02-14,>20L,Regular,0,Books,Organic Search
CUST02694,Isha Pandey,user2694@email.com,30,Male,Gujarat,Vadodara,966553,2021-01-13,3-6L,Premium,1,Office Supplies,App Store
CUST02695,Meera Patel,user2695@email.com,20,Male,Andhra Pradesh,Tirupati,360501,2021-12-12,3-6L,Regular,0,Electronics,App Store
CUST02696,Akash Trivedi,user2696@email.com,26,Male,West Bengal,Asansol,362598,2020-05-20,3-6L,Premium,0,Office Supplies,Email Campaign
CUST02697,Amit Patel,user2697@email.com,38,Male,Madhya Pradesh,Indore,249461,2021-03-25,6-10L,Regular,1,Office Supplies,Referral
CUST02698,Shreya Nair,user2698@email.com,48,Female,Telangana,Khammam,716329,2020-08-16,<3L,New,0,Office Supplies,Referral
CUST02699,Rajesh Reddy,user2699@email.com,20,Female,Andhra Pradesh,Tirupati,492516,2022-02-08,<3L,VIP,1,Toys & Games,App Store
CUST02700,Akash Nair,user2700@email.com,36,Male,Gujarat,Ahmedabad,556526,2018-03-23,3-6L,Regular,0,Electronics,Paid Ads
CUST02701,Sunita Mehta,user2701@email.com,31,Male,Haryana,Faridabad,709923,2021-09-29,3-6L,Regular,0,Grocery,Paid Ads
CUST02702,Amit Shah,user2702@email.com,51,Male,Bihar,Patna,580805,2020-10-27,10-20L,Premium,0,Grocery,Social Media
CUST02703,Sanjay Pillai,user2703@email.com,54,Male,Andhra Pradesh,Guntur,555665,2019-12-05,10-20L,New,0,Fashion,Paid Ads
CUST02704,Manoj Iyer,user2704@email.com,57,Female,Bihar,Darbhanga,123902,2023-05-08,10-20L,VIP,0,Books,Organic Search
CUST02705,Anjali Agarwal,user2705@email.com,33,Male,Kerala,Kozhikode,176600,2020-06-15,>20L,New,0,Grocery,Email Campaign
CUST02706,Yash Sharma,user2706@email.com,55,Female,Gujarat,Vadodara,105544,2019-07-11,<3L,Regular,1,Office Supplies,Paid Ads
CUST02707,Isha Kumar,user2707@email.com,41,Female,Karnataka,Mangaluru,726672,2023-09-09,3-6L,VIP,0,Toys & Games,Organic Search
CUST02708,Kavya Singh,user2708@email.com,42,Male,Delhi,Ghaziabad,132672,2021-07-31,6-10L,VIP,1,Automotive,Email Campaign
CUST02709,Mihir Banerjee,user2709@email.com,19,Male,Telangana,Khammam,343007,2019-01-14,3-6L,Premium,0,Electronics,Organic Search
CUST02710,Pooja Gupta,user2710@email.com,43,Female,West Bengal,Durgapur,760747,2023-11-16,6-10L,Regular,1,Office Supplies,Referral
CUST02711,Aditi Mishra,user2711@email.com,25,Male,Telangana,Nizamabad,594235,2022-09-21,>20L,Premium,1,Sports & Fitness,Organic Search
CUST02712,Aarav Mehta,user2712@email.com,55,Male,Gujarat,Vadodara,248763,2022-11-10,10-20L,Premium,0,Office Supplies,Email Campaign
CUST02713,Rohit Verma,user2713@email.com,43,Male,Andhra Pradesh,Tirupati,919735,2021-10-20,6-10L,Regular,1,Grocery,Social Media
CUST02714,Nisha Sharma,user2714@email.com,50,Female,West Bengal,Asansol,310025,2023-04-12,<3L,New,0,Beauty & Health,Email Campaign
CUST02715,Karan Pillai,user2715@email.com,39,Female,Kerala,Thiruvananthapuram,552247,2021-05-26,10-20L,Regular,1,Home & Kitchen,Paid Ads
CUST02716,Ananya Joshi,user2716@email.com,59,Male,Bihar,Gaya,812878,2018-09-01,<3L,Regular,0,Sports & Fitness,Referral
CUST02717,Nisha Kumar,user2717@email.com,43,Male,Gujarat,Surat,781819,2018-05-07,<3L,Regular,1,Home & Kitchen,Email Campaign
CUST02718,Rohit Agarwal,user2718@email.com,36,Male,Bihar,Darbhanga,191628,2018-07-24,>20L,Regular,0,Toys & Games,Organic Search
CUST02719,Pooja Banerjee,user2719@email.com,36,Female,Bihar,Darbhanga,467875,2018-07-31,6-10L,Regular,0,Automotive,Organic Search
CUST02720,Vikram Trivedi,user2720@email.com,51,Male,Tamil Nadu,Trichy,296116,2019-07-01,<3L,Regular,0,Home & Kitchen,Email Campaign
CUST02721,Priya Patel,user2721@email.com,22,Female,Kerala,Kochi,298454,2023-05-19,>20L,Regular,0,Toys & Games,Email Campaign
CUST02722,Akash Trivedi,user2722@email.com,41,Female,Haryana,Hisar,263246,2018-12-22,>20L,Premium,0,Office Supplies,Organic Search
CUST02723,Ananya Kumar,user2723@email.com,45,Female,Uttar Pradesh,Allahabad,674692,2018-01-08,10-20L,New,0,Sports & Fitness,Organic Search
CUST02724,Rohit Mehta,user2724@email.com,25,Male,Madhya Pradesh,Bhopal,569194,2019-07-09,3-6L,Regular,0,Beauty & Health,Organic Search
CUST02725,Sanjay Mishra,user2725@email.com,49,Male,Rajasthan,Ajmer,558174,2020-01-26,3-6L,Premium,0,Home & Kitchen,Organic Search
CUST02726,Shreya Singh,user2726@email.com,21,Male,Punjab,Ludhiana,685030,2021-02-25,10-20L,Premium,1,Books,Paid Ads
CUST02727,Deepika Iyer,user2727@email.com,58,Male,Maharashtra,Nagpur,994873,2018-10-13,10-20L,Premium,0,Electronics,Paid Ads
CUST02728,Shreya Mishra,user2728@email.com,49,Male,Bihar,Darbhanga,396679,2022-10-20,>20L,New,1,Books,App Store
CUST02729,Kavya Agarwal,user2729@email.com,24,Male,Kerala,Thiruvananthapuram,393950,2019-01-01,<3L,Premium,1,Office Supplies,Social Media
CUST02730,Isha Banerjee,user2730@email.com,30,Male,Uttar Pradesh,Lucknow,968981,2023-02-11,6-10L,Regular,0,Home & Kitchen,Email Campaign
CUST02731,Sunita Pillai,user2731@email.com,53,Male,Rajasthan,Jodhpur,790681,2019-12-10,6-10L,Premium,0,Automotive,Referral
CUST02732,Meera Sharma,user2732@email.com,47,Female,Delhi,Noida,125481,2021-07-01,6-10L,Premium,0,Home & Kitchen,Social Media
CUST02733,Ishaan Malhotra,user2733@email.com,51,Female,West Bengal,Durgapur,772466,2018-04-14,<3L,Regular,1,Fashion,Referral
CUST02734,Sanjay Agarwal,user2734@email.com,57,Male,Telangana,Hyderabad,647441,2021-09-03,6-10L,Regular,1,Books,Email Campaign
CUST02735,Amit Verma,user2735@email.com,43,Male,Madhya Pradesh,Ujjain,127642,2022-05-04,6-10L,New,0,Fashion,Paid Ads
CUST02736,Shreya Joshi,user2736@email.com,29,Female,Madhya Pradesh,Indore,393751,2019-09-25,<3L,Regular,1,Fashion,Referral
CUST02737,Meera Singh,user2737@email.com,21,Male,Madhya Pradesh,Jabalpur,112274,2022-05-05,3-6L,New,0,Sports & Fitness,Referral
CUST02738,Nisha Nair,user2738@email.com,54,Female,Punjab,Jalandhar,724207,2023-02-14,3-6L,VIP,0,Fashion,Paid Ads
CUST02739,Amit Agarwal,user2739@email.com,41,Male,Bihar,Bhagalpur,904750,2018-11-20,3-6L,New,0,Books,Paid Ads
CUST02740,Rajesh Verma,user2740@email.com,39,Male,Gujarat,Vadodara,838660,2018-12-12,3-6L,Regular,0,Home & Kitchen,Organic Search
CUST02741,Aditya Trivedi,user2741@email.com,53,Male,Rajasthan,Ajmer,271021,2019-11-24,3-6L,Regular,1,Home & Kitchen,Paid Ads
CUST02742,Sunita Mishra,user2742@email.com,38,Male,West Bengal,Durgapur,739140,2022-07-23,3-6L,Regular,1,Books,Email Campaign
CUST02743,Mihir Shah,user2743@email.com,39,Female,Madhya Pradesh,Jabalpur,582098,2021-10-23,6-10L,Premium,0,Automotive,Organic Search
CUST02744,Meera Mishra,user2744@email.com,45,Female,Haryana,Panipat,507254,2020-06-14,10-20L,Premium,0,Electronics,Paid Ads
CUST02745,Vikram Nair,user2745@email.com,46,Female,Haryana,Rohtak,239965,2022-10-21,>20L,New,0,Books,Referral
CUST02746,Ishaan Trivedi,user2746@email.com,58,Female,Bihar,Darbhanga,397654,2021-06-13,6-10L,Regular,0,Home & Kitchen,Referral
CUST02747,Priya Trivedi,user2747@email.com,46,Female,Maharashtra,Nashik,773467,2021-01-25,6-10L,Regular,0,Beauty & Health,Referral
CUST02748,Isha Iyer,user2748@email.com,35,Male,Telangana,Warangal,950051,2020-04-13,<3L,Regular,1,Toys & Games,Referral
CUST02749,Vikram Kumar,user2749@email.com,54,Female,Punjab,Amritsar,609724,2020-06-05,>20L,Premium,0,Grocery,Organic Search
CUST02750,Ishaan Banerjee,user2750@email.com,56,Male,Uttar Pradesh,Kanpur,309308,2018-01-05,10-20L,Regular,1,Beauty & Health,Referral
CUST02751,Isha Verma,user2751@email.com,47,Male,Karnataka,Mysuru,808702,2018-02-13,3-6L,Premium,0,Books,Email Campaign
CUST02752,Vikram Gupta,user2752@email.com,20,Male,Punjab,Ludhiana,962879,2020-12-28,3-6L,New,0,Electronics,Organic Search
CUST02753,Kavya Sharma,user2753@email.com,29,Female,Uttar Pradesh,Varanasi,653769,2019-01-07,<3L,VIP,0,Automotive,Organic Search
CUST02754,Mihir Reddy,user2754@email.com,42,Female,Kerala,Thrissur,747198,2022-07-07,3-6L,New,1,Home & Kitchen,Organic Search
CUST02755,Vikram Verma,user2755@email.com,33,Male,Maharashtra,Mumbai,539916,2019-12-11,3-6L,Premium,0,Toys & Games,Paid Ads
CUST02756,Ishaan Pillai,user2756@email.com,34,Female,Uttar Pradesh,Varanasi,257717,2021-07-21,6-10L,New,0,Office Supplies,Paid Ads
CUST02757,Sanjay Reddy,user2757@email.com,34,Female,Punjab,Amritsar,904982,2020-07-14,3-6L,Regular,0,Fashion,Social Media
CUST02758,Divya Mishra,user2758@email.com,53,Male,Karnataka,Belgaum,542066,2019-01-29,6-10L,New,0,Electronics,Social Media
CUST02759,Rahul Gupta,user2759@email.com,60,Male,Rajasthan,Ajmer,346423,2018-05-05,<3L,Regular,1,Books,Email Campaign
CUST02760,Ananya Singh,user2760@email.com,37,Female,Andhra Pradesh,Visakhapatnam,463253,2019-02-03,<3L,Regular,0,Electronics,Email Campaign
CUST02761,Rahul Patel,user2761@email.com,34,Male,Rajasthan,Jaipur,338516,2023-12-22,<3L,Regular,1,Electronics,Email Campaign
CUST02762,Arjun Mehta,user2762@email.com,38,Male,Gujarat,Rajkot,760865,2018-04-16,3-6L,New,1,Grocery,Organic Search
CUST02763,Varun Sharma,user2763@email.com,36,Female,Haryana,Faridabad,159469,2022-05-18,6-10L,Regular,1,Fashion,App Store
CUST02764,Rahul Pillai,user2764@email.com,28,Female,Karnataka,Mangaluru,829149,2023-11-23,<3L,Regular,0,Fashion,Organic Search
CUST02765,Pooja Mishra,user2765@email.com,33,Female,Telangana,Karimnagar,314029,2023-10-22,<3L,VIP,1,Sports & Fitness,Paid Ads
CUST02766,Sanjay Shah,user2766@email.com,22,Male,Bihar,Darbhanga,629794,2022-02-26,10-20L,Regular,0,Toys & Games,Social Media
CUST02767,Pooja Trivedi,user2767@email.com,38,Male,Rajasthan,Jaipur,276777,2018-03-02,3-6L,Premium,0,Automotive,Paid Ads
CUST02768,Aarav Patel,user2768@email.com,28,Female,Punjab,Ludhiana,471574,2021-07-25,10-20L,Regular,1,Electronics,Social Media
CUST02769,Vikram Agarwal,user2769@email.com,26,Female,West Bengal,Howrah,480496,2018-10-18,3-6L,Premium,0,Fashion,Social Media
CUST02770,Vikram Kumar,user2770@email.com,52,Female,Telangana,Nizamabad,909973,2018-05-02,10-20L,Regular,1,Books,Referral
CUST02771,Manoj Mehta,user2771@email.com,57,Male,Andhra Pradesh,Tirupati,976027,2020-06-02,3-6L,Premium,0,Grocery,Referral
CUST02772,Kavya Singh,user2772@email.com,47,Female,Madhya Pradesh,Gwalior,805766,2018-02-26,<3L,Regular,0,Fashion,Organic Search
CUST02773,Ananya Singh,user2773@email.com,42,Female,Uttar Pradesh,Allahabad,137043,2018-04-10,6-10L,Regular,1,Books,Organic Search
CUST02774,Sanjay Reddy,user2774@email.com,58,Male,Tamil Nadu,Chennai,387385,2021-04-21,6-10L,Regular,0,Books,Organic Search
CUST02775,Aditi Iyer,user2775@email.com,38,Female,Rajasthan,Jodhpur,674861,2021-02-02,<3L,VIP,1,Beauty & Health,App Store
CUST02776,Ishaan Banerjee,user2776@email.com,54,Other,West Bengal,Durgapur,543828,2021-03-01,3-6L,Premium,1,Office Supplies,Organic Search
CUST02777,Aditya Pillai,user2777@email.com,30,Male,Haryana,Hisar,421425,2022-12-29,6-10L,Premium,0,Grocery,Organic Search
CUST02778,Ananya Malhotra,user2778@email.com,29,Female,Punjab,Chandigarh,691586,2021-11-11,6-10L,Regular,1,Automotive,Referral
CUST02779,Rajesh Malhotra,user2779@email.com,54,Female,Rajasthan,Kota,994617,2018-01-09,3-6L,New,0,Toys & Games,Social Media
CUST02780,Sunita Agarwal,user2780@email.com,59,Female,Telangana,Karimnagar,302906,2023-09-17,>20L,New,0,Sports & Fitness,Referral
CUST02781,Sneha Kumar,user2781@email.com,28,Female,Uttar Pradesh,Agra,122986,2019-02-02,3-6L,VIP,1,Home & Kitchen,Organic Search
CUST02782,Nisha Malhotra,user2782@email.com,41,Male,Uttar Pradesh,Agra,353361,2021-08-04,10-20L,Regular,0,Sports & Fitness,Social Media
CUST02783,Ishaan Mehta,user2783@email.com,41,Male,Kerala,Kollam,241866,2018-11-09,6-10L,Regular,0,Automotive,Social Media
CUST02784,Pooja Verma,user2784@email.com,23,Female,West Bengal,Siliguri,587434,2019-03-21,3-6L,New,0,Beauty & Health,App Store
CUST02785,Riya Pandey,user2785@email.com,50,Female,Delhi,Noida,380058,2023-09-12,10-20L,VIP,0,Sports & Fitness,Email Campaign
CUST02786,Ananya Trivedi,user2786@email.com,26,Male,Bihar,Muzaffarpur,369522,2018-05-24,10-20L,Regular,0,Books,Organic Search
CUST02787,Isha Gupta,user2787@email.com,38,Male,West Bengal,Howrah,740535,2022-08-25,<3L,VIP,0,Automotive,Organic Search
CUST02788,Mihir Mishra,user2788@email.com,55,Male,Tamil Nadu,Chennai,763089,2021-05-24,6-10L,New,0,Books,Social Media
CUST02789,Aditya Iyer,user2789@email.com,38,Male,Andhra Pradesh,Visakhapatnam,907900,2021-02-15,<3L,Premium,0,Toys & Games,Paid Ads
CUST02790,Rajesh Kumar,user2790@email.com,30,Male,Madhya Pradesh,Indore,806444,2022-07-20,6-10L,Regular,1,Fashion,Social Media
CUST02791,Sunita Gupta,user2791@email.com,51,Female,Gujarat,Ahmedabad,456053,2022-07-24,6-10L,New,0,Electronics,Referral
CUST02792,Anjali Banerjee,user2792@email.com,18,Male,Telangana,Hyderabad,906180,2020-09-19,<3L,Regular,1,Home & Kitchen,Paid Ads
CUST02793,Kavya Verma,user2793@email.com,50,Female,Tamil Nadu,Salem,768988,2020-07-17,<3L,Premium,0,Office Supplies,Email Campaign
CUST02794,Shreya Shah,user2794@email.com,44,Male,Delhi,Faridabad,923544,2023-08-05,3-6L,Regular,1,Grocery,App Store
CUST02795,Ananya Trivedi,user2795@email.com,50,Female,West Bengal,Durgapur,260952,2021-10-14,>20L,VIP,0,Toys & Games,Organic Search
CUST02796,Aarav Patel,user2796@email.com,55,Female,Rajasthan,Udaipur,585665,2023-05-20,10-20L,Regular,0,Electronics,Paid Ads
CUST02797,Rahul Nair,user2797@email.com,34,Male,Punjab,Chandigarh,592433,2018-12-15,<3L,Premium,0,Office Supplies,Paid Ads
CUST02798,Varun Singh,user2798@email.com,42,Other,Rajasthan,Jodhpur,698438,2020-02-16,<3L,Premium,0,Grocery,Social Media
CUST02799,Manoj Rao,user2799@email.com,55,Male,Maharashtra,Thane,619055,2023-03-29,<3L,Regular,1,Automotive,Social Media
CUST02800,Pooja Malhotra,user2800@email.com,46,Female,West Bengal,Howrah,952036,2022-08-28,10-20L,Premium,1,Office Supplies,Email Campaign
CUST02801,Yash Verma,user2801@email.com,59,Female,Telangana,Warangal,653038,2019-08-25,6-10L,Regular,1,Grocery,Paid Ads
CUST02802,Isha Mishra,user2802@email.com,50,Male,Telangana,Nizamabad,772249,2020-11-06,<3L,Regular,0,Sports & Fitness,Organic Search
CUST02803,Tanvi Banerjee,user2803@email.com,22,Female,Delhi,Ghaziabad,231296,2020-11-10,>20L,Premium,1,Office Supplies,Paid Ads
CUST02804,Utkarsh Sharma,user2804@email.com,38,Female,Uttar Pradesh,Kanpur,617391,2021-01-02,>20L,New,0,Books,Social Media
CUST02805,Rohit Shah,user2805@email.com,53,Female,West Bengal,Asansol,647027,2019-12-19,3-6L,Premium,0,Office Supplies,Referral
CUST02806,Aditi Mehta,user2806@email.com,20,Male,Tamil Nadu,Madurai,105708,2022-06-14,<3L,Regular,1,Books,App Store
CUST02807,Ishaan Nair,user2807@email.com,56,Female,West Bengal,Durgapur,593945,2019-06-11,6-10L,Premium,0,Toys & Games,Referral
CUST02808,Varun Banerjee,user2808@email.com,21,Male,Punjab,Chandigarh,905868,2019-10-03,10-20L,Regular,1,Office Supplies,Organic Search
CUST02809,Aditi Mehta,user2809@email.com,46,Female,Kerala,Kollam,567170,2019-07-17,3-6L,Premium,1,Grocery,Social Media
CUST02810,Anjali Kumar,user2810@email.com,36,Male,Punjab,Chandigarh,797331,2023-06-20,3-6L,Premium,1,Toys & Games,App Store
CUST02811,Aarav Kumar,user2811@email.com,38,Male,Kerala,Kozhikode,532206,2020-01-03,<3L,Regular,0,Fashion,Organic Search
CUST02812,Sunita Verma,user2812@email.com,43,Male,Karnataka,Mysuru,401377,2019-03-25,6-10L,Regular,1,Sports & Fitness,Organic Search
CUST02813,Vikram Verma,user2813@email.com,60,Male,Andhra Pradesh,Nellore,894354,2023-08-06,<3L,New,0,Grocery,Organic Search
CUST02814,Siddharth Rao,user2814@email.com,45,Male,Kerala,Kollam,774060,2019-03-20,>20L,VIP,0,Home & Kitchen,Organic Search
CUST02815,Rohit Banerjee,user2815@email.com,58,Male,Rajasthan,Jodhpur,181257,2023-12-19,10-20L,Regular,0,Home & Kitchen,Social Media
CUST02816,Arjun Joshi,user2816@email.com,47,Female,Haryana,Panipat,272385,2023-10-23,<3L,New,0,Automotive,Organic Search
CUST02817,Sunita Joshi,user2817@email.com,28,Female,Andhra Pradesh,Nellore,842202,2022-06-28,10-20L,Regular,0,Home & Kitchen,Organic Search
CUST02818,Aditya Banerjee,user2818@email.com,26,Male,Punjab,Jalandhar,419566,2023-01-18,3-6L,New,1,Beauty & Health,Referral
CUST02819,Riya Trivedi,user2819@email.com,41,Female,Rajasthan,Ajmer,990934,2023-03-22,10-20L,New,0,Home & Kitchen,Organic Search
CUST02820,Shreya Rao,user2820@email.com,54,Female,West Bengal,Howrah,695768,2022-07-06,<3L,New,0,Books,Organic Search
CUST02821,Vikram Pandey,user2821@email.com,57,Male,Gujarat,Ahmedabad,864261,2022-03-21,<3L,VIP,1,Toys & Games,Paid Ads
CUST02822,Deepika Pillai,user2822@email.com,46,Female,Telangana,Hyderabad,874872,2020-01-15,3-6L,Premium,0,Beauty & Health,Paid Ads
CUST02823,Nisha Sharma,user2823@email.com,29,Male,Karnataka,Bengaluru,787823,2023-11-15,6-10L,Premium,0,Fashion,Paid Ads
CUST02824,Rahul Banerjee,user2824@email.com,24,Female,Uttar Pradesh,Kanpur,648937,2019-04-21,>20L,New,0,Automotive,Email Campaign
CUST02825,Riya Sharma,user2825@email.com,39,Female,Haryana,Faridabad,217538,2018-07-02,<3L,New,1,Automotive,Referral
CUST02826,Ananya Rao,user2826@email.com,22,Female,Karnataka,Mysuru,411689,2018-05-22,6-10L,VIP,0,Fashion,Organic Search
CUST02827,Rohit Kumar,user2827@email.com,42,Male,Uttar Pradesh,Lucknow,622714,2018-04-02,3-6L,Premium,0,Fashion,Email Campaign
CUST02828,Divya Agarwal,user2828@email.com,32,Female,Bihar,Gaya,198587,2019-11-03,3-6L,VIP,0,Toys & Games,Paid Ads
CUST02829,Deepika Pillai,user2829@email.com,22,Male,West Bengal,Siliguri,835243,2020-02-27,10-20L,New,0,Grocery,Referral
CUST02830,Meera Nair,user2830@email.com,35,Male,Telangana,Hyderabad,114658,2018-01-19,>20L,Premium,0,Home & Kitchen,Email Campaign
CUST02831,Akash Pandey,user2831@email.com,31,Male,Uttar Pradesh,Lucknow,687299,2019-05-27,3-6L,New,0,Beauty & Health,Organic Search
CUST02832,Sanjay Verma,user2832@email.com,22,Male,Tamil Nadu,Trichy,722901,2023-01-27,>20L,Premium,0,Fashion,Referral
CUST02833,Aditi Nair,user2833@email.com,52,Female,Rajasthan,Kota,790654,2023-12-26,3-6L,VIP,0,Fashion,Email Campaign
CUST02834,Deepika Iyer,user2834@email.com,50,Female,Rajasthan,Jodhpur,509012,2020-03-16,3-6L,Regular,1,Toys & Games,Organic Search
CUST02835,Deepika Patel,user2835@email.com,24,Male,Rajasthan,Udaipur,514774,2023-12-17,3-6L,Premium,0,Home & Kitchen,Paid Ads
CUST02836,Utkarsh Rao,user2836@email.com,26,Female,Tamil Nadu,Coimbatore,931169,2020-01-27,6-10L,Regular,1,Fashion,Organic Search
CUST02837,Riya Patel,user2837@email.com,21,Female,Telangana,Khammam,628822,2019-04-01,<3L,Premium,1,Home & Kitchen,Paid Ads
CUST02838,Priya Singh,user2838@email.com,48,Male,Madhya Pradesh,Bhopal,125880,2023-05-07,6-10L,Regular,0,Home & Kitchen,Referral
CUST02839,Utkarsh Rao,user2839@email.com,40,Male,Maharashtra,Nagpur,595336,2020-03-17,10-20L,New,0,Automotive,Social Media
CUST02840,Karan Nair,user2840@email.com,19,Male,Uttar Pradesh,Kanpur,150537,2020-06-27,6-10L,Regular,0,Sports & Fitness,App Store
CUST02841,Siddharth Banerjee,user2841@email.com,36,Male,Madhya Pradesh,Bhopal,856434,2019-03-01,3-6L,Premium,0,Grocery,Social Media
CUST02842,Shreya Malhotra,user2842@email.com,37,Male,Telangana,Warangal,906270,2018-05-07,10-20L,New,0,Beauty & Health,Referral
CUST02843,Nisha Trivedi,user2843@email.com,35,Female,West Bengal,Kolkata,559808,2021-07-11,>20L,Premium,0,Office Supplies,Social Media
CUST02844,Akash Kumar,user2844@email.com,20,Male,West Bengal,Howrah,175284,2023-05-21,6-10L,VIP,1,Electronics,Organic Search
CUST02845,Sanjay Singh,user2845@email.com,52,Female,Kerala,Thrissur,960277,2018-05-29,6-10L,New,0,Fashion,Organic Search
CUST02846,Aarav Patel,user2846@email.com,23,Male,Karnataka,Belgaum,299017,2023-11-06,<3L,New,0,Automotive,Email Campaign
CUST02847,Pooja Sharma,user2847@email.com,37,Male,Andhra Pradesh,Tirupati,953799,2018-10-29,3-6L,New,0,Beauty & Health,Paid Ads
CUST02848,Amit Nair,user2848@email.com,30,Male,Kerala,Thrissur,940800,2023-03-03,3-6L,Premium,0,Fashion,Email Campaign
CUST02849,Arjun Verma,user2849@email.com,18,Male,Tamil Nadu,Trichy,430592,2023-05-07,3-6L,Regular,0,Home & Kitchen,App Store
CUST02850,Aditya Mehta,user2850@email.com,32,Female,Uttar Pradesh,Lucknow,325954,2018-02-01,6-10L,Premium,1,Grocery,Referral
CUST02851,Siddharth Agarwal,user2851@email.com,28,Female,Kerala,Kollam,562870,2021-09-30,<3L,Regular,1,Home & Kitchen,Paid Ads
CUST02852,Ishaan Mehta,user2852@email.com,37,Male,Bihar,Muzaffarpur,391683,2022-02-16,10-20L,VIP,1,Automotive,Email Campaign
CUST02853,Vikram Iyer,user2853@email.com,44,Male,Madhya Pradesh,Bhopal,452961,2020-01-25,6-10L,Regular,1,Grocery,Social Media
CUST02854,Nisha Iyer,user2854@email.com,55,Male,Maharashtra,Mumbai,480419,2019-05-07,3-6L,New,1,Beauty & Health,Referral
CUST02855,Manoj Mishra,user2855@email.com,52,Male,Tamil Nadu,Coimbatore,180276,2018-12-25,3-6L,Regular,0,Beauty & Health,Organic Search
CUST02856,Ishaan Pillai,user2856@email.com,60,Male,West Bengal,Durgapur,336700,2022-07-10,3-6L,Regular,1,Books,Email Campaign
CUST02857,Aditya Reddy,user2857@email.com,51,Male,Tamil Nadu,Coimbatore,663423,2023-12-04,6-10L,Regular,0,Beauty & Health,Referral
CUST02858,Utkarsh Shah,user2858@email.com,21,Male,Maharashtra,Thane,373730,2021-09-30,10-20L,Regular,0,Electronics,Social Media
CUST02859,Aarav Pandey,user2859@email.com,49,Female,Tamil Nadu,Salem,508882,2019-09-30,3-6L,New,0,Toys & Games,Email Campaign
CUST02860,Ananya Nair,user2860@email.com,52,Female,Delhi,Noida,229403,2020-11-07,3-6L,Premium,0,Home & Kitchen,Referral
CUST02861,Ishaan Banerjee,user2861@email.com,24,Female,Karnataka,Bengaluru,916652,2019-06-15,3-6L,Premium,0,Office Supplies,Paid Ads
CUST02862,Karan Pillai,user2862@email.com,52,Male,Maharashtra,Thane,185627,2020-12-13,>20L,Premium,0,Fashion,Organic Search
CUST02863,Ishaan Agarwal,user2863@email.com,53,Female,Tamil Nadu,Salem,587077,2023-04-07,3-6L,Regular,1,Beauty & Health,Email Campaign
CUST02864,Yash Singh,user2864@email.com,27,Male,Andhra Pradesh,Visakhapatnam,419173,2022-11-03,6-10L,Regular,0,Automotive,Social Media
CUST02865,Rohit Pandey,user2865@email.com,45,Female,Delhi,New Delhi,984117,2021-09-04,3-6L,Regular,0,Automotive,Organic Search
CUST02866,Mihir Iyer,user2866@email.com,31,Female,Telangana,Hyderabad,251284,2018-06-11,<3L,VIP,1,Grocery,Referral
CUST02867,Pooja Shah,user2867@email.com,59,Male,Haryana,Hisar,299482,2020-05-27,3-6L,New,0,Books,Paid Ads
CUST02868,Isha Agarwal,user2868@email.com,34,Female,Punjab,Amritsar,678810,2022-01-25,10-20L,Regular,1,Electronics,Organic Search
CUST02869,Aditya Kumar,user2869@email.com,53,Female,Haryana,Panipat,781595,2020-10-17,6-10L,Premium,1,Automotive,App Store
CUST02870,Deepika Mishra,user2870@email.com,22,Female,Madhya Pradesh,Bhopal,379888,2018-01-03,>20L,Regular,0,Grocery,Referral
CUST02871,Nisha Reddy,user2871@email.com,29,Female,Haryana,Rohtak,505801,2022-12-19,10-20L,Regular,0,Electronics,Referral
CUST02872,Deepika Patel,user2872@email.com,28,Male,Maharashtra,Pune,968317,2023-12-12,6-10L,Regular,0,Office Supplies,Email Campaign
CUST02873,Aarav Trivedi,user2873@email.com,18,Male,Delhi,New Delhi,655905,2021-06-12,6-10L,Regular,0,Electronics,Referral
CUST02874,Divya Malhotra,user2874@email.com,59,Female,Tamil Nadu,Chennai,150980,2018-06-03,3-6L,New,1,Electronics,Organic Search
CUST02875,Manoj Banerjee,user2875@email.com,22,Male,Kerala,Thiruvananthapuram,919070,2018-07-10,6-10L,Regular,1,Grocery,Social Media
CUST02876,Nisha Mehta,user2876@email.com,52,Male,Telangana,Khammam,845261,2022-06-14,3-6L,New,0,Toys & Games,Email Campaign
CUST02877,Varun Pandey,user2877@email.com,45,Male,Tamil Nadu,Salem,406632,2022-10-23,>20L,Regular,0,Office Supplies,Paid Ads
CUST02878,Siddharth Verma,user2878@email.com,52,Female,Kerala,Thiruvananthapuram,926426,2020-03-31,<3L,Regular,0,Office Supplies,Social Media
CUST02879,Shreya Mishra,user2879@email.com,37,Male,Rajasthan,Jodhpur,999431,2022-06-16,3-6L,Premium,0,Sports & Fitness,Referral
CUST02880,Meera Singh,user2880@email.com,55,Male,Punjab,Amritsar,391063,2021-09-13,>20L,Regular,1,Beauty & Health,Organic Search
CUST02881,Anjali Patel,user2881@email.com,39,Female,Maharashtra,Pune,247956,2019-12-27,>20L,Regular,0,Toys & Games,Organic Search
CUST02882,Aarav Gupta,user2882@email.com,42,Male,Karnataka,Hubli,262993,2019-10-24,6-10L,Premium,0,Office Supplies,Organic Search
CUST02883,Kavya Agarwal,user2883@email.com,33,Male,Telangana,Hyderabad,753424,2022-07-22,3-6L,New,0,Grocery,Social Media
CUST02884,Sunita Banerjee,user2884@email.com,38,Male,Punjab,Jalandhar,565638,2023-09-18,>20L,Premium,0,Automotive,Social Media
CUST02885,Divya Sharma,user2885@email.com,36,Female,West Bengal,Kolkata,301700,2021-07-31,6-10L,Regular,0,Electronics,Paid Ads
CUST02886,Sneha Malhotra,user2886@email.com,54,Female,Madhya Pradesh,Jabalpur,825706,2020-12-13,6-10L,Regular,1,Automotive,Referral
CUST02887,Ishaan Kumar,user2887@email.com,33,Male,Andhra Pradesh,Nellore,725259,2020-02-10,10-20L,Regular,0,Books,Social Media
CUST02888,Rajesh Verma,user2888@email.com,34,Male,Bihar,Muzaffarpur,719016,2018-03-31,10-20L,New,0,Sports & Fitness,Organic Search
CUST02889,Varun Malhotra,user2889@email.com,37,Male,Kerala,Kochi,375198,2021-05-02,>20L,Regular,0,Books,Organic Search
CUST02890,Mihir Pandey,user2890@email.com,53,Female,Gujarat,Surat,236245,2023-06-26,<3L,Regular,1,Automotive,Email Campaign
CUST02891,Ananya Iyer,user2891@email.com,39,Female,Rajasthan,Jaipur,213589,2021-10-26,3-6L,Regular,0,Electronics,Email Campaign
CUST02892,Rahul Sharma,user2892@email.com,44,Female,Maharashtra,Pune,193312,2022-10-21,<3L,VIP,0,Books,Paid Ads
CUST02893,Aditya Iyer,user2893@email.com,23,Female,Punjab,Chandigarh,666605,2019-08-19,<3L,Premium,0,Fashion,App Store
CUST02894,Aarav Trivedi,user2894@email.com,27,Male,Haryana,Rohtak,385335,2021-09-02,3-6L,New,0,Books,Organic Search
CUST02895,Shreya Sharma,user2895@email.com,31,Male,Punjab,Jalandhar,299088,2018-03-08,>20L,Premium,0,Sports & Fitness,Paid Ads
CUST02896,Aarav Nair,user2896@email.com,41,Female,Uttar Pradesh,Agra,373280,2022-08-28,3-6L,Regular,0,Grocery,Email Campaign
CUST02897,Varun Singh,user2897@email.com,34,Female,Andhra Pradesh,Guntur,829842,2021-12-01,6-10L,New,0,Home & Kitchen,Organic Search
CUST02898,Aditi Trivedi,user2898@email.com,36,Male,Uttar Pradesh,Allahabad,133039,2019-08-07,10-20L,Premium,1,Beauty & Health,Referral
CUST02899,Amit Kumar,user2899@email.com,50,Female,Telangana,Karimnagar,398938,2018-05-12,10-20L,New,0,Automotive,Email Campaign
CUST02900,Rahul Verma,user2900@email.com,36,Male,Andhra Pradesh,Nellore,885994,2021-07-16,3-6L,Premium,1,Automotive,Paid Ads
CUST02901,Akash Mishra,user2901@email.com,47,Male,Maharashtra,Thane,939789,2018-07-21,10-20L,New,0,Office Supplies,Organic Search
CUST02902,Mihir Patel,user2902@email.com,28,Male,Delhi,Faridabad,441529,2023-05-27,3-6L,New,1,Home & Kitchen,Organic Search
CUST02903,Ishaan Verma,user2903@email.com,33,Male,Uttar Pradesh,Varanasi,381530,2023-01-24,6-10L,Premium,0,Automotive,Social Media
CUST02904,Priya Agarwal,user2904@email.com,59,Female,Bihar,Gaya,469965,2018-06-18,6-10L,Premium,1,Fashion,App Store
CUST02905,Meera Sharma,user2905@email.com,40,Male,Kerala,Kollam,200058,2021-05-16,6-10L,Regular,1,Sports & Fitness,Referral
CUST02906,Amit Verma,user2906@email.com,50,Male,Karnataka,Mysuru,491243,2018-01-12,6-10L,Premium,0,Books,Email Campaign
CUST02907,Kavya Sharma,user2907@email.com,60,Female,Telangana,Khammam,760545,2021-06-28,10-20L,New,0,Grocery,Paid Ads
CUST02908,Karan Mishra,user2908@email.com,60,Male,Bihar,Gaya,530265,2021-05-04,3-6L,VIP,0,Office Supplies,Paid Ads
CUST02909,Anjali Pandey,user2909@email.com,34,Female,Delhi,New Delhi,474902,2018-02-02,6-10L,Regular,0,Home & Kitchen,Social Media
CUST02910,Rohit Joshi,user2910@email.com,43,Male,Kerala,Thrissur,815572,2021-12-29,>20L,Regular,0,Home & Kitchen,Referral
CUST02911,Rajesh Patel,user2911@email.com,18,Male,West Bengal,Asansol,633869,2023-12-11,>20L,Premium,0,Books,Email Campaign
CUST02912,Kavya Malhotra,user2912@email.com,24,Male,Karnataka,Mangaluru,223400,2018-12-21,3-6L,New,1,Books,Paid Ads
CUST02913,Karan Iyer,user2913@email.com,38,Female,Gujarat,Vadodara,279982,2020-10-27,6-10L,Regular,0,Office Supplies,Organic Search
CUST02914,Aditya Joshi,user2914@email.com,53,Male,Bihar,Gaya,742332,2021-08-23,10-20L,New,0,Electronics,Paid Ads
CUST02915,Tanvi Pandey,user2915@email.com,27,Female,Andhra Pradesh,Nellore,257048,2018-08-28,3-6L,New,0,Sports & Fitness,Referral
CUST02916,Priya Banerjee,user2916@email.com,41,Female,Punjab,Jalandhar,684670,2019-07-20,3-6L,Premium,1,Books,Email Campaign
CUST02917,Rohit Pillai,user2917@email.com,35,Female,Gujarat,Surat,267661,2022-03-05,10-20L,Regular,0,Home & Kitchen,Social Media
CUST02918,Deepika Pillai,user2918@email.com,30,Male,Karnataka,Bengaluru,251313,2022-04-17,6-10L,VIP,1,Sports & Fitness,Social Media
CUST02919,Sunita Malhotra,user2919@email.com,38,Male,Bihar,Gaya,642835,2018-12-07,<3L,Regular,0,Automotive,Organic Search
CUST02920,Arjun Mehta,user2920@email.com,35,Female,West Bengal,Asansol,597689,2023-07-15,3-6L,Premium,0,Automotive,Referral
CUST02921,Aarav Iyer,user2921@email.com,41,Male,Maharashtra,Pune,609506,2023-05-17,<3L,Premium,0,Fashion,Social Media
CUST02922,Divya Singh,user2922@email.com,53,Male,Maharashtra,Mumbai,707352,2021-11-15,6-10L,VIP,0,Grocery,Organic Search
CUST02923,Aarav Kumar,user2923@email.com,38,Male,Telangana,Karimnagar,682144,2021-09-26,<3L,New,0,Fashion,Referral
CUST02924,Sanjay Iyer,user2924@email.com,58,Female,Punjab,Ludhiana,409058,2019-05-31,>20L,Regular,0,Electronics,Paid Ads
CUST02925,Akash Kumar,user2925@email.com,40,Male,Karnataka,Mangaluru,734778,2022-01-04,6-10L,Regular,0,Toys & Games,Referral
CUST02926,Kavya Patel,user2926@email.com,59,Female,Haryana,Hisar,122743,2019-06-22,6-10L,Premium,0,Electronics,Referral
CUST02927,Amit Mishra,user2927@email.com,22,Female,West Bengal,Durgapur,944762,2019-07-09,3-6L,VIP,1,Automotive,Social Media
CUST02928,Yash Trivedi,user2928@email.com,19,Male,Bihar,Patna,949905,2023-05-11,6-10L,New,0,Home & Kitchen,Paid Ads
CUST02929,Amit Gupta,user2929@email.com,37,Male,Uttar Pradesh,Varanasi,339196,2023-12-12,<3L,VIP,0,Fashion,Social Media
CUST02930,Anjali Mehta,user2930@email.com,58,Female,Tamil Nadu,Madurai,684094,2020-01-06,6-10L,New,1,Automotive,Paid Ads
CUST02931,Yash Agarwal,user2931@email.com,53,Female,West Bengal,Kolkata,866588,2018-04-22,6-10L,New,1,Beauty & Health,Email Campaign
CUST02932,Ishaan Iyer,user2932@email.com,27,Other,Telangana,Warangal,756885,2020-08-31,>20L,Regular,0,Electronics,Paid Ads
CUST02933,Rohit Singh,user2933@email.com,37,Female,Haryana,Hisar,615654,2020-09-23,6-10L,Premium,1,Automotive,Email Campaign
CUST02934,Ananya Iyer,user2934@email.com,26,Female,Karnataka,Mangaluru,892688,2020-04-12,3-6L,Regular,1,Books,Social Media
CUST02935,Akash Shah,user2935@email.com,44,Female,Rajasthan,Kota,132955,2023-12-07,6-10L,Regular,0,Beauty & Health,Organic Search
CUST02936,Vikram Reddy,user2936@email.com,59,Male,Uttar Pradesh,Lucknow,211364,2021-10-19,6-10L,Regular,0,Fashion,Social Media
CUST02937,Anjali Banerjee,user2937@email.com,22,Female,Haryana,Panipat,112526,2023-09-09,6-10L,New,0,Office Supplies,App Store
CUST02938,Tanvi Mehta,user2938@email.com,45,Female,Delhi,Gurgaon,951274,2023-11-18,3-6L,Premium,0,Grocery,Email Campaign
CUST02939,Sanjay Gupta,user2939@email.com,51,Female,Maharashtra,Thane,439772,2019-03-31,3-6L,Regular,1,Office Supplies,Referral
CUST02940,Sneha Gupta,user2940@email.com,50,Female,Madhya Pradesh,Indore,686594,2018-08-19,<3L,Premium,1,Electronics,Social Media
CUST02941,Varun Kumar,user2941@email.com,58,Female,Delhi,Gurgaon,467312,2020-06-23,<3L,Regular,0,Office Supplies,Organic Search
CUST02942,Divya Verma,user2942@email.com,25,Male,Telangana,Nizamabad,276379,2023-08-04,10-20L,New,1,Office Supplies,Social Media
CUST02943,Rajesh Malhotra,user2943@email.com,48,Male,Uttar Pradesh,Allahabad,591033,2023-06-15,<3L,Regular,0,Electronics,Paid Ads
CUST02944,Rahul Pillai,user2944@email.com,53,Other,Maharashtra,Mumbai,789464,2020-05-26,10-20L,Premium,0,Beauty & Health,Organic Search
CUST02945,Akash Reddy,user2945@email.com,38,Male,Kerala,Kollam,201577,2018-06-03,6-10L,Regular,0,Automotive,Organic Search
CUST02946,Divya Singh,user2946@email.com,36,Male,Andhra Pradesh,Tirupati,370731,2022-05-29,3-6L,Regular,0,Toys & Games,Referral
CUST02947,Rohit Gupta,user2947@email.com,44,Male,Punjab,Amritsar,208702,2023-05-24,<3L,Regular,0,Grocery,Paid Ads
CUST02948,Mihir Iyer,user2948@email.com,31,Female,Haryana,Gurugram,740980,2020-04-13,<3L,Regular,0,Sports & Fitness,Email Campaign
CUST02949,Utkarsh Agarwal,user2949@email.com,22,Male,Maharashtra,Nagpur,766227,2020-05-23,6-10L,Premium,0,Sports & Fitness,Organic Search
CUST02950,Aarav Kumar,user2950@email.com,38,Male,Karnataka,Mysuru,954090,2018-03-31,10-20L,New,1,Automotive,Paid Ads
CUST02951,Priya Patel,user2951@email.com,46,Female,Andhra Pradesh,Nellore,712142,2019-07-30,3-6L,Premium,1,Electronics,Organic Search
CUST02952,Tanvi Agarwal,user2952@email.com,60,Male,Delhi,Ghaziabad,833998,2019-06-19,<3L,Regular,0,Fashion,Organic Search
CUST02953,Manoj Patel,user2953@email.com,54,Male,Kerala,Thrissur,328751,2022-02-18,10-20L,Regular,0,Books,Referral
CUST02954,Pooja Mishra,user2954@email.com,54,Female,Kerala,Kollam,437359,2023-09-29,3-6L,Regular,1,Home & Kitchen,Social Media
CUST02955,Ishaan Joshi,user2955@email.com,30,Male,Karnataka,Mangaluru,249240,2022-06-23,6-10L,Regular,0,Grocery,Social Media
CUST02956,Sunita Rao,user2956@email.com,34,Male,Uttar Pradesh,Varanasi,414271,2018-04-30,<3L,Premium,0,Books,Referral
CUST02957,Mihir Sharma,user2957@email.com,33,Male,Gujarat,Rajkot,874886,2022-10-14,6-10L,Regular,0,Grocery,Referral
CUST02958,Arjun Rao,user2958@email.com,56,Other,Karnataka,Hubli,919334,2020-11-23,6-10L,Regular,0,Grocery,App Store
CUST02959,Aditi Reddy,user2959@email.com,47,Female,Maharashtra,Nashik,365432,2018-01-27,<3L,Regular,1,Grocery,Organic Search
CUST02960,Manoj Gupta,user2960@email.com,47,Female,Delhi,Noida,168237,2019-10-11,6-10L,Premium,0,Home & Kitchen,Social Media
CUST02961,Rajesh Nair,user2961@email.com,52,Female,Rajasthan,Udaipur,169943,2019-10-12,6-10L,Regular,0,Toys & Games,Email Campaign
CUST02962,Sanjay Trivedi,user2962@email.com,23,Female,Bihar,Muzaffarpur,303928,2022-01-13,<3L,New,0,Beauty & Health,Referral
CUST02963,Shreya Rao,user2963@email.com,46,Female,Andhra Pradesh,Vijayawada,446444,2018-09-22,10-20L,Regular,0,Toys & Games,Social Media
CUST02964,Sunita Mishra,user2964@email.com,25,Male,Rajasthan,Ajmer,664181,2020-08-02,3-6L,Premium,0,Automotive,Paid Ads
CUST02965,Yash Trivedi,user2965@email.com,30,Female,Rajasthan,Kota,603783,2020-11-10,6-10L,Premium,0,Electronics,Social Media
CUST02966,Sneha Trivedi,user2966@email.com,33,Female,Maharashtra,Nagpur,891280,2019-05-07,10-20L,Regular,1,Automotive,Organic Search
CUST02967,Rohit Shah,user2967@email.com,38,Female,Kerala,Kozhikode,810561,2021-04-11,10-20L,Premium,1,Home & Kitchen,Referral
CUST02968,Aarav Reddy,user2968@email.com,25,Male,West Bengal,Howrah,546855,2020-10-14,10-20L,Regular,0,Toys & Games,Organic Search
CUST02969,Meera Patel,user2969@email.com,50,Male,Tamil Nadu,Chennai,691355,2023-08-01,6-10L,Regular,0,Automotive,Referral
CUST02970,Pooja Banerjee,user2970@email.com,19,Female,Andhra Pradesh,Nellore,679853,2022-12-14,<3L,Premium,1,Beauty & Health,Referral
CUST02971,Sunita Trivedi,user2971@email.com,25,Female,Maharashtra,Mumbai,278314,2023-04-02,6-10L,New,1,Automotive,Email Campaign
CUST02972,Sanjay Malhotra,user2972@email.com,53,Female,Haryana,Hisar,225005,2023-07-14,6-10L,Regular,1,Electronics,Social Media
CUST02973,Tanvi Mishra,user2973@email.com,35,Male,West Bengal,Howrah,128430,2021-11-18,6-10L,New,0,Grocery,Email Campaign
CUST02974,Sneha Iyer,user2974@email.com,47,Male,Karnataka,Belgaum,388557,2023-07-26,10-20L,VIP,1,Fashion,Referral
CUST02975,Meera Nair,user2975@email.com,59,Female,Delhi,Gurgaon,538032,2018-02-22,<3L,New,0,Home & Kitchen,Paid Ads
CUST02976,Karan Reddy,user2976@email.com,45,Male,Bihar,Gaya,277676,2022-10-09,10-20L,Premium,0,Fashion,Paid Ads
CUST02977,Mihir Sharma,user2977@email.com,24,Male,Bihar,Darbhanga,394190,2022-08-15,3-6L,Regular,0,Books,Referral
CUST02978,Kavya Iyer,user2978@email.com,36,Male,Rajasthan,Ajmer,161016,2019-01-27,3-6L,Regular,1,Toys & Games,Social Media
CUST02979,Siddharth Iyer,user2979@email.com,32,Male,Gujarat,Rajkot,175078,2018-05-23,6-10L,New,0,Beauty & Health,Social Media
CUST02980,Rajesh Shah,user2980@email.com,39,Male,Bihar,Darbhanga,783190,2022-09-21,3-6L,New,1,Office Supplies,Organic Search
CUST02981,Deepika Iyer,user2981@email.com,52,Male,Haryana,Rohtak,491867,2022-10-16,6-10L,Regular,1,Electronics,Email Campaign
CUST02982,Anjali Banerjee,user2982@email.com,42,Male,Rajasthan,Kota,572270,2022-07-14,6-10L,New,1,Electronics,Email Campaign
CUST02983,Kavya Pandey,user2983@email.com,24,Female,Rajasthan,Ajmer,346570,2022-01-09,6-10L,VIP,0,Automotive,Email Campaign
CUST02984,Anjali Sharma,user2984@email.com,18,Female,Rajasthan,Ajmer,277013,2021-06-03,6-10L,Regular,0,Automotive,Organic Search
CUST02985,Nisha Mehta,user2985@email.com,53,Female,Andhra Pradesh,Vijayawada,236770,2018-10-27,3-6L,VIP,1,Beauty & Health,Email Campaign
CUST02986,Karan Pillai,user2986@email.com,25,Male,Andhra Pradesh,Nellore,713231,2020-11-13,6-10L,Premium,0,Books,App Store
CUST02987,Siddharth Joshi,user2987@email.com,53,Male,Karnataka,Mangaluru,492875,2022-10-28,10-20L,Premium,0,Office Supplies,Organic Search
CUST02988,Manoj Singh,user2988@email.com,54,Female,Andhra Pradesh,Nellore,963629,2023-11-09,>20L,Regular,0,Beauty & Health,Organic Search
CUST02989,Yash Pillai,user2989@email.com,37,Male,Punjab,Chandigarh,207611,2021-10-05,3-6L,New,0,Home & Kitchen,Email Campaign
CUST02990,Deepika Mehta,user2990@email.com,25,Male,Telangana,Khammam,490545,2023-03-13,6-10L,Premium,0,Home & Kitchen,Organic Search
CUST02991,Priya Reddy,user2991@email.com,26,Female,Bihar,Bhagalpur,275916,2020-10-01,6-10L,Regular,0,Fashion,Email Campaign
CUST02992,Divya Mishra,user2992@email.com,48,Male,Madhya Pradesh,Bhopal,166409,2018-07-21,3-6L,Regular,0,Grocery,Referral
CUST02993,Sunita Pillai,user2993@email.com,59,Female,Haryana,Gurugram,458309,2023-07-08,3-6L,VIP,1,Fashion,Referral
CUST02994,Isha Mehta,user2994@email.com,37,Male,Tamil Nadu,Coimbatore,487395,2019-02-19,6-10L,Regular,0,Fashion,Social Media
CUST02995,Divya Pillai,user2995@email.com,53,Male,West Bengal,Howrah,815644,2020-08-20,<3L,New,0,Fashion,Organic Search
CUST02996,Varun Pillai,user2996@email.com,60,Male,Haryana,Faridabad,282616,2019-08-14,6-10L,Regular,0,Automotive,Organic Search
CUST02997,Aarav Mishra,user2997@email.com,34,Female,West Bengal,Asansol,768193,2021-11-19,6-10L,Premium,0,Sports & Fitness,Paid Ads
CUST02998,Arjun Sharma,user2998@email.com,59,Male,Kerala,Thiruvananthapuram,548967,2021-04-24,<3L,Premium,0,Fashion,Social Media
CUST02999,Sanjay Agarwal,user2999@email.com,59,Female,Maharashtra,Nashik,995743,2021-02-01,6-10L,VIP,0,Grocery,Email Campaign
CUST03000,Mihir Rao,user3000@email.com,57,Male,Madhya Pradesh,Jabalpur,756980,2018-08-02,6-10L,Regular,0,Home & Kitchen,Paid Ads
CUST03001,Divya Singh,user3001@email.com,59,Female,Tamil Nadu,Salem,119648,2021-07-11,10-20L,Premium,1,Automotive,Social Media
CUST03002,Rajesh Singh,user3002@email.com,48,Female,West Bengal,Asansol,479243,2022-06-13,3-6L,Premium,1,Books,Organic Search
CUST03003,Yash Pandey,user3003@email.com,34,Female,Uttar Pradesh,Kanpur,519337,2019-12-17,3-6L,Regular,0,Electronics,Organic Search
CUST03004,Aditi Verma,user3004@email.com,55,Female,Gujarat,Rajkot,253718,2021-06-03,3-6L,Premium,0,Grocery,Referral
CUST03005,Priya Singh,user3005@email.com,30,Male,Bihar,Muzaffarpur,349023,2021-02-26,6-10L,New,0,Fashion,Email Campaign
CUST03006,Aditya Trivedi,user3006@email.com,35,Female,Delhi,New Delhi,791213,2023-04-13,<3L,New,1,Grocery,Organic Search
CUST03007,Sanjay Verma,user3007@email.com,32,Female,Bihar,Patna,215264,2021-06-05,6-10L,New,0,Electronics,Organic Search
CUST03008,Karan Rao,user3008@email.com,33,Female,Maharashtra,Nashik,803192,2021-05-19,3-6L,Premium,1,Office Supplies,Email Campaign
CUST03009,Meera Trivedi,user3009@email.com,41,Male,West Bengal,Durgapur,430719,2020-04-20,3-6L,Premium,0,Office Supplies,Social Media
CUST03010,Rahul Verma,user3010@email.com,42,Male,Punjab,Amritsar,269956,2020-06-04,6-10L,Regular,1,Books,Organic Search
CUST03011,Varun Kumar,user3011@email.com,42,Other,Tamil Nadu,Madurai,191480,2021-11-17,3-6L,VIP,0,Home & Kitchen,Organic Search
CUST03012,Varun Agarwal,user3012@email.com,41,Male,Haryana,Gurugram,562888,2020-05-11,10-20L,New,1,Grocery,App Store
CUST03013,Isha Pandey,user3013@email.com,20,Female,Telangana,Karimnagar,639062,2019-04-14,3-6L,VIP,1,Sports & Fitness,Organic Search
CUST03014,Amit Iyer,user3014@email.com,50,Male,Karnataka,Belgaum,104471,2020-03-07,>20L,Regular,0,Sports & Fitness,Organic Search
CUST03015,Ananya Nair,user3015@email.com,27,Female,Uttar Pradesh,Agra,864416,2021-12-02,3-6L,Regular,1,Grocery,Organic Search
CUST03016,Ishaan Sharma,user3016@email.com,44,Male,Bihar,Bhagalpur,614371,2018-09-26,6-10L,Regular,0,Books,Paid Ads
CUST03017,Sanjay Agarwal,user3017@email.com,24,Female,Delhi,Ghaziabad,549565,2023-05-22,6-10L,New,0,Automotive,Social Media
CUST03018,Aditya Malhotra,user3018@email.com,60,Female,Maharashtra,Nashik,766248,2021-09-04,3-6L,Regular,0,Beauty & Health,Email Campaign
CUST03019,Siddharth Shah,user3019@email.com,42,Female,Andhra Pradesh,Guntur,969212,2020-03-24,>20L,Regular,1,Toys & Games,Social Media
CUST03020,Meera Mishra,user3020@email.com,51,Female,Madhya Pradesh,Jabalpur,189620,2022-01-26,6-10L,Regular,0,Home & Kitchen,Organic Search
CUST03021,Priya Gupta,user3021@email.com,43,Other,Gujarat,Rajkot,161255,2020-03-22,>20L,Regular,0,Electronics,Social Media
CUST03022,Ishaan Kumar,user3022@email.com,47,Female,Delhi,Faridabad,848255,2018-09-18,3-6L,Premium,0,Office Supplies,Paid Ads
CUST03023,Karan Malhotra,user3023@email.com,31,Male,Tamil Nadu,Salem,813114,2021-03-11,6-10L,VIP,1,Toys & Games,Referral
CUST03024,Anjali Shah,user3024@email.com,21,Other,West Bengal,Howrah,184216,2018-10-27,3-6L,VIP,0,Grocery,Social Media
CUST03025,Karan Verma,user3025@email.com,32,Female,Haryana,Gurugram,443695,2018-03-18,<3L,New,1,Automotive,Referral
CUST03026,Aditya Reddy,user3026@email.com,59,Male,Tamil Nadu,Chennai,818209,2022-04-25,3-6L,Premium,0,Toys & Games,Paid Ads
CUST03027,Yash Banerjee,user3027@email.com,24,Male,Haryana,Gurugram,308223,2022-09-08,6-10L,Regular,1,Office Supplies,Email Campaign
CUST03028,Meera Joshi,user3028@email.com,23,Female,Rajasthan,Jaipur,496208,2022-08-04,>20L,Regular,0,Office Supplies,Organic Search
CUST03029,Kavya Rao,user3029@email.com,40,Female,Telangana,Nizamabad,670587,2021-09-28,10-20L,Premium,0,Toys & Games,Social Media
CUST03030,Akash Sharma,user3030@email.com,41,Female,Kerala,Kollam,640796,2021-07-29,6-10L,Premium,0,Electronics,Organic Search
CUST03031,Tanvi Malhotra,user3031@email.com,44,Female,Haryana,Hisar,559622,2018-03-14,3-6L,New,0,Automotive,Organic Search
CUST03032,Mihir Banerjee,user3032@email.com,48,Female,Gujarat,Rajkot,658759,2019-10-20,<3L,Regular,0,Home & Kitchen,Referral
CUST03033,Ishaan Agarwal,user3033@email.com,34,Female,Kerala,Kochi,805371,2022-04-03,>20L,Regular,0,Automotive,Paid Ads
CUST03034,Vikram Pillai,user3034@email.com,21,Female,Madhya Pradesh,Jabalpur,397523,2018-01-08,<3L,Regular,0,Home & Kitchen,Email Campaign
CUST03035,Kavya Trivedi,user3035@email.com,23,Male,Bihar,Patna,871959,2020-08-20,10-20L,Regular,0,Automotive,Paid Ads
CUST03036,Divya Verma,user3036@email.com,38,Male,Kerala,Kochi,897729,2018-02-18,3-6L,Premium,0,Beauty & Health,Organic Search
CUST03037,Yash Mehta,user3037@email.com,59,Male,Gujarat,Rajkot,243979,2019-06-12,>20L,New,0,Electronics,Organic Search
CUST03038,Nisha Iyer,user3038@email.com,33,Female,Maharashtra,Thane,282438,2021-05-20,<3L,New,0,Toys & Games,Social Media
CUST03039,Manoj Banerjee,user3039@email.com,30,Male,Andhra Pradesh,Tirupati,854005,2018-02-18,6-10L,VIP,0,Books,Organic Search
CUST03040,Deepika Shah,user3040@email.com,23,Male,Kerala,Thrissur,774090,2019-08-04,10-20L,New,0,Grocery,Email Campaign
CUST03041,Utkarsh Agarwal,user3041@email.com,19,Female,Gujarat,Ahmedabad,219820,2021-06-07,3-6L,New,1,Fashion,Social Media
CUST03042,Aditi Sharma,user3042@email.com,20,Female,Gujarat,Vadodara,246608,2022-08-22,<3L,Premium,0,Fashion,Paid Ads
CUST03043,Rohit Malhotra,user3043@email.com,19,Male,Madhya Pradesh,Gwalior,752814,2020-05-01,3-6L,Premium,0,Automotive,Social Media
CUST03044,Sanjay Sharma,user3044@email.com,45,Male,Haryana,Hisar,515755,2023-09-11,10-20L,Regular,0,Electronics,Referral
CUST03045,Anjali Mehta,user3045@email.com,22,Male,West Bengal,Howrah,154938,2021-04-04,6-10L,New,1,Fashion,Email Campaign
CUST03046,Pooja Gupta,user3046@email.com,59,Male,Kerala,Thiruvananthapuram,803864,2020-03-02,3-6L,Premium,1,Automotive,Organic Search
CUST03047,Manoj Mehta,user3047@email.com,42,Female,Maharashtra,Thane,169704,2022-05-20,6-10L,Premium,1,Office Supplies,Social Media
CUST03048,Utkarsh Sharma,user3048@email.com,18,Male,Gujarat,Gandhinagar,864789,2018-06-24,6-10L,New,0,Toys & Games,Organic Search
CUST03049,Arjun Joshi,user3049@email.com,39,Female,Rajasthan,Jodhpur,873126,2022-10-25,6-10L,New,0,Home & Kitchen,Social Media
CUST03050,Ananya Rao,user3050@email.com,26,Female,Maharashtra,Mumbai,913244,2020-02-03,6-10L,New,1,Fashion,Email Campaign
CUST03051,Amit Nair,user3051@email.com,29,Male,Madhya Pradesh,Jabalpur,390791,2022-05-25,6-10L,Premium,1,Automotive,Paid Ads
CUST03052,Ananya Reddy,user3052@email.com,25,Female,Maharashtra,Nashik,461504,2021-05-24,10-20L,Regular,0,Books,Paid Ads
CUST03053,Utkarsh Gupta,user3053@email.com,38,Male,Madhya Pradesh,Jabalpur,944966,2020-05-29,<3L,New,0,Fashion,Referral
CUST03054,Tanvi Singh,user3054@email.com,38,Male,Uttar Pradesh,Agra,145098,2020-12-06,<3L,New,0,Automotive,Social Media
CUST03055,Priya Mehta,user3055@email.com,57,Male,Madhya Pradesh,Jabalpur,549676,2022-02-04,10-20L,Regular,1,Sports & Fitness,Email Campaign
CUST03056,Yash Shah,user3056@email.com,38,Female,West Bengal,Durgapur,312603,2018-01-30,3-6L,Regular,0,Sports & Fitness,Email Campaign
CUST03057,Mihir Sharma,user3057@email.com,22,Female,Andhra Pradesh,Guntur,359460,2023-07-23,6-10L,Premium,0,Sports & Fitness,Referral
CUST03058,Ishaan Joshi,user3058@email.com,19,Male,Andhra Pradesh,Nellore,947124,2018-05-15,3-6L,Premium,0,Sports & Fitness,Paid Ads
CUST03059,Riya Pandey,user3059@email.com,26,Male,Maharashtra,Pune,956040,2021-06-28,>20L,Regular,0,Fashion,Referral
CUST03060,Amit Sharma,user3060@email.com,19,Male,Telangana,Nizamabad,318038,2018-06-17,<3L,Premium,0,Automotive,Referral
CUST03061,Manoj Joshi,user3061@email.com,56,Female,Delhi,Gurgaon,590761,2020-06-07,3-6L,Premium,0,Beauty & Health,Referral
CUST03062,Sanjay Kumar,user3062@email.com,30,Male,Karnataka,Bengaluru,118820,2020-05-13,<3L,Regular,0,Grocery,Social Media
CUST03063,Karan Pandey,user3063@email.com,43,Female,Karnataka,Hubli,628192,2018-05-21,<3L,Premium,0,Books,Email Campaign
CUST03064,Aditya Banerjee,user3064@email.com,29,Male,Delhi,Faridabad,401135,2022-03-16,3-6L,Premium,0,Electronics,Email Campaign
CUST03065,Tanvi Mehta,user3065@email.com,29,Female,Haryana,Gurugram,939253,2022-09-08,<3L,Regular,0,Fashion,Email Campaign
CUST03066,Amit Pandey,user3066@email.com,23,Male,Gujarat,Surat,868697,2018-12-21,6-10L,Regular,0,Toys & Games,Referral
CUST03067,Varun Banerjee,user3067@email.com,36,Female,Delhi,Noida,728584,2021-12-30,10-20L,VIP,0,Books,Organic Search
CUST03068,Meera Shah,user3068@email.com,37,Female,Rajasthan,Jaipur,768616,2022-07-23,<3L,New,0,Office Supplies,Referral
CUST03069,Tanvi Patel,user3069@email.com,31,Male,Delhi,New Delhi,946083,2023-08-09,3-6L,Regular,0,Grocery,Referral
CUST03070,Karan Iyer,user3070@email.com,45,Female,Karnataka,Belgaum,925052,2019-11-25,10-20L,New,0,Fashion,Social Media
CUST03071,Nisha Singh,user3071@email.com,20,Male,Karnataka,Mangaluru,883526,2021-02-26,<3L,Regular,0,Office Supplies,Email Campaign
CUST03072,Kavya Rao,user3072@email.com,60,Female,Rajasthan,Jodhpur,265947,2021-09-03,3-6L,Premium,0,Home & Kitchen,Social Media
CUST03073,Ishaan Rao,user3073@email.com,41,Female,Madhya Pradesh,Bhopal,587276,2022-11-11,6-10L,Premium,0,Books,Organic Search
CUST03074,Rajesh Malhotra,user3074@email.com,22,Male,Maharashtra,Thane,333641,2023-11-20,6-10L,Premium,0,Fashion,Organic Search
CUST03075,Mihir Verma,user3075@email.com,28,Female,Andhra Pradesh,Tirupati,814828,2019-04-10,<3L,Premium,0,Beauty & Health,Organic Search
CUST03076,Vikram Iyer,user3076@email.com,36,Male,Delhi,Noida,588123,2020-06-27,6-10L,Premium,0,Beauty & Health,Email Campaign
CUST03077,Sanjay Malhotra,user3077@email.com,23,Female,Kerala,Kollam,282653,2018-05-10,3-6L,New,0,Beauty & Health,Paid Ads
CUST03078,Sunita Patel,user3078@email.com,47,Male,West Bengal,Howrah,350270,2020-03-07,>20L,Premium,1,Books,Paid Ads
CUST03079,Siddharth Sharma,user3079@email.com,55,Male,Uttar Pradesh,Agra,722737,2022-09-18,6-10L,Premium,0,Automotive,Social Media
CUST03080,Vikram Trivedi,user3080@email.com,58,Other,Delhi,Gurgaon,621130,2022-02-07,>20L,Premium,0,Automotive,Social Media
CUST03081,Meera Mishra,user3081@email.com,34,Female,Madhya Pradesh,Ujjain,350939,2020-02-06,3-6L,Premium,0,Home & Kitchen,Social Media
CUST03082,Varun Iyer,user3082@email.com,45,Male,Tamil Nadu,Madurai,765340,2021-02-17,3-6L,Premium,1,Sports & Fitness,App Store
CUST03083,Rahul Agarwal,user3083@email.com,37,Male,Kerala,Kollam,675513,2018-06-22,6-10L,Premium,1,Office Supplies,Paid Ads
CUST03084,Manoj Gupta,user3084@email.com,52,Male,Madhya Pradesh,Jabalpur,102691,2019-03-08,10-20L,Premium,1,Fashion,Social Media
CUST03085,Divya Joshi,user3085@email.com,21,Male,Telangana,Khammam,730019,2020-03-19,>20L,Regular,1,Toys & Games,Paid Ads
CUST03086,Deepika Verma,user3086@email.com,26,Male,Haryana,Rohtak,125787,2018-05-08,<3L,Regular,0,Fashion,Organic Search
CUST03087,Karan Iyer,user3087@email.com,46,Male,Delhi,Ghaziabad,397765,2021-08-06,>20L,Regular,1,Books,Organic Search
CUST03088,Mihir Rao,user3088@email.com,59,Male,Karnataka,Hubli,129346,2022-02-09,<3L,New,1,Home & Kitchen,Email Campaign
CUST03089,Rajesh Gupta,user3089@email.com,53,Female,West Bengal,Howrah,495119,2020-03-16,3-6L,Regular,0,Beauty & Health,Email Campaign
CUST03090,Riya Joshi,user3090@email.com,18,Male,Uttar Pradesh,Agra,287014,2022-06-30,6-10L,New,1,Electronics,Social Media
CUST03091,Varun Reddy,user3091@email.com,27,Male,Andhra Pradesh,Guntur,377723,2020-01-12,<3L,Premium,1,Grocery,Social Media
CUST03092,Sunita Iyer,user3092@email.com,18,Male,Madhya Pradesh,Indore,235119,2019-01-26,>20L,New,0,Books,Social Media
CUST03093,Nisha Joshi,user3093@email.com,46,Female,Tamil Nadu,Chennai,420081,2023-06-27,3-6L,New,0,Sports & Fitness,Referral
CUST03094,Siddharth Reddy,user3094@email.com,29,Male,Punjab,Patiala,607719,2022-03-01,10-20L,Regular,1,Automotive,Paid Ads
CUST03095,Riya Pandey,user3095@email.com,58,Female,Rajasthan,Jodhpur,505307,2021-05-04,6-10L,Regular,0,Toys & Games,Organic Search
CUST03096,Siddharth Mehta,user3096@email.com,26,Male,Uttar Pradesh,Agra,450155,2019-01-21,6-10L,New,1,Sports & Fitness,Referral
CUST03097,Divya Sharma,user3097@email.com,43,Male,Telangana,Khammam,583507,2019-04-11,<3L,VIP,1,Fashion,Email Campaign
CUST03098,Yash Rao,user3098@email.com,59,Male,West Bengal,Asansol,605088,2019-08-02,3-6L,Premium,1,Grocery,Organic Search
CUST03099,Priya Agarwal,user3099@email.com,50,Male,Bihar,Gaya,856584,2022-05-01,3-6L,Premium,1,Beauty & Health,Social Media
CUST03100,Varun Kumar,user3100@email.com,37,Male,Punjab,Amritsar,996675,2018-03-30,6-10L,Regular,0,Beauty & Health,Social Media
CUST03101,Sunita Trivedi,user3101@email.com,34,Other,Bihar,Muzaffarpur,265268,2021-12-31,3-6L,Regular,0,Electronics,Email Campaign
CUST03102,Kavya Rao,user3102@email.com,21,Female,Gujarat,Gandhinagar,647086,2018-07-12,6-10L,Premium,1,Home & Kitchen,Referral
CUST03103,Karan Kumar,user3103@email.com,36,Female,Kerala,Thrissur,502318,2023-07-17,3-6L,Regular,0,Beauty & Health,Organic Search
CUST03104,Priya Kumar,user3104@email.com,25,Female,Haryana,Panipat,616505,2020-11-02,6-10L,Regular,0,Automotive,Social Media
CUST03105,Nisha Pandey,user3105@email.com,53,Female,Gujarat,Rajkot,978764,2019-06-20,6-10L,Regular,1,Toys & Games,Social Media
CUST03106,Mihir Trivedi,user3106@email.com,53,Female,Karnataka,Hubli,434639,2019-05-30,6-10L,Regular,0,Grocery,Paid Ads
CUST03107,Vikram Joshi,user3107@email.com,34,Male,Andhra Pradesh,Visakhapatnam,581529,2022-05-23,10-20L,Premium,0,Grocery,Organic Search
CUST03108,Sneha Reddy,user3108@email.com,47,Male,West Bengal,Kolkata,989834,2022-05-16,10-20L,New,1,Beauty & Health,Organic Search
CUST03109,Riya Sharma,user3109@email.com,40,Male,Andhra Pradesh,Nellore,802687,2022-04-26,3-6L,Regular,0,Automotive,Email Campaign
CUST03110,Utkarsh Agarwal,user3110@email.com,24,Female,Punjab,Amritsar,107956,2023-07-08,3-6L,VIP,1,Automotive,Organic Search
CUST03111,Riya Iyer,user3111@email.com,48,Female,Maharashtra,Mumbai,332855,2020-03-09,3-6L,Regular,1,Fashion,Organic Search
CUST03112,Aditi Sharma,user3112@email.com,19,Male,Maharashtra,Mumbai,684065,2021-06-02,3-6L,New,0,Home & Kitchen,Referral
CUST03113,Ishaan Trivedi,user3113@email.com,47,Female,Maharashtra,Thane,460187,2023-12-17,6-10L,Regular,1,Sports & Fitness,Referral
CUST03114,Rajesh Mehta,user3114@email.com,23,Male,Kerala,Kozhikode,953000,2023-07-26,6-10L,Premium,0,Automotive,Referral
CUST03115,Karan Joshi,user3115@email.com,54,Male,Uttar Pradesh,Lucknow,444237,2021-04-23,<3L,Regular,0,Automotive,Referral
CUST03116,Aditi Malhotra,user3116@email.com,37,Male,Telangana,Khammam,715448,2022-10-24,3-6L,Regular,1,Fashion,Email Campaign
CUST03117,Aarav Kumar,user3117@email.com,20,Male,Rajasthan,Udaipur,560602,2022-05-07,6-10L,New,1,Electronics,Paid Ads
CUST03118,Rohit Mehta,user3118@email.com,45,Female,Haryana,Rohtak,147000,2023-03-01,3-6L,Regular,0,Grocery,App Store
CUST03119,Meera Agarwal,user3119@email.com,30,Male,Delhi,New Delhi,342191,2020-12-27,6-10L,Premium,0,Sports & Fitness,Social Media
CUST03120,Deepika Pandey,user3120@email.com,30,Male,Gujarat,Surat,766436,2021-07-05,<3L,Regular,0,Books,Organic Search
CUST03121,Yash Verma,user3121@email.com,58,Female,Maharashtra,Pune,448806,2023-10-30,6-10L,Regular,0,Sports & Fitness,Referral
CUST03122,Pooja Shah,user3122@email.com,38,Female,Haryana,Faridabad,120443,2022-11-01,<3L,Regular,1,Sports & Fitness,Organic Search
CUST03123,Isha Reddy,user3123@email.com,22,Female,West Bengal,Siliguri,251326,2023-12-07,3-6L,Premium,0,Beauty & Health,Referral
CUST03124,Utkarsh Patel,user3124@email.com,48,Male,Gujarat,Rajkot,156328,2022-03-20,<3L,Premium,0,Fashion,Organic Search
CUST03125,Priya Kumar,user3125@email.com,36,Female,Maharashtra,Nashik,930481,2019-03-01,10-20L,New,0,Grocery,Organic Search
CUST03126,Yash Nair,user3126@email.com,27,Female,Telangana,Karimnagar,377869,2018-10-12,<3L,New,0,Home & Kitchen,App Store
CUST03127,Tanvi Iyer,user3127@email.com,36,Male,Tamil Nadu,Madurai,733882,2018-10-20,3-6L,VIP,1,Office Supplies,App Store
CUST03128,Karan Gupta,user3128@email.com,28,Male,Uttar Pradesh,Kanpur,997879,2021-05-30,10-20L,Regular,0,Grocery,Email Campaign
CUST03129,Aditi Pillai,user3129@email.com,54,Male,Kerala,Kozhikode,980937,2018-06-30,10-20L,Premium,0,Beauty & Health,Referral
CUST03130,Priya Pillai,user3130@email.com,50,Female,Delhi,Faridabad,490055,2020-06-20,>20L,VIP,0,Electronics,App Store
CUST03131,Arjun Sharma,user3131@email.com,28,Male,Punjab,Amritsar,895833,2018-08-13,6-10L,Regular,0,Grocery,Paid Ads
CUST03132,Divya Agarwal,user3132@email.com,56,Female,Rajasthan,Ajmer,346060,2023-02-05,3-6L,Regular,0,Books,Referral
CUST03133,Rajesh Trivedi,user3133@email.com,54,Female,Maharashtra,Pune,790013,2020-05-28,10-20L,Regular,0,Beauty & Health,Organic Search
CUST03134,Anjali Verma,user3134@email.com,39,Male,Punjab,Chandigarh,367532,2023-01-10,6-10L,Regular,0,Grocery,Email Campaign
CUST03135,Sanjay Malhotra,user3135@email.com,48,Female,Maharashtra,Nagpur,514359,2023-10-27,6-10L,Premium,1,Grocery,Referral
CUST03136,Amit Joshi,user3136@email.com,33,Male,Madhya Pradesh,Jabalpur,716006,2020-03-13,6-10L,Regular,1,Toys & Games,Email Campaign
CUST03137,Nisha Rao,user3137@email.com,32,Female,Tamil Nadu,Salem,910205,2023-07-27,10-20L,Regular,0,Fashion,Organic Search
CUST03138,Aarav Mehta,user3138@email.com,24,Female,Bihar,Darbhanga,390240,2018-01-08,3-6L,Premium,0,Electronics,Referral
CUST03139,Anjali Shah,user3139@email.com,37,Male,Tamil Nadu,Madurai,621006,2021-07-28,10-20L,New,1,Books,Referral
CUST03140,Rahul Banerjee,user3140@email.com,29,Male,Bihar,Darbhanga,119381,2019-08-30,10-20L,Regular,0,Fashion,Social Media
CUST03141,Sunita Agarwal,user3141@email.com,39,Male,Rajasthan,Jodhpur,442992,2018-11-10,10-20L,Regular,1,Electronics,Email Campaign
CUST03142,Siddharth Singh,user3142@email.com,24,Female,West Bengal,Kolkata,994769,2018-02-12,6-10L,New,0,Toys & Games,Social Media
CUST03143,Yash Malhotra,user3143@email.com,24,Other,Haryana,Panipat,468855,2018-09-30,<3L,New,0,Sports & Fitness,App Store
CUST03144,Mihir Sharma,user3144@email.com,21,Male,Andhra Pradesh,Nellore,562178,2022-05-25,6-10L,New,0,Beauty & Health,Social Media
CUST03145,Aditi Trivedi,user3145@email.com,44,Female,Kerala,Thiruvananthapuram,312282,2022-09-09,<3L,VIP,0,Sports & Fitness,Organic Search
CUST03146,Rahul Iyer,user3146@email.com,25,Male,Karnataka,Bengaluru,756930,2019-10-20,3-6L,Premium,0,Electronics,Email Campaign
CUST03147,Vikram Mishra,user3147@email.com,36,Female,Punjab,Chandigarh,535376,2021-07-18,>20L,Regular,1,Electronics,Social Media
CUST03148,Akash Nair,user3148@email.com,39,Male,Madhya Pradesh,Jabalpur,535239,2019-10-26,3-6L,New,0,Electronics,Organic Search
CUST03149,Priya Patel,user3149@email.com,26,Male,Gujarat,Surat,649819,2021-08-15,3-6L,New,0,Electronics,Social Media
CUST03150,Ananya Reddy,user3150@email.com,41,Female,Rajasthan,Kota,484772,2020-09-29,3-6L,VIP,1,Electronics,Referral
CUST03151,Aditya Mishra,user3151@email.com,33,Female,Uttar Pradesh,Kanpur,782463,2018-07-19,3-6L,Regular,0,Sports & Fitness,Paid Ads
CUST03152,Karan Gupta,user3152@email.com,26,Male,Haryana,Hisar,975171,2018-07-11,10-20L,Premium,0,Books,Referral
CUST03153,Sanjay Iyer,user3153@email.com,33,Female,West Bengal,Durgapur,410755,2020-10-28,3-6L,VIP,1,Electronics,App Store
CUST03154,Kavya Iyer,user3154@email.com,23,Female,Haryana,Faridabad,879768,2023-01-10,10-20L,Regular,0,Books,Organic Search
CUST03155,Siddharth Joshi,user3155@email.com,27,Female,Karnataka,Mangaluru,146207,2022-03-26,3-6L,Premium,0,Fashion,Email Campaign
CUST03156,Ishaan Joshi,user3156@email.com,21,Female,Maharashtra,Pune,726157,2021-04-19,3-6L,Regular,0,Grocery,Organic Search
CUST03157,Isha Agarwal,user3157@email.com,40,Female,West Bengal,Durgapur,910083,2023-07-19,<3L,Regular,0,Automotive,App Store
CUST03158,Meera Reddy,user3158@email.com,32,Male,Maharashtra,Pune,539232,2020-12-10,6-10L,VIP,1,Toys & Games,Paid Ads
CUST03159,Manoj Malhotra,user3159@email.com,54,Male,Karnataka,Mangaluru,642260,2022-03-01,6-10L,New,0,Toys & Games,Organic Search
CUST03160,Aarav Agarwal,user3160@email.com,29,Male,Haryana,Hisar,798685,2021-11-03,<3L,New,1,Grocery,Email Campaign
CUST03161,Shreya Joshi,user3161@email.com,38,Male,Madhya Pradesh,Jabalpur,586179,2019-09-24,<3L,VIP,1,Sports & Fitness,Email Campaign
CUST03162,Vikram Reddy,user3162@email.com,38,Male,Haryana,Faridabad,876737,2021-07-29,6-10L,Regular,0,Electronics,Referral
CUST03163,Sanjay Banerjee,user3163@email.com,27,Female,Kerala,Thrissur,893346,2021-06-18,3-6L,Premium,0,Electronics,Organic Search
CUST03164,Meera Joshi,user3164@email.com,35,Female,Delhi,Faridabad,157528,2022-03-29,10-20L,Premium,0,Sports & Fitness,Referral
CUST03165,Siddharth Mehta,user3165@email.com,26,Female,Punjab,Patiala,206109,2020-11-22,<3L,Premium,0,Office Supplies,Social Media
CUST03166,Priya Verma,user3166@email.com,32,Female,Maharashtra,Nashik,514710,2020-05-12,<3L,Regular,0,Fashion,App Store
CUST03167,Rahul Agarwal,user3167@email.com,50,Male,West Bengal,Asansol,142678,2022-02-01,>20L,Premium,1,Office Supplies,Email Campaign
CUST03168,Varun Pillai,user3168@email.com,53,Female,Tamil Nadu,Salem,495067,2018-08-31,>20L,Premium,0,Books,Paid Ads
CUST03169,Rahul Verma,user3169@email.com,33,Female,Haryana,Rohtak,811648,2022-12-10,6-10L,Regular,0,Toys & Games,Email Campaign
CUST03170,Sneha Malhotra,user3170@email.com,45,Female,Maharashtra,Nagpur,389468,2021-08-08,10-20L,VIP,0,Sports & Fitness,Referral
CUST03171,Yash Banerjee,user3171@email.com,40,Male,Gujarat,Rajkot,932955,2022-10-26,10-20L,Premium,0,Automotive,Social Media
CUST03172,Nisha Shah,user3172@email.com,27,Male,Haryana,Gurugram,334779,2023-08-16,6-10L,New,1,Fashion,Paid Ads
CUST03173,Sanjay Iyer,user3173@email.com,39,Female,Maharashtra,Thane,378929,2020-03-28,<3L,Premium,1,Sports & Fitness,App Store
CUST03174,Vikram Verma,user3174@email.com,44,Male,Rajasthan,Ajmer,891310,2021-11-15,10-20L,New,1,Office Supplies,Social Media
CUST03175,Yash Pandey,user3175@email.com,27,Male,Punjab,Ludhiana,767121,2022-06-08,>20L,Regular,0,Automotive,Organic Search
CUST03176,Yash Reddy,user3176@email.com,20,Male,Tamil Nadu,Salem,205208,2018-02-28,3-6L,New,0,Fashion,Referral
CUST03177,Isha Agarwal,user3177@email.com,34,Male,Delhi,Gurgaon,516341,2018-02-07,<3L,Premium,1,Office Supplies,Referral
CUST03178,Yash Joshi,user3178@email.com,18,Male,Maharashtra,Pune,411177,2018-12-24,6-10L,New,0,Sports & Fitness,Referral
CUST03179,Rohit Malhotra,user3179@email.com,45,Male,Karnataka,Hubli,496517,2018-04-21,>20L,Regular,1,Beauty & Health,Social Media
CUST03180,Varun Joshi,user3180@email.com,27,Male,Haryana,Hisar,817236,2018-07-06,<3L,Regular,0,Electronics,Referral
CUST03181,Riya Iyer,user3181@email.com,34,Male,Punjab,Ludhiana,598562,2018-07-03,<3L,Regular,0,Home & Kitchen,Organic Search
CUST03182,Amit Rao,user3182@email.com,53,Male,Karnataka,Hubli,789764,2023-10-10,3-6L,Regular,0,Home & Kitchen,Social Media
CUST03183,Rahul Agarwal,user3183@email.com,44,Male,Andhra Pradesh,Guntur,973560,2018-05-01,3-6L,Regular,0,Electronics,Paid Ads
CUST03184,Karan Shah,user3184@email.com,38,Female,Kerala,Thiruvananthapuram,527262,2020-09-19,6-10L,Regular,1,Automotive,Paid Ads
CUST03185,Varun Verma,user3185@email.com,19,Male,Maharashtra,Mumbai,475923,2023-11-05,3-6L,Regular,0,Fashion,Email Campaign
CUST03186,Amit Iyer,user3186@email.com,60,Female,Tamil Nadu,Coimbatore,613867,2019-03-07,3-6L,Premium,0,Sports & Fitness,Referral
CUST03187,Manoj Verma,user3187@email.com,42,Female,Kerala,Thrissur,324996,2021-05-13,6-10L,Premium,0,Home & Kitchen,Email Campaign
CUST03188,Ananya Shah,user3188@email.com,44,Male,Punjab,Chandigarh,734043,2020-04-15,3-6L,Premium,0,Fashion,Paid Ads
CUST03189,Amit Sharma,user3189@email.com,52,Male,Kerala,Thiruvananthapuram,215542,2022-04-02,6-10L,Regular,0,Beauty & Health,Paid Ads
CUST03190,Sunita Banerjee,user3190@email.com,58,Male,Bihar,Muzaffarpur,434853,2022-03-08,6-10L,Regular,0,Fashion,Referral
CUST03191,Aditya Iyer,user3191@email.com,23,Female,Delhi,Noida,828859,2020-09-10,>20L,Premium,0,Office Supplies,Organic Search
CUST03192,Siddharth Reddy,user3192@email.com,47,Male,Telangana,Karimnagar,940689,2023-01-04,3-6L,Regular,0,Office Supplies,Referral
CUST03193,Amit Sharma,user3193@email.com,32,Male,Gujarat,Rajkot,861879,2020-04-28,3-6L,Regular,1,Books,Email Campaign
CUST03194,Manoj Banerjee,user3194@email.com,29,Male,Punjab,Jalandhar,385785,2023-08-25,3-6L,Regular,0,Office Supplies,Referral
CUST03195,Aditi Mishra,user3195@email.com,37,Male,Rajasthan,Kota,420341,2018-08-28,6-10L,VIP,0,Books,Email Campaign
CUST03196,Yash Trivedi,user3196@email.com,22,Female,Punjab,Chandigarh,321734,2019-06-12,3-6L,Regular,1,Books,Organic Search
CUST03197,Amit Singh,user3197@email.com,49,Female,Punjab,Jalandhar,553060,2021-10-06,3-6L,New,1,Electronics,Organic Search
CUST03198,Amit Mehta,user3198@email.com,51,Male,Kerala,Thiruvananthapuram,324514,2020-02-09,3-6L,Premium,0,Automotive,Organic Search
CUST03199,Aditi Sharma,user3199@email.com,41,Female,Uttar Pradesh,Kanpur,715388,2023-08-03,>20L,Regular,0,Toys & Games,Paid Ads
CUST03200,Sunita Reddy,user3200@email.com,43,Male,Gujarat,Vadodara,934964,2019-12-19,10-20L,New,0,Toys & Games,Social Media
CUST03201,Aarav Iyer,user3201@email.com,50,Male,Punjab,Amritsar,408759,2023-03-04,<3L,Regular,0,Automotive,Paid Ads
CUST03202,Vikram Singh,user3202@email.com,23,Female,Gujarat,Gandhinagar,419953,2018-06-12,6-10L,Premium,0,Office Supplies,Referral
CUST03203,Sneha Singh,user3203@email.com,36,Male,Madhya Pradesh,Ujjain,236833,2020-09-20,10-20L,Regular,1,Automotive,Social Media
CUST03204,Divya Verma,user3204@email.com,23,Female,Rajasthan,Ajmer,579975,2019-10-07,6-10L,New,1,Office Supplies,App Store
CUST03205,Sneha Malhotra,user3205@email.com,59,Female,Kerala,Thrissur,257675,2022-09-07,<3L,Premium,0,Toys & Games,Paid Ads
CUST03206,Rahul Kumar,user3206@email.com,21,Male,Kerala,Kochi,833250,2021-05-14,3-6L,New,0,Electronics,Organic Search
CUST03207,Aditi Nair,user3207@email.com,48,Male,Haryana,Hisar,672023,2020-10-15,6-10L,Premium,0,Office Supplies,Referral
CUST03208,Sneha Nair,user3208@email.com,37,Male,Andhra Pradesh,Nellore,555927,2018-02-28,6-10L,Regular,1,Sports & Fitness,Paid Ads
CUST03209,Vikram Patel,user3209@email.com,44,Female,Gujarat,Rajkot,831747,2023-08-14,10-20L,Premium,0,Automotive,Referral
CUST03210,Sneha Rao,user3210@email.com,46,Female,Haryana,Hisar,215980,2022-10-02,<3L,Regular,0,Sports & Fitness,Paid Ads
CUST03211,Mihir Malhotra,user3211@email.com,23,Female,Karnataka,Hubli,768246,2023-02-07,10-20L,New,0,Fashion,Social Media
CUST03212,Arjun Banerjee,user3212@email.com,55,Male,Madhya Pradesh,Ujjain,924916,2022-04-08,10-20L,Premium,1,Sports & Fitness,Organic Search
CUST03213,Riya Nair,user3213@email.com,41,Male,Uttar Pradesh,Kanpur,828781,2018-08-09,10-20L,Regular,1,Office Supplies,Paid Ads
CUST03214,Manoj Sharma,user3214@email.com,22,Male,Uttar Pradesh,Kanpur,320368,2020-07-15,6-10L,Regular,0,Fashion,Paid Ads
CUST03215,Rajesh Patel,user3215@email.com,53,Male,Maharashtra,Pune,488817,2021-04-28,6-10L,Premium,0,Home & Kitchen,Organic Search
CUST03216,Amit Shah,user3216@email.com,47,Male,Haryana,Panipat,900734,2022-10-26,10-20L,Regular,0,Toys & Games,Social Media
CUST03217,Siddharth Pandey,user3217@email.com,49,Female,Gujarat,Gandhinagar,422503,2021-12-25,<3L,New,0,Home & Kitchen,Organic Search
CUST03218,Riya Gupta,user3218@email.com,31,Male,Telangana,Karimnagar,734933,2018-09-30,3-6L,VIP,0,Home & Kitchen,Social Media
CUST03219,Rahul Iyer,user3219@email.com,25,Female,Haryana,Gurugram,707552,2022-06-07,6-10L,New,0,Fashion,App Store
CUST03220,Sunita Gupta,user3220@email.com,52,Female,Bihar,Patna,538054,2023-01-12,10-20L,New,1,Automotive,Organic Search
CUST03221,Mihir Banerjee,user3221@email.com,20,Male,Maharashtra,Nagpur,483228,2022-07-26,6-10L,Regular,0,Office Supplies,Referral
CUST03222,Nisha Trivedi,user3222@email.com,33,Male,Karnataka,Belgaum,631820,2022-12-15,3-6L,New,0,Beauty & Health,Paid Ads
CUST03223,Siddharth Pandey,user3223@email.com,50,Female,Telangana,Nizamabad,445553,2020-03-26,>20L,New,0,Sports & Fitness,Referral
CUST03224,Ananya Gupta,user3224@email.com,60,Female,Punjab,Jalandhar,531345,2022-10-23,<3L,VIP,0,Toys & Games,Email Campaign
CUST03225,Varun Pillai,user3225@email.com,32,Male,Delhi,Noida,231916,2019-04-03,10-20L,Regular,1,Automotive,Referral
CUST03226,Vikram Joshi,user3226@email.com,48,Female,Gujarat,Ahmedabad,165175,2023-08-20,10-20L,Premium,0,Toys & Games,Email Campaign
CUST03227,Aditi Patel,user3227@email.com,30,Male,Maharashtra,Nagpur,865595,2019-05-30,3-6L,VIP,0,Office Supplies,Referral
CUST03228,Rahul Iyer,user3228@email.com,39,Female,Bihar,Bhagalpur,701931,2022-08-17,>20L,Regular,1,Home & Kitchen,Referral
CUST03229,Sanjay Trivedi,user3229@email.com,32,Male,West Bengal,Kolkata,268013,2019-12-23,<3L,VIP,0,Electronics,Social Media
CUST03230,Akash Trivedi,user3230@email.com,50,Female,Tamil Nadu,Salem,527104,2018-08-09,10-20L,New,0,Books,Email Campaign
CUST03231,Sneha Singh,user3231@email.com,45,Female,West Bengal,Siliguri,123380,2020-09-18,6-10L,Premium,1,Home & Kitchen,Email Campaign
CUST03232,Yash Mehta,user3232@email.com,48,Female,Madhya Pradesh,Indore,759493,2019-06-05,6-10L,Regular,1,Electronics,Organic Search
CUST03233,Anjali Pandey,user3233@email.com,56,Male,Delhi,Gurgaon,791008,2020-12-20,6-10L,Premium,1,Electronics,Paid Ads
CUST03234,Manoj Pandey,user3234@email.com,22,Female,Bihar,Patna,568194,2023-04-23,6-10L,Premium,1,Office Supplies,Social Media
CUST03235,Nisha Banerjee,user3235@email.com,57,Female,Tamil Nadu,Trichy,946847,2022-05-10,10-20L,Premium,1,Fashion,Referral
CUST03236,Arjun Malhotra,user3236@email.com,35,Male,Madhya Pradesh,Bhopal,463296,2018-01-23,6-10L,New,0,Books,Email Campaign
CUST03237,Rohit Malhotra,user3237@email.com,31,Male,Telangana,Karimnagar,825454,2018-11-10,6-10L,New,0,Fashion,Social Media
CUST03238,Deepika Singh,user3238@email.com,38,Male,Bihar,Bhagalpur,595994,2022-09-26,6-10L,Regular,1,Home & Kitchen,Email Campaign
CUST03239,Yash Verma,user3239@email.com,32,Female,Gujarat,Vadodara,329169,2021-05-24,>20L,Premium,0,Fashion,Referral
CUST03240,Shreya Kumar,user3240@email.com,37,Male,West Bengal,Siliguri,599606,2022-08-28,10-20L,Premium,1,Electronics,App Store
CUST03241,Deepika Shah,user3241@email.com,20,Male,Maharashtra,Nashik,651817,2023-06-16,10-20L,Regular,0,Home & Kitchen,Referral
CUST03242,Nisha Singh,user3242@email.com,46,Female,Delhi,Noida,693575,2021-09-28,<3L,Regular,0,Office Supplies,Organic Search
CUST03243,Amit Singh,user3243@email.com,30,Male,Gujarat,Gandhinagar,152094,2023-08-10,10-20L,Regular,0,Electronics,Social Media
CUST03244,Aditi Kumar,user3244@email.com,18,Male,Tamil Nadu,Salem,947080,2019-05-26,<3L,Premium,0,Books,Referral
CUST03245,Manoj Malhotra,user3245@email.com,33,Male,Rajasthan,Udaipur,798901,2022-06-26,3-6L,Premium,1,Sports & Fitness,Referral
CUST03246,Divya Joshi,user3246@email.com,54,Male,Telangana,Warangal,834106,2020-08-19,<3L,New,0,Fashion,Email Campaign
CUST03247,Aditya Verma,user3247@email.com,24,Male,Kerala,Kozhikode,172904,2021-08-15,6-10L,New,1,Beauty & Health,Referral
CUST03248,Vikram Pillai,user3248@email.com,48,Male,Tamil Nadu,Chennai,236552,2019-01-08,10-20L,Premium,1,Beauty & Health,App Store
CUST03249,Utkarsh Shah,user3249@email.com,41,Female,Bihar,Darbhanga,109291,2019-08-26,10-20L,Regular,0,Home & Kitchen,Social Media
CUST03250,Aarav Reddy,user3250@email.com,59,Male,Gujarat,Gandhinagar,723732,2023-07-02,10-20L,Regular,0,Sports & Fitness,Referral
CUST03251,Mihir Pillai,user3251@email.com,33,Male,Andhra Pradesh,Nellore,771484,2021-07-10,<3L,New,0,Toys & Games,Referral
CUST03252,Arjun Agarwal,user3252@email.com,46,Male,Madhya Pradesh,Indore,119999,2023-03-08,3-6L,Premium,1,Office Supplies,Referral
CUST03253,Vikram Nair,user3253@email.com,18,Female,Punjab,Amritsar,708773,2018-10-11,<3L,Regular,1,Home & Kitchen,Referral
CUST03254,Priya Agarwal,user3254@email.com,59,Male,Tamil Nadu,Salem,152940,2020-02-27,10-20L,New,1,Fashion,App Store
CUST03255,Isha Gupta,user3255@email.com,42,Female,Kerala,Kozhikode,242441,2019-10-04,10-20L,Regular,1,Beauty & Health,Email Campaign
CUST03256,Aditi Mehta,user3256@email.com,37,Female,Andhra Pradesh,Guntur,178044,2020-01-23,3-6L,Regular,0,Office Supplies,Email Campaign
CUST03257,Pooja Trivedi,user3257@email.com,49,Female,Madhya Pradesh,Indore,291709,2023-10-16,3-6L,VIP,0,Electronics,Email Campaign
CUST03258,Yash Gupta,user3258@email.com,31,Female,Gujarat,Gandhinagar,836670,2018-03-26,<3L,Premium,0,Office Supplies,Social Media
CUST03259,Ananya Pillai,user3259@email.com,33,Male,Andhra Pradesh,Visakhapatnam,149121,2021-01-04,10-20L,New,0,Sports & Fitness,Social Media
CUST03260,Utkarsh Sharma,user3260@email.com,23,Female,Tamil Nadu,Trichy,258323,2019-06-28,>20L,Premium,0,Beauty & Health,Paid Ads
CUST03261,Utkarsh Trivedi,user3261@email.com,30,Female,Punjab,Jalandhar,459536,2018-02-24,<3L,VIP,1,Home & Kitchen,Organic Search
CUST03262,Vikram Patel,user3262@email.com,48,Female,Gujarat,Vadodara,411238,2019-03-03,3-6L,VIP,0,Grocery,Organic Search
CUST03263,Vikram Sharma,user3263@email.com,57,Male,Delhi,Noida,822947,2021-08-02,6-10L,Regular,0,Office Supplies,Social Media
CUST03264,Nisha Malhotra,user3264@email.com,40,Female,Gujarat,Vadodara,839720,2021-02-26,10-20L,Premium,1,Home & Kitchen,Email Campaign
CUST03265,Pooja Iyer,user3265@email.com,34,Male,Delhi,Ghaziabad,196153,2019-04-08,<3L,Premium,0,Toys & Games,Social Media
CUST03266,Sneha Pillai,user3266@email.com,34,Male,Punjab,Patiala,246165,2018-03-22,10-20L,Regular,0,Beauty & Health,Email Campaign
CUST03267,Rahul Rao,user3267@email.com,57,Female,Uttar Pradesh,Kanpur,215883,2023-06-14,3-6L,VIP,1,Home & Kitchen,Referral
CUST03268,Manoj Joshi,user3268@email.com,24,Female,West Bengal,Howrah,722039,2020-10-12,>20L,Regular,0,Office Supplies,Email Campaign
CUST03269,Aditi Mishra,user3269@email.com,40,Female,Rajasthan,Kota,955164,2019-10-17,10-20L,Premium,0,Toys & Games,Referral
CUST03270,Pooja Nair,user3270@email.com,26,Male,Maharashtra,Mumbai,857766,2021-12-08,<3L,Premium,1,Fashion,Social Media
CUST03271,Aditya Verma,user3271@email.com,31,Female,Andhra Pradesh,Tirupati,305502,2022-07-06,<3L,Regular,1,Automotive,Organic Search
CUST03272,Sneha Pandey,user3272@email.com,52,Female,Andhra Pradesh,Nellore,551176,2020-09-23,3-6L,Premium,0,Toys & Games,Paid Ads
CUST03273,Divya Singh,user3273@email.com,25,Male,Telangana,Khammam,332084,2022-04-14,10-20L,Regular,0,Books,Email Campaign
CUST03274,Siddharth Sharma,user3274@email.com,39,Female,Tamil Nadu,Trichy,268587,2023-06-12,3-6L,New,1,Beauty & Health,Organic Search
CUST03275,Aditi Nair,user3275@email.com,20,Female,Andhra Pradesh,Nellore,518353,2020-05-28,10-20L,New,1,Grocery,Paid Ads
CUST03276,Rahul Shah,user3276@email.com,32,Male,Rajasthan,Kota,695857,2019-03-05,<3L,Regular,0,Office Supplies,Organic Search
CUST03277,Aditya Verma,user3277@email.com,41,Male,Karnataka,Mysuru,893546,2020-09-22,3-6L,Regular,0,Grocery,Paid Ads
CUST03278,Tanvi Banerjee,user3278@email.com,56,Male,Karnataka,Mysuru,647943,2020-12-24,6-10L,VIP,1,Electronics,Referral
CUST03279,Shreya Mishra,user3279@email.com,45,Male,Karnataka,Hubli,393155,2022-09-09,10-20L,New,1,Electronics,Email Campaign
CUST03280,Divya Mishra,user3280@email.com,46,Male,Haryana,Hisar,577692,2020-10-28,3-6L,Regular,1,Beauty & Health,Paid Ads
CUST03281,Pooja Iyer,user3281@email.com,24,Male,Punjab,Jalandhar,946636,2021-09-10,3-6L,Premium,0,Toys & Games,App Store
CUST03282,Yash Patel,user3282@email.com,38,Male,Gujarat,Vadodara,653424,2018-05-09,6-10L,VIP,0,Office Supplies,Social Media
CUST03283,Ananya Reddy,user3283@email.com,28,Male,Uttar Pradesh,Varanasi,909308,2018-09-13,6-10L,Regular,0,Sports & Fitness,Paid Ads
CUST03284,Akash Pandey,user3284@email.com,20,Male,Tamil Nadu,Coimbatore,505778,2023-03-12,10-20L,Regular,0,Electronics,Referral
CUST03285,Arjun Kumar,user3285@email.com,37,Female,Delhi,Noida,860871,2023-06-09,6-10L,Regular,0,Fashion,Organic Search
CUST03286,Deepika Nair,user3286@email.com,18,Female,Delhi,Ghaziabad,890382,2019-08-27,3-6L,Regular,0,Grocery,Email Campaign
CUST03287,Manoj Reddy,user3287@email.com,58,Female,Andhra Pradesh,Vijayawada,402364,2022-06-01,6-10L,VIP,1,Grocery,Organic Search
CUST03288,Mihir Mehta,user3288@email.com,32,Male,Haryana,Panipat,121190,2018-10-23,10-20L,Premium,1,Grocery,Referral
CUST03289,Isha Joshi,user3289@email.com,47,Male,Delhi,Ghaziabad,911889,2018-08-03,>20L,Regular,0,Beauty & Health,Organic Search
CUST03290,Priya Kumar,user3290@email.com,24,Male,West Bengal,Asansol,803790,2022-07-17,3-6L,VIP,0,Automotive,Email Campaign
CUST03291,Aarav Gupta,user3291@email.com,49,Male,Uttar Pradesh,Agra,497421,2020-11-04,>20L,Regular,1,Electronics,Organic Search
CUST03292,Ishaan Sharma,user3292@email.com,23,Female,Bihar,Darbhanga,704953,2018-08-04,6-10L,Regular,1,Office Supplies,Paid Ads
CUST03293,Arjun Kumar,user3293@email.com,44,Male,Rajasthan,Kota,589718,2018-09-19,3-6L,Regular,0,Automotive,Organic Search
CUST03294,Tanvi Banerjee,user3294@email.com,55,Male,Haryana,Rohtak,304045,2021-04-04,10-20L,Regular,1,Grocery,Organic Search
CUST03295,Varun Pandey,user3295@email.com,47,Male,West Bengal,Kolkata,411393,2019-03-07,<3L,Premium,0,Fashion,Referral
CUST03296,Nisha Pillai,user3296@email.com,50,Male,Gujarat,Gandhinagar,978520,2021-06-04,<3L,Regular,0,Sports & Fitness,Paid Ads
CUST03297,Yash Malhotra,user3297@email.com,26,Female,Maharashtra,Thane,201682,2018-05-13,3-6L,New,0,Sports & Fitness,Organic Search
CUST03298,Rohit Trivedi,user3298@email.com,48,Female,Kerala,Thrissur,172963,2020-01-20,<3L,Regular,0,Automotive,Organic Search
CUST03299,Varun Nair,user3299@email.com,48,Male,Tamil Nadu,Coimbatore,720041,2022-03-30,6-10L,New,0,Electronics,Paid Ads
CUST03300,Rohit Pandey,user3300@email.com,24,Male,Haryana,Faridabad,728156,2019-12-26,3-6L,Premium,0,Home & Kitchen,Organic Search
CUST03301,Manoj Pandey,user3301@email.com,41,Female,Karnataka,Bengaluru,758724,2022-09-08,>20L,VIP,1,Office Supplies,Referral
CUST03302,Aditya Joshi,user3302@email.com,27,Male,Kerala,Kochi,159071,2022-06-26,>20L,Regular,0,Home & Kitchen,Organic Search
CUST03303,Karan Mehta,user3303@email.com,50,Female,Madhya Pradesh,Ujjain,196323,2021-07-06,<3L,Premium,1,Electronics,Referral
CUST03304,Nisha Agarwal,user3304@email.com,53,Female,Tamil Nadu,Chennai,299338,2019-11-23,>20L,Regular,0,Automotive,Paid Ads
CUST03305,Rohit Reddy,user3305@email.com,38,Male,Punjab,Ludhiana,985015,2018-12-10,3-6L,Regular,0,Electronics,Organic Search
CUST03306,Yash Trivedi,user3306@email.com,27,Male,Maharashtra,Pune,595385,2019-11-19,10-20L,Regular,0,Fashion,Organic Search
CUST03307,Aditya Banerjee,user3307@email.com,19,Female,Madhya Pradesh,Ujjain,244745,2022-11-14,>20L,Premium,1,Grocery,Organic Search
CUST03308,Ishaan Joshi,user3308@email.com,29,Female,Kerala,Kozhikode,588619,2019-02-24,3-6L,Regular,1,Fashion,Referral
CUST03309,Aditya Joshi,user3309@email.com,52,Female,Madhya Pradesh,Bhopal,773725,2022-07-24,>20L,Premium,0,Office Supplies,Email Campaign
CUST03310,Aditya Gupta,user3310@email.com,26,Male,Telangana,Warangal,726046,2022-04-05,10-20L,VIP,1,Office Supplies,Social Media
CUST03311,Shreya Gupta,user3311@email.com,43,Female,Karnataka,Mysuru,280322,2020-12-20,6-10L,Premium,0,Toys & Games,Social Media
CUST03312,Akash Singh,user3312@email.com,42,Male,Delhi,Faridabad,967299,2023-11-03,6-10L,Premium,0,Electronics,Email Campaign
CUST03313,Sunita Mehta,user3313@email.com,45,Female,Delhi,Noida,466593,2018-09-26,3-6L,Regular,1,Automotive,Referral
CUST03314,Ishaan Rao,user3314@email.com,45,Female,Andhra Pradesh,Vijayawada,164431,2021-12-22,6-10L,Regular,0,Fashion,Paid Ads
CUST03315,Isha Shah,user3315@email.com,20,Female,Haryana,Hisar,126591,2022-02-23,3-6L,Regular,0,Home & Kitchen,Referral
CUST03316,Akash Sharma,user3316@email.com,57,Female,Punjab,Chandigarh,883610,2023-09-16,<3L,New,0,Books,Organic Search
CUST03317,Amit Agarwal,user3317@email.com,59,Male,Bihar,Patna,266998,2021-09-30,<3L,Regular,1,Sports & Fitness,Paid Ads
CUST03318,Aditya Nair,user3318@email.com,20,Female,Gujarat,Ahmedabad,281961,2022-10-18,<3L,Regular,0,Automotive,Email Campaign
CUST03319,Ishaan Reddy,user3319@email.com,21,Female,Uttar Pradesh,Kanpur,583028,2022-07-27,<3L,New,0,Sports & Fitness,App Store
CUST03320,Yash Mehta,user3320@email.com,43,Male,Bihar,Darbhanga,507419,2021-11-22,>20L,VIP,1,Sports & Fitness,Organic Search
CUST03321,Manoj Shah,user3321@email.com,41,Male,Bihar,Bhagalpur,122432,2023-08-01,6-10L,Regular,0,Office Supplies,App Store
CUST03322,Meera Iyer,user3322@email.com,21,Male,Rajasthan,Jodhpur,824524,2019-02-28,3-6L,Premium,0,Toys & Games,Organic Search
CUST03323,Meera Joshi,user3323@email.com,20,Female,Telangana,Nizamabad,904818,2023-03-03,3-6L,New,1,Beauty & Health,Social Media
CUST03324,Sneha Kumar,user3324@email.com,34,Female,Telangana,Karimnagar,604391,2023-08-25,3-6L,Premium,1,Home & Kitchen,Paid Ads
CUST03325,Aditya Verma,user3325@email.com,33,Male,Kerala,Thrissur,372073,2023-10-02,>20L,Regular,1,Books,Paid Ads
CUST03326,Shreya Gupta,user3326@email.com,45,Male,Karnataka,Mysuru,968615,2022-11-28,3-6L,Regular,0,Home & Kitchen,Social Media
CUST03327,Akash Mishra,user3327@email.com,19,Male,Kerala,Kochi,928765,2019-04-10,<3L,Regular,0,Home & Kitchen,Organic Search
CUST03328,Vikram Singh,user3328@email.com,19,Female,Bihar,Gaya,762128,2020-01-17,<3L,Regular,0,Electronics,Paid Ads
CUST03329,Aditya Sharma,user3329@email.com,33,Female,Punjab,Amritsar,718050,2019-05-27,3-6L,Premium,0,Beauty & Health,Email Campaign
CUST03330,Nisha Singh,user3330@email.com,31,Female,Telangana,Karimnagar,179108,2021-02-11,3-6L,New,0,Office Supplies,Paid Ads
CUST03331,Rohit Agarwal,user3331@email.com,28,Male,Rajasthan,Jodhpur,305275,2023-12-14,3-6L,Regular,0,Beauty & Health,Paid Ads
CUST03332,Rohit Malhotra,user3332@email.com,28,Male,Telangana,Khammam,900717,2023-11-28,<3L,Regular,0,Grocery,Organic Search
CUST03333,Priya Gupta,user3333@email.com,22,Female,Haryana,Hisar,288152,2018-10-26,<3L,Regular,0,Home & Kitchen,Social Media
CUST03334,Amit Singh,user3334@email.com,51,Female,Kerala,Kochi,487092,2022-09-30,3-6L,Regular,0,Fashion,Organic Search
CUST03335,Mihir Trivedi,user3335@email.com,54,Female,Bihar,Muzaffarpur,527090,2021-05-17,6-10L,New,0,Electronics,Organic Search
CUST03336,Divya Nair,user3336@email.com,58,Male,Tamil Nadu,Trichy,987751,2018-07-03,6-10L,Regular,0,Office Supplies,Organic Search
CUST03337,Rahul Pandey,user3337@email.com,18,Male,Kerala,Kochi,780040,2018-08-29,3-6L,New,1,Electronics,Organic Search
CUST03338,Ananya Verma,user3338@email.com,38,Female,Tamil Nadu,Salem,306547,2018-06-01,3-6L,Regular,1,Toys & Games,Organic Search
CUST03339,Nisha Kumar,user3339@email.com,45,Female,Bihar,Gaya,735787,2023-09-02,6-10L,Premium,0,Sports & Fitness,Organic Search
CUST03340,Rajesh Malhotra,user3340@email.com,58,Male,Madhya Pradesh,Jabalpur,422485,2019-03-12,3-6L,VIP,0,Toys & Games,Social Media
CUST03341,Meera Verma,user3341@email.com,26,Female,Rajasthan,Ajmer,591514,2021-03-15,<3L,New,1,Fashion,Email Campaign
CUST03342,Tanvi Banerjee,user3342@email.com,43,Male,Uttar Pradesh,Kanpur,987064,2022-08-13,10-20L,Regular,0,Sports & Fitness,App Store
CUST03343,Varun Singh,user3343@email.com,54,Other,Kerala,Kollam,674621,2023-03-07,3-6L,New,0,Sports & Fitness,Organic Search
CUST03344,Isha Patel,user3344@email.com,47,Male,Karnataka,Hubli,209652,2021-06-12,<3L,Regular,1,Sports & Fitness,Social Media
CUST03345,Aarav Patel,user3345@email.com,53,Male,Maharashtra,Pune,807115,2018-08-25,<3L,Premium,1,Home & Kitchen,Organic Search
CUST03346,Pooja Joshi,user3346@email.com,53,Female,Gujarat,Rajkot,808581,2020-09-16,3-6L,Regular,0,Office Supplies,Referral
CUST03347,Priya Joshi,user3347@email.com,26,Female,Andhra Pradesh,Visakhapatnam,611397,2020-11-05,10-20L,Premium,0,Fashion,Paid Ads
CUST03348,Ishaan Shah,user3348@email.com,48,Male,Telangana,Karimnagar,258264,2023-05-16,<3L,Regular,0,Sports & Fitness,Organic Search
CUST03349,Akash Sharma,user3349@email.com,37,Female,Karnataka,Bengaluru,850704,2019-01-13,3-6L,VIP,0,Beauty & Health,Organic Search
CUST03350,Tanvi Joshi,user3350@email.com,50,Male,Rajasthan,Udaipur,946419,2021-02-22,6-10L,Premium,0,Books,Social Media
CUST03351,Siddharth Shah,user3351@email.com,22,Male,Rajasthan,Jaipur,631268,2023-04-24,6-10L,New,0,Office Supplies,Paid Ads
CUST03352,Rahul Mishra,user3352@email.com,34,Female,Madhya Pradesh,Bhopal,632942,2022-10-20,10-20L,New,0,Beauty & Health,Paid Ads
CUST03353,Kavya Reddy,user3353@email.com,52,Female,Punjab,Patiala,668848,2023-08-19,<3L,Regular,1,Automotive,Paid Ads
CUST03354,Varun Sharma,user3354@email.com,21,Female,Kerala,Kochi,567744,2022-08-31,<3L,Regular,1,Home & Kitchen,Paid Ads
CUST03355,Rajesh Mehta,user3355@email.com,54,Female,Karnataka,Bengaluru,110674,2023-09-29,3-6L,Regular,1,Sports & Fitness,Organic Search
CUST03356,Kavya Mehta,user3356@email.com,22,Female,Haryana,Faridabad,650815,2020-04-14,>20L,VIP,0,Automotive,Organic Search
CUST03357,Sanjay Pandey,user3357@email.com,24,Female,Bihar,Muzaffarpur,619918,2018-01-30,10-20L,New,1,Sports & Fitness,Referral
CUST03358,Anjali Kumar,user3358@email.com,38,Male,West Bengal,Asansol,518675,2018-09-18,6-10L,New,1,Automotive,Organic Search
CUST03359,Aarav Nair,user3359@email.com,19,Male,Kerala,Thiruvananthapuram,293518,2022-06-21,<3L,Regular,0,Office Supplies,Organic Search
CUST03360,Karan Iyer,user3360@email.com,57,Female,Gujarat,Vadodara,462955,2023-02-05,<3L,Regular,0,Electronics,Organic Search
CUST03361,Divya Banerjee,user3361@email.com,32,Male,West Bengal,Kolkata,451212,2018-05-09,10-20L,Regular,0,Sports & Fitness,Referral
CUST03362,Vikram Reddy,user3362@email.com,35,Male,Uttar Pradesh,Allahabad,995768,2021-05-21,3-6L,Regular,1,Office Supplies,Email Campaign
CUST03363,Mihir Rao,user3363@email.com,31,Female,Punjab,Patiala,237389,2018-08-28,10-20L,New,0,Office Supplies,Social Media
CUST03364,Vikram Reddy,user3364@email.com,54,Female,Madhya Pradesh,Indore,973324,2023-07-26,3-6L,New,0,Beauty & Health,Email Campaign
CUST03365,Aditya Singh,user3365@email.com,25,Male,Delhi,New Delhi,104912,2021-12-29,3-6L,Regular,1,Office Supplies,Social Media
CUST03366,Meera Reddy,user3366@email.com,56,Male,Kerala,Kozhikode,847252,2023-09-07,3-6L,VIP,0,Toys & Games,Social Media
CUST03367,Vikram Pandey,user3367@email.com,42,Male,Punjab,Jalandhar,821058,2023-06-10,10-20L,VIP,0,Office Supplies,Organic Search
CUST03368,Anjali Malhotra,user3368@email.com,58,Female,Karnataka,Mangaluru,832411,2019-12-06,6-10L,Regular,1,Fashion,Referral
CUST03369,Divya Patel,user3369@email.com,34,Male,Kerala,Kochi,829573,2020-08-26,<3L,Premium,0,Office Supplies,Referral
CUST03370,Pooja Reddy,user3370@email.com,45,Male,Telangana,Hyderabad,218202,2019-09-13,3-6L,Regular,0,Books,App Store
CUST03371,Anjali Pillai,user3371@email.com,51,Female,Madhya Pradesh,Gwalior,962332,2019-02-26,6-10L,New,1,Office Supplies,Email Campaign
CUST03372,Rajesh Patel,user3372@email.com,60,Male,Bihar,Muzaffarpur,659806,2020-05-03,10-20L,Regular,0,Home & Kitchen,Paid Ads
CUST03373,Sanjay Trivedi,user3373@email.com,20,Female,Punjab,Patiala,232271,2020-01-09,<3L,Premium,1,Office Supplies,Email Campaign
CUST03374,Rajesh Banerjee,user3374@email.com,19,Female,Haryana,Gurugram,231029,2021-07-12,6-10L,Regular,0,Books,Social Media
CUST03375,Sneha Kumar,user3375@email.com,29,Male,Andhra Pradesh,Vijayawada,478564,2019-06-18,6-10L,Premium,1,Grocery,Referral
CUST03376,Ishaan Mishra,user3376@email.com,49,Male,Maharashtra,Mumbai,861723,2018-10-10,3-6L,Regular,0,Beauty & Health,Referral
CUST03377,Arjun Pandey,user3377@email.com,39,Male,Delhi,New Delhi,758928,2019-08-22,3-6L,Premium,0,Automotive,Organic Search
CUST03378,Ishaan Rao,user3378@email.com,34,Male,Gujarat,Rajkot,183046,2021-03-29,<3L,Premium,0,Books,Email Campaign
CUST03379,Rohit Joshi,user3379@email.com,25,Male,Uttar Pradesh,Kanpur,891117,2021-08-25,>20L,Regular,1,Books,Email Campaign
CUST03380,Ananya Pandey,user3380@email.com,49,Male,Bihar,Patna,477768,2019-08-15,6-10L,Regular,0,Electronics,Social Media
CUST03381,Aarav Mishra,user3381@email.com,58,Female,Rajasthan,Jodhpur,302019,2021-11-20,10-20L,Premium,0,Books,Social Media
CUST03382,Pooja Pillai,user3382@email.com,49,Female,Madhya Pradesh,Indore,132492,2022-04-18,>20L,Regular,1,Home & Kitchen,Social Media
CUST03383,Rajesh Nair,user3383@email.com,57,Female,Karnataka,Hubli,567457,2022-08-23,10-20L,Regular,0,Automotive,Email Campaign
CUST03384,Divya Joshi,user3384@email.com,19,Male,Tamil Nadu,Salem,295391,2022-06-04,3-6L,Regular,0,Office Supplies,Referral
CUST03385,Varun Verma,user3385@email.com,41,Female,Karnataka,Hubli,764165,2019-09-04,<3L,Premium,0,Electronics,Organic Search
CUST03386,Tanvi Pandey,user3386@email.com,30,Female,West Bengal,Howrah,636911,2023-11-05,10-20L,Regular,1,Automotive,Referral
CUST03387,Riya Rao,user3387@email.com,32,Male,West Bengal,Durgapur,526143,2021-06-13,3-6L,VIP,0,Home & Kitchen,Organic Search
CUST03388,Priya Mishra,user3388@email.com,52,Female,Madhya Pradesh,Jabalpur,701829,2019-08-22,3-6L,Regular,0,Sports & Fitness,Email Campaign
CUST03389,Priya Sharma,user3389@email.com,20,Female,Delhi,Ghaziabad,147370,2022-11-07,3-6L,New,1,Grocery,Referral
CUST03390,Sunita Verma,user3390@email.com,45,Male,Kerala,Kozhikode,818148,2022-07-27,3-6L,VIP,0,Fashion,Email Campaign
CUST03391,Yash Joshi,user3391@email.com,53,Male,Tamil Nadu,Madurai,802395,2019-10-09,3-6L,Regular,0,Automotive,Referral
CUST03392,Siddharth Joshi,user3392@email.com,54,Male,Punjab,Patiala,399888,2021-03-12,3-6L,Premium,0,Books,Email Campaign
CUST03393,Tanvi Sharma,user3393@email.com,46,Female,Telangana,Karimnagar,161142,2022-04-05,3-6L,New,0,Books,Referral
CUST03394,Ananya Agarwal,user3394@email.com,60,Male,Punjab,Patiala,678627,2021-11-17,<3L,Regular,0,Grocery,Organic Search
CUST03395,Vikram Joshi,user3395@email.com,41,Male,Uttar Pradesh,Kanpur,124543,2019-04-27,<3L,Regular,1,Grocery,Referral
CUST03396,Priya Verma,user3396@email.com,24,Female,Maharashtra,Nashik,366894,2019-06-10,<3L,New,1,Fashion,Paid Ads
CUST03397,Amit Malhotra,user3397@email.com,58,Female,Andhra Pradesh,Nellore,187686,2023-05-13,10-20L,Regular,0,Automotive,Paid Ads
CUST03398,Sunita Singh,user3398@email.com,44,Female,Karnataka,Mangaluru,599398,2020-02-15,3-6L,Regular,0,Home & Kitchen,Paid Ads
CUST03399,Rajesh Reddy,user3399@email.com,21,Male,Uttar Pradesh,Agra,117978,2019-04-28,>20L,Regular,0,Sports & Fitness,Organic Search
CUST03400,Aditya Gupta,user3400@email.com,24,Female,Telangana,Hyderabad,716317,2023-04-22,3-6L,Regular,0,Beauty & Health,Organic Search
CUST03401,Sunita Iyer,user3401@email.com,26,Female,Gujarat,Gandhinagar,147966,2021-08-18,10-20L,Regular,1,Books,Referral
CUST03402,Anjali Patel,user3402@email.com,24,Female,Maharashtra,Pune,607556,2022-12-04,>20L,Premium,0,Office Supplies,Organic Search
CUST03403,Amit Pillai,user3403@email.com,37,Female,Punjab,Chandigarh,527752,2022-05-18,6-10L,Regular,0,Toys & Games,Referral
CUST03404,Rajesh Banerjee,user3404@email.com,49,Male,Gujarat,Rajkot,151734,2020-04-08,3-6L,Regular,0,Fashion,Social Media
CUST03405,Rohit Banerjee,user3405@email.com,32,Female,Bihar,Darbhanga,437320,2023-12-20,<3L,Premium,0,Fashion,Organic Search
CUST03406,Pooja Joshi,user3406@email.com,42,Male,West Bengal,Durgapur,235607,2018-02-21,3-6L,Regular,1,Sports & Fitness,Organic Search
CUST03407,Kavya Banerjee,user3407@email.com,60,Female,Gujarat,Vadodara,340766,2018-10-11,<3L,Regular,1,Sports & Fitness,Paid Ads
CUST03408,Akash Malhotra,user3408@email.com,28,Male,Telangana,Warangal,455717,2018-09-20,6-10L,New,0,Home & Kitchen,Social Media
CUST03409,Divya Rao,user3409@email.com,42,Female,Gujarat,Surat,736012,2018-08-24,10-20L,Regular,0,Electronics,Organic Search
CUST03410,Priya Nair,user3410@email.com,33,Female,Delhi,Faridabad,422855,2021-08-28,3-6L,Regular,0,Grocery,Email Campaign
CUST03411,Siddharth Shah,user3411@email.com,44,Other,Delhi,Ghaziabad,497576,2018-08-14,6-10L,Regular,0,Electronics,Email Campaign
CUST03412,Aarav Nair,user3412@email.com,40,Female,Haryana,Faridabad,732778,2020-04-02,10-20L,Premium,0,Electronics,Referral
CUST03413,Nisha Singh,user3413@email.com,59,Male,Bihar,Patna,188404,2021-02-22,3-6L,Premium,1,Grocery,Paid Ads
CUST03414,Ishaan Agarwal,user3414@email.com,29,Other,Madhya Pradesh,Gwalior,848493,2018-08-22,3-6L,Regular,0,Electronics,Referral
CUST03415,Rohit Pillai,user3415@email.com,44,Male,Bihar,Muzaffarpur,538898,2021-07-31,10-20L,Premium,0,Books,Social Media
CUST03416,Deepika Singh,user3416@email.com,33,Male,Madhya Pradesh,Ujjain,506811,2021-06-22,3-6L,VIP,1,Beauty & Health,Paid Ads
CUST03417,Sunita Kumar,user3417@email.com,46,Female,Maharashtra,Nagpur,663281,2019-05-25,10-20L,Regular,0,Toys & Games,Organic Search
CUST03418,Aditya Agarwal,user3418@email.com,23,Female,Karnataka,Mysuru,465223,2019-08-13,<3L,Regular,1,Grocery,Paid Ads
CUST03419,Riya Kumar,user3419@email.com,24,Male,Gujarat,Rajkot,618290,2022-09-23,3-6L,Regular,1,Sports & Fitness,Email Campaign
CUST03420,Varun Joshi,user3420@email.com,52,Male,Delhi,New Delhi,791093,2022-04-29,>20L,VIP,0,Beauty & Health,Organic Search
CUST03421,Anjali Pillai,user3421@email.com,42,Male,Haryana,Hisar,339179,2018-04-19,6-10L,Premium,1,Toys & Games,Social Media
CUST03422,Mihir Agarwal,user3422@email.com,52,Female,Haryana,Rohtak,284084,2021-12-29,6-10L,Regular,0,Office Supplies,Paid Ads
CUST03423,Varun Banerjee,user3423@email.com,54,Female,Rajasthan,Kota,167747,2018-02-16,6-10L,Regular,0,Toys & Games,Paid Ads
CUST03424,Nisha Sharma,user3424@email.com,26,Male,Gujarat,Surat,249836,2019-08-29,6-10L,New,1,Automotive,Paid Ads
CUST03425,Vikram Gupta,user3425@email.com,23,Female,West Bengal,Kolkata,369744,2022-07-20,10-20L,New,1,Office Supplies,App Store
CUST03426,Aditi Trivedi,user3426@email.com,24,Male,Karnataka,Belgaum,215261,2018-06-05,3-6L,Premium,0,Grocery,Organic Search
CUST03427,Ananya Pandey,user3427@email.com,52,Female,Andhra Pradesh,Nellore,820502,2021-10-26,3-6L,Regular,0,Automotive,Referral
CUST03428,Sanjay Rao,user3428@email.com,60,Female,West Bengal,Asansol,912606,2023-07-08,6-10L,VIP,0,Grocery,Organic Search
CUST03429,Anjali Agarwal,user3429@email.com,37,Female,Punjab,Ludhiana,825836,2023-04-09,10-20L,New,0,Electronics,Referral
CUST03430,Riya Trivedi,user3430@email.com,52,Female,Punjab,Patiala,708092,2018-02-23,>20L,Regular,0,Sports & Fitness,Referral
CUST03431,Akash Patel,user3431@email.com,20,Male,Uttar Pradesh,Lucknow,995444,2020-06-02,<3L,Regular,0,Fashion,Paid Ads
CUST03432,Ishaan Banerjee,user3432@email.com,33,Male,Haryana,Panipat,410107,2018-01-18,>20L,Premium,0,Home & Kitchen,Referral
CUST03433,Karan Joshi,user3433@email.com,33,Other,Bihar,Gaya,678442,2023-07-23,3-6L,Premium,0,Books,Referral
CUST03434,Tanvi Patel,user3434@email.com,19,Female,Kerala,Thrissur,638476,2021-12-01,6-10L,Regular,1,Sports & Fitness,Email Campaign
CUST03435,Aditi Mehta,user3435@email.com,60,Male,Delhi,Gurgaon,723954,2022-08-07,>20L,Regular,0,Home & Kitchen,Organic Search
CUST03436,Pooja Rao,user3436@email.com,24,Male,Karnataka,Bengaluru,510370,2022-07-30,10-20L,Regular,1,Automotive,Email Campaign
CUST03437,Karan Agarwal,user3437@email.com,35,Male,West Bengal,Howrah,592921,2020-12-02,<3L,Regular,0,Office Supplies,Email Campaign
CUST03438,Kavya Sharma,user3438@email.com,30,Female,Delhi,Faridabad,652573,2023-05-26,6-10L,Regular,0,Sports & Fitness,Organic Search
CUST03439,Rahul Shah,user3439@email.com,57,Female,Bihar,Gaya,521244,2020-03-18,10-20L,VIP,1,Grocery,App Store
CUST03440,Priya Singh,user3440@email.com,46,Female,Bihar,Bhagalpur,179246,2018-02-11,3-6L,Regular,0,Fashion,Referral
CUST03441,Aarav Rao,user3441@email.com,37,Female,Bihar,Bhagalpur,707529,2019-07-10,>20L,New,1,Books,Organic Search
CUST03442,Rohit Singh,user3442@email.com,41,Female,Kerala,Kozhikode,133252,2020-02-24,10-20L,Premium,0,Office Supplies,Organic Search
CUST03443,Arjun Malhotra,user3443@email.com,38,Male,Telangana,Karimnagar,138472,2020-12-02,10-20L,New,0,Sports & Fitness,Organic Search
CUST03444,Sunita Verma,user3444@email.com,19,Female,Gujarat,Vadodara,325333,2021-06-11,3-6L,VIP,1,Office Supplies,Paid Ads
CUST03445,Pooja Sharma,user3445@email.com,24,Male,West Bengal,Durgapur,903738,2020-12-19,6-10L,Regular,0,Sports & Fitness,Email Campaign
CUST03446,Sanjay Nair,user3446@email.com,18,Female,Tamil Nadu,Trichy,848794,2019-11-19,6-10L,VIP,0,Fashion,Organic Search
CUST03447,Tanvi Sharma,user3447@email.com,45,Male,Kerala,Kozhikode,176273,2023-09-24,<3L,Regular,0,Books,Email Campaign
CUST03448,Rahul Gupta,user3448@email.com,29,Male,Telangana,Hyderabad,893041,2021-11-07,6-10L,Regular,1,Office Supplies,Referral
CUST03449,Meera Banerjee,user3449@email.com,19,Male,Rajasthan,Ajmer,702641,2020-10-03,3-6L,Regular,0,Toys & Games,Organic Search
CUST03450,Karan Banerjee,user3450@email.com,24,Female,Punjab,Patiala,286370,2023-12-24,3-6L,Premium,0,Home & Kitchen,Email Campaign
CUST03451,Aditi Joshi,user3451@email.com,33,Male,Madhya Pradesh,Indore,301489,2021-05-24,<3L,VIP,1,Grocery,App Store
CUST03452,Ishaan Singh,user3452@email.com,23,Female,West Bengal,Siliguri,206866,2020-07-23,<3L,Premium,1,Fashion,Referral
CUST03453,Ananya Pandey,user3453@email.com,53,Other,Telangana,Hyderabad,953429,2021-03-13,10-20L,Regular,1,Fashion,Social Media
CUST03454,Rahul Trivedi,user3454@email.com,58,Female,Kerala,Kozhikode,658652,2021-03-12,<3L,VIP,0,Beauty & Health,Referral
CUST03455,Aditi Iyer,user3455@email.com,39,Female,Madhya Pradesh,Ujjain,223757,2018-10-04,6-10L,Regular,0,Home & Kitchen,Social Media
CUST03456,Rohit Trivedi,user3456@email.com,20,Female,Madhya Pradesh,Gwalior,964748,2022-08-18,<3L,Regular,1,Fashion,Referral
CUST03457,Akash Iyer,user3457@email.com,31,Female,Kerala,Kochi,867085,2019-06-26,3-6L,Premium,1,Grocery,Social Media
CUST03458,Amit Malhotra,user3458@email.com,44,Female,Haryana,Rohtak,188934,2022-05-05,<3L,Regular,1,Home & Kitchen,Social Media
CUST03459,Amit Reddy,user3459@email.com,29,Male,Haryana,Gurugram,121649,2018-10-11,3-6L,Regular,1,Beauty & Health,Organic Search
CUST03460,Ananya Joshi,user3460@email.com,52,Male,Delhi,Gurgaon,499458,2022-04-04,3-6L,New,0,Books,Paid Ads
CUST03461,Aditya Mehta,user3461@email.com,55,Female,Haryana,Hisar,259708,2018-01-31,3-6L,Regular,0,Books,Organic Search
CUST03462,Manoj Shah,user3462@email.com,51,Male,Gujarat,Surat,291838,2021-01-16,3-6L,Premium,0,Fashion,Social Media
CUST03463,Manoj Kumar,user3463@email.com,29,Male,Tamil Nadu,Salem,742565,2018-10-29,<3L,Premium,0,Sports & Fitness,Email Campaign
CUST03464,Meera Trivedi,user3464@email.com,28,Female,Delhi,Gurgaon,477341,2018-08-24,3-6L,Premium,1,Home & Kitchen,Referral
CUST03465,Deepika Agarwal,user3465@email.com,58,Female,Karnataka,Bengaluru,704396,2022-04-12,>20L,New,0,Books,Referral
CUST03466,Riya Shah,user3466@email.com,40,Female,Telangana,Hyderabad,818474,2021-08-22,6-10L,Regular,0,Beauty & Health,Organic Search
CUST03467,Amit Trivedi,user3467@email.com,35,Male,Bihar,Muzaffarpur,150366,2019-03-01,6-10L,Premium,0,Grocery,Referral
CUST03468,Karan Mehta,user3468@email.com,23,Male,Karnataka,Mysuru,241127,2021-11-25,3-6L,Regular,1,Office Supplies,Social Media
CUST03469,Utkarsh Rao,user3469@email.com,57,Male,Andhra Pradesh,Vijayawada,187110,2018-03-16,3-6L,Regular,1,Grocery,Social Media
CUST03470,Sunita Nair,user3470@email.com,59,Male,West Bengal,Kolkata,665763,2021-06-03,3-6L,New,1,Automotive,Organic Search
CUST03471,Amit Verma,user3471@email.com,49,Female,Gujarat,Vadodara,413282,2021-09-18,6-10L,Premium,0,Home & Kitchen,Paid Ads
CUST03472,Varun Malhotra,user3472@email.com,39,Female,Kerala,Thrissur,868733,2018-12-16,3-6L,Regular,0,Electronics,Organic Search
CUST03473,Akash Sharma,user3473@email.com,60,Female,Kerala,Thiruvananthapuram,438522,2018-05-08,3-6L,New,0,Automotive,Referral
CUST03474,Meera Agarwal,user3474@email.com,29,Male,Rajasthan,Ajmer,451453,2020-01-14,3-6L,Premium,1,Grocery,Organic Search
CUST03475,Utkarsh Sharma,user3475@email.com,35,Male,Punjab,Jalandhar,764989,2023-09-10,<3L,Regular,1,Fashion,Organic Search
CUST03476,Varun Sharma,user3476@email.com,39,Male,Delhi,Noida,991821,2023-04-18,>20L,New,0,Automotive,Email Campaign
CUST03477,Nisha Singh,user3477@email.com,26,Male,Karnataka,Mangaluru,392405,2022-07-04,6-10L,Premium,0,Grocery,Organic Search
CUST03478,Meera Verma,user3478@email.com,51,Male,Gujarat,Surat,180514,2023-02-12,10-20L,Regular,0,Books,Referral
CUST03479,Isha Patel,user3479@email.com,19,Female,Gujarat,Ahmedabad,979165,2023-06-27,3-6L,Regular,1,Toys & Games,Organic Search
CUST03480,Rohit Malhotra,user3480@email.com,57,Male,Maharashtra,Nagpur,536991,2023-10-05,6-10L,New,0,Grocery,Referral
CUST03481,Utkarsh Gupta,user3481@email.com,42,Male,Bihar,Patna,485308,2019-12-01,<3L,New,0,Toys & Games,Organic Search
CUST03482,Yash Agarwal,user3482@email.com,45,Female,Haryana,Faridabad,413045,2022-11-07,10-20L,New,0,Grocery,Social Media
CUST03483,Riya Singh,user3483@email.com,45,Male,West Bengal,Howrah,257679,2020-05-20,3-6L,New,0,Home & Kitchen,Social Media
CUST03484,Ananya Nair,user3484@email.com,19,Male,Haryana,Panipat,901617,2019-04-13,6-10L,Regular,1,Sports & Fitness,Paid Ads
CUST03485,Karan Singh,user3485@email.com,22,Male,Delhi,Gurgaon,741215,2021-12-05,>20L,New,1,Sports & Fitness,Social Media
CUST03486,Sneha Shah,user3486@email.com,21,Female,Uttar Pradesh,Kanpur,607289,2021-06-19,3-6L,Premium,1,Office Supplies,Social Media
CUST03487,Tanvi Banerjee,user3487@email.com,43,Male,Gujarat,Rajkot,327392,2020-05-24,<3L,Regular,1,Electronics,Organic Search
CUST03488,Vikram Iyer,user3488@email.com,46,Female,Kerala,Kozhikode,980677,2020-12-17,6-10L,New,0,Home & Kitchen,Organic Search
CUST03489,Meera Iyer,user3489@email.com,21,Female,Maharashtra,Nashik,469689,2020-08-31,<3L,New,1,Automotive,Organic Search
CUST03490,Sanjay Trivedi,user3490@email.com,46,Male,West Bengal,Kolkata,684743,2021-01-13,6-10L,New,0,Grocery,App Store
CUST03491,Riya Agarwal,user3491@email.com,24,Male,Karnataka,Hubli,195315,2018-05-13,3-6L,New,0,Books,Referral
CUST03492,Nisha Kumar,user3492@email.com,33,Male,Kerala,Kochi,491827,2019-12-28,>20L,Regular,1,Toys & Games,Organic Search
CUST03493,Yash Patel,user3493@email.com,49,Male,Haryana,Faridabad,186017,2021-07-29,<3L,Regular,0,Automotive,Organic Search
CUST03494,Mihir Nair,user3494@email.com,22,Male,Telangana,Nizamabad,962926,2023-08-25,3-6L,Premium,0,Books,Referral
CUST03495,Sneha Kumar,user3495@email.com,18,Male,Bihar,Gaya,692794,2023-05-22,6-10L,New,0,Home & Kitchen,Referral
CUST03496,Aditya Iyer,user3496@email.com,36,Female,Maharashtra,Pune,878652,2022-10-24,3-6L,New,0,Grocery,Email Campaign
CUST03497,Rohit Trivedi,user3497@email.com,35,Male,Karnataka,Hubli,504840,2022-10-24,<3L,Premium,0,Office Supplies,Referral
CUST03498,Divya Agarwal,user3498@email.com,58,Male,Bihar,Patna,751612,2018-12-10,6-10L,Regular,0,Grocery,Social Media
CUST03499,Arjun Pandey,user3499@email.com,52,Female,Rajasthan,Jaipur,251943,2020-08-28,10-20L,VIP,1,Electronics,Social Media
CUST03500,Rohit Gupta,user3500@email.com,46,Female,Uttar Pradesh,Lucknow,996389,2023-03-03,<3L,Regular,1,Beauty & Health,App Store
CUST03501,Tanvi Singh,user3501@email.com,22,Male,Karnataka,Hubli,605958,2018-05-31,6-10L,Regular,1,Automotive,App Store
CUST03502,Aditi Kumar,user3502@email.com,56,Male,Karnataka,Belgaum,791640,2022-10-11,3-6L,Regular,0,Sports & Fitness,Paid Ads
CUST03503,Siddharth Reddy,user3503@email.com,26,Female,Rajasthan,Jaipur,286113,2019-02-24,10-20L,Regular,0,Sports & Fitness,Referral
CUST03504,Mihir Trivedi,user3504@email.com,18,Male,Kerala,Thrissur,937589,2018-05-30,<3L,Premium,1,Fashion,Referral
CUST03505,Mihir Pillai,user3505@email.com,35,Male,Telangana,Nizamabad,232694,2023-11-05,3-6L,Premium,0,Home & Kitchen,Paid Ads
CUST03506,Varun Joshi,user3506@email.com,23,Female,Gujarat,Gandhinagar,474736,2022-12-14,>20L,New,0,Fashion,Email Campaign
CUST03507,Utkarsh Verma,user3507@email.com,34,Male,Tamil Nadu,Madurai,154348,2023-02-19,<3L,New,0,Home & Kitchen,Social Media
CUST03508,Vikram Agarwal,user3508@email.com,34,Male,Delhi,Gurgaon,229644,2023-07-31,3-6L,Regular,1,Grocery,Organic Search
CUST03509,Rahul Reddy,user3509@email.com,30,Female,Delhi,Noida,588626,2022-10-13,6-10L,Regular,1,Beauty & Health,Paid Ads
CUST03510,Ananya Agarwal,user3510@email.com,38,Male,Karnataka,Bengaluru,233459,2022-02-11,<3L,Premium,0,Office Supplies,Email Campaign
CUST03511,Sanjay Mishra,user3511@email.com,45,Female,Tamil Nadu,Coimbatore,459641,2018-08-08,3-6L,Regular,0,Toys & Games,Organic Search
CUST03512,Nisha Mishra,user3512@email.com,39,Female,West Bengal,Howrah,644634,2020-08-24,10-20L,New,1,Home & Kitchen,Social Media
CUST03513,Divya Kumar,user3513@email.com,55,Female,Punjab,Amritsar,329970,2020-02-25,<3L,Regular,1,Electronics,Social Media
CUST03514,Rajesh Verma,user3514@email.com,46,Male,Gujarat,Surat,582919,2018-10-29,3-6L,Regular,1,Electronics,Organic Search
CUST03515,Sanjay Joshi,user3515@email.com,41,Female,Madhya Pradesh,Bhopal,838243,2020-06-24,<3L,Regular,1,Automotive,Paid Ads
CUST03516,Rahul Trivedi,user3516@email.com,19,Female,Kerala,Kollam,535453,2018-10-25,10-20L,Regular,1,Office Supplies,Organic Search
CUST03517,Riya Iyer,user3517@email.com,42,Male,Rajasthan,Kota,559534,2019-09-23,3-6L,Regular,1,Office Supplies,Social Media
CUST03518,Priya Pandey,user3518@email.com,26,Other,Punjab,Chandigarh,585255,2020-10-26,<3L,Premium,0,Fashion,Referral
CUST03519,Tanvi Trivedi,user3519@email.com,48,Male,Andhra Pradesh,Visakhapatnam,521337,2022-10-09,3-6L,Regular,1,Beauty & Health,Organic Search
CUST03520,Utkarsh Patel,user3520@email.com,30,Male,Andhra Pradesh,Vijayawada,434804,2022-07-04,6-10L,Regular,0,Sports & Fitness,Social Media
CUST03521,Nisha Kumar,user3521@email.com,32,Female,Rajasthan,Jodhpur,352973,2020-04-03,>20L,Regular,0,Grocery,Organic Search
CUST03522,Riya Mehta,user3522@email.com,28,Male,Andhra Pradesh,Visakhapatnam,458693,2023-11-22,>20L,Premium,1,Office Supplies,Organic Search
CUST03523,Aditya Pandey,user3523@email.com,37,Male,Maharashtra,Nashik,458106,2023-04-24,6-10L,VIP,0,Home & Kitchen,Email Campaign
CUST03524,Nisha Verma,user3524@email.com,43,Female,Uttar Pradesh,Agra,943696,2018-11-13,<3L,Regular,1,Automotive,Paid Ads
CUST03525,Sunita Trivedi,user3525@email.com,22,Male,West Bengal,Howrah,133982,2019-09-04,6-10L,VIP,0,Beauty & Health,Social Media
CUST03526,Rohit Banerjee,user3526@email.com,50,Male,Telangana,Karimnagar,329060,2021-06-22,6-10L,Regular,0,Electronics,Email Campaign
CUST03527,Shreya Mehta,user3527@email.com,21,Male,West Bengal,Howrah,117512,2018-11-09,3-6L,Regular,1,Sports & Fitness,App Store
CUST03528,Siddharth Pillai,user3528@email.com,60,Female,Rajasthan,Ajmer,648906,2022-10-29,6-10L,Premium,1,Toys & Games,Paid Ads
CUST03529,Yash Trivedi,user3529@email.com,53,Male,Delhi,Noida,251491,2020-10-28,>20L,VIP,1,Fashion,Social Media
CUST03530,Isha Mehta,user3530@email.com,33,Male,Telangana,Warangal,592484,2021-10-17,6-10L,New,0,Fashion,Referral
CUST03531,Utkarsh Verma,user3531@email.com,58,Male,Kerala,Kochi,206556,2021-08-04,3-6L,Premium,0,Automotive,Social Media
CUST03532,Divya Shah,user3532@email.com,19,Female,Gujarat,Surat,854081,2021-09-12,>20L,VIP,1,Electronics,Organic Search
CUST03533,Akash Patel,user3533@email.com,53,Female,Rajasthan,Kota,707506,2018-05-10,>20L,New,1,Home & Kitchen,Paid Ads
CUST03534,Riya Rao,user3534@email.com,37,Male,Karnataka,Mangaluru,533031,2021-03-30,6-10L,Premium,0,Books,Social Media
CUST03535,Utkarsh Pandey,user3535@email.com,54,Male,Haryana,Hisar,503613,2019-08-08,3-6L,Premium,0,Automotive,Social Media
CUST03536,Mihir Banerjee,user3536@email.com,36,Male,Kerala,Kozhikode,192692,2019-11-06,3-6L,New,0,Electronics,Organic Search
CUST03537,Siddharth Banerjee,user3537@email.com,21,Female,Madhya Pradesh,Jabalpur,371057,2021-01-30,3-6L,Premium,0,Beauty & Health,Organic Search
CUST03538,Utkarsh Mishra,user3538@email.com,24,Male,Delhi,Faridabad,170705,2022-11-11,>20L,Premium,0,Automotive,App Store
CUST03539,Sunita Malhotra,user3539@email.com,49,Male,Maharashtra,Mumbai,493284,2018-07-18,>20L,Regular,1,Sports & Fitness,Email Campaign
CUST03540,Deepika Pandey,user3540@email.com,50,Male,Bihar,Darbhanga,141208,2019-03-15,6-10L,Premium,0,Books,Organic Search
CUST03541,Anjali Shah,user3541@email.com,45,Female,Telangana,Warangal,983593,2018-03-25,<3L,New,0,Electronics,Organic Search
CUST03542,Rajesh Mishra,user3542@email.com,40,Female,Tamil Nadu,Trichy,957028,2018-03-22,10-20L,Regular,0,Books,Social Media
CUST03543,Sanjay Nair,user3543@email.com,52,Female,Madhya Pradesh,Indore,126746,2020-01-31,10-20L,Premium,0,Automotive,Referral
CUST03544,Manoj Pandey,user3544@email.com,60,Male,Madhya Pradesh,Gwalior,301545,2023-07-27,3-6L,New,0,Fashion,Social Media
CUST03545,Deepika Shah,user3545@email.com,49,Female,Maharashtra,Mumbai,775614,2021-02-06,6-10L,VIP,0,Grocery,Email Campaign
CUST03546,Priya Trivedi,user3546@email.com,27,Female,Uttar Pradesh,Allahabad,669002,2018-03-18,3-6L,New,0,Grocery,Organic Search
CUST03547,Vikram Iyer,user3547@email.com,18,Female,Bihar,Bhagalpur,481006,2019-09-28,3-6L,New,1,Fashion,Organic Search
CUST03548,Anjali Agarwal,user3548@email.com,48,Male,Telangana,Hyderabad,978502,2019-09-12,10-20L,New,1,Grocery,Email Campaign
CUST03549,Amit Trivedi,user3549@email.com,54,Female,Punjab,Patiala,386512,2018-04-28,10-20L,Regular,1,Home & Kitchen,Email Campaign
CUST03550,Sunita Pillai,user3550@email.com,53,Female,Kerala,Kollam,546817,2022-01-03,3-6L,Regular,0,Automotive,Email Campaign
CUST03551,Rajesh Patel,user3551@email.com,20,Male,Tamil Nadu,Trichy,708927,2022-04-19,3-6L,New,0,Office Supplies,Paid Ads
CUST03552,Aditya Gupta,user3552@email.com,59,Male,Delhi,Faridabad,403418,2021-04-27,>20L,New,0,Beauty & Health,Social Media
CUST03553,Utkarsh Gupta,user3553@email.com,24,Female,Kerala,Kozhikode,375733,2023-04-09,3-6L,Regular,0,Office Supplies,Organic Search
CUST03554,Arjun Pandey,user3554@email.com,49,Male,Bihar,Darbhanga,468394,2021-10-08,<3L,Regular,0,Electronics,Paid Ads
CUST03555,Riya Malhotra,user3555@email.com,42,Male,Tamil Nadu,Madurai,129263,2021-11-07,<3L,New,0,Home & Kitchen,Email Campaign
CUST03556,Rohit Joshi,user3556@email.com,31,Male,Haryana,Panipat,913828,2018-02-27,6-10L,Regular,0,Books,Organic Search
CUST03557,Manoj Iyer,user3557@email.com,60,Female,Punjab,Patiala,901900,2022-11-14,10-20L,Regular,0,Grocery,Organic Search
CUST03558,Utkarsh Pillai,user3558@email.com,45,Female,Kerala,Thrissur,634610,2018-11-21,10-20L,Premium,0,Sports & Fitness,Email Campaign
CUST03559,Utkarsh Rao,user3559@email.com,39,Female,Punjab,Ludhiana,376898,2021-05-14,>20L,Regular,0,Toys & Games,Referral
CUST03560,Tanvi Rao,user3560@email.com,38,Male,Rajasthan,Ajmer,502171,2020-01-11,6-10L,Regular,0,Office Supplies,App Store
CUST03561,Akash Trivedi,user3561@email.com,33,Male,Gujarat,Gandhinagar,186243,2021-01-09,<3L,New,0,Fashion,Organic Search
CUST03562,Arjun Rao,user3562@email.com,42,Male,Bihar,Bhagalpur,401507,2022-06-13,3-6L,Regular,0,Fashion,Organic Search
CUST03563,Rohit Malhotra,user3563@email.com,45,Female,West Bengal,Siliguri,942216,2020-01-03,3-6L,Premium,1,Fashion,Social Media
CUST03564,Karan Pandey,user3564@email.com,39,Female,Maharashtra,Nashik,269527,2023-07-01,10-20L,Premium,0,Books,Paid Ads
CUST03565,Priya Trivedi,user3565@email.com,46,Male,Haryana,Gurugram,478348,2020-02-27,3-6L,New,0,Office Supplies,Organic Search
CUST03566,Divya Verma,user3566@email.com,51,Male,Maharashtra,Nagpur,523324,2019-08-07,6-10L,Regular,1,Beauty & Health,Organic Search
CUST03567,Arjun Agarwal,user3567@email.com,60,Female,Andhra Pradesh,Tirupati,501868,2019-08-05,>20L,VIP,0,Electronics,Referral
CUST03568,Rohit Rao,user3568@email.com,37,Male,Andhra Pradesh,Nellore,174054,2020-03-30,3-6L,Regular,0,Automotive,Email Campaign
CUST03569,Priya Shah,user3569@email.com,30,Female,Telangana,Khammam,741063,2022-02-02,<3L,Premium,0,Sports & Fitness,Paid Ads
CUST03570,Sneha Gupta,user3570@email.com,60,Male,Uttar Pradesh,Kanpur,526647,2023-03-03,6-10L,Regular,1,Automotive,Social Media
CUST03571,Pooja Verma,user3571@email.com,21,Male,Uttar Pradesh,Varanasi,451708,2018-05-21,10-20L,Regular,0,Sports & Fitness,Paid Ads
CUST03572,Meera Iyer,user3572@email.com,59,Male,Haryana,Rohtak,535316,2022-11-27,3-6L,Premium,0,Office Supplies,Email Campaign
CUST03573,Nisha Mehta,user3573@email.com,50,Female,Andhra Pradesh,Tirupati,980638,2021-03-29,3-6L,Regular,0,Automotive,Social Media
CUST03574,Rohit Nair,user3574@email.com,46,Male,Karnataka,Mangaluru,974784,2019-10-29,>20L,Premium,0,Toys & Games,Social Media
CUST03575,Siddharth Agarwal,user3575@email.com,54,Female,West Bengal,Siliguri,531980,2022-08-12,6-10L,Premium,1,Automotive,Paid Ads
CUST03576,Rajesh Pandey,user3576@email.com,37,Female,Tamil Nadu,Trichy,302696,2021-04-02,>20L,New,0,Grocery,Organic Search
CUST03577,Sneha Iyer,user3577@email.com,26,Female,Kerala,Kozhikode,244761,2020-05-06,>20L,Regular,0,Beauty & Health,Referral
CUST03578,Shreya Kumar,user3578@email.com,37,Female,Madhya Pradesh,Ujjain,551650,2021-09-19,>20L,VIP,0,Books,Organic Search
CUST03579,Manoj Agarwal,user3579@email.com,27,Female,Madhya Pradesh,Indore,512002,2020-06-27,<3L,VIP,1,Toys & Games,Social Media
CUST03580,Kavya Iyer,user3580@email.com,41,Male,Uttar Pradesh,Allahabad,711046,2018-04-03,3-6L,Regular,0,Automotive,Email Campaign
CUST03581,Karan Agarwal,user3581@email.com,37,Male,Haryana,Gurugram,442457,2021-06-08,<3L,New,0,Toys & Games,Organic Search
CUST03582,Shreya Pillai,user3582@email.com,35,Female,Kerala,Thrissur,269739,2023-06-04,6-10L,Regular,1,Automotive,Organic Search
CUST03583,Aditi Banerjee,user3583@email.com,38,Female,Gujarat,Rajkot,401860,2018-05-16,3-6L,Regular,0,Beauty & Health,Organic Search
CUST03584,Divya Pillai,user3584@email.com,58,Male,Rajasthan,Jaipur,352973,2022-12-07,10-20L,Premium,0,Fashion,Organic Search
CUST03585,Ishaan Singh,user3585@email.com,25,Female,Bihar,Darbhanga,528429,2023-12-14,6-10L,Regular,0,Home & Kitchen,Organic Search
CUST03586,Meera Singh,user3586@email.com,57,Female,Karnataka,Bengaluru,466087,2018-04-17,6-10L,Premium,1,Books,Social Media
CUST03587,Pooja Sharma,user3587@email.com,50,Male,Gujarat,Gandhinagar,455911,2022-07-08,3-6L,Premium,0,Home & Kitchen,Organic Search
CUST03588,Varun Reddy,user3588@email.com,34,Male,Madhya Pradesh,Indore,897033,2020-05-09,3-6L,Regular,0,Office Supplies,Referral
CUST03589,Riya Malhotra,user3589@email.com,18,Male,Bihar,Darbhanga,734852,2022-01-26,<3L,Premium,0,Home & Kitchen,Email Campaign
CUST03590,Mihir Patel,user3590@email.com,45,Female,Maharashtra,Nagpur,234794,2019-07-18,<3L,New,1,Toys & Games,Paid Ads
CUST03591,Utkarsh Mehta,user3591@email.com,46,Female,Karnataka,Belgaum,421808,2022-03-25,6-10L,New,0,Electronics,Social Media
CUST03592,Aarav Kumar,user3592@email.com,51,Female,West Bengal,Howrah,889591,2018-07-01,<3L,Premium,1,Office Supplies,Email Campaign
CUST03593,Priya Joshi,user3593@email.com,40,Male,Karnataka,Hubli,360362,2021-01-23,<3L,Regular,0,Electronics,Social Media
CUST03594,Rohit Malhotra,user3594@email.com,57,Male,Tamil Nadu,Madurai,844542,2023-12-26,3-6L,New,0,Fashion,Organic Search
CUST03595,Divya Iyer,user3595@email.com,29,Male,Telangana,Hyderabad,782361,2018-02-07,3-6L,Premium,1,Fashion,App Store
CUST03596,Deepika Kumar,user3596@email.com,39,Male,Haryana,Gurugram,722516,2022-05-26,3-6L,Premium,1,Books,Paid Ads
CUST03597,Anjali Mishra,user3597@email.com,59,Male,Kerala,Thiruvananthapuram,357795,2023-11-18,<3L,New,0,Sports & Fitness,Email Campaign
CUST03598,Isha Sharma,user3598@email.com,42,Female,Rajasthan,Ajmer,255410,2021-05-17,6-10L,Premium,1,Sports & Fitness,Email Campaign
CUST03599,Mihir Sharma,user3599@email.com,46,Other,Bihar,Darbhanga,267070,2020-07-22,10-20L,New,1,Home & Kitchen,Referral
CUST03600,Akash Nair,user3600@email.com,35,Male,Tamil Nadu,Coimbatore,355527,2023-02-21,<3L,New,0,Books,Organic Search
CUST03601,Vikram Shah,user3601@email.com,33,Male,Bihar,Gaya,423333,2020-09-03,3-6L,New,0,Office Supplies,Referral
CUST03602,Nisha Rao,user3602@email.com,47,Female,Telangana,Khammam,743446,2023-08-31,3-6L,New,0,Home & Kitchen,Referral
CUST03603,Isha Nair,user3603@email.com,21,Male,Karnataka,Hubli,832461,2019-08-04,6-10L,Regular,0,Sports & Fitness,Social Media
CUST03604,Isha Mishra,user3604@email.com,29,Male,Bihar,Darbhanga,526842,2022-11-07,3-6L,Regular,0,Beauty & Health,Referral
CUST03605,Tanvi Malhotra,user3605@email.com,42,Male,Tamil Nadu,Chennai,583248,2020-07-07,3-6L,Regular,0,Books,Organic Search
CUST03606,Manoj Banerjee,user3606@email.com,25,Male,Karnataka,Hubli,478364,2019-10-18,10-20L,New,1,Home & Kitchen,Social Media
CUST03607,Deepika Agarwal,user3607@email.com,18,Female,Maharashtra,Pune,629715,2019-09-27,6-10L,Premium,0,Grocery,Email Campaign
CUST03608,Sanjay Nair,user3608@email.com,44,Male,Madhya Pradesh,Gwalior,837117,2023-01-10,>20L,Premium,0,Home & Kitchen,Paid Ads
CUST03609,Mihir Malhotra,user3609@email.com,42,Female,Rajasthan,Udaipur,505448,2018-01-17,3-6L,Premium,0,Beauty & Health,Organic Search
CUST03610,Amit Agarwal,user3610@email.com,36,Female,Kerala,Thiruvananthapuram,616249,2019-07-14,6-10L,Regular,1,Beauty & Health,Organic Search
CUST03611,Aarav Pillai,user3611@email.com,39,Male,Madhya Pradesh,Indore,286281,2021-04-09,>20L,Regular,0,Beauty & Health,App Store
CUST03612,Aditya Pandey,user3612@email.com,40,Male,Rajasthan,Jaipur,304078,2023-10-03,6-10L,Regular,1,Grocery,Email Campaign
CUST03613,Siddharth Joshi,user3613@email.com,29,Male,Andhra Pradesh,Tirupati,925871,2018-10-04,6-10L,New,0,Office Supplies,Email Campaign
CUST03614,Tanvi Reddy,user3614@email.com,36,Female,Uttar Pradesh,Allahabad,970579,2018-07-24,6-10L,Premium,0,Electronics,Organic Search
CUST03615,Aditya Mishra,user3615@email.com,32,Male,Tamil Nadu,Salem,392974,2021-12-24,<3L,Regular,0,Books,Organic Search
CUST03616,Ananya Gupta,user3616@email.com,36,Female,West Bengal,Durgapur,607562,2022-04-22,>20L,VIP,1,Books,Paid Ads
CUST03617,Ishaan Singh,user3617@email.com,44,Male,Bihar,Darbhanga,393407,2018-10-29,3-6L,Premium,0,Grocery,Referral
CUST03618,Rajesh Pandey,user3618@email.com,55,Male,West Bengal,Howrah,821710,2022-01-08,3-6L,Regular,1,Fashion,Referral
CUST03619,Rajesh Pillai,user3619@email.com,21,Male,Rajasthan,Ajmer,602384,2020-10-05,6-10L,Regular,1,Sports & Fitness,Referral
CUST03620,Aditi Verma,user3620@email.com,20,Male,Madhya Pradesh,Bhopal,724538,2023-07-30,3-6L,Premium,1,Home & Kitchen,Social Media
CUST03621,Kavya Banerjee,user3621@email.com,56,Male,Haryana,Rohtak,601387,2022-06-03,>20L,Premium,0,Office Supplies,Social Media
CUST03622,Yash Singh,user3622@email.com,45,Female,West Bengal,Kolkata,487179,2019-04-02,6-10L,Regular,1,Home & Kitchen,Email Campaign
CUST03623,Riya Verma,user3623@email.com,36,Male,Karnataka,Bengaluru,119812,2018-08-04,3-6L,Premium,0,Beauty & Health,Organic Search
CUST03624,Sneha Gupta,user3624@email.com,56,Male,Madhya Pradesh,Bhopal,161707,2019-08-31,<3L,Regular,1,Books,Paid Ads
CUST03625,Aarav Pandey,user3625@email.com,24,Female,Bihar,Patna,728349,2018-04-04,10-20L,Regular,1,Automotive,Social Media
CUST03626,Sneha Rao,user3626@email.com,47,Male,Kerala,Thiruvananthapuram,521680,2021-09-12,3-6L,Regular,1,Grocery,Referral
CUST03627,Akash Kumar,user3627@email.com,37,Male,Punjab,Ludhiana,878932,2019-07-26,10-20L,VIP,0,Books,App Store
CUST03628,Aditya Reddy,user3628@email.com,24,Male,Bihar,Patna,590937,2020-04-14,10-20L,New,0,Beauty & Health,Paid Ads
CUST03629,Amit Pandey,user3629@email.com,38,Male,West Bengal,Siliguri,156845,2022-09-23,>20L,Regular,0,Beauty & Health,Paid Ads
CUST03630,Mihir Pandey,user3630@email.com,58,Male,Gujarat,Gandhinagar,517297,2018-07-03,>20L,New,0,Automotive,Referral
CUST03631,Pooja Mehta,user3631@email.com,26,Male,Karnataka,Mysuru,745073,2021-03-04,10-20L,Premium,0,Beauty & Health,Social Media
CUST03632,Rohit Reddy,user3632@email.com,40,Male,Gujarat,Gandhinagar,502167,2020-01-24,3-6L,Regular,0,Office Supplies,Social Media
CUST03633,Rajesh Iyer,user3633@email.com,52,Male,Bihar,Darbhanga,379398,2023-09-27,<3L,VIP,1,Grocery,Paid Ads
CUST03634,Aditi Trivedi,user3634@email.com,23,Female,Delhi,Noida,234128,2020-01-22,6-10L,Regular,0,Office Supplies,Referral
CUST03635,Isha Joshi,user3635@email.com,47,Female,Andhra Pradesh,Tirupati,638803,2022-01-28,6-10L,Premium,0,Electronics,Organic Search
CUST03636,Kavya Gupta,user3636@email.com,26,Female,Punjab,Patiala,401079,2019-12-13,3-6L,Premium,1,Fashion,Organic Search
CUST03637,Meera Kumar,user3637@email.com,45,Female,Karnataka,Hubli,372247,2023-11-08,6-10L,Premium,0,Automotive,Organic Search
CUST03638,Nisha Sharma,user3638@email.com,23,Male,Bihar,Darbhanga,453989,2022-05-28,3-6L,Regular,0,Fashion,Social Media
CUST03639,Isha Rao,user3639@email.com,58,Female,Uttar Pradesh,Agra,107465,2020-04-15,<3L,New,0,Office Supplies,Paid Ads
CUST03640,Arjun Sharma,user3640@email.com,36,Male,Delhi,Gurgaon,289111,2021-09-26,<3L,Regular,0,Home & Kitchen,Email Campaign
CUST03641,Isha Mishra,user3641@email.com,43,Male,Uttar Pradesh,Agra,757870,2023-05-05,10-20L,VIP,0,Toys & Games,Email Campaign
CUST03642,Sanjay Malhotra,user3642@email.com,31,Female,Haryana,Faridabad,139040,2020-04-15,3-6L,Regular,0,Electronics,Organic Search
CUST03643,Yash Malhotra,user3643@email.com,18,Male,Bihar,Muzaffarpur,670675,2019-07-15,10-20L,Regular,0,Home & Kitchen,Organic Search
CUST03644,Isha Pillai,user3644@email.com,35,Male,Rajasthan,Jodhpur,100441,2022-09-03,3-6L,New,1,Automotive,Email Campaign
CUST03645,Meera Kumar,user3645@email.com,19,Female,Andhra Pradesh,Visakhapatnam,811943,2019-05-31,3-6L,VIP,1,Beauty & Health,Social Media
CUST03646,Arjun Shah,user3646@email.com,60,Female,Madhya Pradesh,Indore,277888,2018-01-17,6-10L,Regular,1,Grocery,Paid Ads
CUST03647,Sunita Agarwal,user3647@email.com,53,Male,Rajasthan,Jaipur,172703,2018-05-09,6-10L,Regular,0,Books,Paid Ads
CUST03648,Yash Singh,user3648@email.com,58,Female,Uttar Pradesh,Varanasi,531560,2023-06-27,10-20L,VIP,0,Books,Referral
CUST03649,Amit Gupta,user3649@email.com,44,Female,Bihar,Patna,982089,2018-01-01,6-10L,Regular,0,Toys & Games,Referral
CUST03650,Pooja Pandey,user3650@email.com,50,Male,Telangana,Warangal,820981,2018-03-01,3-6L,Premium,0,Electronics,Organic Search
CUST03651,Nisha Kumar,user3651@email.com,24,Male,Karnataka,Mangaluru,966324,2022-09-13,3-6L,Premium,0,Office Supplies,Social Media
CUST03652,Yash Reddy,user3652@email.com,53,Female,Telangana,Nizamabad,114062,2020-10-06,3-6L,Regular,0,Fashion,Email Campaign
CUST03653,Isha Banerjee,user3653@email.com,56,Female,Punjab,Amritsar,662195,2022-05-02,<3L,Regular,0,Books,Referral
CUST03654,Divya Sharma,user3654@email.com,30,Male,Tamil Nadu,Trichy,694836,2020-10-10,3-6L,Regular,0,Automotive,Organic Search
CUST03655,Isha Banerjee,user3655@email.com,49,Male,Maharashtra,Nagpur,661763,2022-01-15,<3L,New,0,Sports & Fitness,Referral
CUST03656,Deepika Mishra,user3656@email.com,25,Male,Haryana,Panipat,371952,2021-03-24,>20L,VIP,1,Electronics,Social Media
CUST03657,Tanvi Nair,user3657@email.com,37,Male,Rajasthan,Jodhpur,781877,2020-10-09,6-10L,Premium,0,Fashion,Referral
CUST03658,Vikram Gupta,user3658@email.com,31,Male,Maharashtra,Thane,752138,2022-01-09,3-6L,Premium,1,Books,Paid Ads
CUST03659,Mihir Shah,user3659@email.com,19,Female,Gujarat,Rajkot,649876,2021-09-08,<3L,Regular,1,Fashion,Social Media
CUST03660,Sunita Pillai,user3660@email.com,59,Female,Telangana,Karimnagar,430714,2019-12-06,3-6L,Regular,1,Toys & Games,Social Media
CUST03661,Rahul Pillai,user3661@email.com,28,Female,Punjab,Chandigarh,997828,2021-02-12,<3L,Regular,0,Books,Organic Search
CUST03662,Sunita Joshi,user3662@email.com,43,Male,Bihar,Bhagalpur,701354,2020-02-27,10-20L,Regular,1,Fashion,Social Media
CUST03663,Ishaan Sharma,user3663@email.com,55,Male,Telangana,Warangal,667631,2023-06-08,6-10L,Premium,0,Sports & Fitness,Organic Search
CUST03664,Isha Patel,user3664@email.com,22,Male,Maharashtra,Nashik,534442,2022-10-12,6-10L,New,0,Toys & Games,Email Campaign
CUST03665,Shreya Mishra,user3665@email.com,25,Female,Bihar,Patna,409295,2018-10-21,<3L,Premium,0,Toys & Games,Email Campaign
CUST03666,Mihir Malhotra,user3666@email.com,45,Male,Gujarat,Vadodara,267229,2023-12-28,3-6L,Regular,0,Office Supplies,Organic Search
CUST03667,Kavya Verma,user3667@email.com,40,Female,Kerala,Kollam,884061,2019-05-17,>20L,VIP,1,Beauty & Health,Organic Search
CUST03668,Priya Agarwal,user3668@email.com,33,Female,Uttar Pradesh,Agra,772363,2018-06-11,<3L,Regular,0,Electronics,Organic Search
CUST03669,Mihir Iyer,user3669@email.com,23,Female,Rajasthan,Ajmer,293197,2021-03-15,3-6L,Regular,0,Toys & Games,Social Media
CUST03670,Isha Trivedi,user3670@email.com,59,Male,Kerala,Kollam,859547,2018-02-05,6-10L,New,1,Books,Paid Ads
CUST03671,Manoj Singh,user3671@email.com,25,Male,Tamil Nadu,Trichy,170743,2019-05-23,3-6L,New,0,Grocery,Paid Ads
CUST03672,Riya Reddy,user3672@email.com,38,Female,Kerala,Kozhikode,533044,2021-07-08,3-6L,VIP,0,Beauty & Health,App Store
CUST03673,Vikram Verma,user3673@email.com,56,Male,Haryana,Gurugram,262487,2021-10-13,>20L,VIP,1,Office Supplies,Referral
CUST03674,Akash Shah,user3674@email.com,57,Male,Rajasthan,Jaipur,400954,2023-03-13,<3L,Regular,1,Toys & Games,Email Campaign
CUST03675,Priya Agarwal,user3675@email.com,48,Female,Punjab,Amritsar,756025,2022-11-16,<3L,New,1,Beauty & Health,Referral
CUST03676,Mihir Kumar,user3676@email.com,32,Male,Kerala,Thiruvananthapuram,615561,2020-08-11,<3L,Premium,0,Toys & Games,Paid Ads
CUST03677,Aarav Rao,user3677@email.com,33,Male,Kerala,Kochi,500718,2022-06-08,6-10L,New,1,Home & Kitchen,Referral
CUST03678,Anjali Gupta,user3678@email.com,47,Male,Andhra Pradesh,Nellore,884202,2020-03-06,3-6L,Regular,1,Toys & Games,Social Media
CUST03679,Mihir Nair,user3679@email.com,56,Male,Andhra Pradesh,Visakhapatnam,951202,2019-05-20,10-20L,New,0,Books,Referral
CUST03680,Manoj Iyer,user3680@email.com,28,Female,Uttar Pradesh,Lucknow,679872,2021-05-23,3-6L,New,0,Office Supplies,Organic Search
CUST03681,Rahul Trivedi,user3681@email.com,34,Female,Punjab,Patiala,966305,2018-11-22,3-6L,New,0,Beauty & Health,Social Media
CUST03682,Amit Reddy,user3682@email.com,47,Male,Kerala,Kochi,520925,2020-04-01,3-6L,Regular,0,Home & Kitchen,Paid Ads
CUST03683,Ananya Malhotra,user3683@email.com,33,Male,Gujarat,Ahmedabad,617189,2020-01-03,<3L,Regular,1,Beauty & Health,Referral
CUST03684,Aarav Mishra,user3684@email.com,26,Male,Bihar,Darbhanga,160365,2020-11-29,3-6L,Regular,1,Automotive,Social Media
CUST03685,Amit Joshi,user3685@email.com,54,Female,Delhi,New Delhi,675194,2023-01-23,3-6L,VIP,0,Fashion,Paid Ads
CUST03686,Rahul Kumar,user3686@email.com,47,Male,Haryana,Panipat,970773,2023-05-25,3-6L,New,0,Automotive,App Store
CUST03687,Manoj Nair,user3687@email.com,37,Female,Tamil Nadu,Salem,908938,2021-11-21,>20L,Regular,1,Beauty & Health,Social Media
CUST03688,Rohit Shah,user3688@email.com,24,Male,Rajasthan,Udaipur,355617,2022-11-12,3-6L,Regular,1,Fashion,Referral
CUST03689,Varun Mehta,user3689@email.com,23,Male,Haryana,Rohtak,101385,2018-07-08,3-6L,Premium,0,Sports & Fitness,Paid Ads
CUST03690,Divya Iyer,user3690@email.com,60,Female,Madhya Pradesh,Ujjain,742528,2023-03-24,3-6L,New,1,Grocery,Referral
CUST03691,Aditi Verma,user3691@email.com,30,Female,Tamil Nadu,Coimbatore,533995,2019-08-03,10-20L,Premium,0,Beauty & Health,Email Campaign
CUST03692,Arjun Reddy,user3692@email.com,32,Male,Karnataka,Bengaluru,208328,2020-01-13,6-10L,Regular,1,Toys & Games,Organic Search
CUST03693,Varun Gupta,user3693@email.com,38,Male,Punjab,Chandigarh,461780,2022-10-28,3-6L,Regular,0,Books,Email Campaign
CUST03694,Mihir Nair,user3694@email.com,28,Female,Rajasthan,Ajmer,985288,2019-12-22,<3L,VIP,0,Beauty & Health,Social Media
CUST03695,Deepika Nair,user3695@email.com,41,Male,West Bengal,Siliguri,461532,2023-06-19,3-6L,VIP,0,Automotive,Email Campaign
CUST03696,Deepika Pandey,user3696@email.com,20,Female,West Bengal,Kolkata,413757,2019-08-15,3-6L,Premium,1,Grocery,Social Media
CUST03697,Riya Joshi,user3697@email.com,35,Male,Maharashtra,Nagpur,741555,2019-02-25,6-10L,Regular,0,Grocery,Paid Ads
CUST03698,Utkarsh Shah,user3698@email.com,34,Male,Maharashtra,Nagpur,273500,2023-09-21,10-20L,Regular,1,Toys & Games,Organic Search
CUST03699,Akash Trivedi,user3699@email.com,51,Male,West Bengal,Durgapur,635248,2022-03-26,<3L,Regular,1,Automotive,Organic Search
CUST03700,Kavya Shah,user3700@email.com,48,Male,Madhya Pradesh,Bhopal,440532,2020-02-04,>20L,Premium,0,Home & Kitchen,Social Media
CUST03701,Arjun Rao,user3701@email.com,44,Female,Telangana,Nizamabad,920848,2019-01-25,10-20L,Regular,0,Books,Organic Search
CUST03702,Sanjay Pillai,user3702@email.com,47,Female,Tamil Nadu,Chennai,766180,2020-08-01,<3L,Premium,1,Automotive,Paid Ads
CUST03703,Aditya Pandey,user3703@email.com,40,Female,Tamil Nadu,Salem,270722,2021-11-18,3-6L,Premium,0,Sports & Fitness,Email Campaign
CUST03704,Aditi Agarwal,user3704@email.com,45,Female,Maharashtra,Nagpur,799283,2020-04-25,10-20L,Regular,1,Grocery,Email Campaign
CUST03705,Sneha Mehta,user3705@email.com,29,Male,Bihar,Gaya,876411,2019-03-04,3-6L,Premium,1,Books,Social Media
CUST03706,Riya Reddy,user3706@email.com,23,Female,Maharashtra,Nagpur,664543,2020-06-23,>20L,Premium,0,Electronics,Social Media
CUST03707,Tanvi Rao,user3707@email.com,47,Male,Bihar,Muzaffarpur,513126,2020-03-21,>20L,VIP,0,Sports & Fitness,Referral
CUST03708,Riya Kumar,user3708@email.com,59,Female,Kerala,Thrissur,153954,2022-10-26,10-20L,New,0,Books,Social Media
CUST03709,Anjali Gupta,user3709@email.com,57,Male,Tamil Nadu,Salem,579884,2020-10-19,6-10L,Premium,0,Beauty & Health,Referral
CUST03710,Varun Trivedi,user3710@email.com,33,Female,Bihar,Patna,114594,2022-09-03,6-10L,VIP,1,Books,Email Campaign
CUST03711,Utkarsh Trivedi,user3711@email.com,25,Other,Andhra Pradesh,Tirupati,551417,2020-11-08,3-6L,Regular,1,Office Supplies,Paid Ads
CUST03712,Akash Trivedi,user3712@email.com,36,Male,Bihar,Patna,231582,2019-04-14,6-10L,Regular,1,Automotive,Organic Search
CUST03713,Anjali Singh,user3713@email.com,46,Female,West Bengal,Durgapur,489806,2019-04-25,3-6L,Regular,1,Office Supplies,App Store
CUST03714,Aditya Verma,user3714@email.com,39,Male,West Bengal,Siliguri,109717,2023-09-12,10-20L,New,0,Office Supplies,Organic Search
CUST03715,Akash Iyer,user3715@email.com,56,Female,Punjab,Jalandhar,102026,2022-03-21,10-20L,Regular,0,Beauty & Health,Email Campaign
CUST03716,Sneha Nair,user3716@email.com,44,Female,Uttar Pradesh,Lucknow,757286,2018-08-08,6-10L,Regular,0,Toys & Games,Paid Ads
CUST03717,Aditi Reddy,user3717@email.com,31,Female,Karnataka,Hubli,383666,2023-12-29,10-20L,Premium,0,Books,Referral
CUST03718,Amit Agarwal,user3718@email.com,54,Male,West Bengal,Howrah,649039,2018-09-12,<3L,Regular,0,Sports & Fitness,Organic Search
CUST03719,Rahul Banerjee,user3719@email.com,42,Female,Punjab,Amritsar,479775,2018-10-05,3-6L,Regular,0,Office Supplies,Referral
CUST03720,Akash Banerjee,user3720@email.com,37,Male,Telangana,Khammam,829019,2018-04-20,6-10L,VIP,0,Grocery,Paid Ads
CUST03721,Aditi Singh,user3721@email.com,46,Male,Uttar Pradesh,Varanasi,708033,2023-05-13,6-10L,New,1,Fashion,Paid Ads
CUST03722,Shreya Patel,user3722@email.com,52,Female,Delhi,Ghaziabad,879557,2022-04-25,<3L,Regular,1,Sports & Fitness,Organic Search
CUST03723,Sanjay Nair,user3723@email.com,43,Male,Delhi,Gurgaon,743005,2018-08-29,10-20L,Regular,1,Toys & Games,Organic Search
CUST03724,Akash Banerjee,user3724@email.com,22,Female,Karnataka,Bengaluru,196135,2023-07-07,3-6L,Regular,0,Fashion,Paid Ads
CUST03725,Yash Rao,user3725@email.com,38,Female,Tamil Nadu,Trichy,318231,2022-12-02,6-10L,VIP,1,Books,Organic Search
CUST03726,Varun Verma,user3726@email.com,54,Male,Bihar,Muzaffarpur,713419,2018-04-22,<3L,Regular,0,Office Supplies,Social Media
CUST03727,Tanvi Nair,user3727@email.com,38,Male,Punjab,Jalandhar,715251,2018-12-26,<3L,New,0,Office Supplies,Organic Search
CUST03728,Arjun Verma,user3728@email.com,44,Male,Maharashtra,Pune,266096,2018-04-29,10-20L,Regular,1,Fashion,Organic Search
CUST03729,Yash Kumar,user3729@email.com,27,Female,Delhi,New Delhi,704655,2018-10-26,6-10L,Premium,0,Automotive,Referral
CUST03730,Varun Singh,user3730@email.com,44,Male,Kerala,Kozhikode,926378,2020-10-04,>20L,Regular,0,Books,Paid Ads
CUST03731,Aditya Sharma,user3731@email.com,32,Female,Madhya Pradesh,Gwalior,331007,2019-05-18,6-10L,Premium,1,Grocery,Paid Ads
CUST03732,Siddharth Rao,user3732@email.com,56,Male,Maharashtra,Nagpur,942315,2019-05-19,<3L,Regular,0,Home & Kitchen,Organic Search
CUST03733,Karan Singh,user3733@email.com,47,Male,Delhi,Gurgaon,752709,2023-10-06,<3L,New,0,Grocery,Organic Search
CUST03734,Isha Nair,user3734@email.com,19,Male,Rajasthan,Udaipur,113782,2020-01-22,6-10L,New,0,Sports & Fitness,Organic Search
CUST03735,Akash Shah,user3735@email.com,51,Female,Bihar,Patna,731534,2018-04-24,6-10L,Regular,0,Sports & Fitness,Referral
CUST03736,Rohit Joshi,user3736@email.com,50,Female,Bihar,Bhagalpur,269408,2021-03-24,3-6L,Regular,1,Electronics,Social Media
CUST03737,Rajesh Rao,user3737@email.com,37,Female,Punjab,Amritsar,495915,2020-06-04,10-20L,Regular,1,Fashion,Paid Ads
CUST03738,Ananya Pillai,user3738@email.com,24,Male,Tamil Nadu,Salem,835791,2020-03-28,6-10L,Regular,0,Home & Kitchen,Social Media
CUST03739,Sneha Shah,user3739@email.com,48,Male,Telangana,Warangal,979023,2020-08-01,6-10L,New,1,Sports & Fitness,Organic Search
CUST03740,Shreya Trivedi,user3740@email.com,24,Male,Kerala,Thrissur,207047,2022-02-10,10-20L,Regular,0,Home & Kitchen,App Store
CUST03741,Divya Singh,user3741@email.com,29,Female,Maharashtra,Nashik,862031,2018-07-15,<3L,Regular,0,Home & Kitchen,Email Campaign
CUST03742,Kavya Pandey,user3742@email.com,35,Female,Bihar,Darbhanga,606677,2020-11-19,<3L,Regular,0,Toys & Games,Referral
CUST03743,Varun Sharma,user3743@email.com,25,Female,Karnataka,Mangaluru,233175,2020-04-13,6-10L,Premium,0,Automotive,Organic Search
CUST03744,Sneha Verma,user3744@email.com,56,Male,Uttar Pradesh,Agra,343556,2023-03-16,10-20L,New,1,Automotive,Email Campaign
CUST03745,Ishaan Banerjee,user3745@email.com,18,Female,Maharashtra,Thane,373464,2020-10-09,3-6L,Regular,0,Books,Referral
CUST03746,Tanvi Pillai,user3746@email.com,57,Female,Tamil Nadu,Chennai,261047,2021-01-17,<3L,Premium,0,Electronics,Social Media
CUST03747,Siddharth Gupta,user3747@email.com,30,Male,West Bengal,Asansol,792860,2023-04-19,3-6L,Premium,0,Home & Kitchen,Paid Ads
CUST03748,Pooja Mishra,user3748@email.com,26,Female,Bihar,Bhagalpur,132012,2018-03-10,>20L,Regular,0,Toys & Games,Organic Search
CUST03749,Pooja Malhotra,user3749@email.com,39,Female,Gujarat,Vadodara,733152,2022-10-25,3-6L,Regular,0,Automotive,Email Campaign
CUST03750,Akash Gupta,user3750@email.com,20,Male,Maharashtra,Thane,854059,2022-04-25,6-10L,Regular,1,Grocery,Social Media
CUST03751,Kavya Pillai,user3751@email.com,32,Female,Karnataka,Mysuru,371924,2023-08-09,6-10L,VIP,0,Toys & Games,Email Campaign
CUST03752,Akash Shah,user3752@email.com,43,Male,Tamil Nadu,Madurai,533909,2022-04-27,>20L,VIP,0,Sports & Fitness,Referral
CUST03753,Kavya Mishra,user3753@email.com,23,Female,Rajasthan,Ajmer,515341,2020-08-11,3-6L,New,0,Home & Kitchen,Organic Search
CUST03754,Amit Joshi,user3754@email.com,25,Female,Tamil Nadu,Salem,784212,2019-10-08,<3L,VIP,0,Books,Organic Search
CUST03755,Aditi Joshi,user3755@email.com,38,Male,Tamil Nadu,Coimbatore,307074,2022-05-24,3-6L,VIP,1,Beauty & Health,Referral
CUST03756,Deepika Rao,user3756@email.com,19,Male,Haryana,Gurugram,700019,2021-04-04,6-10L,New,0,Electronics,Referral
CUST03757,Yash Reddy,user3757@email.com,46,Male,Maharashtra,Thane,701871,2020-06-11,10-20L,Premium,1,Beauty & Health,Paid Ads
CUST03758,Akash Malhotra,user3758@email.com,20,Male,Kerala,Kochi,752805,2020-08-17,3-6L,Regular,1,Office Supplies,Social Media
CUST03759,Riya Trivedi,user3759@email.com,31,Male,Tamil Nadu,Trichy,455276,2021-05-26,6-10L,Regular,1,Fashion,Organic Search
CUST03760,Sunita Pillai,user3760@email.com,45,Male,Maharashtra,Nagpur,480170,2018-01-17,3-6L,New,0,Home & Kitchen,Paid Ads
CUST03761,Mihir Rao,user3761@email.com,58,Male,Kerala,Kollam,685698,2018-11-30,6-10L,Regular,0,Office Supplies,Organic Search
CUST03762,Amit Nair,user3762@email.com,53,Male,Rajasthan,Udaipur,328567,2019-06-11,3-6L,Premium,1,Beauty & Health,Social Media
CUST03763,Sunita Agarwal,user3763@email.com,53,Male,Uttar Pradesh,Agra,580649,2018-10-24,>20L,Regular,0,Home & Kitchen,Paid Ads
CUST03764,Meera Reddy,user3764@email.com,44,Male,Rajasthan,Jodhpur,742437,2022-06-11,3-6L,Premium,0,Electronics,Referral
CUST03765,Aditya Patel,user3765@email.com,27,Male,Uttar Pradesh,Kanpur,647251,2020-07-22,<3L,Regular,1,Books,Email Campaign
CUST03766,Divya Kumar,user3766@email.com,24,Female,Telangana,Hyderabad,243340,2020-03-26,<3L,Regular,1,Home & Kitchen,Referral
CUST03767,Kavya Mishra,user3767@email.com,58,Female,Tamil Nadu,Coimbatore,863328,2020-04-30,6-10L,New,0,Beauty & Health,Organic Search
CUST03768,Ananya Mehta,user3768@email.com,34,Female,Bihar,Bhagalpur,710603,2020-11-24,3-6L,Premium,0,Automotive,Referral
CUST03769,Shreya Iyer,user3769@email.com,59,Male,Andhra Pradesh,Vijayawada,931043,2018-06-02,<3L,Regular,0,Grocery,Organic Search
CUST03770,Sneha Pillai,user3770@email.com,23,Female,Haryana,Gurugram,958416,2022-05-19,3-6L,Regular,0,Home & Kitchen,Social Media
CUST03771,Isha Malhotra,user3771@email.com,42,Female,Gujarat,Rajkot,537931,2023-03-05,>20L,Regular,0,Sports & Fitness,Referral
CUST03772,Akash Rao,user3772@email.com,22,Male,Maharashtra,Pune,621570,2018-02-10,<3L,New,0,Grocery,Referral
CUST03773,Ishaan Pandey,user3773@email.com,35,Male,Uttar Pradesh,Varanasi,266451,2022-09-05,3-6L,Regular,0,Toys & Games,Referral
CUST03774,Sunita Singh,user3774@email.com,21,Male,Madhya Pradesh,Indore,481062,2019-01-14,6-10L,Regular,0,Toys & Games,Social Media
CUST03775,Arjun Pillai,user3775@email.com,58,Female,Madhya Pradesh,Indore,667373,2023-09-15,6-10L,Regular,0,Books,App Store
CUST03776,Pooja Mishra,user3776@email.com,47,Female,Tamil Nadu,Salem,277344,2022-01-11,3-6L,VIP,1,Automotive,Organic Search
CUST03777,Kavya Kumar,user3777@email.com,56,Male,Kerala,Kochi,933773,2021-04-13,<3L,New,0,Toys & Games,Organic Search
CUST03778,Siddharth Verma,user3778@email.com,27,Female,Tamil Nadu,Madurai,840570,2018-06-07,6-10L,Premium,1,Books,Social Media
CUST03779,Riya Pillai,user3779@email.com,53,Male,Punjab,Patiala,671306,2018-03-01,3-6L,Regular,0,Home & Kitchen,Email Campaign
CUST03780,Sunita Verma,user3780@email.com,28,Male,Uttar Pradesh,Agra,784992,2019-07-19,10-20L,Regular,1,Home & Kitchen,Email Campaign
CUST03781,Ananya Joshi,user3781@email.com,54,Female,Haryana,Rohtak,991504,2020-10-03,3-6L,New,0,Automotive,Referral
CUST03782,Aditi Trivedi,user3782@email.com,53,Female,West Bengal,Howrah,662370,2023-04-07,10-20L,Premium,0,Fashion,Paid Ads
CUST03783,Tanvi Singh,user3783@email.com,19,Female,West Bengal,Siliguri,431876,2020-06-21,>20L,Premium,1,Office Supplies,Paid Ads
CUST03784,Shreya Gupta,user3784@email.com,52,Male,Maharashtra,Nagpur,939951,2022-05-11,6-10L,Regular,1,Home & Kitchen,Referral
CUST03785,Amit Iyer,user3785@email.com,24,Female,Rajasthan,Kota,802088,2023-11-06,6-10L,VIP,1,Grocery,Organic Search
CUST03786,Nisha Pillai,user3786@email.com,43,Male,Kerala,Thiruvananthapuram,464988,2019-04-05,3-6L,New,0,Sports & Fitness,Referral
CUST03787,Divya Rao,user3787@email.com,24,Female,Rajasthan,Udaipur,665073,2018-02-09,6-10L,Premium,0,Electronics,Paid Ads
CUST03788,Shreya Nair,user3788@email.com,46,Male,Delhi,Faridabad,839856,2022-01-10,<3L,VIP,1,Books,Social Media
CUST03789,Rajesh Kumar,user3789@email.com,37,Male,Kerala,Kochi,567701,2018-05-25,<3L,Regular,1,Sports & Fitness,Email Campaign
CUST03790,Varun Singh,user3790@email.com,19,Male,Haryana,Panipat,261464,2020-11-26,3-6L,Regular,1,Toys & Games,Email Campaign
CUST03791,Akash Banerjee,user3791@email.com,18,Male,Karnataka,Hubli,963087,2021-08-21,6-10L,Premium,1,Automotive,Referral
CUST03792,Meera Reddy,user3792@email.com,50,Male,Gujarat,Rajkot,888275,2023-03-16,>20L,Premium,0,Toys & Games,Organic Search
CUST03793,Priya Iyer,user3793@email.com,29,Male,Rajasthan,Jaipur,824361,2023-06-29,<3L,VIP,0,Beauty & Health,Organic Search
CUST03794,Rahul Verma,user3794@email.com,30,Male,West Bengal,Siliguri,761702,2023-11-27,10-20L,New,0,Electronics,Organic Search
CUST03795,Mihir Banerjee,user3795@email.com,21,Female,Uttar Pradesh,Kanpur,277221,2023-01-12,<3L,Regular,1,Beauty & Health,Organic Search
CUST03796,Manoj Kumar,user3796@email.com,49,Male,Telangana,Khammam,498057,2021-02-18,<3L,VIP,0,Fashion,Organic Search
CUST03797,Aditya Reddy,user3797@email.com,58,Female,Tamil Nadu,Chennai,862095,2019-07-29,<3L,Regular,0,Fashion,Social Media
CUST03798,Vikram Gupta,user3798@email.com,43,Male,Kerala,Kozhikode,495936,2022-06-09,3-6L,Premium,0,Fashion,Referral
CUST03799,Utkarsh Banerjee,user3799@email.com,41,Female,Kerala,Thrissur,469894,2022-04-21,6-10L,Regular,1,Automotive,Email Campaign
CUST03800,Aditi Iyer,user3800@email.com,38,Female,West Bengal,Kolkata,641106,2021-01-04,3-6L,VIP,1,Office Supplies,Paid Ads
CUST03801,Mihir Rao,user3801@email.com,48,Male,Madhya Pradesh,Indore,796445,2023-01-31,10-20L,Regular,0,Automotive,App Store
CUST03802,Ishaan Mishra,user3802@email.com,51,Male,Bihar,Muzaffarpur,549332,2018-07-16,3-6L,Regular,0,Books,Social Media
CUST03803,Arjun Reddy,user3803@email.com,33,Male,Maharashtra,Pune,433406,2022-03-21,6-10L,Premium,0,Automotive,App Store
CUST03804,Akash Agarwal,user3804@email.com,49,Female,Andhra Pradesh,Tirupati,400336,2022-12-29,<3L,Regular,1,Books,Paid Ads
CUST03805,Meera Rao,user3805@email.com,44,Female,Rajasthan,Kota,110993,2018-02-10,10-20L,New,0,Beauty & Health,Paid Ads
CUST03806,Ishaan Mehta,user3806@email.com,18,Male,Madhya Pradesh,Jabalpur,203457,2023-08-13,10-20L,Premium,0,Grocery,Paid Ads
CUST03807,Pooja Shah,user3807@email.com,33,Male,Uttar Pradesh,Lucknow,975048,2018-03-22,3-6L,Regular,0,Beauty & Health,Social Media
CUST03808,Karan Agarwal,user3808@email.com,46,Female,West Bengal,Siliguri,259600,2018-06-06,>20L,Premium,0,Books,Referral
CUST03809,Tanvi Nair,user3809@email.com,35,Male,Uttar Pradesh,Lucknow,309611,2020-01-16,>20L,Premium,0,Toys & Games,Social Media
CUST03810,Sunita Reddy,user3810@email.com,27,Female,Kerala,Thiruvananthapuram,548728,2023-10-12,10-20L,Regular,1,Sports & Fitness,Organic Search
CUST03811,Rajesh Mehta,user3811@email.com,21,Female,Gujarat,Surat,468845,2018-07-24,3-6L,Regular,0,Grocery,Email Campaign
CUST03812,Aditya Joshi,user3812@email.com,38,Male,Kerala,Kollam,749064,2020-05-01,3-6L,Regular,0,Home & Kitchen,Organic Search
CUST03813,Deepika Kumar,user3813@email.com,48,Male,West Bengal,Asansol,119233,2022-11-25,6-10L,Regular,1,Electronics,Social Media
CUST03814,Arjun Mehta,user3814@email.com,57,Male,Punjab,Amritsar,739955,2021-01-15,10-20L,Premium,0,Sports & Fitness,App Store
CUST03815,Rajesh Malhotra,user3815@email.com,19,Male,Bihar,Gaya,689141,2020-12-11,<3L,Regular,0,Automotive,Paid Ads
CUST03816,Nisha Pandey,user3816@email.com,27,Male,Punjab,Amritsar,608749,2022-01-04,<3L,New,1,Electronics,Paid Ads
CUST03817,Ishaan Gupta,user3817@email.com,52,Male,Delhi,Faridabad,820992,2023-06-27,<3L,Regular,1,Books,Email Campaign
CUST03818,Rahul Verma,user3818@email.com,54,Male,Maharashtra,Pune,989964,2020-08-18,6-10L,Regular,1,Grocery,Paid Ads
CUST03819,Utkarsh Patel,user3819@email.com,53,Male,Andhra Pradesh,Nellore,872384,2019-08-21,3-6L,Regular,0,Beauty & Health,Organic Search
CUST03820,Siddharth Malhotra,user3820@email.com,43,Female,Haryana,Panipat,767305,2020-06-27,3-6L,New,0,Home & Kitchen,Organic Search
CUST03821,Nisha Agarwal,user3821@email.com,18,Male,Karnataka,Hubli,731336,2021-08-11,>20L,Premium,1,Beauty & Health,Social Media
CUST03822,Akash Gupta,user3822@email.com,57,Male,Rajasthan,Udaipur,580521,2018-03-26,<3L,Regular,0,Beauty & Health,Social Media
CUST03823,Riya Shah,user3823@email.com,32,Male,Rajasthan,Udaipur,793604,2018-10-05,>20L,Regular,0,Office Supplies,Organic Search
CUST03824,Akash Gupta,user3824@email.com,33,Female,Bihar,Bhagalpur,945746,2019-01-31,<3L,New,0,Electronics,Social Media
CUST03825,Yash Mishra,user3825@email.com,55,Female,Madhya Pradesh,Indore,385520,2018-04-26,3-6L,Regular,0,Office Supplies,Social Media
CUST03826,Rajesh Mehta,user3826@email.com,18,Female,Telangana,Nizamabad,421551,2020-10-05,3-6L,Premium,0,Automotive,Organic Search
CUST03827,Sunita Rao,user3827@email.com,34,Male,Tamil Nadu,Trichy,520399,2020-12-22,3-6L,VIP,1,Fashion,Referral
CUST03828,Riya Reddy,user3828@email.com,49,Female,Punjab,Patiala,101196,2019-06-07,6-10L,Premium,0,Automotive,Organic Search
CUST03829,Rohit Pillai,user3829@email.com,19,Male,West Bengal,Siliguri,550864,2021-05-09,6-10L,Premium,0,Beauty & Health,Email Campaign
CUST03830,Karan Malhotra,user3830@email.com,19,Female,Tamil Nadu,Trichy,347899,2023-07-29,>20L,Regular,0,Grocery,Social Media
CUST03831,Riya Rao,user3831@email.com,30,Male,Madhya Pradesh,Indore,436334,2021-08-13,<3L,Regular,1,Automotive,Social Media
CUST03832,Sunita Shah,user3832@email.com,45,Male,Bihar,Gaya,567140,2018-10-22,10-20L,Regular,0,Fashion,Social Media
CUST03833,Pooja Shah,user3833@email.com,39,Male,Haryana,Gurugram,983025,2021-05-18,>20L,New,0,Automotive,App Store
CUST03834,Tanvi Banerjee,user3834@email.com,50,Male,Punjab,Jalandhar,574975,2022-08-06,3-6L,Premium,0,Beauty & Health,Organic Search
CUST03835,Akash Shah,user3835@email.com,19,Male,Punjab,Patiala,350502,2020-05-08,<3L,New,1,Toys & Games,Organic Search
CUST03836,Amit Sharma,user3836@email.com,50,Female,Delhi,Noida,998902,2019-10-07,>20L,Regular,0,Electronics,Referral
CUST03837,Divya Nair,user3837@email.com,57,Female,Maharashtra,Thane,653771,2018-05-27,3-6L,New,0,Sports & Fitness,Social Media
CUST03838,Ishaan Singh,user3838@email.com,35,Male,Rajasthan,Jaipur,629503,2022-04-26,3-6L,Regular,0,Beauty & Health,Referral
CUST03839,Yash Trivedi,user3839@email.com,32,Male,Haryana,Panipat,163962,2023-12-11,<3L,Premium,0,Beauty & Health,Email Campaign
CUST03840,Anjali Shah,user3840@email.com,47,Male,Haryana,Faridabad,864905,2023-10-06,3-6L,VIP,0,Automotive,Social Media
CUST03841,Siddharth Reddy,user3841@email.com,48,Female,Uttar Pradesh,Allahabad,851705,2019-06-19,<3L,New,0,Toys & Games,Social Media
CUST03842,Shreya Singh,user3842@email.com,39,Female,Bihar,Darbhanga,498208,2022-05-26,3-6L,Regular,0,Toys & Games,Social Media
CUST03843,Sunita Malhotra,user3843@email.com,59,Female,Rajasthan,Kota,733408,2023-02-09,6-10L,Premium,0,Fashion,Referral
CUST03844,Shreya Shah,user3844@email.com,34,Male,Punjab,Ludhiana,734037,2022-07-20,>20L,Regular,1,Fashion,Referral
CUST03845,Priya Trivedi,user3845@email.com,34,Male,Karnataka,Mangaluru,152510,2018-03-07,6-10L,Regular,0,Books,Referral
CUST03846,Mihir Nair,user3846@email.com,33,Male,Uttar Pradesh,Kanpur,184667,2020-06-16,3-6L,New,1,Grocery,Organic Search
CUST03847,Nisha Nair,user3847@email.com,28,Male,Haryana,Panipat,408888,2018-04-19,>20L,Regular,1,Fashion,Organic Search
CUST03848,Nisha Joshi,user3848@email.com,48,Male,Haryana,Hisar,543234,2018-04-18,<3L,VIP,0,Grocery,Referral
CUST03849,Anjali Pandey,user3849@email.com,55,Male,Karnataka,Mysuru,886314,2023-05-04,3-6L,Premium,0,Fashion,Social Media
CUST03850,Tanvi Iyer,user3850@email.com,51,Male,Karnataka,Belgaum,524983,2021-07-19,<3L,Premium,1,Books,Social Media
CUST03851,Rahul Agarwal,user3851@email.com,48,Male,Telangana,Hyderabad,975081,2019-07-19,10-20L,Regular,1,Electronics,Organic Search
CUST03852,Sanjay Nair,user3852@email.com,43,Male,Maharashtra,Nashik,815186,2019-11-28,3-6L,Premium,1,Fashion,Organic Search
CUST03853,Aarav Shah,user3853@email.com,37,Female,Karnataka,Belgaum,940212,2018-08-19,6-10L,Regular,0,Beauty & Health,Paid Ads
CUST03854,Manoj Reddy,user3854@email.com,51,Other,Andhra Pradesh,Visakhapatnam,441400,2018-09-25,6-10L,Regular,0,Electronics,Organic Search
CUST03855,Karan Patel,user3855@email.com,48,Male,Kerala,Thiruvananthapuram,313577,2018-11-04,3-6L,New,0,Toys & Games,Organic Search
CUST03856,Ananya Shah,user3856@email.com,40,Male,Uttar Pradesh,Kanpur,994083,2019-09-08,<3L,Premium,1,Grocery,Social Media
CUST03857,Aditi Patel,user3857@email.com,20,Male,Maharashtra,Nashik,531886,2019-05-09,<3L,Premium,1,Grocery,Referral
CUST03858,Rajesh Verma,user3858@email.com,57,Female,Rajasthan,Jaipur,583326,2023-07-30,3-6L,Premium,0,Fashion,Paid Ads
CUST03859,Akash Kumar,user3859@email.com,18,Male,Delhi,Noida,990812,2018-10-24,6-10L,Regular,0,Home & Kitchen,Referral
CUST03860,Pooja Iyer,user3860@email.com,32,Female,Andhra Pradesh,Tirupati,349326,2018-11-15,3-6L,VIP,1,Fashion,Organic Search
CUST03861,Siddharth Iyer,user3861@email.com,29,Female,Punjab,Amritsar,727422,2020-07-22,6-10L,Premium,0,Books,Organic Search
CUST03862,Rajesh Mehta,user3862@email.com,21,Male,Tamil Nadu,Madurai,822899,2020-11-05,>20L,VIP,1,Automotive,Email Campaign
CUST03863,Pooja Kumar,user3863@email.com,54,Male,Rajasthan,Jaipur,319239,2020-05-19,<3L,Regular,1,Beauty & Health,Organic Search
CUST03864,Utkarsh Kumar,user3864@email.com,40,Female,Andhra Pradesh,Vijayawada,295863,2022-03-30,6-10L,Regular,1,Automotive,Email Campaign
CUST03865,Shreya Kumar,user3865@email.com,30,Male,Maharashtra,Nashik,751822,2020-07-13,6-10L,New,1,Beauty & Health,Referral
CUST03866,Manoj Trivedi,user3866@email.com,37,Other,Rajasthan,Jodhpur,803944,2023-09-28,3-6L,Regular,0,Books,Social Media
CUST03867,Meera Pandey,user3867@email.com,46,Female,Madhya Pradesh,Bhopal,489422,2023-01-04,>20L,Regular,1,Office Supplies,Organic Search
CUST03868,Mihir Nair,user3868@email.com,49,Male,Telangana,Hyderabad,195012,2023-09-01,6-10L,Regular,1,Automotive,Organic Search
CUST03869,Rahul Joshi,user3869@email.com,22,Male,Delhi,New Delhi,395865,2021-11-14,<3L,Premium,1,Home & Kitchen,Referral
CUST03870,Pooja Nair,user3870@email.com,57,Male,Bihar,Gaya,627938,2022-03-22,10-20L,Premium,0,Office Supplies,Social Media
CUST03871,Shreya Reddy,user3871@email.com,46,Female,Telangana,Khammam,656824,2022-01-10,6-10L,VIP,0,Office Supplies,Organic Search
CUST03872,Sanjay Shah,user3872@email.com,43,Male,Haryana,Gurugram,249246,2019-10-11,6-10L,New,0,Office Supplies,Referral
CUST03873,Utkarsh Kumar,user3873@email.com,22,Female,Uttar Pradesh,Allahabad,347769,2020-09-30,6-10L,Regular,0,Home & Kitchen,Referral
CUST03874,Meera Banerjee,user3874@email.com,21,Male,Maharashtra,Nashik,651974,2019-02-13,3-6L,Regular,1,Toys & Games,Organic Search
CUST03875,Rahul Singh,user3875@email.com,37,Female,Gujarat,Gandhinagar,502687,2018-07-16,10-20L,Regular,1,Home & Kitchen,Email Campaign
CUST03876,Kavya Gupta,user3876@email.com,41,Female,Haryana,Faridabad,700532,2019-03-31,<3L,Regular,0,Office Supplies,Social Media
CUST03877,Aarav Reddy,user3877@email.com,39,Male,Bihar,Muzaffarpur,853598,2019-05-24,<3L,VIP,0,Home & Kitchen,Referral
CUST03878,Yash Singh,user3878@email.com,53,Male,Andhra Pradesh,Nellore,133425,2020-08-26,10-20L,New,0,Fashion,Referral
CUST03879,Arjun Patel,user3879@email.com,52,Female,Kerala,Kozhikode,711499,2020-12-17,<3L,New,0,Sports & Fitness,Paid Ads
CUST03880,Arjun Mehta,user3880@email.com,47,Female,Gujarat,Ahmedabad,899987,2023-05-08,6-10L,Regular,0,Office Supplies,Organic Search
CUST03881,Ishaan Reddy,user3881@email.com,46,Male,Kerala,Thrissur,975831,2022-05-29,<3L,Regular,0,Beauty & Health,Referral
CUST03882,Aditya Kumar,user3882@email.com,38,Male,Tamil Nadu,Madurai,417394,2023-05-22,10-20L,New,0,Fashion,Social Media
CUST03883,Nisha Joshi,user3883@email.com,50,Male,Andhra Pradesh,Visakhapatnam,456485,2020-04-02,3-6L,New,1,Electronics,Paid Ads
CUST03884,Kavya Mehta,user3884@email.com,57,Male,Maharashtra,Nashik,239797,2019-06-15,6-10L,VIP,0,Home & Kitchen,Social Media
CUST03885,Aditi Singh,user3885@email.com,38,Female,Punjab,Patiala,449121,2019-03-23,6-10L,VIP,1,Electronics,Paid Ads
CUST03886,Siddharth Gupta,user3886@email.com,39,Male,Uttar Pradesh,Allahabad,981501,2023-06-11,3-6L,Premium,0,Home & Kitchen,Organic Search
CUST03887,Divya Trivedi,user3887@email.com,18,Female,Telangana,Hyderabad,600918,2020-10-26,>20L,Regular,0,Office Supplies,Email Campaign
CUST03888,Karan Pandey,user3888@email.com,32,Female,Uttar Pradesh,Allahabad,486044,2023-04-10,3-6L,Regular,1,Toys & Games,Organic Search
CUST03889,Utkarsh Pillai,user3889@email.com,45,Male,Andhra Pradesh,Nellore,467827,2019-12-11,>20L,Regular,1,Automotive,Referral
CUST03890,Yash Gupta,user3890@email.com,21,Female,Madhya Pradesh,Indore,850764,2023-07-20,6-10L,Regular,1,Toys & Games,Organic Search
CUST03891,Deepika Gupta,user3891@email.com,29,Female,Maharashtra,Thane,843764,2022-05-28,3-6L,Premium,1,Toys & Games,App Store
CUST03892,Amit Shah,user3892@email.com,43,Male,Andhra Pradesh,Guntur,610243,2023-11-06,<3L,Regular,1,Office Supplies,Paid Ads
CUST03893,Manoj Reddy,user3893@email.com,34,Male,Uttar Pradesh,Allahabad,635396,2021-07-18,3-6L,New,1,Electronics,Organic Search
CUST03894,Aditya Singh,user3894@email.com,40,Male,Gujarat,Rajkot,839050,2023-02-21,3-6L,Premium,0,Home & Kitchen,Referral
CUST03895,Priya Reddy,user3895@email.com,23,Male,Kerala,Kollam,408718,2019-06-09,6-10L,Regular,1,Electronics,Organic Search
CUST03896,Isha Singh,user3896@email.com,53,Male,Andhra Pradesh,Nellore,837674,2021-08-22,6-10L,Regular,1,Electronics,Social Media
CUST03897,Varun Pillai,user3897@email.com,23,Male,Madhya Pradesh,Jabalpur,409827,2023-12-30,3-6L,Regular,0,Automotive,Organic Search
CUST03898,Manoj Reddy,user3898@email.com,33,Male,Karnataka,Mangaluru,734850,2018-02-17,10-20L,VIP,1,Home & Kitchen,Social Media
CUST03899,Kavya Kumar,user3899@email.com,56,Female,Telangana,Karimnagar,711211,2023-04-28,3-6L,Premium,1,Sports & Fitness,Referral
CUST03900,Priya Banerjee,user3900@email.com,56,Female,Maharashtra,Nagpur,425832,2022-03-24,10-20L,New,1,Home & Kitchen,Referral
CUST03901,Ishaan Nair,user3901@email.com,57,Male,Delhi,Faridabad,691011,2022-05-17,10-20L,Premium,0,Electronics,Email Campaign
CUST03902,Aditi Joshi,user3902@email.com,39,Female,Gujarat,Surat,950347,2019-10-09,10-20L,Regular,0,Books,Email Campaign
CUST03903,Ishaan Sharma,user3903@email.com,21,Female,Telangana,Khammam,286250,2021-09-28,10-20L,Premium,1,Fashion,Organic Search
CUST03904,Pooja Agarwal,user3904@email.com,23,Female,Punjab,Chandigarh,310747,2018-02-17,10-20L,Regular,0,Fashion,Organic Search
CUST03905,Sneha Agarwal,user3905@email.com,48,Female,Punjab,Amritsar,529689,2023-12-27,>20L,Regular,0,Sports & Fitness,Organic Search
CUST03906,Deepika Banerjee,user3906@email.com,59,Male,Punjab,Patiala,224744,2023-06-08,<3L,Premium,0,Toys & Games,Organic Search
CUST03907,Aditi Gupta,user3907@email.com,35,Male,Andhra Pradesh,Visakhapatnam,367241,2021-11-17,3-6L,Premium,0,Home & Kitchen,Paid Ads
CUST03908,Yash Kumar,user3908@email.com,24,Male,Madhya Pradesh,Gwalior,217677,2023-02-12,3-6L,Regular,1,Home & Kitchen,Organic Search
CUST03909,Sanjay Gupta,user3909@email.com,48,Female,Andhra Pradesh,Visakhapatnam,734753,2019-08-08,>20L,Regular,1,Beauty & Health,App Store
CUST03910,Akash Patel,user3910@email.com,36,Male,Kerala,Thiruvananthapuram,199766,2018-05-14,6-10L,Premium,0,Toys & Games,Referral
CUST03911,Sanjay Pillai,user3911@email.com,21,Female,Karnataka,Bengaluru,399338,2019-10-05,<3L,Regular,1,Automotive,Organic Search
CUST03912,Deepika Mishra,user3912@email.com,33,Male,Bihar,Patna,638200,2023-10-27,3-6L,Regular,0,Grocery,Social Media
CUST03913,Rahul Kumar,user3913@email.com,54,Male,Telangana,Hyderabad,998944,2022-09-23,<3L,Premium,0,Beauty & Health,App Store
CUST03914,Yash Shah,user3914@email.com,55,Male,Madhya Pradesh,Indore,171985,2020-05-04,3-6L,Regular,0,Books,Paid Ads
CUST03915,Karan Pillai,user3915@email.com,24,Other,Gujarat,Rajkot,522630,2022-08-15,3-6L,Premium,1,Toys & Games,Organic Search
CUST03916,Akash Patel,user3916@email.com,52,Male,Delhi,Ghaziabad,153045,2021-07-01,<3L,VIP,0,Toys & Games,Organic Search
CUST03917,Siddharth Gupta,user3917@email.com,54,Female,Bihar,Bhagalpur,580031,2019-03-30,6-10L,Premium,0,Sports & Fitness,Referral
CUST03918,Kavya Joshi,user3918@email.com,51,Male,Telangana,Warangal,539068,2019-09-30,10-20L,Premium,0,Toys & Games,Paid Ads
CUST03919,Tanvi Banerjee,user3919@email.com,28,Male,Delhi,Noida,408732,2022-02-15,3-6L,Regular,0,Toys & Games,Paid Ads
CUST03920,Kavya Reddy,user3920@email.com,44,Male,Maharashtra,Thane,620848,2019-12-10,10-20L,Regular,1,Sports & Fitness,Paid Ads
CUST03921,Siddharth Iyer,user3921@email.com,52,Female,Kerala,Kollam,795868,2019-03-07,6-10L,Premium,1,Beauty & Health,Paid Ads
CUST03922,Rajesh Sharma,user3922@email.com,35,Male,West Bengal,Durgapur,631882,2018-07-18,<3L,Regular,0,Books,Email Campaign
CUST03923,Akash Mishra,user3923@email.com,56,Female,Delhi,New Delhi,702922,2023-02-19,3-6L,Regular,1,Home & Kitchen,Paid Ads
CUST03924,Anjali Singh,user3924@email.com,19,Male,West Bengal,Kolkata,601674,2023-11-21,<3L,VIP,0,Fashion,Referral
CUST03925,Karan Mehta,user3925@email.com,28,Female,Bihar,Muzaffarpur,352585,2018-07-29,10-20L,Premium,0,Grocery,Paid Ads
CUST03926,Aditi Malhotra,user3926@email.com,52,Male,Rajasthan,Ajmer,371627,2023-06-17,6-10L,VIP,0,Beauty & Health,Organic Search
CUST03927,Sunita Pillai,user3927@email.com,38,Female,Uttar Pradesh,Kanpur,961015,2023-03-12,10-20L,New,0,Home & Kitchen,Referral
CUST03928,Anjali Verma,user3928@email.com,53,Male,Madhya Pradesh,Ujjain,683266,2019-03-30,10-20L,Premium,0,Electronics,App Store
CUST03929,Sneha Mishra,user3929@email.com,48,Male,Bihar,Gaya,522114,2019-10-07,6-10L,Regular,0,Beauty & Health,Referral
CUST03930,Rahul Reddy,user3930@email.com,44,Male,West Bengal,Howrah,252600,2022-03-20,<3L,Regular,0,Toys & Games,Paid Ads
CUST03931,Tanvi Shah,user3931@email.com,45,Male,Haryana,Gurugram,966739,2019-07-14,>20L,Regular,0,Office Supplies,Paid Ads
CUST03932,Utkarsh Rao,user3932@email.com,31,Male,Delhi,Gurgaon,526379,2023-04-16,6-10L,VIP,1,Grocery,Referral
CUST03933,Rohit Mishra,user3933@email.com,23,Male,Telangana,Hyderabad,707028,2022-08-14,10-20L,Premium,0,Electronics,Paid Ads
CUST03934,Sunita Joshi,user3934@email.com,34,Male,Punjab,Amritsar,395988,2022-07-04,6-10L,New,0,Grocery,Paid Ads
CUST03935,Divya Iyer,user3935@email.com,37,Female,Delhi,Faridabad,954610,2023-07-08,3-6L,Regular,1,Office Supplies,Referral
CUST03936,Karan Banerjee,user3936@email.com,39,Female,Bihar,Gaya,411518,2018-12-18,3-6L,VIP,0,Automotive,Paid Ads
CUST03937,Tanvi Pillai,user3937@email.com,59,Male,Haryana,Panipat,344834,2018-08-14,6-10L,Regular,0,Electronics,Paid Ads
CUST03938,Yash Rao,user3938@email.com,19,Male,Madhya Pradesh,Bhopal,232520,2022-07-26,10-20L,Regular,0,Grocery,Email Campaign
CUST03939,Amit Reddy,user3939@email.com,60,Male,West Bengal,Durgapur,568518,2020-09-04,6-10L,Regular,1,Beauty & Health,Social Media
CUST03940,Utkarsh Trivedi,user3940@email.com,37,Female,Bihar,Patna,290083,2023-06-14,<3L,Regular,0,Grocery,Paid Ads
CUST03941,Sunita Malhotra,user3941@email.com,48,Male,Punjab,Ludhiana,439482,2021-07-13,>20L,Regular,0,Beauty & Health,Paid Ads
CUST03942,Aditi Rao,user3942@email.com,48,Male,Bihar,Muzaffarpur,791074,2018-12-29,6-10L,Premium,0,Grocery,Organic Search
CUST03943,Isha Mehta,user3943@email.com,58,Female,Gujarat,Vadodara,694248,2021-03-27,6-10L,Premium,0,Office Supplies,Organic Search
CUST03944,Varun Joshi,user3944@email.com,18,Male,Haryana,Gurugram,282206,2020-01-24,<3L,VIP,1,Fashion,Social Media
CUST03945,Siddharth Malhotra,user3945@email.com,44,Female,Bihar,Patna,280077,2020-10-08,6-10L,Regular,0,Beauty & Health,Referral
CUST03946,Aarav Banerjee,user3946@email.com,57,Female,Rajasthan,Kota,883929,2021-11-16,3-6L,New,0,Automotive,App Store
CUST03947,Varun Singh,user3947@email.com,35,Female,Tamil Nadu,Madurai,586470,2018-09-24,>20L,New,0,Beauty & Health,Organic Search
CUST03948,Aarav Gupta,user3948@email.com,49,Male,Madhya Pradesh,Indore,339716,2022-08-21,6-10L,Regular,0,Beauty & Health,Social Media
CUST03949,Shreya Verma,user3949@email.com,42,Male,Tamil Nadu,Madurai,342814,2018-07-23,6-10L,Premium,0,Home & Kitchen,Social Media
CUST03950,Yash Singh,user3950@email.com,59,Female,Rajasthan,Ajmer,516003,2021-11-29,10-20L,VIP,0,Electronics,Referral
CUST03951,Kavya Reddy,user3951@email.com,19,Male,Haryana,Gurugram,709221,2019-02-04,<3L,Regular,0,Beauty & Health,Social Media
CUST03952,Sanjay Pandey,user3952@email.com,31,Male,Telangana,Hyderabad,486110,2019-07-04,3-6L,Premium,0,Sports & Fitness,Paid Ads
CUST03953,Nisha Nair,user3953@email.com,25,Male,Madhya Pradesh,Ujjain,221440,2023-08-29,6-10L,Regular,0,Sports & Fitness,Email Campaign
CUST03954,Siddharth Iyer,user3954@email.com,51,Male,Bihar,Gaya,224482,2018-11-10,6-10L,Premium,1,Sports & Fitness,Email Campaign
CUST03955,Anjali Banerjee,user3955@email.com,19,Male,Karnataka,Mysuru,730342,2023-12-11,<3L,Regular,1,Home & Kitchen,Paid Ads
CUST03956,Anjali Banerjee,user3956@email.com,22,Female,West Bengal,Kolkata,268036,2018-03-25,<3L,Regular,0,Toys & Games,Organic Search
CUST03957,Vikram Malhotra,user3957@email.com,43,Male,Tamil Nadu,Salem,117200,2019-07-07,6-10L,New,0,Books,Organic Search
CUST03958,Karan Patel,user3958@email.com,39,Female,Haryana,Rohtak,725951,2023-10-01,6-10L,Regular,1,Office Supplies,Paid Ads
CUST03959,Amit Singh,user3959@email.com,33,Female,West Bengal,Asansol,532232,2021-01-26,6-10L,Premium,1,Office Supplies,Email Campaign
CUST03960,Rahul Pillai,user3960@email.com,38,Female,Madhya Pradesh,Gwalior,683412,2019-10-04,6-10L,Regular,0,Office Supplies,Social Media
CUST03961,Divya Trivedi,user3961@email.com,26,Female,West Bengal,Durgapur,631329,2020-04-10,3-6L,Regular,1,Fashion,Social Media
CUST03962,Nisha Banerjee,user3962@email.com,26,Female,Kerala,Thiruvananthapuram,811952,2021-03-04,6-10L,Regular,1,Sports & Fitness,Referral
CUST03963,Rajesh Joshi,user3963@email.com,30,Male,Gujarat,Rajkot,551558,2022-09-19,10-20L,Regular,0,Sports & Fitness,Social Media
CUST03964,Amit Iyer,user3964@email.com,53,Other,Uttar Pradesh,Varanasi,992646,2023-11-26,3-6L,Regular,0,Toys & Games,Referral
CUST03965,Deepika Malhotra,user3965@email.com,52,Male,Kerala,Kochi,795971,2022-05-22,3-6L,Regular,0,Automotive,Referral
CUST03966,Arjun Reddy,user3966@email.com,18,Male,Andhra Pradesh,Visakhapatnam,125763,2019-06-26,3-6L,Regular,0,Home & Kitchen,Organic Search
CUST03967,Rohit Kumar,user3967@email.com,49,Male,Punjab,Amritsar,639448,2020-09-30,6-10L,Premium,0,Fashion,Social Media
CUST03968,Sanjay Reddy,user3968@email.com,57,Male,Punjab,Jalandhar,257253,2023-06-01,3-6L,New,0,Home & Kitchen,Referral
CUST03969,Siddharth Pandey,user3969@email.com,31,Male,Telangana,Khammam,466880,2020-09-01,3-6L,Regular,1,Beauty & Health,Email Campaign
CUST03970,Nisha Joshi,user3970@email.com,29,Female,Haryana,Hisar,859595,2021-05-27,6-10L,Regular,0,Automotive,Social Media
CUST03971,Rajesh Banerjee,user3971@email.com,27,Female,Uttar Pradesh,Lucknow,667209,2019-11-04,3-6L,VIP,0,Toys & Games,Paid Ads
CUST03972,Rajesh Gupta,user3972@email.com,55,Male,Delhi,Faridabad,288301,2022-10-28,3-6L,New,1,Fashion,Referral
CUST03973,Mihir Reddy,user3973@email.com,38,Female,Bihar,Darbhanga,142666,2021-06-14,>20L,Premium,0,Beauty & Health,Referral
CUST03974,Yash Reddy,user3974@email.com,53,Male,Haryana,Faridabad,431487,2021-08-23,10-20L,Regular,1,Toys & Games,Organic Search
CUST03975,Rahul Iyer,user3975@email.com,40,Male,Andhra Pradesh,Guntur,734839,2020-06-08,6-10L,Regular,0,Beauty & Health,Email Campaign
CUST03976,Amit Reddy,user3976@email.com,42,Male,Uttar Pradesh,Agra,379571,2022-02-05,<3L,VIP,0,Sports & Fitness,Organic Search
CUST03977,Siddharth Rao,user3977@email.com,26,Male,Madhya Pradesh,Indore,414839,2020-04-08,3-6L,Premium,1,Books,Paid Ads
CUST03978,Deepika Joshi,user3978@email.com,53,Female,Kerala,Kollam,421526,2023-08-09,>20L,Regular,0,Fashion,Referral
CUST03979,Pooja Mishra,user3979@email.com,40,Female,West Bengal,Siliguri,438329,2018-07-06,3-6L,New,0,Electronics,Organic Search
CUST03980,Akash Singh,user3980@email.com,45,Female,Telangana,Karimnagar,376291,2019-05-02,10-20L,Regular,0,Beauty & Health,Referral
CUST03981,Tanvi Iyer,user3981@email.com,50,Female,Bihar,Patna,448147,2023-04-03,6-10L,Premium,0,Toys & Games,Paid Ads
CUST03982,Meera Agarwal,user3982@email.com,45,Male,Maharashtra,Pune,640366,2021-05-23,3-6L,Regular,0,Grocery,Organic Search
CUST03983,Divya Gupta,user3983@email.com,52,Male,Uttar Pradesh,Lucknow,223001,2023-09-25,<3L,New,0,Grocery,Organic Search
CUST03984,Kavya Pillai,user3984@email.com,51,Female,Punjab,Ludhiana,857221,2023-05-30,<3L,Regular,0,Automotive,Social Media
CUST03985,Aditi Pillai,user3985@email.com,54,Male,Andhra Pradesh,Tirupati,838628,2019-02-13,10-20L,New,1,Toys & Games,App Store
CUST03986,Nisha Agarwal,user3986@email.com,19,Male,Karnataka,Mangaluru,172187,2023-01-28,6-10L,New,0,Beauty & Health,App Store
CUST03987,Ananya Mehta,user3987@email.com,51,Female,Punjab,Patiala,766751,2020-03-09,10-20L,Premium,1,Toys & Games,Organic Search
CUST03988,Ishaan Rao,user3988@email.com,53,Male,Bihar,Gaya,271094,2018-06-12,6-10L,Regular,0,Grocery,Email Campaign
CUST03989,Divya Nair,user3989@email.com,59,Male,Uttar Pradesh,Lucknow,822387,2019-09-25,>20L,Regular,1,Automotive,Referral
CUST03990,Sanjay Rao,user3990@email.com,27,Male,Andhra Pradesh,Vijayawada,285922,2022-10-17,6-10L,New,1,Automotive,Organic Search
CUST03991,Kavya Gupta,user3991@email.com,52,Female,Tamil Nadu,Chennai,623078,2023-10-17,3-6L,Regular,1,Sports & Fitness,Referral
CUST03992,Ishaan Reddy,user3992@email.com,44,Female,Punjab,Ludhiana,540196,2019-05-07,3-6L,New,0,Toys & Games,Social Media
CUST03993,Rahul Shah,user3993@email.com,55,Male,Punjab,Ludhiana,373225,2018-06-26,6-10L,Regular,0,Books,Email Campaign
CUST03994,Deepika Gupta,user3994@email.com,20,Female,Punjab,Jalandhar,400525,2018-08-13,6-10L,Premium,1,Toys & Games,Referral
CUST03995,Shreya Agarwal,user3995@email.com,30,Male,Karnataka,Belgaum,305326,2018-07-28,<3L,Regular,0,Toys & Games,Social Media
CUST03996,Tanvi Pillai,user3996@email.com,38,Male,Bihar,Gaya,920292,2019-01-10,<3L,Regular,1,Sports & Fitness,Organic Search
CUST03997,Aditya Nair,user3997@email.com,48,Male,Rajasthan,Jaipur,982633,2023-12-05,3-6L,VIP,0,Grocery,Referral
CUST03998,Priya Patel,user3998@email.com,38,Female,Maharashtra,Mumbai,906253,2020-08-09,6-10L,Regular,0,Electronics,Social Media
CUST03999,Tanvi Singh,user3999@email.com,57,Male,Gujarat,Gandhinagar,926458,2019-07-16,6-10L,Premium,0,Toys & Games,Organic Search
CUST04000,Akash Patel,user4000@email.com,52,Female,Karnataka,Hubli,443712,2022-01-06,3-6L,Regular,0,Electronics,Organic Search
CUST04001,Vikram Gupta,user4001@email.com,53,Male,Kerala,Thrissur,439618,2018-02-24,10-20L,Regular,1,Grocery,Organic Search
CUST04002,Aarav Pandey,user4002@email.com,32,Female,Telangana,Nizamabad,196717,2019-12-20,3-6L,Premium,0,Toys & Games,App Store
CUST04003,Utkarsh Banerjee,user4003@email.com,49,Male,Kerala,Thrissur,932260,2023-06-18,3-6L,Premium,0,Books,Email Campaign
CUST04004,Varun Patel,user4004@email.com,24,Female,Bihar,Muzaffarpur,933543,2022-08-07,10-20L,VIP,1,Home & Kitchen,Referral
CUST04005,Amit Verma,user4005@email.com,52,Male,Uttar Pradesh,Allahabad,692940,2021-04-14,3-6L,Regular,0,Automotive,Paid Ads
CUST04006,Meera Malhotra,user4006@email.com,41,Male,Punjab,Amritsar,792649,2023-05-16,>20L,New,0,Books,Organic Search
CUST04007,Tanvi Kumar,user4007@email.com,30,Male,Kerala,Kochi,921879,2022-08-05,10-20L,New,0,Books,Organic Search
CUST04008,Manoj Gupta,user4008@email.com,45,Male,Andhra Pradesh,Visakhapatnam,689120,2023-04-10,10-20L,New,1,Beauty & Health,Paid Ads
CUST04009,Ananya Kumar,user4009@email.com,38,Male,Telangana,Nizamabad,108848,2022-10-27,>20L,Regular,0,Books,Organic Search
CUST04010,Meera Agarwal,user4010@email.com,54,Other,Gujarat,Gandhinagar,865218,2021-09-17,6-10L,Regular,1,Grocery,Organic Search
CUST04011,Mihir Malhotra,user4011@email.com,47,Female,Gujarat,Vadodara,909597,2022-07-23,3-6L,Regular,1,Home & Kitchen,Organic Search
CUST04012,Manoj Banerjee,user4012@email.com,37,Female,Andhra Pradesh,Guntur,929804,2023-06-12,6-10L,Regular,1,Electronics,Paid Ads
CUST04013,Meera Singh,user4013@email.com,24,Male,Maharashtra,Nagpur,980750,2023-12-25,6-10L,Regular,0,Office Supplies,Referral
CUST04014,Meera Shah,user4014@email.com,19,Female,Telangana,Khammam,231874,2023-03-26,3-6L,Regular,1,Toys & Games,App Store
CUST04015,Rohit Shah,user4015@email.com,44,Male,Bihar,Darbhanga,234610,2021-05-17,<3L,Regular,0,Automotive,Social Media
CUST04016,Aditya Agarwal,user4016@email.com,23,Female,Kerala,Thrissur,569866,2023-12-02,>20L,Premium,0,Books,Referral
CUST04017,Rohit Shah,user4017@email.com,35,Female,Madhya Pradesh,Indore,490564,2021-01-12,3-6L,Regular,0,Electronics,App Store
CUST04018,Yash Trivedi,user4018@email.com,25,Female,Tamil Nadu,Chennai,682966,2020-02-08,6-10L,Regular,1,Fashion,Email Campaign
CUST04019,Pooja Singh,user4019@email.com,38,Male,Tamil Nadu,Trichy,929080,2020-11-13,<3L,Regular,0,Home & Kitchen,Email Campaign
CUST04020,Vikram Agarwal,user4020@email.com,36,Male,Tamil Nadu,Chennai,999431,2020-03-28,6-10L,New,0,Electronics,Social Media
CUST04021,Tanvi Shah,user4021@email.com,51,Female,Tamil Nadu,Salem,955084,2022-02-11,10-20L,Regular,0,Sports & Fitness,Referral
CUST04022,Rajesh Singh,user4022@email.com,20,Male,West Bengal,Durgapur,319039,2021-09-21,6-10L,Regular,0,Grocery,Email Campaign
CUST04023,Sneha Gupta,user4023@email.com,26,Female,Andhra Pradesh,Visakhapatnam,379116,2019-06-14,6-10L,Regular,0,Office Supplies,Paid Ads
CUST04024,Kavya Patel,user4024@email.com,51,Male,Kerala,Kollam,941218,2019-11-21,6-10L,Premium,0,Sports & Fitness,Organic Search
CUST04025,Deepika Kumar,user4025@email.com,39,Female,Haryana,Panipat,909439,2020-03-22,3-6L,Regular,1,Fashion,App Store
CUST04026,Varun Mishra,user4026@email.com,49,Female,Gujarat,Ahmedabad,717193,2021-09-23,6-10L,Premium,1,Electronics,Referral
CUST04027,Shreya Patel,user4027@email.com,28,Female,Tamil Nadu,Trichy,405920,2020-09-12,<3L,New,0,Home & Kitchen,Paid Ads
CUST04028,Karan Singh,user4028@email.com,29,Male,Delhi,New Delhi,787370,2018-01-03,6-10L,New,1,Grocery,Organic Search
CUST04029,Kavya Banerjee,user4029@email.com,60,Male,Uttar Pradesh,Kanpur,950980,2023-09-08,>20L,Regular,1,Home & Kitchen,Email Campaign
CUST04030,Ishaan Pillai,user4030@email.com,28,Male,West Bengal,Siliguri,926378,2021-08-02,3-6L,Premium,0,Fashion,Referral
CUST04031,Sunita Trivedi,user4031@email.com,60,Male,Tamil Nadu,Coimbatore,509637,2020-03-27,3-6L,New,1,Beauty & Health,Referral
CUST04032,Kavya Singh,user4032@email.com,48,Male,Kerala,Kochi,506799,2020-01-10,10-20L,VIP,0,Automotive,Email Campaign
CUST04033,Yash Reddy,user4033@email.com,47,Female,Haryana,Gurugram,828555,2021-03-07,6-10L,Regular,0,Sports & Fitness,Organic Search
CUST04034,Yash Kumar,user4034@email.com,30,Female,Karnataka,Belgaum,582942,2018-06-15,6-10L,Premium,0,Grocery,Email Campaign
CUST04035,Ishaan Patel,user4035@email.com,26,Male,Haryana,Rohtak,332559,2019-07-11,6-10L,Regular,0,Fashion,Referral
CUST04036,Pooja Nair,user4036@email.com,20,Male,Tamil Nadu,Salem,951575,2021-04-15,6-10L,Premium,1,Office Supplies,Referral
CUST04037,Karan Mishra,user4037@email.com,48,Male,Karnataka,Belgaum,120023,2018-08-23,6-10L,Regular,0,Sports & Fitness,Email Campaign
CUST04038,Siddharth Nair,user4038@email.com,59,Female,Rajasthan,Udaipur,773777,2018-10-28,<3L,Premium,0,Automotive,Social Media
CUST04039,Utkarsh Patel,user4039@email.com,36,Male,Andhra Pradesh,Nellore,687588,2018-01-16,6-10L,Regular,0,Home & Kitchen,Paid Ads
CUST04040,Karan Joshi,user4040@email.com,39,Male,West Bengal,Howrah,476682,2021-11-16,<3L,Premium,0,Fashion,Social Media
CUST04041,Shreya Joshi,user4041@email.com,20,Male,Gujarat,Gandhinagar,863961,2019-05-02,>20L,New,1,Electronics,Social Media
CUST04042,Riya Joshi,user4042@email.com,45,Female,Delhi,Noida,973036,2023-11-10,6-10L,Regular,0,Books,Paid Ads
CUST04043,Ananya Nair,user4043@email.com,52,Male,Andhra Pradesh,Visakhapatnam,723357,2018-09-14,<3L,VIP,1,Office Supplies,Referral
CUST04044,Aditya Banerjee,user4044@email.com,30,Male,Tamil Nadu,Coimbatore,428504,2021-02-22,6-10L,New,0,Toys & Games,Email Campaign
CUST04045,Shreya Shah,user4045@email.com,20,Male,Kerala,Thiruvananthapuram,584549,2023-10-30,3-6L,Premium,0,Grocery,Social Media
CUST04046,Amit Joshi,user4046@email.com,57,Female,West Bengal,Kolkata,639834,2021-10-15,6-10L,Regular,0,Toys & Games,Referral
CUST04047,Rajesh Mishra,user4047@email.com,55,Female,Haryana,Rohtak,405387,2019-05-18,6-10L,Regular,0,Home & Kitchen,Social Media
CUST04048,Rahul Trivedi,user4048@email.com,22,Male,Gujarat,Rajkot,375676,2018-03-25,3-6L,New,1,Automotive,Organic Search
CUST04049,Priya Iyer,user4049@email.com,26,Male,Madhya Pradesh,Jabalpur,197129,2019-02-03,>20L,VIP,1,Home & Kitchen,Email Campaign
CUST04050,Sunita Nair,user4050@email.com,43,Male,Gujarat,Gandhinagar,166027,2023-02-06,<3L,Premium,0,Sports & Fitness,Organic Search
CUST04051,Tanvi Nair,user4051@email.com,37,Female,Rajasthan,Kota,414534,2021-02-27,>20L,Premium,0,Automotive,Referral
CUST04052,Aditya Trivedi,user4052@email.com,20,Male,Gujarat,Gandhinagar,122004,2020-03-17,>20L,Regular,1,Sports & Fitness,Paid Ads
CUST04053,Aarav Joshi,user4053@email.com,37,Female,Tamil Nadu,Chennai,372433,2021-06-15,>20L,Regular,0,Books,Paid Ads
CUST04054,Utkarsh Patel,user4054@email.com,45,Male,Uttar Pradesh,Varanasi,602713,2019-12-06,<3L,Regular,1,Sports & Fitness,App Store
CUST04055,Pooja Mehta,user4055@email.com,27,Male,Maharashtra,Nagpur,184942,2019-12-12,<3L,Regular,0,Beauty & Health,Paid Ads
CUST04056,Tanvi Joshi,user4056@email.com,49,Female,Andhra Pradesh,Tirupati,185751,2020-09-02,<3L,VIP,0,Home & Kitchen,Referral
CUST04057,Pooja Pandey,user4057@email.com,45,Female,Karnataka,Bengaluru,126966,2021-03-07,10-20L,Regular,0,Automotive,App Store
CUST04058,Mihir Gupta,user4058@email.com,40,Female,Haryana,Gurugram,259984,2019-09-05,<3L,VIP,0,Home & Kitchen,Organic Search
CUST04059,Sunita Mishra,user4059@email.com,48,Male,Punjab,Ludhiana,976433,2021-09-03,3-6L,Regular,0,Grocery,Referral
CUST04060,Rohit Reddy,user4060@email.com,19,Female,Maharashtra,Nagpur,555666,2020-10-11,10-20L,New,0,Office Supplies,Organic Search
CUST04061,Meera Shah,user4061@email.com,43,Male,Telangana,Hyderabad,853634,2020-03-18,3-6L,Regular,0,Home & Kitchen,Organic Search
CUST04062,Meera Trivedi,user4062@email.com,47,Male,West Bengal,Siliguri,667609,2019-01-22,<3L,New,1,Home & Kitchen,Referral
CUST04063,Manoj Pillai,user4063@email.com,27,Male,Uttar Pradesh,Allahabad,666562,2022-02-13,3-6L,Regular,0,Sports & Fitness,Referral
CUST04064,Amit Agarwal,user4064@email.com,60,Male,Karnataka,Bengaluru,649209,2022-11-03,6-10L,New,0,Beauty & Health,Referral
CUST04065,Sneha Singh,user4065@email.com,42,Female,Karnataka,Hubli,161652,2022-02-17,3-6L,New,1,Books,Referral
CUST04066,Karan Verma,user4066@email.com,53,Female,Telangana,Karimnagar,151492,2019-11-20,3-6L,VIP,0,Fashion,Organic Search
CUST04067,Nisha Trivedi,user4067@email.com,42,Female,Kerala,Kochi,597222,2020-01-15,6-10L,VIP,0,Grocery,Organic Search
CUST04068,Deepika Pillai,user4068@email.com,23,Female,Haryana,Hisar,325623,2018-12-09,>20L,Premium,1,Office Supplies,Social Media
CUST04069,Vikram Pandey,user4069@email.com,41,Male,Andhra Pradesh,Guntur,150561,2020-02-15,6-10L,Regular,0,Beauty & Health,Social Media
CUST04070,Arjun Joshi,user4070@email.com,56,Female,Karnataka,Mangaluru,887649,2019-03-11,<3L,New,0,Fashion,Social Media
CUST04071,Sunita Rao,user4071@email.com,24,Female,Haryana,Rohtak,168491,2021-05-12,6-10L,New,0,Fashion,Organic Search
CUST04072,Manoj Iyer,user4072@email.com,51,Female,Punjab,Chandigarh,615045,2021-01-24,<3L,Premium,1,Grocery,Social Media
CUST04073,Ananya Verma,user4073@email.com,44,Male,West Bengal,Kolkata,912103,2019-08-07,>20L,Regular,0,Books,Referral
CUST04074,Isha Nair,user4074@email.com,40,Male,Haryana,Hisar,133136,2021-08-11,>20L,Regular,0,Grocery,Social Media
CUST04075,Varun Nair,user4075@email.com,56,Female,Maharashtra,Thane,585404,2023-03-22,6-10L,Regular,0,Automotive,Organic Search
CUST04076,Isha Shah,user4076@email.com,38,Female,Delhi,Ghaziabad,310879,2022-08-20,6-10L,New,1,Home & Kitchen,Social Media
CUST04077,Tanvi Nair,user4077@email.com,23,Male,Uttar Pradesh,Allahabad,565864,2021-10-30,<3L,Regular,0,Beauty & Health,Social Media
CUST04078,Utkarsh Mishra,user4078@email.com,44,Female,Delhi,Ghaziabad,747494,2020-05-19,6-10L,New,0,Grocery,Social Media
CUST04079,Manoj Iyer,user4079@email.com,42,Male,Rajasthan,Kota,800118,2020-12-28,6-10L,Regular,0,Office Supplies,Email Campaign
CUST04080,Siddharth Sharma,user4080@email.com,39,Male,Madhya Pradesh,Ujjain,890295,2020-02-05,3-6L,VIP,0,Grocery,Social Media
CUST04081,Pooja Banerjee,user4081@email.com,59,Male,Rajasthan,Udaipur,546023,2022-06-18,>20L,New,0,Beauty & Health,Paid Ads
CUST04082,Ishaan Pillai,user4082@email.com,46,Female,Haryana,Hisar,586667,2018-07-26,<3L,New,0,Sports & Fitness,Referral
CUST04083,Manoj Kumar,user4083@email.com,32,Female,Haryana,Gurugram,472236,2022-06-13,6-10L,Premium,0,Home & Kitchen,Referral
CUST04084,Aditya Verma,user4084@email.com,28,Male,Bihar,Darbhanga,639264,2018-08-26,3-6L,Regular,0,Beauty & Health,Social Media
CUST04085,Shreya Iyer,user4085@email.com,18,Female,Kerala,Kozhikode,152972,2022-03-04,10-20L,Premium,0,Automotive,Social Media
CUST04086,Yash Gupta,user4086@email.com,33,Male,Tamil Nadu,Salem,491621,2018-05-16,6-10L,Regular,0,Electronics,Organic Search
CUST04087,Sneha Pandey,user4087@email.com,53,Female,Kerala,Kozhikode,481050,2023-11-22,10-20L,Premium,1,Office Supplies,Organic Search
CUST04088,Aarav Reddy,user4088@email.com,29,Female,Tamil Nadu,Chennai,685794,2023-07-07,10-20L,VIP,0,Beauty & Health,Organic Search
CUST04089,Divya Mishra,user4089@email.com,53,Male,Kerala,Kozhikode,709078,2018-08-21,6-10L,Premium,0,Books,Social Media
CUST04090,Yash Mehta,user4090@email.com,31,Male,Rajasthan,Ajmer,589074,2023-04-30,3-6L,Premium,0,Sports & Fitness,Paid Ads
CUST04091,Sunita Singh,user4091@email.com,46,Female,Tamil Nadu,Madurai,203390,2018-03-13,10-20L,Regular,1,Automotive,App Store
CUST04092,Riya Agarwal,user4092@email.com,41,Female,Rajasthan,Udaipur,977919,2021-02-10,<3L,Premium,0,Office Supplies,Social Media
CUST04093,Ananya Pandey,user4093@email.com,44,Female,Madhya Pradesh,Ujjain,377615,2023-08-19,>20L,New,1,Electronics,Referral
CUST04094,Aarav Singh,user4094@email.com,20,Female,Madhya Pradesh,Ujjain,716038,2022-02-26,10-20L,Regular,0,Home & Kitchen,Social Media
CUST04095,Rohit Shah,user4095@email.com,21,Male,Uttar Pradesh,Agra,569541,2022-04-20,<3L,VIP,0,Fashion,Referral
CUST04096,Yash Sharma,user4096@email.com,37,Male,Andhra Pradesh,Tirupati,299728,2023-09-16,6-10L,Premium,1,Home & Kitchen,Social Media
CUST04097,Ananya Mehta,user4097@email.com,36,Female,Bihar,Darbhanga,303370,2018-03-08,6-10L,New,0,Home & Kitchen,Email Campaign
CUST04098,Riya Pandey,user4098@email.com,50,Female,Andhra Pradesh,Vijayawada,829736,2022-10-11,3-6L,Regular,0,Fashion,Email Campaign
CUST04099,Yash Singh,user4099@email.com,32,Male,Delhi,New Delhi,955939,2022-04-04,3-6L,Regular,1,Sports & Fitness,Paid Ads
CUST04100,Siddharth Mehta,user4100@email.com,23,Male,Uttar Pradesh,Agra,956585,2021-05-05,3-6L,Regular,1,Home & Kitchen,Social Media
CUST04101,Divya Pandey,user4101@email.com,35,Female,Kerala,Thiruvananthapuram,905243,2022-01-27,<3L,Regular,1,Books,App Store
CUST04102,Riya Pillai,user4102@email.com,29,Male,Karnataka,Bengaluru,158198,2019-07-19,>20L,Regular,1,Home & Kitchen,Organic Search
CUST04103,Utkarsh Patel,user4103@email.com,56,Male,West Bengal,Asansol,173041,2018-12-31,6-10L,Regular,1,Grocery,Referral
CUST04104,Vikram Pillai,user4104@email.com,51,Male,Maharashtra,Pune,538277,2021-07-29,3-6L,Regular,0,Sports & Fitness,Social Media
CUST04105,Siddharth Rao,user4105@email.com,18,Male,Maharashtra,Nagpur,607203,2022-10-22,3-6L,Regular,1,Sports & Fitness,App Store
CUST04106,Manoj Gupta,user4106@email.com,41,Male,Madhya Pradesh,Bhopal,421064,2022-01-10,10-20L,Regular,1,Grocery,Email Campaign
CUST04107,Isha Agarwal,user4107@email.com,43,Male,West Bengal,Howrah,627846,2018-07-30,6-10L,Premium,1,Home & Kitchen,Referral
CUST04108,Aarav Rao,user4108@email.com,24,Male,Haryana,Panipat,854291,2020-12-20,3-6L,Regular,0,Office Supplies,Referral
CUST04109,Nisha Verma,user4109@email.com,47,Female,Andhra Pradesh,Visakhapatnam,736566,2022-05-04,3-6L,Regular,0,Office Supplies,Referral
CUST04110,Divya Reddy,user4110@email.com,53,Female,Bihar,Muzaffarpur,515366,2023-08-28,3-6L,Premium,0,Fashion,Email Campaign
CUST04111,Manoj Agarwal,user4111@email.com,30,Male,Uttar Pradesh,Agra,527517,2020-09-10,3-6L,VIP,0,Automotive,Organic Search
CUST04112,Aarav Reddy,user4112@email.com,29,Female,Andhra Pradesh,Tirupati,261389,2023-01-31,6-10L,Regular,0,Books,Social Media
CUST04113,Deepika Singh,user4113@email.com,59,Female,Gujarat,Ahmedabad,405073,2022-01-13,10-20L,Regular,1,Grocery,Social Media
CUST04114,Yash Banerjee,user4114@email.com,19,Male,Maharashtra,Pune,705771,2018-11-10,3-6L,Premium,1,Electronics,Social Media
CUST04115,Ishaan Sharma,user4115@email.com,50,Male,Kerala,Kozhikode,407268,2018-07-04,<3L,VIP,0,Beauty & Health,Organic Search
CUST04116,Rahul Nair,user4116@email.com,36,Male,West Bengal,Durgapur,335224,2022-09-11,3-6L,New,1,Office Supplies,Referral
CUST04117,Shreya Patel,user4117@email.com,40,Other,Uttar Pradesh,Lucknow,807727,2023-11-22,<3L,Regular,0,Books,Organic Search
CUST04118,Amit Pandey,user4118@email.com,46,Female,Gujarat,Ahmedabad,320208,2023-08-02,<3L,Regular,0,Automotive,Paid Ads
CUST04119,Deepika Rao,user4119@email.com,33,Male,Madhya Pradesh,Jabalpur,674550,2020-04-06,10-20L,Premium,0,Electronics,Paid Ads
CUST04120,Sanjay Pandey,user4120@email.com,40,Male,Tamil Nadu,Salem,850366,2023-05-09,<3L,Regular,0,Books,Paid Ads
CUST04121,Riya Banerjee,user4121@email.com,40,Female,Kerala,Kollam,396087,2018-05-21,6-10L,VIP,0,Beauty & Health,Referral
CUST04122,Priya Joshi,user4122@email.com,26,Female,Tamil Nadu,Trichy,755034,2023-06-02,>20L,Regular,1,Automotive,Social Media
CUST04123,Isha Nair,user4123@email.com,24,Male,Haryana,Gurugram,953737,2023-04-08,10-20L,Regular,1,Grocery,Email Campaign
CUST04124,Rahul Agarwal,user4124@email.com,29,Female,Uttar Pradesh,Lucknow,445729,2018-02-15,3-6L,Premium,1,Toys & Games,Social Media
CUST04125,Shreya Patel,user4125@email.com,53,Male,Punjab,Ludhiana,446543,2022-12-04,<3L,New,0,Fashion,Organic Search
CUST04126,Siddharth Singh,user4126@email.com,40,Male,Gujarat,Ahmedabad,996030,2018-03-02,10-20L,New,0,Electronics,Organic Search
CUST04127,Amit Kumar,user4127@email.com,40,Male,Maharashtra,Mumbai,739628,2019-09-08,<3L,Regular,0,Toys & Games,Email Campaign
CUST04128,Pooja Pillai,user4128@email.com,51,Male,Delhi,Ghaziabad,537984,2018-11-29,6-10L,New,0,Books,Organic Search
CUST04129,Mihir Kumar,user4129@email.com,20,Male,Madhya Pradesh,Gwalior,283092,2021-03-26,10-20L,Regular,0,Office Supplies,Social Media
CUST04130,Aarav Banerjee,user4130@email.com,45,Other,West Bengal,Howrah,822164,2021-06-17,3-6L,VIP,0,Home & Kitchen,Social Media
CUST04131,Vikram Malhotra,user4131@email.com,41,Male,Gujarat,Rajkot,706262,2023-06-26,6-10L,Premium,1,Books,App Store
CUST04132,Meera Iyer,user4132@email.com,31,Female,Haryana,Gurugram,591188,2022-08-18,>20L,Premium,0,Grocery,Organic Search
CUST04133,Aarav Verma,user4133@email.com,36,Male,Madhya Pradesh,Jabalpur,723977,2023-01-12,3-6L,Regular,1,Sports & Fitness,Organic Search
CUST04134,Ananya Rao,user4134@email.com,38,Female,Andhra Pradesh,Guntur,137231,2022-10-13,3-6L,New,0,Home & Kitchen,Referral
CUST04135,Yash Patel,user4135@email.com,40,Male,Rajasthan,Kota,164611,2018-12-26,3-6L,Regular,0,Sports & Fitness,Referral
CUST04136,Yash Reddy,user4136@email.com,44,Female,Andhra Pradesh,Visakhapatnam,714091,2021-04-16,>20L,Premium,0,Electronics,Email Campaign
CUST04137,Sanjay Mehta,user4137@email.com,47,Male,Maharashtra,Pune,630679,2020-10-10,6-10L,Regular,0,Office Supplies,Referral
CUST04138,Anjali Banerjee,user4138@email.com,55,Female,Punjab,Jalandhar,571319,2020-02-28,10-20L,New,0,Fashion,Email Campaign
CUST04139,Aditya Mehta,user4139@email.com,19,Male,Punjab,Jalandhar,122667,2020-02-13,<3L,VIP,1,Fashion,Email Campaign
CUST04140,Rahul Sharma,user4140@email.com,37,Male,Andhra Pradesh,Visakhapatnam,611117,2023-04-27,10-20L,New,0,Beauty & Health,Email Campaign
CUST04141,Aditya Pillai,user4141@email.com,60,Female,Tamil Nadu,Coimbatore,180166,2021-09-27,6-10L,Regular,1,Automotive,Organic Search
CUST04142,Siddharth Pillai,user4142@email.com,40,Male,Uttar Pradesh,Kanpur,443984,2021-03-11,10-20L,Regular,1,Electronics,Organic Search
CUST04143,Meera Pillai,user4143@email.com,35,Female,Maharashtra,Pune,270024,2022-08-18,<3L,Regular,1,Fashion,Social Media
CUST04144,Sunita Gupta,user4144@email.com,33,Female,Maharashtra,Thane,158449,2020-10-28,<3L,Regular,0,Books,Organic Search
CUST04145,Ishaan Nair,user4145@email.com,57,Female,Maharashtra,Nashik,220355,2019-11-19,6-10L,Regular,0,Books,Paid Ads
CUST04146,Varun Singh,user4146@email.com,36,Male,Rajasthan,Jaipur,446653,2020-01-08,>20L,New,1,Toys & Games,Organic Search
CUST04147,Riya Nair,user4147@email.com,55,Male,Tamil Nadu,Coimbatore,698476,2021-08-06,3-6L,Premium,1,Books,Organic Search
CUST04148,Anjali Nair,user4148@email.com,20,Female,Andhra Pradesh,Tirupati,905925,2019-12-20,10-20L,Regular,1,Grocery,Email Campaign
CUST04149,Ananya Patel,user4149@email.com,49,Female,Telangana,Nizamabad,540174,2020-01-27,<3L,Regular,0,Office Supplies,Organic Search
CUST04150,Riya Agarwal,user4150@email.com,39,Male,Punjab,Patiala,704967,2019-09-20,<3L,Regular,0,Electronics,Organic Search
CUST04151,Akash Agarwal,user4151@email.com,18,Female,Maharashtra,Pune,916224,2019-09-11,10-20L,Regular,0,Books,Email Campaign
CUST04152,Pooja Iyer,user4152@email.com,42,Female,West Bengal,Kolkata,508154,2022-02-13,10-20L,New,1,Grocery,Paid Ads
CUST04153,Siddharth Rao,user4153@email.com,59,Male,Gujarat,Gandhinagar,860262,2018-02-16,3-6L,Regular,1,Fashion,Organic Search
CUST04154,Vikram Pandey,user4154@email.com,18,Female,Tamil Nadu,Salem,787041,2021-11-05,>20L,New,0,Grocery,Referral
CUST04155,Vikram Singh,user4155@email.com,18,Female,Rajasthan,Jaipur,537406,2019-09-30,>20L,Premium,1,Electronics,Organic Search
CUST04156,Mihir Verma,user4156@email.com,19,Male,Tamil Nadu,Trichy,528639,2019-06-30,>20L,Regular,1,Automotive,Paid Ads
CUST04157,Aditya Rao,user4157@email.com,42,Female,Andhra Pradesh,Visakhapatnam,833097,2020-06-07,6-10L,Regular,0,Home & Kitchen,Organic Search
CUST04158,Aditya Mehta,user4158@email.com,43,Female,Telangana,Nizamabad,502078,2022-09-08,6-10L,Regular,1,Sports & Fitness,Organic Search
CUST04159,Aditya Banerjee,user4159@email.com,54,Female,West Bengal,Siliguri,834131,2022-07-03,<3L,Regular,1,Electronics,Paid Ads
CUST04160,Arjun Gupta,user4160@email.com,23,Male,Tamil Nadu,Coimbatore,689516,2022-12-26,6-10L,Regular,1,Electronics,Referral
CUST04161,Rahul Iyer,user4161@email.com,33,Male,Haryana,Rohtak,217918,2018-06-27,3-6L,Regular,1,Books,Paid Ads
CUST04162,Manoj Banerjee,user4162@email.com,60,Male,Madhya Pradesh,Gwalior,531048,2020-11-17,10-20L,Premium,0,Grocery,Paid Ads
CUST04163,Kavya Joshi,user4163@email.com,27,Male,Punjab,Chandigarh,972368,2020-10-31,3-6L,Regular,0,Sports & Fitness,Social Media
CUST04164,Kavya Pandey,user4164@email.com,59,Female,Punjab,Ludhiana,616226,2018-08-02,6-10L,New,0,Toys & Games,Social Media
CUST04165,Aditi Joshi,user4165@email.com,21,Female,Bihar,Gaya,506734,2018-10-15,10-20L,Premium,0,Beauty & Health,App Store
CUST04166,Divya Sharma,user4166@email.com,50,Female,West Bengal,Asansol,146285,2018-05-03,>20L,New,0,Sports & Fitness,Organic Search
CUST04167,Kavya Gupta,user4167@email.com,25,Male,Gujarat,Rajkot,226329,2023-03-16,10-20L,VIP,0,Toys & Games,Referral
CUST04168,Arjun Joshi,user4168@email.com,24,Male,Punjab,Chandigarh,656549,2020-08-05,<3L,New,0,Toys & Games,Email Campaign
CUST04169,Aarav Malhotra,user4169@email.com,29,Female,Karnataka,Bengaluru,386374,2018-04-26,3-6L,New,0,Automotive,Organic Search
CUST04170,Aarav Kumar,user4170@email.com,52,Female,Punjab,Amritsar,931090,2020-03-04,<3L,Premium,1,Automotive,Organic Search
CUST04171,Varun Pandey,user4171@email.com,20,Male,Andhra Pradesh,Guntur,358968,2022-08-19,10-20L,New,1,Fashion,Referral
CUST04172,Akash Kumar,user4172@email.com,21,Male,West Bengal,Siliguri,844467,2022-09-29,<3L,Premium,0,Automotive,Organic Search
CUST04173,Manoj Reddy,user4173@email.com,43,Male,Andhra Pradesh,Nellore,275102,2022-09-12,10-20L,Regular,0,Toys & Games,Social Media
CUST04174,Ishaan Mehta,user4174@email.com,54,Female,West Bengal,Durgapur,279507,2018-06-11,10-20L,New,1,Books,Social Media
CUST04175,Vikram Patel,user4175@email.com,56,Female,Tamil Nadu,Chennai,369952,2018-11-05,>20L,Regular,0,Office Supplies,Paid Ads
CUST04176,Kavya Nair,user4176@email.com,45,Female,Bihar,Darbhanga,728835,2020-09-18,>20L,Regular,0,Books,Email Campaign
CUST04177,Ananya Banerjee,user4177@email.com,38,Female,Andhra Pradesh,Guntur,525389,2019-10-17,6-10L,Regular,0,Home & Kitchen,Organic Search
CUST04178,Aditya Shah,user4178@email.com,42,Male,Andhra Pradesh,Nellore,459024,2020-03-22,6-10L,Premium,0,Automotive,App Store
CUST04179,Tanvi Nair,user4179@email.com,33,Male,Delhi,New Delhi,290671,2018-03-29,<3L,Premium,0,Grocery,Referral
CUST04180,Ananya Mishra,user4180@email.com,59,Male,Rajasthan,Jodhpur,750155,2021-09-27,<3L,Premium,0,Electronics,App Store
CUST04181,Pooja Banerjee,user4181@email.com,48,Female,Tamil Nadu,Salem,214050,2019-04-04,6-10L,VIP,1,Grocery,App Store
CUST04182,Ananya Sharma,user4182@email.com,46,Male,Gujarat,Rajkot,742840,2018-11-26,3-6L,VIP,1,Sports & Fitness,Paid Ads
CUST04183,Pooja Pillai,user4183@email.com,40,Female,Gujarat,Rajkot,681200,2020-08-13,6-10L,Regular,0,Toys & Games,Organic Search
CUST04184,Akash Malhotra,user4184@email.com,52,Female,Madhya Pradesh,Ujjain,855164,2021-06-18,>20L,Regular,1,Home & Kitchen,Referral
CUST04185,Yash Mishra,user4185@email.com,59,Female,Delhi,Gurgaon,201212,2018-06-08,>20L,Regular,0,Grocery,Referral
CUST04186,Sanjay Agarwal,user4186@email.com,25,Female,Bihar,Gaya,607733,2020-10-15,3-6L,Regular,0,Electronics,Organic Search
CUST04187,Aditya Singh,user4187@email.com,42,Male,Gujarat,Vadodara,843693,2018-04-19,>20L,New,0,Books,Email Campaign
CUST04188,Shreya Joshi,user4188@email.com,45,Female,Andhra Pradesh,Visakhapatnam,852800,2023-12-13,6-10L,Regular,1,Automotive,Referral
CUST04189,Ishaan Gupta,user4189@email.com,38,Male,Rajasthan,Jodhpur,962726,2021-11-07,<3L,Premium,0,Automotive,Social Media
CUST04190,Pooja Verma,user4190@email.com,40,Female,Uttar Pradesh,Agra,801300,2020-12-02,<3L,Regular,1,Office Supplies,Email Campaign
CUST04191,Aditi Malhotra,user4191@email.com,36,Female,Kerala,Kozhikode,454396,2018-10-07,6-10L,Regular,0,Sports & Fitness,Social Media
CUST04192,Deepika Reddy,user4192@email.com,42,Male,Gujarat,Rajkot,955185,2018-08-16,3-6L,Premium,0,Toys & Games,Email Campaign
CUST04193,Sanjay Iyer,user4193@email.com,27,Male,Madhya Pradesh,Ujjain,533807,2020-05-25,6-10L,Regular,0,Automotive,Organic Search
CUST04194,Sneha Joshi,user4194@email.com,44,Female,Kerala,Thiruvananthapuram,594596,2023-07-03,<3L,New,0,Grocery,Social Media
CUST04195,Rajesh Verma,user4195@email.com,18,Female,Delhi,Noida,523237,2023-11-28,6-10L,VIP,0,Toys & Games,Referral
CUST04196,Aarav Malhotra,user4196@email.com,58,Male,Karnataka,Bengaluru,843300,2022-03-08,<3L,Regular,0,Sports & Fitness,Organic Search
CUST04197,Utkarsh Banerjee,user4197@email.com,55,Male,Kerala,Kochi,623519,2021-06-04,3-6L,Regular,1,Beauty & Health,Social Media
CUST04198,Mihir Singh,user4198@email.com,36,Male,Maharashtra,Thane,790432,2021-09-21,<3L,New,0,Sports & Fitness,Social Media
CUST04199,Akash Trivedi,user4199@email.com,56,Female,Tamil Nadu,Madurai,311536,2019-07-27,6-10L,Regular,1,Home & Kitchen,App Store
CUST04200,Rohit Kumar,user4200@email.com,58,Male,Andhra Pradesh,Nellore,357742,2019-06-03,3-6L,VIP,0,Sports & Fitness,Social Media
CUST04201,Rohit Verma,user4201@email.com,52,Male,Kerala,Thrissur,689833,2019-03-24,<3L,New,0,Home & Kitchen,App Store
CUST04202,Rohit Pandey,user4202@email.com,52,Female,Gujarat,Surat,238037,2018-02-16,3-6L,Regular,1,Sports & Fitness,Referral
CUST04203,Varun Pillai,user4203@email.com,56,Female,Tamil Nadu,Coimbatore,615101,2019-08-02,10-20L,Premium,0,Books,Organic Search
CUST04204,Sunita Shah,user4204@email.com,44,Female,Karnataka,Bengaluru,437447,2023-07-06,3-6L,Regular,0,Office Supplies,Referral
CUST04205,Manoj Trivedi,user4205@email.com,44,Male,Madhya Pradesh,Ujjain,219988,2018-01-22,10-20L,Regular,0,Fashion,Social Media
CUST04206,Pooja Kumar,user4206@email.com,33,Male,West Bengal,Durgapur,915289,2019-09-13,6-10L,Regular,1,Fashion,Paid Ads
CUST04207,Nisha Iyer,user4207@email.com,34,Female,Punjab,Ludhiana,857648,2023-06-24,>20L,Premium,0,Books,Organic Search
CUST04208,Ishaan Pandey,user4208@email.com,26,Female,Gujarat,Vadodara,772552,2023-09-03,6-10L,Premium,0,Sports & Fitness,Organic Search
CUST04209,Aarav Kumar,user4209@email.com,30,Female,Rajasthan,Jodhpur,230128,2019-01-13,6-10L,Regular,1,Fashion,Paid Ads
CUST04210,Tanvi Gupta,user4210@email.com,21,Female,Punjab,Patiala,120966,2019-04-08,3-6L,New,0,Fashion,Social Media
CUST04211,Rajesh Rao,user4211@email.com,50,Male,Tamil Nadu,Chennai,370105,2018-04-09,3-6L,Regular,1,Beauty & Health,Referral
CUST04212,Pooja Iyer,user4212@email.com,46,Male,Bihar,Muzaffarpur,127827,2018-09-19,3-6L,Regular,0,Grocery,Organic Search
CUST04213,Amit Pandey,user4213@email.com,50,Male,Karnataka,Mysuru,886900,2023-04-20,>20L,Premium,1,Office Supplies,App Store
CUST04214,Tanvi Sharma,user4214@email.com,59,Female,Uttar Pradesh,Varanasi,978014,2018-04-18,3-6L,Premium,1,Books,Organic Search
CUST04215,Anjali Rao,user4215@email.com,18,Male,Uttar Pradesh,Allahabad,908909,2018-09-27,3-6L,New,0,Office Supplies,Social Media
CUST04216,Yash Pandey,user4216@email.com,39,Male,Andhra Pradesh,Vijayawada,342291,2020-12-17,3-6L,Premium,0,Books,Email Campaign
CUST04217,Rohit Rao,user4217@email.com,38,Female,Karnataka,Mangaluru,319389,2020-10-25,6-10L,New,0,Sports & Fitness,Organic Search
CUST04218,Nisha Trivedi,user4218@email.com,45,Other,Telangana,Khammam,682939,2020-07-13,<3L,Premium,0,Home & Kitchen,Referral
CUST04219,Arjun Kumar,user4219@email.com,48,Female,Gujarat,Rajkot,701546,2018-06-27,<3L,Regular,0,Beauty & Health,Paid Ads
CUST04220,Utkarsh Reddy,user4220@email.com,20,Male,Madhya Pradesh,Jabalpur,355277,2019-01-13,6-10L,Regular,0,Automotive,Social Media
CUST04221,Rahul Singh,user4221@email.com,18,Female,Bihar,Bhagalpur,324119,2019-06-05,10-20L,Regular,0,Automotive,Email Campaign
CUST04222,Sunita Rao,user4222@email.com,23,Male,Gujarat,Gandhinagar,222768,2021-02-03,<3L,Premium,0,Automotive,Paid Ads
CUST04223,Rajesh Pillai,user4223@email.com,27,Female,Maharashtra,Thane,896477,2022-05-04,3-6L,Regular,0,Electronics,Referral
CUST04224,Nisha Pillai,user4224@email.com,46,Male,Bihar,Gaya,610306,2023-07-13,6-10L,New,0,Home & Kitchen,Organic Search
CUST04225,Aarav Pillai,user4225@email.com,48,Male,Punjab,Amritsar,238432,2023-06-10,<3L,Regular,1,Sports & Fitness,Social Media
CUST04226,Utkarsh Kumar,user4226@email.com,58,Male,Telangana,Karimnagar,954534,2021-01-26,>20L,New,0,Sports & Fitness,Referral
CUST04227,Meera Sharma,user4227@email.com,52,Male,Madhya Pradesh,Indore,354522,2019-02-10,10-20L,New,0,Books,Referral
CUST04228,Aditya Iyer,user4228@email.com,50,Male,Telangana,Nizamabad,289370,2018-10-15,<3L,VIP,0,Office Supplies,Organic Search
CUST04229,Shreya Shah,user4229@email.com,40,Female,Delhi,Ghaziabad,259970,2021-04-02,<3L,Regular,1,Fashion,Referral
CUST04230,Amit Malhotra,user4230@email.com,39,Male,Delhi,Noida,540902,2021-05-23,>20L,Premium,0,Sports & Fitness,Organic Search
CUST04231,Aarav Pillai,user4231@email.com,34,Male,Bihar,Bhagalpur,649775,2018-12-06,3-6L,Regular,0,Home & Kitchen,Referral
CUST04232,Yash Pillai,user4232@email.com,31,Other,Andhra Pradesh,Visakhapatnam,453371,2022-09-30,3-6L,Premium,0,Electronics,Social Media
CUST04233,Mihir Rao,user4233@email.com,45,Male,Haryana,Panipat,869703,2021-08-20,10-20L,Regular,0,Toys & Games,App Store
CUST04234,Ishaan Mehta,user4234@email.com,37,Male,Bihar,Patna,448531,2019-11-15,<3L,Regular,0,Sports & Fitness,Social Media
CUST04235,Nisha Reddy,user4235@email.com,19,Female,Tamil Nadu,Salem,114144,2020-11-22,6-10L,Premium,0,Fashion,Referral
CUST04236,Mihir Shah,user4236@email.com,53,Male,Andhra Pradesh,Tirupati,554907,2019-01-16,3-6L,VIP,0,Beauty & Health,Referral
CUST04237,Yash Joshi,user4237@email.com,41,Female,Uttar Pradesh,Varanasi,128393,2022-06-30,3-6L,Premium,0,Beauty & Health,Social Media
CUST04238,Sneha Singh,user4238@email.com,60,Male,Maharashtra,Mumbai,575766,2021-09-05,10-20L,Regular,1,Grocery,Referral
CUST04239,Arjun Reddy,user4239@email.com,45,Female,Tamil Nadu,Chennai,588194,2019-12-21,3-6L,Regular,0,Sports & Fitness,Email Campaign
CUST04240,Kavya Joshi,user4240@email.com,19,Male,Uttar Pradesh,Agra,815038,2020-03-26,6-10L,New,0,Automotive,Social Media
CUST04241,Priya Kumar,user4241@email.com,41,Male,Bihar,Bhagalpur,735673,2021-11-02,<3L,Regular,0,Office Supplies,App Store
CUST04242,Sunita Malhotra,user4242@email.com,35,Male,Gujarat,Gandhinagar,202022,2019-01-03,10-20L,Regular,1,Electronics,Organic Search
CUST04243,Ishaan Verma,user4243@email.com,49,Male,Punjab,Amritsar,785555,2023-08-05,>20L,Regular,1,Office Supplies,Paid Ads
CUST04244,Amit Kumar,user4244@email.com,51,Male,Delhi,New Delhi,391128,2022-10-03,3-6L,Regular,0,Electronics,App Store
CUST04245,Varun Patel,user4245@email.com,46,Female,Rajasthan,Kota,577638,2023-08-13,<3L,VIP,0,Books,Email Campaign
CUST04246,Anjali Singh,user4246@email.com,19,Male,Bihar,Muzaffarpur,158470,2018-11-05,3-6L,Regular,0,Sports & Fitness,Social Media
CUST04247,Pooja Nair,user4247@email.com,45,Male,Kerala,Thiruvananthapuram,922531,2020-11-25,10-20L,New,0,Home & Kitchen,Organic Search
CUST04248,Rajesh Agarwal,user4248@email.com,38,Male,Madhya Pradesh,Bhopal,578351,2022-01-04,<3L,VIP,0,Grocery,Paid Ads
CUST04249,Rajesh Malhotra,user4249@email.com,18,Female,Haryana,Rohtak,490441,2021-10-08,6-10L,Premium,0,Books,Paid Ads
CUST04250,Aarav Singh,user4250@email.com,45,Male,Haryana,Faridabad,529348,2022-07-08,3-6L,Regular,0,Books,Social Media
CUST04251,Sneha Kumar,user4251@email.com,46,Male,Kerala,Kozhikode,678133,2019-12-08,<3L,VIP,0,Beauty & Health,Social Media
CUST04252,Anjali Gupta,user4252@email.com,24,Male,Delhi,Noida,500918,2022-03-29,6-10L,Regular,1,Toys & Games,Organic Search
CUST04253,Tanvi Kumar,user4253@email.com,29,Female,Tamil Nadu,Trichy,879507,2022-11-17,3-6L,VIP,0,Automotive,Organic Search
CUST04254,Manoj Reddy,user4254@email.com,31,Female,Kerala,Thrissur,248049,2019-08-12,<3L,Regular,0,Home & Kitchen,Referral
CUST04255,Deepika Mehta,user4255@email.com,31,Male,West Bengal,Durgapur,262059,2020-07-05,<3L,New,0,Automotive,Email Campaign
CUST04256,Deepika Iyer,user4256@email.com,19,Male,Maharashtra,Pune,856295,2022-12-28,3-6L,Regular,1,Books,Paid Ads
CUST04257,Pooja Pandey,user4257@email.com,38,Female,Punjab,Amritsar,332339,2023-02-09,6-10L,Regular,0,Sports & Fitness,Paid Ads
CUST04258,Karan Mehta,user4258@email.com,31,Male,Haryana,Panipat,927730,2023-02-09,3-6L,Regular,0,Grocery,Paid Ads
CUST04259,Varun Sharma,user4259@email.com,56,Female,West Bengal,Durgapur,529205,2019-05-06,<3L,New,0,Books,Referral
CUST04260,Nisha Nair,user4260@email.com,45,Female,Bihar,Bhagalpur,112382,2018-12-31,3-6L,Premium,1,Office Supplies,Email Campaign
CUST04261,Amit Pillai,user4261@email.com,58,Male,Haryana,Faridabad,716339,2020-06-14,<3L,Regular,0,Automotive,Organic Search
CUST04262,Yash Shah,user4262@email.com,36,Male,Delhi,Faridabad,478960,2023-06-30,10-20L,Regular,1,Beauty & Health,Organic Search
CUST04263,Divya Patel,user4263@email.com,32,Male,Andhra Pradesh,Guntur,522431,2020-08-15,<3L,Premium,0,Electronics,Referral
CUST04264,Meera Verma,user4264@email.com,42,Female,Uttar Pradesh,Varanasi,410832,2023-06-18,3-6L,Regular,1,Electronics,Organic Search
CUST04265,Rahul Pillai,user4265@email.com,37,Other,Karnataka,Mangaluru,789849,2020-01-08,3-6L,Premium,0,Grocery,Email Campaign
CUST04266,Priya Sharma,user4266@email.com,57,Female,Telangana,Warangal,115783,2023-09-17,10-20L,Premium,1,Toys & Games,Referral
CUST04267,Mihir Trivedi,user4267@email.com,32,Male,Kerala,Thiruvananthapuram,573875,2023-10-13,6-10L,Premium,1,Electronics,Paid Ads
CUST04268,Deepika Rao,user4268@email.com,38,Female,Gujarat,Surat,378815,2022-05-07,<3L,New,0,Books,Organic Search
CUST04269,Rahul Patel,user4269@email.com,43,Male,Karnataka,Bengaluru,164376,2018-11-25,10-20L,VIP,0,Grocery,Email Campaign
CUST04270,Ishaan Mehta,user4270@email.com,41,Male,Bihar,Darbhanga,918965,2023-10-21,>20L,New,0,Electronics,Paid Ads
CUST04271,Karan Reddy,user4271@email.com,54,Female,Haryana,Gurugram,695730,2022-06-10,10-20L,Regular,0,Home & Kitchen,Referral
CUST04272,Kavya Banerjee,user4272@email.com,28,Female,Bihar,Darbhanga,866805,2023-11-20,3-6L,Regular,1,Home & Kitchen,Social Media
CUST04273,Aarav Agarwal,user4273@email.com,21,Male,Karnataka,Bengaluru,555962,2019-04-20,3-6L,Regular,1,Beauty & Health,Organic Search
CUST04274,Divya Verma,user4274@email.com,31,Female,Delhi,Noida,808207,2022-04-13,<3L,New,1,Electronics,Organic Search
CUST04275,Rajesh Mehta,user4275@email.com,59,Female,Rajasthan,Udaipur,791827,2023-09-25,<3L,New,1,Toys & Games,Social Media
CUST04276,Divya Pandey,user4276@email.com,19,Male,Karnataka,Mangaluru,365336,2023-10-28,10-20L,Regular,1,Home & Kitchen,App Store
CUST04277,Sneha Reddy,user4277@email.com,57,Male,Tamil Nadu,Madurai,744383,2022-04-16,10-20L,Regular,0,Electronics,Referral
CUST04278,Anjali Verma,user4278@email.com,36,Male,West Bengal,Siliguri,325366,2019-10-28,10-20L,Regular,1,Automotive,App Store
CUST04279,Priya Reddy,user4279@email.com,58,Male,West Bengal,Howrah,129986,2022-04-01,3-6L,Regular,0,Electronics,Referral
CUST04280,Sanjay Verma,user4280@email.com,56,Male,Tamil Nadu,Trichy,284865,2020-04-09,3-6L,Premium,0,Toys & Games,Paid Ads
CUST04281,Priya Nair,user4281@email.com,28,Female,West Bengal,Howrah,561045,2021-06-04,<3L,VIP,0,Office Supplies,Referral
CUST04282,Aditya Rao,user4282@email.com,44,Male,Uttar Pradesh,Allahabad,469139,2022-08-23,6-10L,Regular,1,Toys & Games,Email Campaign
CUST04283,Nisha Mehta,user4283@email.com,31,Male,Gujarat,Vadodara,977599,2022-08-15,<3L,Premium,0,Home & Kitchen,Email Campaign
CUST04284,Tanvi Joshi,user4284@email.com,49,Male,Kerala,Kozhikode,780830,2021-01-17,3-6L,Regular,0,Beauty & Health,Email Campaign
CUST04285,Rohit Pillai,user4285@email.com,48,Female,Karnataka,Bengaluru,434255,2019-02-18,>20L,Regular,0,Grocery,Social Media
CUST04286,Karan Sharma,user4286@email.com,49,Female,Delhi,Gurgaon,921048,2018-01-21,10-20L,Regular,1,Home & Kitchen,App Store
CUST04287,Isha Verma,user4287@email.com,34,Female,Telangana,Karimnagar,174233,2021-10-07,3-6L,New,0,Sports & Fitness,App Store
CUST04288,Yash Shah,user4288@email.com,47,Male,Telangana,Hyderabad,948244,2023-11-26,>20L,New,1,Books,Organic Search
CUST04289,Aditya Rao,user4289@email.com,33,Male,Haryana,Hisar,631513,2019-02-23,<3L,Regular,0,Grocery,Organic Search
CUST04290,Siddharth Kumar,user4290@email.com,56,Female,Telangana,Khammam,779076,2021-09-10,3-6L,Regular,0,Home & Kitchen,Organic Search
CUST04291,Pooja Malhotra,user4291@email.com,52,Female,Karnataka,Mangaluru,715590,2021-08-14,10-20L,Regular,0,Toys & Games,Organic Search
CUST04292,Vikram Singh,user4292@email.com,39,Male,Tamil Nadu,Chennai,162370,2020-11-23,<3L,Regular,0,Automotive,Organic Search
CUST04293,Ananya Pandey,user4293@email.com,42,Male,Rajasthan,Jodhpur,181711,2023-06-02,6-10L,Premium,1,Books,Social Media
CUST04294,Arjun Agarwal,user4294@email.com,38,Male,West Bengal,Howrah,217353,2021-12-22,<3L,Regular,0,Toys & Games,Paid Ads
CUST04295,Rajesh Sharma,user4295@email.com,41,Female,Karnataka,Mysuru,730738,2022-09-09,10-20L,New,0,Beauty & Health,Social Media
CUST04296,Priya Pillai,user4296@email.com,44,Male,Bihar,Gaya,121023,2021-04-29,6-10L,Regular,0,Books,Email Campaign
CUST04297,Arjun Sharma,user4297@email.com,41,Female,Telangana,Hyderabad,345958,2023-02-25,10-20L,New,1,Automotive,Email Campaign
CUST04298,Manoj Shah,user4298@email.com,29,Male,Madhya Pradesh,Indore,327250,2019-03-25,6-10L,New,1,Toys & Games,Referral
CUST04299,Tanvi Pandey,user4299@email.com,33,Male,Haryana,Gurugram,158655,2020-11-01,6-10L,Regular,0,Home & Kitchen,Organic Search
CUST04300,Anjali Agarwal,user4300@email.com,19,Male,Karnataka,Hubli,625869,2023-02-09,<3L,Premium,0,Electronics,Social Media
CUST04301,Ishaan Agarwal,user4301@email.com,52,Male,Karnataka,Mysuru,626756,2022-02-28,3-6L,Regular,0,Toys & Games,App Store
CUST04302,Arjun Sharma,user4302@email.com,55,Female,Maharashtra,Nashik,385623,2021-02-15,3-6L,VIP,0,Office Supplies,Referral
CUST04303,Vikram Malhotra,user4303@email.com,46,Male,Haryana,Panipat,408955,2019-05-19,10-20L,VIP,0,Fashion,Organic Search
CUST04304,Manoj Mishra,user4304@email.com,49,Male,Bihar,Bhagalpur,172312,2021-03-07,6-10L,Regular,0,Office Supplies,Referral
CUST04305,Ishaan Mehta,user4305@email.com,35,Male,Haryana,Hisar,173779,2022-10-11,6-10L,Regular,1,Beauty & Health,Email Campaign
CUST04306,Mihir Nair,user4306@email.com,41,Male,Gujarat,Surat,822020,2022-05-16,>20L,New,0,Home & Kitchen,Social Media
CUST04307,Siddharth Joshi,user4307@email.com,23,Male,Delhi,Gurgaon,476286,2023-04-10,3-6L,Premium,0,Beauty & Health,Paid Ads
CUST04308,Sanjay Nair,user4308@email.com,60,Male,Andhra Pradesh,Nellore,458880,2019-10-21,<3L,Premium,0,Toys & Games,Organic Search
CUST04309,Arjun Sharma,user4309@email.com,25,Male,Kerala,Kollam,545717,2023-01-09,6-10L,New,0,Beauty & Health,Social Media
CUST04310,Sunita Shah,user4310@email.com,49,Male,Bihar,Gaya,646082,2020-05-23,6-10L,Regular,0,Books,Referral
CUST04311,Mihir Pillai,user4311@email.com,40,Female,Tamil Nadu,Trichy,898561,2021-05-14,3-6L,Regular,0,Toys & Games,Email Campaign
CUST04312,Isha Shah,user4312@email.com,36,Female,Maharashtra,Nashik,900930,2021-04-04,3-6L,New,0,Books,Email Campaign
CUST04313,Isha Joshi,user4313@email.com,43,Female,Punjab,Jalandhar,290306,2022-10-25,10-20L,Premium,0,Fashion,Social Media
CUST04314,Isha Singh,user4314@email.com,47,Male,Madhya Pradesh,Ujjain,392495,2020-08-05,<3L,Premium,0,Fashion,Social Media
CUST04315,Isha Agarwal,user4315@email.com,23,Male,Rajasthan,Udaipur,510104,2022-03-15,<3L,Regular,1,Sports & Fitness,Referral
CUST04316,Arjun Kumar,user4316@email.com,39,Male,Karnataka,Hubli,401077,2018-04-09,6-10L,Premium,0,Grocery,Email Campaign
CUST04317,Siddharth Rao,user4317@email.com,32,Male,Delhi,Noida,771515,2021-10-05,<3L,Regular,1,Toys & Games,App Store
CUST04318,Aditi Verma,user4318@email.com,48,Female,Gujarat,Vadodara,294167,2019-06-19,<3L,Regular,0,Office Supplies,Referral
CUST04319,Ishaan Mishra,user4319@email.com,20,Female,Andhra Pradesh,Nellore,104039,2023-10-31,>20L,Regular,1,Home & Kitchen,Organic Search
CUST04320,Kavya Joshi,user4320@email.com,19,Female,Tamil Nadu,Madurai,136931,2021-04-22,3-6L,Regular,1,Grocery,Organic Search
CUST04321,Anjali Reddy,user4321@email.com,57,Male,Madhya Pradesh,Indore,794311,2022-06-01,3-6L,New,0,Toys & Games,Organic Search
CUST04322,Varun Banerjee,user4322@email.com,33,Male,Haryana,Rohtak,927229,2022-07-29,<3L,Premium,0,Fashion,Social Media
CUST04323,Isha Patel,user4323@email.com,46,Male,Haryana,Gurugram,865203,2019-10-28,10-20L,Regular,0,Beauty & Health,Organic Search
CUST04324,Varun Patel,user4324@email.com,24,Female,Kerala,Thiruvananthapuram,565444,2022-04-10,10-20L,Regular,0,Grocery,Email Campaign
CUST04325,Manoj Agarwal,user4325@email.com,32,Male,Karnataka,Bengaluru,900435,2021-05-20,6-10L,Regular,1,Grocery,Social Media
CUST04326,Amit Sharma,user4326@email.com,47,Male,Gujarat,Vadodara,842007,2019-07-03,<3L,Regular,0,Office Supplies,App Store
CUST04327,Kavya Nair,user4327@email.com,25,Female,Karnataka,Mangaluru,246063,2019-05-09,3-6L,New,1,Automotive,Paid Ads
CUST04328,Sanjay Malhotra,user4328@email.com,48,Female,Uttar Pradesh,Kanpur,812690,2023-10-17,6-10L,Regular,1,Grocery,Referral
CUST04329,Siddharth Verma,user4329@email.com,51,Female,Gujarat,Surat,812713,2022-06-21,<3L,Regular,0,Toys & Games,Organic Search
CUST04330,Utkarsh Sharma,user4330@email.com,44,Male,Karnataka,Mysuru,977021,2021-07-19,3-6L,VIP,1,Beauty & Health,Organic Search
CUST04331,Varun Trivedi,user4331@email.com,45,Female,Andhra Pradesh,Vijayawada,115051,2023-12-27,10-20L,Regular,0,Office Supplies,Organic Search
CUST04332,Vikram Gupta,user4332@email.com,33,Male,Tamil Nadu,Chennai,324379,2023-09-20,6-10L,Regular,0,Grocery,Email Campaign
CUST04333,Vikram Malhotra,user4333@email.com,23,Female,West Bengal,Kolkata,964092,2023-06-09,6-10L,Regular,0,Toys & Games,Paid Ads
CUST04334,Anjali Pandey,user4334@email.com,44,Male,Tamil Nadu,Coimbatore,336269,2021-04-09,<3L,Regular,0,Books,Referral
CUST04335,Divya Joshi,user4335@email.com,30,Male,Telangana,Karimnagar,399323,2023-10-30,6-10L,VIP,0,Toys & Games,Referral
CUST04336,Anjali Agarwal,user4336@email.com,25,Female,Gujarat,Rajkot,651448,2018-08-06,3-6L,Premium,0,Automotive,Organic Search
CUST04337,Kavya Sharma,user4337@email.com,55,Female,Rajasthan,Jaipur,444269,2021-10-30,3-6L,Regular,1,Fashion,Paid Ads
CUST04338,Pooja Iyer,user4338@email.com,35,Male,Tamil Nadu,Coimbatore,678139,2023-06-06,3-6L,Premium,0,Beauty & Health,Email Campaign
CUST04339,Karan Sharma,user4339@email.com,25,Female,Delhi,Noida,735372,2020-02-20,6-10L,Premium,1,Automotive,Referral
CUST04340,Varun Agarwal,user4340@email.com,23,Male,Telangana,Warangal,937050,2018-05-27,3-6L,Regular,0,Beauty & Health,Email Campaign
CUST04341,Rahul Verma,user4341@email.com,38,Female,Bihar,Muzaffarpur,334772,2019-10-12,6-10L,Regular,0,Electronics,Paid Ads
CUST04342,Priya Reddy,user4342@email.com,41,Male,Andhra Pradesh,Vijayawada,535456,2022-02-07,10-20L,Regular,0,Home & Kitchen,App Store
CUST04343,Ananya Reddy,user4343@email.com,29,Male,Delhi,Ghaziabad,270023,2022-07-17,3-6L,Regular,1,Books,Email Campaign
CUST04344,Sanjay Verma,user4344@email.com,19,Female,Kerala,Kochi,357061,2022-07-17,>20L,Premium,0,Automotive,Paid Ads
CUST04345,Siddharth Malhotra,user4345@email.com,31,Male,Delhi,Noida,553064,2018-08-27,10-20L,New,0,Grocery,Email Campaign
CUST04346,Rajesh Patel,user4346@email.com,59,Male,Delhi,Gurgaon,789586,2021-08-20,<3L,Regular,0,Home & Kitchen,Social Media
CUST04347,Tanvi Verma,user4347@email.com,33,Female,Maharashtra,Pune,673634,2022-06-17,<3L,New,0,Toys & Games,Social Media
CUST04348,Yash Sharma,user4348@email.com,32,Male,Rajasthan,Jodhpur,639573,2019-07-11,<3L,New,0,Books,Referral
CUST04349,Anjali Shah,user4349@email.com,50,Male,Bihar,Darbhanga,333678,2020-06-05,3-6L,Regular,0,Toys & Games,Organic Search
CUST04350,Rajesh Kumar,user4350@email.com,41,Female,Haryana,Panipat,874477,2022-02-22,3-6L,New,0,Toys & Games,Organic Search
CUST04351,Isha Mehta,user4351@email.com,24,Male,Tamil Nadu,Coimbatore,705988,2023-11-04,>20L,Regular,1,Books,Referral
CUST04352,Sanjay Banerjee,user4352@email.com,35,Female,Delhi,New Delhi,755164,2018-06-27,3-6L,Premium,0,Home & Kitchen,Referral
CUST04353,Ishaan Agarwal,user4353@email.com,28,Male,Haryana,Rohtak,641281,2021-09-02,>20L,New,0,Books,Organic Search
CUST04354,Rajesh Kumar,user4354@email.com,35,Male,Maharashtra,Nashik,105776,2018-04-22,3-6L,Regular,0,Home & Kitchen,Referral
CUST04355,Amit Mehta,user4355@email.com,38,Female,Andhra Pradesh,Vijayawada,960800,2020-03-31,3-6L,New,0,Electronics,Referral
CUST04356,Rohit Patel,user4356@email.com,35,Female,Madhya Pradesh,Jabalpur,951637,2018-11-18,6-10L,Regular,0,Grocery,Referral
CUST04357,Arjun Rao,user4357@email.com,35,Female,Telangana,Karimnagar,946583,2021-09-30,10-20L,Regular,0,Toys & Games,Paid Ads
CUST04358,Amit Verma,user4358@email.com,43,Female,Punjab,Patiala,391418,2019-05-05,<3L,Regular,0,Office Supplies,Organic Search
CUST04359,Siddharth Pillai,user4359@email.com,46,Male,Bihar,Muzaffarpur,948435,2022-05-20,3-6L,New,0,Books,Social Media
CUST04360,Aarav Trivedi,user4360@email.com,60,Male,Maharashtra,Nashik,575774,2020-02-16,3-6L,New,1,Grocery,Organic Search
CUST04361,Nisha Patel,user4361@email.com,33,Female,Haryana,Rohtak,241485,2020-10-07,>20L,Premium,0,Home & Kitchen,Social Media
CUST04362,Kavya Sharma,user4362@email.com,28,Female,Gujarat,Rajkot,231455,2022-11-28,<3L,Regular,0,Electronics,Referral
CUST04363,Karan Mishra,user4363@email.com,25,Female,Delhi,Faridabad,726205,2018-10-12,6-10L,Regular,0,Electronics,Paid Ads
CUST04364,Kavya Sharma,user4364@email.com,47,Female,Madhya Pradesh,Bhopal,811778,2020-12-25,10-20L,Premium,1,Electronics,Organic Search
CUST04365,Vikram Kumar,user4365@email.com,56,Male,Bihar,Muzaffarpur,442568,2022-05-12,10-20L,New,0,Fashion,Referral
CUST04366,Arjun Pandey,user4366@email.com,20,Female,Maharashtra,Nashik,138904,2020-06-21,3-6L,Regular,0,Grocery,Paid Ads
CUST04367,Arjun Mishra,user4367@email.com,44,Female,West Bengal,Howrah,670880,2018-06-24,3-6L,VIP,1,Office Supplies,Organic Search
CUST04368,Pooja Sharma,user4368@email.com,39,Male,Punjab,Amritsar,152383,2020-01-11,<3L,Premium,0,Automotive,Paid Ads
CUST04369,Meera Verma,user4369@email.com,21,Male,Bihar,Muzaffarpur,954759,2023-07-29,10-20L,Regular,1,Office Supplies,Referral
CUST04370,Nisha Mehta,user4370@email.com,21,Male,Punjab,Jalandhar,222812,2019-12-14,<3L,VIP,1,Automotive,Organic Search
CUST04371,Akash Iyer,user4371@email.com,24,Male,Madhya Pradesh,Bhopal,233674,2020-03-14,<3L,VIP,0,Electronics,Referral
CUST04372,Mihir Pandey,user4372@email.com,38,Male,West Bengal,Durgapur,226507,2023-03-13,3-6L,Regular,1,Electronics,Email Campaign
CUST04373,Nisha Kumar,user4373@email.com,45,Female,Haryana,Gurugram,423883,2019-09-28,<3L,Regular,0,Fashion,Paid Ads
CUST04374,Aditya Mishra,user4374@email.com,51,Female,Maharashtra,Pune,992115,2018-06-11,6-10L,Regular,1,Fashion,Referral
CUST04375,Priya Verma,user4375@email.com,34,Male,Andhra Pradesh,Guntur,547526,2018-10-15,<3L,Premium,0,Electronics,Organic Search
CUST04376,Nisha Verma,user4376@email.com,59,Female,Bihar,Patna,205913,2019-11-10,10-20L,New,0,Grocery,Organic Search
CUST04377,Yash Mehta,user4377@email.com,21,Male,Punjab,Patiala,303221,2021-09-09,6-10L,Regular,1,Electronics,Referral
CUST04378,Divya Iyer,user4378@email.com,54,Female,Rajasthan,Kota,655097,2018-08-16,3-6L,Premium,0,Electronics,Paid Ads
CUST04379,Tanvi Pandey,user4379@email.com,34,Female,Haryana,Hisar,787530,2022-03-18,3-6L,Premium,0,Grocery,App Store
CUST04380,Priya Banerjee,user4380@email.com,54,Female,Delhi,Ghaziabad,455746,2018-07-18,<3L,New,0,Electronics,Email Campaign
CUST04381,Arjun Nair,user4381@email.com,24,Female,Bihar,Muzaffarpur,233017,2019-05-07,<3L,New,1,Books,Referral
CUST04382,Utkarsh Agarwal,user4382@email.com,57,Male,Uttar Pradesh,Allahabad,291327,2021-03-01,6-10L,Regular,0,Grocery,Email Campaign
CUST04383,Arjun Shah,user4383@email.com,57,Male,Rajasthan,Kota,588648,2018-05-13,6-10L,Regular,1,Automotive,Email Campaign
CUST04384,Riya Kumar,user4384@email.com,20,Female,Gujarat,Rajkot,225436,2021-12-30,10-20L,Regular,1,Automotive,Social Media
CUST04385,Mihir Sharma,user4385@email.com,24,Male,Uttar Pradesh,Allahabad,988675,2018-10-20,6-10L,Regular,1,Toys & Games,Referral
CUST04386,Varun Sharma,user4386@email.com,29,Male,Delhi,Gurgaon,690108,2023-10-08,6-10L,VIP,1,Fashion,Referral
CUST04387,Ishaan Pandey,user4387@email.com,31,Male,Delhi,Noida,555969,2019-01-31,6-10L,Regular,1,Electronics,Paid Ads
CUST04388,Karan Mishra,user4388@email.com,59,Female,Gujarat,Vadodara,912428,2022-04-20,6-10L,Premium,0,Toys & Games,Organic Search
CUST04389,Divya Mehta,user4389@email.com,34,Female,Haryana,Gurugram,601062,2022-02-25,3-6L,Premium,0,Sports & Fitness,Referral
CUST04390,Siddharth Gupta,user4390@email.com,59,Female,Maharashtra,Mumbai,955701,2019-08-07,<3L,VIP,0,Fashion,Social Media
CUST04391,Meera Iyer,user4391@email.com,54,Female,Tamil Nadu,Coimbatore,680122,2020-06-29,6-10L,Regular,1,Sports & Fitness,Organic Search
CUST04392,Aarav Iyer,user4392@email.com,37,Male,Maharashtra,Mumbai,351175,2023-08-26,<3L,Regular,0,Sports & Fitness,Social Media
CUST04393,Kavya Shah,user4393@email.com,36,Male,Uttar Pradesh,Lucknow,412745,2020-08-08,>20L,Regular,0,Toys & Games,Organic Search
CUST04394,Akash Iyer,user4394@email.com,52,Female,Maharashtra,Mumbai,764257,2021-04-21,6-10L,Premium,1,Beauty & Health,App Store
CUST04395,Vikram Singh,user4395@email.com,35,Male,Karnataka,Hubli,578109,2019-01-16,<3L,Premium,0,Beauty & Health,Email Campaign
CUST04396,Sunita Singh,user4396@email.com,53,Male,Andhra Pradesh,Visakhapatnam,306533,2018-04-22,>20L,Regular,0,Automotive,App Store
CUST04397,Tanvi Nair,user4397@email.com,39,Male,Rajasthan,Kota,643206,2023-06-20,>20L,Premium,1,Beauty & Health,Social Media
CUST04398,Sanjay Trivedi,user4398@email.com,39,Male,Maharashtra,Pune,589577,2020-08-08,3-6L,Premium,0,Sports & Fitness,Referral
CUST04399,Siddharth Pandey,user4399@email.com,23,Female,Kerala,Kozhikode,194547,2020-05-13,3-6L,Regular,1,Fashion,App Store
CUST04400,Anjali Singh,user4400@email.com,27,Other,Gujarat,Rajkot,214959,2020-04-30,<3L,Regular,1,Sports & Fitness,Social Media
CUST04401,Rahul Iyer,user4401@email.com,29,Female,Uttar Pradesh,Agra,570143,2022-12-26,6-10L,Regular,1,Books,App Store
CUST04402,Anjali Nair,user4402@email.com,32,Female,Haryana,Gurugram,230502,2018-09-13,3-6L,Regular,0,Books,Social Media
CUST04403,Ananya Mehta,user4403@email.com,25,Male,Kerala,Thrissur,147382,2022-09-12,3-6L,VIP,0,Beauty & Health,Organic Search
CUST04404,Mihir Joshi,user4404@email.com,32,Female,West Bengal,Kolkata,537343,2019-11-13,6-10L,Regular,1,Office Supplies,Email Campaign
CUST04405,Riya Mishra,user4405@email.com,54,Male,Bihar,Gaya,430954,2020-11-24,3-6L,Regular,1,Books,Paid Ads
CUST04406,Divya Shah,user4406@email.com,48,Female,Bihar,Gaya,423625,2020-01-29,3-6L,Premium,1,Fashion,Referral
CUST04407,Mihir Trivedi,user4407@email.com,51,Female,Telangana,Warangal,154520,2020-05-05,6-10L,Regular,0,Toys & Games,Referral
CUST04408,Siddharth Mishra,user4408@email.com,43,Female,Maharashtra,Nagpur,168985,2023-03-14,3-6L,Premium,1,Office Supplies,Organic Search
CUST04409,Isha Iyer,user4409@email.com,50,Male,Gujarat,Rajkot,959829,2019-12-19,3-6L,Regular,0,Beauty & Health,Paid Ads
CUST04410,Mihir Mehta,user4410@email.com,59,Male,Delhi,New Delhi,589381,2022-07-03,6-10L,Regular,1,Beauty & Health,Referral
CUST04411,Arjun Mishra,user4411@email.com,22,Female,Telangana,Karimnagar,740793,2019-10-06,3-6L,Premium,1,Sports & Fitness,Paid Ads
CUST04412,Akash Malhotra,user4412@email.com,52,Male,Karnataka,Hubli,992064,2018-07-16,>20L,Regular,0,Home & Kitchen,Referral
CUST04413,Varun Mishra,user4413@email.com,50,Male,Andhra Pradesh,Tirupati,846006,2023-03-06,<3L,VIP,0,Automotive,Email Campaign
CUST04414,Riya Sharma,user4414@email.com,49,Female,Karnataka,Mangaluru,109041,2021-06-10,10-20L,Regular,1,Sports & Fitness,Email Campaign
CUST04415,Vikram Kumar,user4415@email.com,25,Female,Telangana,Karimnagar,747153,2021-01-03,3-6L,Premium,1,Home & Kitchen,Referral
CUST04416,Isha Pandey,user4416@email.com,23,Female,Maharashtra,Thane,245469,2023-01-28,<3L,VIP,0,Sports & Fitness,Email Campaign
CUST04417,Deepika Sharma,user4417@email.com,40,Female,Delhi,Ghaziabad,955311,2018-07-21,10-20L,Premium,1,Beauty & Health,Email Campaign
CUST04418,Sneha Malhotra,user4418@email.com,53,Male,Punjab,Ludhiana,304810,2021-10-04,10-20L,Regular,1,Automotive,Referral
CUST04419,Ishaan Mehta,user4419@email.com,59,Female,Karnataka,Mangaluru,182682,2023-09-03,<3L,New,0,Toys & Games,Social Media
CUST04420,Yash Pillai,user4420@email.com,49,Male,Maharashtra,Mumbai,467764,2019-07-24,6-10L,Regular,0,Toys & Games,Paid Ads
CUST04421,Isha Shah,user4421@email.com,28,Male,Karnataka,Belgaum,469237,2021-11-23,3-6L,Premium,0,Grocery,Referral
CUST04422,Ishaan Gupta,user4422@email.com,41,Male,Kerala,Kozhikode,264073,2023-05-14,6-10L,Premium,1,Toys & Games,Social Media
CUST04423,Rahul Verma,user4423@email.com,33,Female,West Bengal,Asansol,829264,2018-06-18,3-6L,Premium,0,Sports & Fitness,Paid Ads
CUST04424,Ananya Mehta,user4424@email.com,44,Other,Bihar,Bhagalpur,777972,2020-01-20,3-6L,Regular,0,Books,Organic Search
CUST04425,Sanjay Nair,user4425@email.com,54,Male,Kerala,Kochi,988679,2020-02-19,3-6L,Regular,0,Books,Referral
CUST04426,Tanvi Pandey,user4426@email.com,33,Male,Andhra Pradesh,Vijayawada,595242,2021-09-18,6-10L,VIP,0,Fashion,Email Campaign
CUST04427,Pooja Kumar,user4427@email.com,25,Female,Gujarat,Ahmedabad,245814,2019-11-18,6-10L,New,0,Toys & Games,Referral
CUST04428,Aditya Mishra,user4428@email.com,45,Female,Maharashtra,Nashik,274957,2021-02-21,6-10L,Regular,1,Sports & Fitness,Organic Search
CUST04429,Shreya Shah,user4429@email.com,18,Male,Andhra Pradesh,Vijayawada,380065,2020-12-15,<3L,Premium,0,Sports & Fitness,Social Media
CUST04430,Varun Iyer,user4430@email.com,35,Female,Rajasthan,Kota,591309,2020-03-01,10-20L,Premium,0,Electronics,Social Media
CUST04431,Vikram Patel,user4431@email.com,45,Male,Maharashtra,Nashik,228887,2020-07-26,<3L,Premium,0,Automotive,Organic Search
CUST04432,Akash Mehta,user4432@email.com,31,Male,Madhya Pradesh,Ujjain,625378,2018-01-03,3-6L,Premium,0,Beauty & Health,Referral
CUST04433,Meera Verma,user4433@email.com,34,Male,Delhi,New Delhi,168065,2023-07-19,3-6L,VIP,1,Automotive,Email Campaign
CUST04434,Riya Sharma,user4434@email.com,42,Male,West Bengal,Howrah,899341,2019-06-16,6-10L,Regular,1,Fashion,Organic Search
CUST04435,Yash Sharma,user4435@email.com,51,Female,Haryana,Panipat,528480,2019-06-15,6-10L,Regular,0,Home & Kitchen,Social Media
CUST04436,Yash Sharma,user4436@email.com,48,Female,Telangana,Nizamabad,391221,2019-09-27,>20L,New,0,Office Supplies,Organic Search
CUST04437,Rajesh Joshi,user4437@email.com,36,Male,Haryana,Hisar,764554,2021-06-29,10-20L,New,0,Toys & Games,Email Campaign
CUST04438,Rajesh Iyer,user4438@email.com,23,Male,Rajasthan,Ajmer,601812,2020-08-27,6-10L,Premium,1,Office Supplies,Referral
CUST04439,Rahul Gupta,user4439@email.com,26,Male,Tamil Nadu,Trichy,575146,2022-09-15,3-6L,Regular,0,Automotive,Referral
CUST04440,Ananya Gupta,user4440@email.com,44,Male,Telangana,Hyderabad,861742,2019-07-06,3-6L,Regular,0,Toys & Games,Email Campaign
CUST04441,Rohit Pillai,user4441@email.com,45,Male,West Bengal,Kolkata,501702,2023-01-16,3-6L,Premium,0,Beauty & Health,Email Campaign
CUST04442,Karan Patel,user4442@email.com,48,Other,Telangana,Nizamabad,294478,2018-08-18,3-6L,Regular,0,Electronics,Paid Ads
CUST04443,Riya Banerjee,user4443@email.com,42,Female,Bihar,Gaya,790102,2020-01-19,<3L,Regular,0,Toys & Games,Email Campaign
CUST04444,Vikram Shah,user4444@email.com,43,Female,Rajasthan,Ajmer,276486,2023-01-25,6-10L,VIP,0,Office Supplies,Social Media
CUST04445,Riya Banerjee,user4445@email.com,59,Male,Kerala,Kochi,118504,2021-05-24,<3L,Regular,0,Fashion,Paid Ads
CUST04446,Vikram Gupta,user4446@email.com,18,Male,Kerala,Thiruvananthapuram,283839,2022-02-25,3-6L,Regular,0,Beauty & Health,Email Campaign
CUST04447,Pooja Patel,user4447@email.com,51,Male,Maharashtra,Nashik,938780,2023-12-27,<3L,VIP,0,Automotive,Social Media
CUST04448,Nisha Nair,user4448@email.com,34,Female,Madhya Pradesh,Bhopal,724999,2020-06-10,3-6L,Regular,0,Books,Organic Search
CUST04449,Amit Gupta,user4449@email.com,43,Female,Delhi,Gurgaon,722101,2023-05-30,<3L,New,0,Sports & Fitness,Referral
CUST04450,Pooja Iyer,user4450@email.com,38,Female,Karnataka,Mangaluru,421011,2021-08-06,<3L,Regular,0,Office Supplies,Social Media
CUST04451,Aditya Reddy,user4451@email.com,25,Female,Karnataka,Mangaluru,371367,2020-02-16,>20L,Regular,1,Office Supplies,Organic Search
CUST04452,Varun Trivedi,user4452@email.com,52,Female,Maharashtra,Mumbai,950172,2021-10-28,6-10L,Regular,0,Sports & Fitness,Referral
CUST04453,Sneha Kumar,user4453@email.com,27,Female,Gujarat,Rajkot,426940,2019-12-07,3-6L,Premium,0,Electronics,Social Media
CUST04454,Aditi Trivedi,user4454@email.com,58,Female,Uttar Pradesh,Agra,589434,2020-05-30,6-10L,New,0,Grocery,Organic Search
CUST04455,Rajesh Nair,user4455@email.com,46,Female,Uttar Pradesh,Lucknow,897142,2021-02-26,6-10L,Regular,0,Grocery,Organic Search
CUST04456,Varun Nair,user4456@email.com,23,Male,Gujarat,Vadodara,545018,2018-05-30,<3L,Regular,0,Office Supplies,App Store
CUST04457,Pooja Mishra,user4457@email.com,39,Female,Delhi,Noida,146116,2021-02-09,3-6L,New,0,Electronics,Referral
CUST04458,Sunita Iyer,user4458@email.com,46,Male,Telangana,Nizamabad,276699,2020-03-19,3-6L,Regular,0,Electronics,Email Campaign
CUST04459,Manoj Mishra,user4459@email.com,27,Female,Uttar Pradesh,Allahabad,260007,2019-10-05,10-20L,VIP,1,Toys & Games,Email Campaign
CUST04460,Mihir Pandey,user4460@email.com,22,Female,Karnataka,Mysuru,646586,2018-01-21,6-10L,Regular,0,Books,Paid Ads
CUST04461,Priya Sharma,user4461@email.com,52,Other,Gujarat,Surat,655008,2021-11-10,10-20L,VIP,0,Grocery,Organic Search
CUST04462,Anjali Trivedi,user4462@email.com,19,Male,Bihar,Bhagalpur,936620,2022-05-11,3-6L,Regular,0,Automotive,Email Campaign
CUST04463,Akash Agarwal,user4463@email.com,40,Male,Haryana,Faridabad,495835,2020-09-14,>20L,Regular,0,Toys & Games,Email Campaign
CUST04464,Aarav Nair,user4464@email.com,44,Male,Andhra Pradesh,Visakhapatnam,732618,2020-06-21,<3L,Regular,1,Beauty & Health,Email Campaign
CUST04465,Utkarsh Joshi,user4465@email.com,29,Male,Tamil Nadu,Coimbatore,858521,2021-04-12,6-10L,New,0,Home & Kitchen,Email Campaign
CUST04466,Aditya Banerjee,user4466@email.com,29,Male,Gujarat,Ahmedabad,177321,2018-04-01,>20L,VIP,1,Automotive,Paid Ads
CUST04467,Nisha Iyer,user4467@email.com,24,Male,West Bengal,Kolkata,531570,2018-07-19,3-6L,Regular,0,Home & Kitchen,Email Campaign
CUST04468,Rahul Mehta,user4468@email.com,59,Male,West Bengal,Durgapur,157599,2020-03-28,6-10L,New,0,Electronics,Social Media
CUST04469,Nisha Shah,user4469@email.com,33,Male,Tamil Nadu,Salem,593787,2018-04-19,3-6L,Regular,1,Fashion,Organic Search
CUST04470,Deepika Mishra,user4470@email.com,42,Female,Kerala,Kollam,811489,2018-08-11,<3L,Premium,1,Office Supplies,Social Media
CUST04471,Sunita Kumar,user4471@email.com,49,Female,Maharashtra,Nagpur,916501,2020-05-23,10-20L,New,0,Fashion,App Store
CUST04472,Ishaan Verma,user4472@email.com,23,Female,Maharashtra,Thane,207661,2020-10-29,<3L,Premium,0,Home & Kitchen,Referral
CUST04473,Rohit Shah,user4473@email.com,52,Female,Punjab,Chandigarh,419566,2020-08-29,>20L,Regular,0,Fashion,Social Media
CUST04474,Mihir Singh,user4474@email.com,19,Female,Tamil Nadu,Salem,249252,2023-07-11,3-6L,Premium,1,Home & Kitchen,Referral
CUST04475,Anjali Banerjee,user4475@email.com,32,Male,Haryana,Faridabad,376446,2019-05-07,3-6L,Premium,1,Office Supplies,Organic Search
CUST04476,Pooja Mehta,user4476@email.com,35,Male,Punjab,Chandigarh,411144,2022-10-25,<3L,Regular,1,Fashion,Email Campaign
CUST04477,Rahul Verma,user4477@email.com,35,Female,Bihar,Muzaffarpur,654508,2021-07-30,3-6L,VIP,1,Office Supplies,Referral
CUST04478,Aditi Nair,user4478@email.com,58,Male,Uttar Pradesh,Lucknow,176639,2021-12-31,>20L,Regular,0,Sports & Fitness,Organic Search
CUST04479,Deepika Trivedi,user4479@email.com,60,Female,Madhya Pradesh,Gwalior,344496,2021-09-01,<3L,New,0,Sports & Fitness,Referral
CUST04480,Isha Gupta,user4480@email.com,27,Male,Karnataka,Hubli,151807,2018-10-17,3-6L,Regular,1,Toys & Games,Email Campaign
CUST04481,Arjun Banerjee,user4481@email.com,34,Male,Punjab,Ludhiana,840227,2022-04-07,6-10L,New,0,Home & Kitchen,Referral
CUST04482,Sanjay Reddy,user4482@email.com,19,Male,Andhra Pradesh,Vijayawada,420227,2019-08-26,>20L,Premium,0,Automotive,Social Media
CUST04483,Meera Pillai,user4483@email.com,46,Female,Andhra Pradesh,Vijayawada,269045,2021-11-13,3-6L,Regular,0,Beauty & Health,Social Media
CUST04484,Manoj Nair,user4484@email.com,52,Male,Kerala,Thrissur,457139,2022-06-18,3-6L,VIP,0,Electronics,Referral
CUST04485,Sanjay Joshi,user4485@email.com,21,Male,Uttar Pradesh,Lucknow,492966,2021-05-25,<3L,Regular,1,Beauty & Health,Referral
CUST04486,Priya Nair,user4486@email.com,24,Female,Andhra Pradesh,Vijayawada,377215,2020-07-12,6-10L,Regular,0,Books,Organic Search
CUST04487,Utkarsh Gupta,user4487@email.com,26,Female,Telangana,Hyderabad,508571,2020-01-04,<3L,New,1,Fashion,Email Campaign
CUST04488,Sneha Verma,user4488@email.com,25,Male,Tamil Nadu,Madurai,794173,2019-07-03,<3L,Regular,0,Fashion,Referral
CUST04489,Vikram Patel,user4489@email.com,48,Male,Punjab,Amritsar,281925,2021-08-18,3-6L,New,0,Office Supplies,Organic Search
CUST04490,Anjali Kumar,user4490@email.com,25,Female,Maharashtra,Mumbai,250007,2023-12-18,6-10L,Regular,0,Home & Kitchen,Paid Ads
CUST04491,Aditya Malhotra,user4491@email.com,36,Male,Delhi,Noida,927583,2019-04-04,3-6L,Regular,0,Sports & Fitness,Social Media
CUST04492,Ananya Iyer,user4492@email.com,51,Female,West Bengal,Durgapur,807522,2020-06-18,>20L,Premium,0,Grocery,Referral
CUST04493,Aarav Kumar,user4493@email.com,55,Female,Uttar Pradesh,Lucknow,227158,2020-06-25,6-10L,New,0,Books,Paid Ads
CUST04494,Anjali Mishra,user4494@email.com,25,Male,Punjab,Amritsar,226662,2021-01-24,6-10L,New,0,Fashion,Organic Search
CUST04495,Tanvi Nair,user4495@email.com,53,Female,Karnataka,Mangaluru,297345,2018-10-17,3-6L,VIP,1,Toys & Games,Paid Ads
CUST04496,Akash Mishra,user4496@email.com,20,Male,Andhra Pradesh,Guntur,161113,2022-04-04,6-10L,New,0,Books,Paid Ads
CUST04497,Isha Pillai,user4497@email.com,31,Male,Tamil Nadu,Coimbatore,280661,2023-09-28,6-10L,Premium,1,Electronics,App Store
CUST04498,Anjali Kumar,user4498@email.com,51,Female,Haryana,Gurugram,431687,2021-12-09,10-20L,New,0,Automotive,Email Campaign
CUST04499,Rohit Pillai,user4499@email.com,44,Female,Bihar,Patna,266075,2023-04-24,10-20L,New,1,Books,Paid Ads
CUST04500,Arjun Rao,user4500@email.com,18,Male,Karnataka,Mysuru,915776,2023-04-06,6-10L,VIP,0,Books,Referral
CUST04501,Meera Rao,user4501@email.com,60,Female,Telangana,Khammam,754858,2022-08-20,10-20L,New,1,Automotive,Paid Ads
CUST04502,Aditi Malhotra,user4502@email.com,19,Male,Delhi,New Delhi,318061,2018-02-04,<3L,Regular,0,Home & Kitchen,Paid Ads
CUST04503,Arjun Kumar,user4503@email.com,50,Male,Gujarat,Ahmedabad,275518,2018-03-03,6-10L,Regular,0,Beauty & Health,Organic Search
CUST04504,Amit Singh,user4504@email.com,38,Male,Haryana,Rohtak,196129,2020-10-11,<3L,Premium,0,Automotive,Paid Ads
CUST04505,Anjali Iyer,user4505@email.com,34,Female,Karnataka,Mangaluru,517870,2022-08-19,6-10L,Regular,1,Automotive,Referral
CUST04506,Priya Joshi,user4506@email.com,59,Male,Haryana,Rohtak,941045,2023-07-21,6-10L,Regular,0,Fashion,Paid Ads
CUST04507,Mihir Pillai,user4507@email.com,42,Female,Uttar Pradesh,Lucknow,700211,2019-12-14,3-6L,Premium,0,Automotive,Email Campaign
CUST04508,Deepika Iyer,user4508@email.com,18,Female,Uttar Pradesh,Kanpur,532511,2021-02-19,3-6L,Regular,0,Toys & Games,Email Campaign
CUST04509,Aditi Agarwal,user4509@email.com,42,Male,Tamil Nadu,Salem,528963,2022-09-01,3-6L,Regular,1,Home & Kitchen,Paid Ads
CUST04510,Yash Trivedi,user4510@email.com,31,Male,Tamil Nadu,Madurai,346068,2018-09-22,<3L,Regular,0,Toys & Games,Social Media
CUST04511,Anjali Iyer,user4511@email.com,45,Male,Bihar,Darbhanga,542716,2023-09-04,3-6L,Regular,0,Beauty & Health,Paid Ads
CUST04512,Akash Iyer,user4512@email.com,24,Female,Andhra Pradesh,Nellore,290793,2020-12-27,<3L,Regular,1,Office Supplies,Referral
CUST04513,Anjali Trivedi,user4513@email.com,35,Male,Tamil Nadu,Trichy,822043,2019-11-10,6-10L,Regular,0,Grocery,Email Campaign
CUST04514,Utkarsh Gupta,user4514@email.com,40,Female,Punjab,Chandigarh,983804,2020-01-03,3-6L,Regular,1,Office Supplies,Paid Ads
CUST04515,Karan Verma,user4515@email.com,23,Female,Punjab,Amritsar,340153,2022-06-27,3-6L,Regular,0,Sports & Fitness,Social Media
CUST04516,Rajesh Banerjee,user4516@email.com,18,Male,Maharashtra,Nashik,580187,2021-10-23,3-6L,Regular,1,Sports & Fitness,Social Media
CUST04517,Karan Singh,user4517@email.com,46,Female,Madhya Pradesh,Jabalpur,730255,2023-01-28,<3L,VIP,1,Books,Referral
CUST04518,Rajesh Shah,user4518@email.com,56,Male,Andhra Pradesh,Nellore,674699,2020-06-01,3-6L,Regular,0,Books,Referral
CUST04519,Varun Iyer,user4519@email.com,41,Male,Uttar Pradesh,Lucknow,450184,2019-04-09,<3L,Regular,0,Electronics,Referral
CUST04520,Isha Mehta,user4520@email.com,58,Female,West Bengal,Kolkata,985599,2022-06-03,3-6L,New,0,Office Supplies,Social Media
CUST04521,Aditi Kumar,user4521@email.com,39,Female,Telangana,Nizamabad,121214,2019-07-18,6-10L,New,1,Books,Social Media
CUST04522,Siddharth Pandey,user4522@email.com,26,Male,Karnataka,Hubli,181728,2021-03-07,6-10L,Regular,0,Sports & Fitness,Referral
CUST04523,Ananya Pillai,user4523@email.com,36,Female,West Bengal,Asansol,546410,2021-04-04,<3L,Regular,0,Sports & Fitness,Email Campaign
CUST04524,Rajesh Malhotra,user4524@email.com,43,Male,Delhi,Ghaziabad,236054,2018-11-23,6-10L,Premium,0,Fashion,Social Media
CUST04525,Anjali Kumar,user4525@email.com,19,Male,Karnataka,Belgaum,856322,2020-09-04,>20L,Regular,0,Home & Kitchen,Referral
CUST04526,Tanvi Pillai,user4526@email.com,38,Male,Tamil Nadu,Salem,586734,2021-07-15,<3L,Premium,1,Toys & Games,Email Campaign
CUST04527,Ananya Pandey,user4527@email.com,38,Female,Tamil Nadu,Madurai,329741,2022-07-16,3-6L,Regular,1,Sports & Fitness,Referral
CUST04528,Sunita Iyer,user4528@email.com,37,Female,Maharashtra,Nashik,124820,2023-09-23,3-6L,Premium,0,Toys & Games,Referral
CUST04529,Pooja Agarwal,user4529@email.com,54,Female,Bihar,Patna,446082,2021-01-02,3-6L,VIP,0,Fashion,Email Campaign
CUST04530,Deepika Mehta,user4530@email.com,55,Male,Haryana,Rohtak,622041,2021-04-24,6-10L,Regular,0,Automotive,Paid Ads
CUST04531,Arjun Kumar,user4531@email.com,27,Male,West Bengal,Durgapur,535674,2023-12-12,3-6L,New,0,Automotive,Social Media
CUST04532,Rajesh Malhotra,user4532@email.com,38,Female,Telangana,Khammam,949661,2023-04-01,6-10L,Regular,0,Electronics,Paid Ads
CUST04533,Amit Singh,user4533@email.com,52,Female,Madhya Pradesh,Gwalior,413982,2023-09-01,<3L,Regular,0,Beauty & Health,Organic Search
CUST04534,Aditya Gupta,user4534@email.com,37,Female,Karnataka,Hubli,758038,2022-08-18,3-6L,Regular,0,Beauty & Health,Social Media
CUST04535,Divya Mishra,user4535@email.com,18,Male,Tamil Nadu,Trichy,361003,2020-07-03,<3L,New,0,Electronics,Referral
CUST04536,Kavya Banerjee,user4536@email.com,20,Male,Punjab,Amritsar,466502,2023-12-25,6-10L,Premium,1,Grocery,App Store
CUST04537,Vikram Mehta,user4537@email.com,37,Female,Kerala,Kollam,148219,2023-09-15,3-6L,Regular,0,Office Supplies,Social Media
CUST04538,Pooja Shah,user4538@email.com,35,Male,Kerala,Thiruvananthapuram,462114,2020-01-10,10-20L,Regular,0,Automotive,Referral
CUST04539,Rajesh Shah,user4539@email.com,53,Male,Telangana,Karimnagar,487455,2023-06-29,6-10L,Regular,0,Home & Kitchen,App Store
CUST04540,Meera Joshi,user4540@email.com,46,Female,Delhi,New Delhi,910936,2018-04-28,3-6L,Regular,0,Electronics,Social Media
CUST04541,Meera Rao,user4541@email.com,27,Male,Rajasthan,Jodhpur,832359,2021-11-03,6-10L,Regular,0,Books,Referral
CUST04542,Tanvi Verma,user4542@email.com,30,Female,West Bengal,Siliguri,403357,2023-02-28,>20L,Regular,1,Toys & Games,Organic Search
CUST04543,Shreya Malhotra,user4543@email.com,45,Female,Punjab,Patiala,924757,2019-06-20,3-6L,Regular,0,Home & Kitchen,Organic Search
CUST04544,Kavya Pandey,user4544@email.com,42,Female,Gujarat,Ahmedabad,266311,2023-01-18,>20L,Regular,0,Fashion,App Store
CUST04545,Varun Trivedi,user4545@email.com,27,Male,Maharashtra,Mumbai,890713,2023-07-24,3-6L,Regular,1,Home & Kitchen,Organic Search
CUST04546,Isha Gupta,user4546@email.com,23,Female,West Bengal,Siliguri,374856,2020-11-02,<3L,Premium,0,Automotive,App Store
CUST04547,Nisha Nair,user4547@email.com,25,Female,Madhya Pradesh,Indore,288991,2019-06-25,10-20L,New,1,Automotive,Referral
CUST04548,Deepika Mishra,user4548@email.com,53,Female,Andhra Pradesh,Visakhapatnam,134351,2018-07-25,3-6L,VIP,1,Office Supplies,Email Campaign
CUST04549,Amit Mishra,user4549@email.com,51,Male,Haryana,Rohtak,889304,2023-03-31,6-10L,Regular,0,Beauty & Health,Paid Ads
CUST04550,Riya Malhotra,user4550@email.com,40,Female,Kerala,Kollam,296056,2023-01-19,>20L,New,0,Beauty & Health,Referral
CUST04551,Aditya Verma,user4551@email.com,54,Male,Tamil Nadu,Trichy,131966,2022-03-13,3-6L,Regular,1,Beauty & Health,Email Campaign
CUST04552,Aarav Malhotra,user4552@email.com,52,Male,Kerala,Kozhikode,156466,2019-12-04,<3L,Regular,0,Toys & Games,Organic Search
CUST04553,Aarav Pandey,user4553@email.com,43,Male,Punjab,Ludhiana,785166,2022-11-13,6-10L,Premium,0,Fashion,Social Media
CUST04554,Priya Agarwal,user4554@email.com,47,Female,Tamil Nadu,Trichy,821900,2019-08-31,3-6L,Regular,0,Beauty & Health,Organic Search
CUST04555,Deepika Pillai,user4555@email.com,41,Female,Telangana,Karimnagar,339912,2020-02-11,3-6L,Premium,0,Home & Kitchen,Social Media
CUST04556,Deepika Patel,user4556@email.com,49,Male,Telangana,Khammam,945308,2021-02-24,3-6L,Regular,0,Beauty & Health,Paid Ads
CUST04557,Sneha Rao,user4557@email.com,55,Female,Gujarat,Gandhinagar,832430,2021-02-27,<3L,New,0,Automotive,Referral
CUST04558,Rajesh Pillai,user4558@email.com,46,Male,Maharashtra,Thane,200351,2023-06-06,3-6L,Premium,0,Beauty & Health,App Store
CUST04559,Meera Trivedi,user4559@email.com,58,Male,Bihar,Muzaffarpur,967883,2018-12-31,10-20L,New,1,Automotive,Organic Search
CUST04560,Vikram Reddy,user4560@email.com,18,Female,Punjab,Jalandhar,205905,2019-02-14,6-10L,Premium,0,Beauty & Health,Referral
CUST04561,Sneha Reddy,user4561@email.com,22,Female,Uttar Pradesh,Agra,287767,2019-02-19,3-6L,New,1,Fashion,App Store
CUST04562,Utkarsh Sharma,user4562@email.com,49,Male,Punjab,Patiala,342469,2023-05-03,3-6L,Regular,1,Home & Kitchen,Email Campaign
CUST04563,Akash Trivedi,user4563@email.com,39,Male,Bihar,Muzaffarpur,930760,2018-11-04,<3L,VIP,1,Home & Kitchen,Email Campaign
CUST04564,Akash Trivedi,user4564@email.com,22,Female,Madhya Pradesh,Jabalpur,502288,2023-01-16,<3L,Regular,1,Home & Kitchen,Email Campaign
CUST04565,Priya Agarwal,user4565@email.com,41,Female,Maharashtra,Nagpur,672121,2018-04-08,10-20L,Regular,1,Electronics,Organic Search
CUST04566,Akash Banerjee,user4566@email.com,37,Female,Maharashtra,Nashik,388424,2022-09-13,3-6L,Regular,1,Fashion,Social Media
CUST04567,Yash Sharma,user4567@email.com,58,Male,Haryana,Gurugram,595218,2021-11-04,6-10L,New,0,Grocery,Referral
CUST04568,Arjun Patel,user4568@email.com,29,Male,Bihar,Patna,587614,2021-03-03,>20L,Regular,0,Electronics,Email Campaign
CUST04569,Tanvi Sharma,user4569@email.com,20,Male,Delhi,Gurgaon,722911,2023-01-07,3-6L,New,1,Electronics,Referral
CUST04570,Anjali Shah,user4570@email.com,47,Female,Kerala,Thrissur,812184,2022-12-30,<3L,Premium,0,Grocery,Social Media
CUST04571,Shreya Pillai,user4571@email.com,37,Male,Kerala,Kochi,516284,2020-08-13,<3L,Regular,0,Electronics,Social Media
CUST04572,Pooja Nair,user4572@email.com,40,Female,Maharashtra,Nashik,998806,2020-06-16,10-20L,Regular,0,Automotive,Email Campaign
CUST04573,Utkarsh Malhotra,user4573@email.com,45,Female,Bihar,Darbhanga,978017,2023-12-09,<3L,New,0,Office Supplies,Referral
CUST04574,Amit Pandey,user4574@email.com,24,Female,Karnataka,Belgaum,720067,2021-01-10,10-20L,Premium,0,Electronics,Organic Search
CUST04575,Pooja Iyer,user4575@email.com,39,Male,Punjab,Ludhiana,642764,2019-04-08,10-20L,Premium,1,Fashion,Email Campaign
CUST04576,Amit Iyer,user4576@email.com,41,Male,Gujarat,Gandhinagar,630876,2021-09-08,6-10L,Regular,0,Books,Organic Search
CUST04577,Rohit Malhotra,user4577@email.com,31,Male,West Bengal,Asansol,618370,2023-07-30,10-20L,Regular,0,Books,Email Campaign
CUST04578,Deepika Reddy,user4578@email.com,42,Female,Uttar Pradesh,Allahabad,247054,2022-10-10,10-20L,New,0,Office Supplies,Social Media
CUST04579,Akash Mishra,user4579@email.com,43,Male,Karnataka,Bengaluru,639381,2023-03-03,3-6L,New,0,Electronics,Paid Ads
CUST04580,Anjali Banerjee,user4580@email.com,30,Male,West Bengal,Howrah,403011,2018-09-25,6-10L,Regular,0,Home & Kitchen,Referral
CUST04581,Pooja Mehta,user4581@email.com,27,Female,Gujarat,Vadodara,150456,2021-12-25,3-6L,Regular,0,Grocery,Organic Search
CUST04582,Shreya Pandey,user4582@email.com,44,Female,Bihar,Muzaffarpur,415650,2021-11-16,<3L,New,0,Beauty & Health,Organic Search
CUST04583,Mihir Joshi,user4583@email.com,33,Male,Kerala,Kollam,866138,2018-10-19,<3L,Regular,0,Automotive,Organic Search
CUST04584,Karan Shah,user4584@email.com,25,Male,Kerala,Thrissur,815137,2023-05-17,<3L,Premium,0,Grocery,Social Media
CUST04585,Ishaan Mishra,user4585@email.com,30,Male,Maharashtra,Thane,248931,2023-10-15,10-20L,New,1,Beauty & Health,Organic Search
CUST04586,Sunita Shah,user4586@email.com,50,Female,Bihar,Muzaffarpur,695299,2021-05-09,10-20L,Premium,0,Books,Referral
CUST04587,Siddharth Shah,user4587@email.com,41,Male,Delhi,Gurgaon,416493,2022-07-14,>20L,Premium,1,Toys & Games,Referral
CUST04588,Sunita Joshi,user4588@email.com,47,Male,Uttar Pradesh,Allahabad,427773,2022-12-10,6-10L,Regular,1,Sports & Fitness,Referral
CUST04589,Divya Patel,user4589@email.com,53,Female,Bihar,Darbhanga,676384,2023-05-24,<3L,VIP,0,Automotive,Referral
CUST04590,Pooja Singh,user4590@email.com,42,Male,Madhya Pradesh,Bhopal,468709,2019-01-07,6-10L,Regular,0,Electronics,Referral
CUST04591,Meera Nair,user4591@email.com,58,Male,Tamil Nadu,Trichy,876144,2023-06-17,<3L,Premium,0,Beauty & Health,Referral
CUST04592,Kavya Banerjee,user4592@email.com,22,Male,Telangana,Karimnagar,874412,2020-09-20,<3L,Regular,0,Fashion,App Store
CUST04593,Rajesh Banerjee,user4593@email.com,52,Female,Madhya Pradesh,Jabalpur,520678,2023-01-04,3-6L,New,1,Beauty & Health,Email Campaign
CUST04594,Manoj Trivedi,user4594@email.com,43,Male,Delhi,Faridabad,618860,2022-11-01,6-10L,Regular,0,Beauty & Health,Email Campaign
CUST04595,Aditya Joshi,user4595@email.com,43,Female,Karnataka,Mysuru,282345,2019-05-28,<3L,Premium,0,Grocery,Referral
CUST04596,Anjali Nair,user4596@email.com,58,Female,West Bengal,Durgapur,207827,2023-08-06,3-6L,Premium,1,Home & Kitchen,App Store
CUST04597,Mihir Patel,user4597@email.com,56,Male,Rajasthan,Jaipur,651040,2023-06-08,>20L,Regular,0,Beauty & Health,Email Campaign
CUST04598,Utkarsh Agarwal,user4598@email.com,40,Male,Bihar,Gaya,990798,2020-01-09,6-10L,Premium,0,Automotive,Organic Search
CUST04599,Riya Agarwal,user4599@email.com,31,Male,Punjab,Chandigarh,467536,2020-12-08,3-6L,Premium,0,Sports & Fitness,Paid Ads
CUST04600,Amit Nair,user4600@email.com,33,Female,Uttar Pradesh,Agra,403487,2021-04-27,<3L,Premium,0,Electronics,Paid Ads
CUST04601,Sneha Verma,user4601@email.com,43,Female,Maharashtra,Mumbai,922558,2021-01-30,<3L,New,1,Books,Organic Search
CUST04602,Pooja Singh,user4602@email.com,49,Male,Kerala,Kochi,457230,2021-03-18,10-20L,VIP,0,Toys & Games,Paid Ads
CUST04603,Aditya Singh,user4603@email.com,22,Male,Andhra Pradesh,Vijayawada,360942,2021-07-10,6-10L,New,1,Grocery,Referral
CUST04604,Rahul Mishra,user4604@email.com,43,Male,Punjab,Amritsar,376268,2023-01-17,<3L,Premium,1,Sports & Fitness,Referral
CUST04605,Varun Trivedi,user4605@email.com,43,Female,Karnataka,Mangaluru,140082,2019-12-29,6-10L,VIP,0,Office Supplies,Referral
CUST04606,Akash Mehta,user4606@email.com,49,Female,Haryana,Panipat,944716,2022-01-06,<3L,VIP,0,Office Supplies,Email Campaign
CUST04607,Rajesh Shah,user4607@email.com,20,Male,Delhi,New Delhi,753439,2022-11-06,>20L,New,0,Books,Referral
CUST04608,Siddharth Sharma,user4608@email.com,24,Female,Delhi,Gurgaon,437964,2019-04-22,3-6L,New,0,Sports & Fitness,Email Campaign
CUST04609,Varun Malhotra,user4609@email.com,35,Female,Telangana,Hyderabad,447863,2023-12-23,>20L,Regular,0,Office Supplies,Social Media
CUST04610,Amit Trivedi,user4610@email.com,51,Female,Rajasthan,Jaipur,586573,2022-01-29,6-10L,Premium,0,Electronics,Social Media
CUST04611,Divya Gupta,user4611@email.com,20,Female,Gujarat,Ahmedabad,824384,2023-11-14,<3L,New,1,Automotive,Social Media
CUST04612,Sneha Malhotra,user4612@email.com,60,Female,Maharashtra,Pune,245558,2021-02-19,<3L,VIP,1,Fashion,Organic Search
CUST04613,Varun Mehta,user4613@email.com,60,Female,Bihar,Bhagalpur,174529,2020-01-02,3-6L,Premium,0,Fashion,Referral
CUST04614,Karan Gupta,user4614@email.com,54,Male,Punjab,Chandigarh,261941,2018-04-11,<3L,Regular,0,Electronics,Paid Ads
CUST04615,Rohit Rao,user4615@email.com,32,Female,Telangana,Nizamabad,805814,2021-12-11,<3L,Regular,0,Grocery,App Store
CUST04616,Anjali Gupta,user4616@email.com,36,Female,Telangana,Hyderabad,396964,2019-10-12,3-6L,Regular,0,Office Supplies,Organic Search
CUST04617,Priya Agarwal,user4617@email.com,50,Female,Bihar,Darbhanga,388018,2021-01-18,10-20L,VIP,0,Automotive,Social Media
CUST04618,Ananya Verma,user4618@email.com,36,Female,Haryana,Panipat,947817,2023-08-18,3-6L,Regular,0,Office Supplies,App Store
CUST04619,Arjun Agarwal,user4619@email.com,31,Male,Andhra Pradesh,Visakhapatnam,142405,2019-03-09,<3L,Premium,0,Books,Organic Search
CUST04620,Rajesh Rao,user4620@email.com,30,Male,Uttar Pradesh,Lucknow,999030,2021-11-11,<3L,Regular,0,Automotive,Referral
CUST04621,Tanvi Agarwal,user4621@email.com,52,Female,Uttar Pradesh,Agra,328071,2018-09-05,<3L,Regular,0,Sports & Fitness,Organic Search
CUST04622,Sanjay Nair,user4622@email.com,26,Male,Kerala,Kozhikode,270281,2018-01-23,6-10L,Regular,0,Fashion,Organic Search
CUST04623,Anjali Pillai,user4623@email.com,31,Male,Uttar Pradesh,Varanasi,429902,2018-07-22,6-10L,Regular,1,Office Supplies,Organic Search
CUST04624,Sunita Rao,user4624@email.com,25,Female,West Bengal,Howrah,802400,2023-05-14,<3L,Regular,0,Books,Paid Ads
CUST04625,Akash Trivedi,user4625@email.com,27,Female,Delhi,Noida,558563,2020-09-10,6-10L,New,1,Toys & Games,Paid Ads
CUST04626,Akash Gupta,user4626@email.com,42,Male,Uttar Pradesh,Lucknow,232001,2018-07-22,<3L,Regular,1,Electronics,Referral
CUST04627,Ananya Joshi,user4627@email.com,55,Female,Delhi,Faridabad,639779,2020-03-15,10-20L,Regular,1,Home & Kitchen,Social Media
CUST04628,Utkarsh Rao,user4628@email.com,60,Female,Haryana,Panipat,180991,2020-01-03,6-10L,Regular,0,Beauty & Health,Social Media
CUST04629,Yash Iyer,user4629@email.com,25,Female,Kerala,Kollam,146607,2021-03-19,3-6L,VIP,0,Books,Referral
CUST04630,Sunita Mehta,user4630@email.com,19,Male,Maharashtra,Nashik,878016,2018-07-07,10-20L,Premium,1,Toys & Games,Referral
CUST04631,Varun Malhotra,user4631@email.com,55,Male,Haryana,Faridabad,724689,2023-01-02,>20L,Regular,1,Electronics,Referral
CUST04632,Aditya Nair,user4632@email.com,44,Female,Rajasthan,Udaipur,399061,2023-08-18,<3L,Premium,1,Beauty & Health,Social Media
CUST04633,Rajesh Iyer,user4633@email.com,27,Male,Delhi,Gurgaon,214007,2019-11-13,6-10L,New,0,Electronics,Organic Search
CUST04634,Priya Verma,user4634@email.com,26,Female,Andhra Pradesh,Vijayawada,941567,2023-01-17,3-6L,Regular,1,Beauty & Health,Organic Search
CUST04635,Siddharth Nair,user4635@email.com,49,Female,Haryana,Gurugram,562810,2022-06-17,6-10L,Regular,1,Sports & Fitness,Social Media
CUST04636,Rohit Joshi,user4636@email.com,19,Female,Haryana,Hisar,755097,2023-12-02,3-6L,Regular,0,Sports & Fitness,Paid Ads
CUST04637,Rahul Verma,user4637@email.com,50,Male,Madhya Pradesh,Gwalior,358516,2018-11-20,>20L,VIP,0,Automotive,Paid Ads
CUST04638,Pooja Trivedi,user4638@email.com,44,Female,Andhra Pradesh,Tirupati,843721,2022-08-21,<3L,New,0,Beauty & Health,Social Media
CUST04639,Isha Sharma,user4639@email.com,52,Male,Punjab,Amritsar,758173,2020-05-06,3-6L,Regular,1,Electronics,Social Media
CUST04640,Meera Banerjee,user4640@email.com,20,Male,Kerala,Thiruvananthapuram,728477,2018-03-23,10-20L,Premium,1,Home & Kitchen,Referral
CUST04641,Rohit Rao,user4641@email.com,29,Male,Madhya Pradesh,Ujjain,742854,2019-12-13,6-10L,VIP,0,Electronics,Social Media
CUST04642,Anjali Malhotra,user4642@email.com,40,Female,Telangana,Hyderabad,256928,2022-12-03,6-10L,Regular,1,Home & Kitchen,Paid Ads
CUST04643,Ishaan Shah,user4643@email.com,47,Female,Maharashtra,Nagpur,363555,2018-06-19,>20L,Regular,1,Fashion,Paid Ads
CUST04644,Divya Rao,user4644@email.com,21,Female,Maharashtra,Thane,800269,2020-11-02,<3L,VIP,1,Toys & Games,App Store
CUST04645,Meera Banerjee,user4645@email.com,55,Female,Andhra Pradesh,Vijayawada,206271,2020-04-26,10-20L,New,1,Sports & Fitness,Organic Search
CUST04646,Deepika Shah,user4646@email.com,40,Male,Bihar,Bhagalpur,280358,2020-06-10,6-10L,New,0,Office Supplies,Referral
CUST04647,Aarav Kumar,user4647@email.com,28,Male,Karnataka,Hubli,174260,2022-11-14,10-20L,New,1,Home & Kitchen,Organic Search
CUST04648,Vikram Pillai,user4648@email.com,19,Male,Maharashtra,Thane,264551,2023-04-16,>20L,Regular,1,Books,Email Campaign
CUST04649,Sneha Joshi,user4649@email.com,28,Female,Gujarat,Vadodara,933902,2018-01-24,3-6L,New,0,Automotive,Paid Ads
CUST04650,Sneha Agarwal,user4650@email.com,48,Male,Haryana,Gurugram,934571,2023-03-27,3-6L,VIP,0,Office Supplies,Social Media
CUST04651,Sneha Kumar,user4651@email.com,46,Female,Punjab,Ludhiana,305798,2019-06-04,>20L,Regular,0,Electronics,Paid Ads
CUST04652,Deepika Nair,user4652@email.com,55,Male,Tamil Nadu,Chennai,429855,2023-10-28,3-6L,Premium,1,Electronics,Referral
CUST04653,Tanvi Joshi,user4653@email.com,32,Male,Haryana,Hisar,742086,2019-11-01,3-6L,Premium,0,Automotive,App Store
CUST04654,Aditi Gupta,user4654@email.com,42,Male,Karnataka,Bengaluru,312114,2018-08-12,6-10L,Regular,0,Electronics,Paid Ads
CUST04655,Rohit Trivedi,user4655@email.com,54,Female,Telangana,Khammam,884164,2023-07-23,3-6L,VIP,1,Sports & Fitness,Organic Search
CUST04656,Utkarsh Mehta,user4656@email.com,31,Male,Haryana,Faridabad,390922,2018-06-02,10-20L,New,0,Fashion,App Store
CUST04657,Anjali Agarwal,user4657@email.com,32,Female,Karnataka,Bengaluru,475468,2023-03-27,<3L,Regular,0,Sports & Fitness,Organic Search
CUST04658,Sunita Agarwal,user4658@email.com,28,Female,Punjab,Patiala,700452,2022-11-06,6-10L,Regular,0,Books,Email Campaign
CUST04659,Sanjay Sharma,user4659@email.com,34,Female,Haryana,Faridabad,930994,2021-03-29,6-10L,Premium,0,Electronics,Organic Search
CUST04660,Arjun Mishra,user4660@email.com,31,Female,Andhra Pradesh,Nellore,817144,2021-02-13,3-6L,Regular,1,Electronics,Paid Ads
CUST04661,Aditya Malhotra,user4661@email.com,34,Female,Kerala,Kozhikode,735576,2023-10-07,6-10L,Premium,0,Beauty & Health,Paid Ads
CUST04662,Utkarsh Shah,user4662@email.com,46,Female,Kerala,Kollam,967041,2019-08-08,6-10L,Premium,0,Books,Organic Search
CUST04663,Deepika Banerjee,user4663@email.com,56,Female,Kerala,Kozhikode,176826,2022-04-02,6-10L,New,1,Books,Social Media
CUST04664,Riya Reddy,user4664@email.com,35,Female,West Bengal,Siliguri,943780,2020-02-29,10-20L,Regular,0,Toys & Games,Paid Ads
CUST04665,Rahul Rao,user4665@email.com,31,Female,Andhra Pradesh,Vijayawada,502139,2019-07-16,3-6L,Premium,0,Electronics,Social Media
CUST04666,Sanjay Trivedi,user4666@email.com,27,Male,Telangana,Nizamabad,815168,2023-12-30,<3L,Regular,1,Grocery,Organic Search
CUST04667,Utkarsh Pillai,user4667@email.com,60,Female,Tamil Nadu,Chennai,155781,2023-09-28,3-6L,Regular,0,Office Supplies,Paid Ads
CUST04668,Rahul Pandey,user4668@email.com,20,Female,Maharashtra,Pune,247530,2020-11-17,<3L,Premium,0,Sports & Fitness,Email Campaign
CUST04669,Isha Patel,user4669@email.com,55,Male,Telangana,Karimnagar,291497,2022-11-11,3-6L,New,0,Toys & Games,Referral
CUST04670,Divya Reddy,user4670@email.com,44,Female,Bihar,Patna,776040,2018-01-25,10-20L,New,0,Toys & Games,Social Media
CUST04671,Akash Reddy,user4671@email.com,27,Female,Maharashtra,Nashik,817613,2023-05-04,6-10L,Premium,1,Electronics,Paid Ads
CUST04672,Karan Malhotra,user4672@email.com,26,Male,Uttar Pradesh,Lucknow,891678,2021-04-01,6-10L,Premium,0,Grocery,Referral
CUST04673,Manoj Banerjee,user4673@email.com,19,Female,Gujarat,Rajkot,822440,2020-01-22,>20L,Regular,0,Office Supplies,Email Campaign
CUST04674,Meera Rao,user4674@email.com,48,Female,Rajasthan,Jaipur,448499,2023-10-04,>20L,Premium,1,Automotive,Referral
CUST04675,Ananya Singh,user4675@email.com,51,Female,Tamil Nadu,Coimbatore,830535,2018-08-27,3-6L,New,1,Books,Referral
CUST04676,Sanjay Singh,user4676@email.com,29,Male,Haryana,Rohtak,706301,2021-10-26,<3L,Regular,0,Automotive,Referral
CUST04677,Meera Pillai,user4677@email.com,22,Female,Delhi,Gurgaon,391236,2021-05-09,3-6L,Premium,0,Electronics,Organic Search
CUST04678,Aditi Patel,user4678@email.com,35,Male,Kerala,Kollam,756454,2023-02-08,3-6L,Premium,1,Home & Kitchen,Referral
CUST04679,Utkarsh Nair,user4679@email.com,36,Male,Telangana,Nizamabad,161014,2020-03-31,6-10L,Regular,0,Automotive,Referral
CUST04680,Nisha Iyer,user4680@email.com,23,Female,Madhya Pradesh,Ujjain,659366,2019-11-07,<3L,New,0,Home & Kitchen,Social Media
CUST04681,Karan Joshi,user4681@email.com,52,Female,West Bengal,Kolkata,681285,2019-10-06,6-10L,Regular,0,Grocery,Referral
CUST04682,Riya Banerjee,user4682@email.com,23,Male,Madhya Pradesh,Bhopal,128922,2018-09-28,3-6L,Regular,0,Books,Organic Search
CUST04683,Varun Shah,user4683@email.com,24,Male,Kerala,Thrissur,979045,2022-10-01,10-20L,Regular,1,Books,Social Media
CUST04684,Mihir Singh,user4684@email.com,44,Male,Telangana,Khammam,133951,2021-04-28,6-10L,Regular,0,Electronics,Organic Search
CUST04685,Mihir Patel,user4685@email.com,53,Female,West Bengal,Siliguri,857372,2022-10-20,>20L,VIP,0,Electronics,App Store
CUST04686,Ananya Iyer,user4686@email.com,18,Female,Rajasthan,Ajmer,684254,2023-04-15,6-10L,Premium,1,Toys & Games,Email Campaign
CUST04687,Mihir Nair,user4687@email.com,36,Female,Gujarat,Ahmedabad,369723,2023-06-05,10-20L,Premium,0,Sports & Fitness,Organic Search
CUST04688,Isha Agarwal,user4688@email.com,30,Female,West Bengal,Siliguri,286688,2020-11-29,3-6L,Regular,0,Office Supplies,Organic Search
CUST04689,Sanjay Banerjee,user4689@email.com,19,Female,Punjab,Amritsar,437095,2018-11-19,3-6L,New,1,Electronics,Paid Ads
CUST04690,Rahul Trivedi,user4690@email.com,34,Female,Gujarat,Gandhinagar,158614,2020-01-21,3-6L,Premium,1,Electronics,Social Media
CUST04691,Karan Pandey,user4691@email.com,43,Male,West Bengal,Siliguri,404462,2020-10-03,6-10L,Regular,1,Grocery,Organic Search
CUST04692,Karan Rao,user4692@email.com,60,Male,Punjab,Chandigarh,475616,2018-02-05,<3L,Premium,1,Grocery,Referral
CUST04693,Varun Reddy,user4693@email.com,42,Female,Uttar Pradesh,Allahabad,359950,2020-07-28,<3L,Regular,0,Home & Kitchen,Referral
CUST04694,Ishaan Pillai,user4694@email.com,49,Male,Telangana,Khammam,898708,2021-05-05,3-6L,VIP,1,Toys & Games,Organic Search
CUST04695,Akash Iyer,user4695@email.com,30,Female,West Bengal,Siliguri,534470,2018-08-10,6-10L,New,0,Automotive,Organic Search
CUST04696,Arjun Nair,user4696@email.com,26,Female,West Bengal,Asansol,293836,2023-03-31,10-20L,Regular,0,Automotive,Organic Search
CUST04697,Riya Shah,user4697@email.com,37,Male,Andhra Pradesh,Tirupati,566609,2023-05-17,6-10L,Regular,0,Beauty & Health,Social Media
CUST04698,Divya Malhotra,user4698@email.com,22,Male,Tamil Nadu,Chennai,730335,2022-01-10,6-10L,Regular,0,Office Supplies,Organic Search
CUST04699,Meera Banerjee,user4699@email.com,55,Female,Haryana,Faridabad,215222,2021-12-03,3-6L,Premium,0,Home & Kitchen,Organic Search
CUST04700,Arjun Sharma,user4700@email.com,22,Female,Karnataka,Belgaum,134548,2018-02-19,10-20L,Regular,0,Electronics,Organic Search
CUST04701,Kavya Reddy,user4701@email.com,35,Female,West Bengal,Durgapur,365285,2022-02-28,6-10L,Premium,1,Home & Kitchen,Referral
CUST04702,Aditya Mehta,user4702@email.com,35,Male,Delhi,New Delhi,310714,2018-11-20,<3L,New,1,Home & Kitchen,Organic Search
CUST04703,Tanvi Joshi,user4703@email.com,53,Female,Delhi,Ghaziabad,542206,2023-11-17,<3L,Regular,0,Office Supplies,Email Campaign
CUST04704,Rahul Joshi,user4704@email.com,60,Male,Delhi,New Delhi,675212,2021-09-29,10-20L,New,0,Automotive,Paid Ads
CUST04705,Pooja Verma,user4705@email.com,37,Male,Tamil Nadu,Salem,884446,2022-07-05,3-6L,Regular,0,Toys & Games,Email Campaign
CUST04706,Yash Nair,user4706@email.com,57,Female,Maharashtra,Nashik,979357,2018-01-05,<3L,New,1,Toys & Games,Organic Search
CUST04707,Vikram Shah,user4707@email.com,47,Female,Rajasthan,Kota,267961,2018-10-30,6-10L,Premium,1,Electronics,Referral
CUST04708,Meera Pandey,user4708@email.com,38,Female,Punjab,Jalandhar,119441,2018-01-03,3-6L,Regular,0,Beauty & Health,Referral
CUST04709,Isha Banerjee,user4709@email.com,45,Female,Delhi,New Delhi,735040,2019-06-15,6-10L,Regular,0,Grocery,App Store
CUST04710,Shreya Reddy,user4710@email.com,18,Male,Telangana,Nizamabad,725175,2020-12-05,3-6L,Regular,0,Beauty & Health,Social Media
CUST04711,Manoj Patel,user4711@email.com,45,Female,Rajasthan,Kota,863382,2022-02-02,<3L,Regular,0,Beauty & Health,Paid Ads
CUST04712,Ishaan Mehta,user4712@email.com,42,Female,Punjab,Ludhiana,654231,2023-03-23,6-10L,Regular,0,Office Supplies,Email Campaign
CUST04713,Manoj Rao,user4713@email.com,24,Female,Rajasthan,Jodhpur,952311,2020-04-12,3-6L,Premium,1,Beauty & Health,Paid Ads
CUST04714,Ishaan Joshi,user4714@email.com,58,Female,Uttar Pradesh,Kanpur,307774,2022-05-31,<3L,New,0,Books,Email Campaign
CUST04715,Meera Agarwal,user4715@email.com,32,Male,West Bengal,Howrah,853029,2020-12-15,<3L,Regular,0,Grocery,App Store
CUST04716,Rohit Reddy,user4716@email.com,38,Female,Telangana,Warangal,954548,2022-08-01,3-6L,Regular,1,Sports & Fitness,Organic Search
CUST04717,Aditya Banerjee,user4717@email.com,28,Female,Madhya Pradesh,Jabalpur,351550,2022-07-16,6-10L,Premium,1,Sports & Fitness,Paid Ads
CUST04718,Shreya Banerjee,user4718@email.com,28,Female,Gujarat,Rajkot,366095,2022-02-21,6-10L,Regular,1,Office Supplies,Organic Search
CUST04719,Akash Reddy,user4719@email.com,51,Female,Tamil Nadu,Trichy,497381,2020-11-27,3-6L,Regular,0,Beauty & Health,Email Campaign
CUST04720,Amit Malhotra,user4720@email.com,19,Female,Karnataka,Bengaluru,623632,2021-09-19,<3L,Regular,0,Sports & Fitness,Organic Search
CUST04721,Manoj Gupta,user4721@email.com,42,Male,Andhra Pradesh,Vijayawada,600143,2021-07-28,6-10L,Regular,0,Automotive,App Store
CUST04722,Isha Iyer,user4722@email.com,22,Female,Delhi,Gurgaon,881011,2023-12-08,3-6L,Regular,1,Electronics,Social Media
CUST04723,Varun Patel,user4723@email.com,51,Female,Bihar,Muzaffarpur,523806,2020-03-27,<3L,Regular,1,Electronics,Referral
CUST04724,Karan Verma,user4724@email.com,29,Male,Haryana,Faridabad,516437,2018-01-21,<3L,Regular,1,Home & Kitchen,Social Media
CUST04725,Aditya Agarwal,user4725@email.com,23,Female,Kerala,Thiruvananthapuram,991017,2020-09-06,>20L,VIP,0,Electronics,Social Media
CUST04726,Rahul Patel,user4726@email.com,39,Female,Tamil Nadu,Coimbatore,100283,2018-08-27,10-20L,Premium,0,Books,Organic Search
CUST04727,Shreya Agarwal,user4727@email.com,46,Male,Uttar Pradesh,Allahabad,107787,2023-08-22,10-20L,New,1,Beauty & Health,Social Media
CUST04728,Priya Malhotra,user4728@email.com,58,Male,Maharashtra,Thane,284236,2021-07-24,<3L,New,1,Electronics,Email Campaign
CUST04729,Aditya Patel,user4729@email.com,34,Male,Haryana,Panipat,281105,2019-04-18,10-20L,Regular,0,Office Supplies,Social Media
CUST04730,Nisha Mehta,user4730@email.com,51,Male,Punjab,Patiala,212303,2021-07-15,<3L,Premium,0,Automotive,Paid Ads
CUST04731,Sneha Sharma,user4731@email.com,23,Female,Haryana,Faridabad,943273,2020-12-29,<3L,Regular,1,Electronics,Organic Search
CUST04732,Rahul Mishra,user4732@email.com,37,Male,Delhi,New Delhi,587638,2023-04-21,<3L,Regular,1,Electronics,Social Media
CUST04733,Aditya Sharma,user4733@email.com,56,Female,Uttar Pradesh,Agra,136264,2022-11-10,3-6L,Regular,1,Sports & Fitness,App Store
CUST04734,Rohit Agarwal,user4734@email.com,47,Male,Tamil Nadu,Trichy,271702,2019-05-11,3-6L,Premium,1,Electronics,Email Campaign
CUST04735,Meera Gupta,user4735@email.com,22,Male,Punjab,Amritsar,447573,2023-06-20,>20L,New,0,Books,Referral
CUST04736,Vikram Reddy,user4736@email.com,19,Female,Haryana,Faridabad,534898,2023-02-25,3-6L,Regular,1,Electronics,Email Campaign
CUST04737,Rahul Mehta,user4737@email.com,35,Male,Kerala,Kochi,936310,2021-09-27,10-20L,VIP,0,Office Supplies,Social Media
CUST04738,Nisha Malhotra,user4738@email.com,24,Female,Uttar Pradesh,Kanpur,517935,2018-08-27,3-6L,Regular,1,Toys & Games,Organic Search
CUST04739,Riya Sharma,user4739@email.com,38,Male,Bihar,Darbhanga,563586,2019-10-24,6-10L,New,1,Books,Organic Search
CUST04740,Rahul Patel,user4740@email.com,32,Female,Bihar,Muzaffarpur,234931,2018-07-07,10-20L,Regular,1,Beauty & Health,Referral
CUST04741,Amit Singh,user4741@email.com,47,Female,Uttar Pradesh,Allahabad,345771,2021-05-02,6-10L,VIP,0,Beauty & Health,Organic Search
CUST04742,Utkarsh Patel,user4742@email.com,59,Other,Punjab,Jalandhar,619167,2018-11-14,3-6L,Regular,0,Toys & Games,Referral
CUST04743,Akash Agarwal,user4743@email.com,55,Male,Madhya Pradesh,Bhopal,840678,2020-04-13,<3L,Regular,1,Fashion,Organic Search
CUST04744,Shreya Pandey,user4744@email.com,28,Male,Rajasthan,Udaipur,119607,2021-08-01,6-10L,Premium,1,Toys & Games,Organic Search
CUST04745,Amit Pillai,user4745@email.com,47,Male,Delhi,Faridabad,727528,2018-05-10,<3L,Regular,1,Beauty & Health,App Store
CUST04746,Siddharth Gupta,user4746@email.com,45,Male,Delhi,Noida,647007,2020-05-15,3-6L,Regular,0,Fashion,Email Campaign
CUST04747,Priya Trivedi,user4747@email.com,36,Male,Andhra Pradesh,Tirupati,786907,2023-06-22,10-20L,Premium,0,Fashion,Organic Search
CUST04748,Aarav Banerjee,user4748@email.com,42,Female,Maharashtra,Thane,298429,2018-11-08,<3L,Premium,1,Fashion,Social Media
CUST04749,Ishaan Rao,user4749@email.com,32,Female,Kerala,Thiruvananthapuram,343601,2019-10-13,<3L,VIP,1,Electronics,Email Campaign
CUST04750,Karan Gupta,user4750@email.com,54,Female,Punjab,Ludhiana,688213,2019-11-19,3-6L,New,0,Toys & Games,Paid Ads
CUST04751,Ananya Trivedi,user4751@email.com,19,Female,Bihar,Darbhanga,426784,2018-01-28,10-20L,Regular,0,Electronics,Paid Ads
CUST04752,Akash Reddy,user4752@email.com,43,Female,Kerala,Kollam,621891,2018-04-23,>20L,Premium,0,Fashion,Social Media
CUST04753,Manoj Sharma,user4753@email.com,26,Female,Delhi,Ghaziabad,400714,2019-02-21,10-20L,Premium,0,Sports & Fitness,Social Media
CUST04754,Aditya Sharma,user4754@email.com,35,Male,Madhya Pradesh,Indore,405723,2020-02-21,3-6L,VIP,0,Office Supplies,Email Campaign
CUST04755,Sneha Pandey,user4755@email.com,28,Female,Madhya Pradesh,Jabalpur,921921,2018-06-26,>20L,Regular,0,Grocery,Referral
CUST04756,Pooja Patel,user4756@email.com,42,Male,Madhya Pradesh,Bhopal,329575,2018-02-15,3-6L,Regular,1,Toys & Games,Organic Search
CUST04757,Utkarsh Patel,user4757@email.com,34,Male,Telangana,Karimnagar,469230,2022-12-28,>20L,Regular,0,Automotive,Email Campaign
CUST04758,Sunita Banerjee,user4758@email.com,33,Female,Madhya Pradesh,Ujjain,591110,2023-05-23,<3L,Premium,0,Beauty & Health,Referral
CUST04759,Amit Nair,user4759@email.com,20,Female,Andhra Pradesh,Tirupati,928155,2018-03-17,<3L,Premium,1,Sports & Fitness,Organic Search
CUST04760,Yash Mishra,user4760@email.com,25,Female,West Bengal,Siliguri,292451,2022-08-26,6-10L,New,0,Home & Kitchen,App Store
CUST04761,Riya Verma,user4761@email.com,56,Female,Gujarat,Ahmedabad,181311,2019-01-31,6-10L,Regular,0,Grocery,Referral
CUST04762,Sanjay Pillai,user4762@email.com,20,Female,Karnataka,Mysuru,967496,2022-06-13,10-20L,New,1,Grocery,Organic Search
CUST04763,Rohit Rao,user4763@email.com,42,Female,Delhi,New Delhi,372320,2022-02-21,3-6L,Regular,1,Automotive,Referral
CUST04764,Yash Malhotra,user4764@email.com,28,Male,Uttar Pradesh,Allahabad,751817,2023-05-17,3-6L,Regular,0,Home & Kitchen,Organic Search
CUST04765,Shreya Iyer,user4765@email.com,58,Male,Gujarat,Rajkot,364032,2021-08-04,>20L,New,1,Grocery,Social Media
CUST04766,Kavya Joshi,user4766@email.com,60,Male,Haryana,Rohtak,629563,2019-12-26,3-6L,Regular,1,Sports & Fitness,Referral
CUST04767,Arjun Agarwal,user4767@email.com,44,Female,Kerala,Kollam,552342,2022-01-23,6-10L,Premium,1,Toys & Games,Paid Ads
CUST04768,Isha Rao,user4768@email.com,28,Male,Gujarat,Ahmedabad,363696,2020-07-09,<3L,Regular,0,Fashion,Social Media
CUST04769,Rahul Sharma,user4769@email.com,41,Female,Karnataka,Mysuru,302936,2019-07-07,6-10L,New,0,Sports & Fitness,Organic Search
CUST04770,Akash Pandey,user4770@email.com,36,Female,Tamil Nadu,Trichy,647523,2022-08-01,10-20L,New,0,Home & Kitchen,Email Campaign
CUST04771,Arjun Malhotra,user4771@email.com,56,Male,Bihar,Patna,708234,2021-01-01,>20L,Regular,1,Books,Referral
CUST04772,Sneha Agarwal,user4772@email.com,48,Male,Delhi,Gurgaon,829618,2020-11-05,<3L,Regular,0,Fashion,Paid Ads
CUST04773,Rohit Gupta,user4773@email.com,58,Male,Haryana,Panipat,786015,2020-07-25,<3L,Premium,1,Automotive,Referral
CUST04774,Aditya Trivedi,user4774@email.com,58,Female,Madhya Pradesh,Gwalior,520337,2019-11-28,6-10L,New,0,Automotive,Paid Ads
CUST04775,Karan Trivedi,user4775@email.com,45,Female,Karnataka,Mysuru,216551,2020-07-15,>20L,Regular,0,Grocery,Paid Ads
CUST04776,Mihir Reddy,user4776@email.com,58,Female,Karnataka,Bengaluru,999541,2022-03-12,3-6L,Regular,0,Grocery,Organic Search
CUST04777,Divya Iyer,user4777@email.com,18,Male,West Bengal,Asansol,999466,2019-05-16,10-20L,New,1,Home & Kitchen,Organic Search
CUST04778,Kavya Joshi,user4778@email.com,52,Female,Maharashtra,Nagpur,950108,2018-08-23,3-6L,Premium,0,Sports & Fitness,Email Campaign
CUST04779,Tanvi Joshi,user4779@email.com,56,Female,Kerala,Kollam,808887,2023-01-21,6-10L,New,0,Office Supplies,Organic Search
CUST04780,Riya Joshi,user4780@email.com,47,Male,Karnataka,Mysuru,900881,2019-01-27,<3L,Regular,0,Sports & Fitness,Referral
CUST04781,Rohit Patel,user4781@email.com,50,Male,Andhra Pradesh,Tirupati,750453,2022-09-25,<3L,VIP,0,Electronics,Paid Ads
CUST04782,Ananya Pandey,user4782@email.com,59,Male,Telangana,Khammam,228134,2021-07-23,10-20L,New,0,Electronics,Social Media
CUST04783,Shreya Nair,user4783@email.com,36,Male,Uttar Pradesh,Allahabad,470114,2020-03-29,<3L,Regular,0,Sports & Fitness,Organic Search
CUST04784,Yash Nair,user4784@email.com,56,Male,Madhya Pradesh,Bhopal,133296,2022-01-27,<3L,Regular,0,Automotive,Referral
CUST04785,Kavya Agarwal,user4785@email.com,46,Female,Maharashtra,Mumbai,798087,2022-10-27,6-10L,New,0,Sports & Fitness,Organic Search
CUST04786,Sanjay Banerjee,user4786@email.com,34,Male,West Bengal,Durgapur,961475,2023-09-29,3-6L,New,1,Grocery,Organic Search
CUST04787,Shreya Pandey,user4787@email.com,44,Male,Haryana,Gurugram,894598,2023-08-29,3-6L,New,0,Toys & Games,Email Campaign
CUST04788,Manoj Agarwal,user4788@email.com,53,Female,Haryana,Panipat,701116,2021-06-03,6-10L,Premium,1,Electronics,Paid Ads
CUST04789,Vikram Singh,user4789@email.com,18,Female,Kerala,Thiruvananthapuram,738684,2021-01-29,<3L,Regular,1,Books,Organic Search
CUST04790,Anjali Gupta,user4790@email.com,32,Male,Delhi,Ghaziabad,541311,2018-01-27,<3L,Regular,1,Home & Kitchen,Organic Search
CUST04791,Divya Iyer,user4791@email.com,54,Female,Maharashtra,Nagpur,137880,2021-07-27,<3L,Regular,0,Books,Organic Search
CUST04792,Utkarsh Joshi,user4792@email.com,38,Male,Tamil Nadu,Coimbatore,414105,2022-05-30,6-10L,Regular,0,Sports & Fitness,Referral
CUST04793,Tanvi Banerjee,user4793@email.com,58,Female,Tamil Nadu,Trichy,259083,2021-12-25,10-20L,Regular,0,Electronics,Organic Search
CUST04794,Divya Patel,user4794@email.com,50,Female,Karnataka,Bengaluru,359027,2023-10-05,6-10L,Premium,0,Toys & Games,Referral
CUST04795,Aditya Mehta,user4795@email.com,42,Female,West Bengal,Durgapur,253706,2019-02-08,3-6L,New,0,Beauty & Health,Referral
CUST04796,Anjali Reddy,user4796@email.com,42,Female,Andhra Pradesh,Nellore,596624,2019-08-02,6-10L,Regular,1,Beauty & Health,Organic Search
CUST04797,Rohit Kumar,user4797@email.com,52,Male,Rajasthan,Jaipur,111442,2023-08-07,<3L,Regular,1,Office Supplies,Referral
CUST04798,Anjali Gupta,user4798@email.com,45,Female,Maharashtra,Nashik,679194,2019-08-12,6-10L,Regular,0,Office Supplies,Social Media
CUST04799,Riya Trivedi,user4799@email.com,53,Female,Madhya Pradesh,Jabalpur,151061,2019-11-17,>20L,Regular,0,Sports & Fitness,Social Media
CUST04800,Priya Pillai,user4800@email.com,55,Male,Kerala,Kozhikode,271428,2023-02-12,3-6L,New,1,Office Supplies,Organic Search
CUST04801,Divya Nair,user4801@email.com,51,Male,Maharashtra,Pune,171767,2021-11-02,<3L,Regular,0,Electronics,Organic Search
CUST04802,Pooja Gupta,user4802@email.com,37,Male,Tamil Nadu,Salem,588069,2020-09-05,>20L,Premium,1,Automotive,Organic Search
CUST04803,Rohit Agarwal,user4803@email.com,31,Female,Uttar Pradesh,Lucknow,972764,2021-10-05,10-20L,Regular,1,Books,Referral
CUST04804,Kavya Verma,user4804@email.com,37,Male,Haryana,Panipat,707593,2020-08-30,6-10L,New,1,Books,Email Campaign
CUST04805,Akash Verma,user4805@email.com,37,Male,Bihar,Bhagalpur,114983,2019-09-14,3-6L,Regular,0,Sports & Fitness,Social Media
CUST04806,Rajesh Malhotra,user4806@email.com,31,Female,Uttar Pradesh,Varanasi,147845,2019-01-06,3-6L,Regular,1,Automotive,Organic Search
CUST04807,Kavya Patel,user4807@email.com,52,Male,West Bengal,Durgapur,204825,2018-04-25,<3L,New,1,Fashion,Paid Ads
CUST04808,Utkarsh Reddy,user4808@email.com,47,Female,Gujarat,Gandhinagar,665753,2018-11-24,6-10L,Premium,0,Automotive,Social Media
CUST04809,Aditya Trivedi,user4809@email.com,46,Male,Andhra Pradesh,Vijayawada,719926,2023-03-24,3-6L,Regular,0,Toys & Games,Organic Search
CUST04810,Kavya Malhotra,user4810@email.com,26,Male,Telangana,Hyderabad,121481,2023-06-11,10-20L,Premium,0,Office Supplies,Referral
CUST04811,Sanjay Joshi,user4811@email.com,45,Male,Madhya Pradesh,Ujjain,506909,2019-08-30,6-10L,Regular,0,Beauty & Health,Social Media
CUST04812,Rohit Trivedi,user4812@email.com,34,Male,Madhya Pradesh,Jabalpur,754769,2020-04-20,<3L,Regular,1,Automotive,Email Campaign
CUST04813,Rohit Singh,user4813@email.com,29,Female,Delhi,Faridabad,640150,2023-02-22,6-10L,Premium,0,Books,Organic Search
CUST04814,Aarav Agarwal,user4814@email.com,52,Female,Karnataka,Hubli,494220,2020-10-09,3-6L,Regular,0,Electronics,Referral
CUST04815,Amit Mishra,user4815@email.com,59,Male,Telangana,Warangal,719438,2022-12-12,6-10L,New,0,Office Supplies,Organic Search
CUST04816,Siddharth Gupta,user4816@email.com,58,Female,Kerala,Kozhikode,501405,2019-02-05,10-20L,New,0,Toys & Games,Social Media
CUST04817,Vikram Iyer,user4817@email.com,38,Female,Madhya Pradesh,Ujjain,210811,2019-09-06,<3L,Regular,0,Books,Social Media
CUST04818,Manoj Verma,user4818@email.com,47,Male,Delhi,Gurgaon,394123,2022-10-30,<3L,New,0,Grocery,Paid Ads
CUST04819,Divya Gupta,user4819@email.com,54,Male,Bihar,Gaya,758945,2021-10-11,<3L,Premium,0,Electronics,Referral
CUST04820,Anjali Kumar,user4820@email.com,48,Female,Bihar,Darbhanga,560276,2021-03-17,10-20L,Regular,0,Sports & Fitness,Organic Search
CUST04821,Shreya Shah,user4821@email.com,48,Male,Kerala,Kochi,990374,2022-09-18,>20L,VIP,0,Electronics,Referral
CUST04822,Rohit Kumar,user4822@email.com,43,Male,Punjab,Patiala,397326,2022-01-02,<3L,Regular,0,Fashion,Email Campaign
CUST04823,Rajesh Pillai,user4823@email.com,25,Female,Maharashtra,Thane,635391,2018-08-14,3-6L,Premium,1,Books,Email Campaign
CUST04824,Ananya Mehta,user4824@email.com,53,Female,Kerala,Kochi,139150,2020-04-28,3-6L,Regular,1,Books,Referral
CUST04825,Mihir Reddy,user4825@email.com,46,Male,Gujarat,Rajkot,736211,2023-11-11,10-20L,Regular,0,Fashion,Referral
CUST04826,Vikram Reddy,user4826@email.com,19,Male,Karnataka,Belgaum,314377,2023-05-29,<3L,Premium,1,Automotive,Referral
CUST04827,Yash Mishra,user4827@email.com,23,Male,Punjab,Amritsar,726689,2019-09-29,3-6L,New,1,Books,Email Campaign
CUST04828,Rahul Malhotra,user4828@email.com,36,Female,Andhra Pradesh,Guntur,679300,2022-08-15,6-10L,VIP,0,Fashion,App Store
CUST04829,Akash Kumar,user4829@email.com,21,Male,Andhra Pradesh,Guntur,346068,2020-09-19,3-6L,New,1,Books,Organic Search
CUST04830,Deepika Joshi,user4830@email.com,55,Male,Kerala,Thrissur,603766,2021-12-27,6-10L,Premium,0,Books,Organic Search
CUST04831,Ananya Agarwal,user4831@email.com,26,Male,West Bengal,Durgapur,898071,2023-03-24,3-6L,Regular,0,Books,Referral
CUST04832,Aditi Shah,user4832@email.com,30,Other,Karnataka,Belgaum,581341,2020-11-17,3-6L,Premium,1,Beauty & Health,Social Media
CUST04833,Arjun Trivedi,user4833@email.com,54,Male,Kerala,Thiruvananthapuram,928491,2019-10-17,3-6L,New,1,Beauty & Health,Email Campaign
CUST04834,Tanvi Pillai,user4834@email.com,60,Female,Kerala,Kozhikode,674250,2023-08-16,6-10L,New,0,Grocery,App Store
CUST04835,Utkarsh Reddy,user4835@email.com,38,Male,Kerala,Kozhikode,150364,2023-04-25,3-6L,VIP,1,Home & Kitchen,Referral
CUST04836,Ananya Agarwal,user4836@email.com,58,Male,Haryana,Panipat,572403,2021-04-26,>20L,Regular,1,Toys & Games,Organic Search
CUST04837,Meera Agarwal,user4837@email.com,23,Male,Bihar,Muzaffarpur,340985,2018-12-03,<3L,Premium,1,Toys & Games,Email Campaign
CUST04838,Utkarsh Iyer,user4838@email.com,44,Female,Madhya Pradesh,Jabalpur,704618,2020-12-26,6-10L,New,1,Home & Kitchen,Social Media
CUST04839,Aditi Agarwal,user4839@email.com,41,Male,Bihar,Darbhanga,299381,2021-10-05,6-10L,Regular,0,Office Supplies,Paid Ads
CUST04840,Yash Mehta,user4840@email.com,35,Female,West Bengal,Howrah,976390,2020-05-12,6-10L,Premium,0,Beauty & Health,Paid Ads
CUST04841,Mihir Verma,user4841@email.com,59,Male,Rajasthan,Jaipur,478460,2021-12-29,3-6L,New,0,Books,Organic Search
CUST04842,Isha Trivedi,user4842@email.com,55,Male,Telangana,Khammam,462919,2018-06-12,<3L,Premium,0,Fashion,Paid Ads
CUST04843,Ishaan Rao,user4843@email.com,58,Male,Madhya Pradesh,Gwalior,589171,2023-01-28,6-10L,Regular,1,Sports & Fitness,Social Media
CUST04844,Ishaan Nair,user4844@email.com,22,Female,Gujarat,Ahmedabad,193369,2023-07-05,>20L,VIP,1,Grocery,Social Media
CUST04845,Deepika Mishra,user4845@email.com,53,Female,Gujarat,Vadodara,405196,2023-08-15,10-20L,New,0,Toys & Games,Email Campaign
CUST04846,Anjali Mehta,user4846@email.com,20,Male,Kerala,Kochi,243952,2021-11-07,3-6L,Regular,1,Automotive,Referral
CUST04847,Isha Agarwal,user4847@email.com,37,Female,Gujarat,Gandhinagar,593282,2018-11-16,6-10L,Regular,0,Electronics,Email Campaign
CUST04848,Ishaan Agarwal,user4848@email.com,39,Female,Punjab,Patiala,750783,2023-06-01,>20L,Premium,1,Sports & Fitness,Paid Ads
CUST04849,Nisha Kumar,user4849@email.com,50,Female,Delhi,Gurgaon,666283,2022-05-10,3-6L,Regular,1,Beauty & Health,Paid Ads
CUST04850,Meera Agarwal,user4850@email.com,29,Female,Bihar,Muzaffarpur,931326,2023-06-28,6-10L,VIP,1,Home & Kitchen,Referral
CUST04851,Aditi Mishra,user4851@email.com,23,Female,Delhi,New Delhi,384692,2023-06-24,6-10L,Regular,0,Electronics,Organic Search
CUST04852,Isha Joshi,user4852@email.com,30,Female,Andhra Pradesh,Tirupati,865259,2020-09-26,3-6L,Regular,1,Fashion,Referral
CUST04853,Isha Banerjee,user4853@email.com,24,Male,Delhi,Noida,723438,2023-12-11,10-20L,Regular,0,Toys & Games,App Store
CUST04854,Shreya Joshi,user4854@email.com,25,Female,West Bengal,Kolkata,595947,2023-07-27,<3L,Premium,0,Toys & Games,Organic Search
CUST04855,Siddharth Agarwal,user4855@email.com,56,Female,Delhi,Faridabad,780737,2021-06-01,3-6L,Premium,0,Automotive,Referral
CUST04856,Shreya Pandey,user4856@email.com,48,Female,Rajasthan,Jaipur,187261,2019-06-24,10-20L,New,0,Office Supplies,Social Media
CUST04857,Sanjay Iyer,user4857@email.com,31,Female,Kerala,Thrissur,983166,2022-01-20,3-6L,Premium,0,Fashion,Email Campaign
CUST04858,Aditi Sharma,user4858@email.com,38,Male,Haryana,Panipat,528169,2019-04-11,3-6L,Premium,1,Automotive,Email Campaign
CUST04859,Sneha Singh,user4859@email.com,26,Female,Delhi,Faridabad,286395,2020-03-24,>20L,Regular,0,Sports & Fitness,Paid Ads
CUST04860,Rajesh Agarwal,user4860@email.com,46,Female,Rajasthan,Udaipur,673975,2020-01-23,<3L,Regular,1,Toys & Games,Social Media
CUST04861,Varun Kumar,user4861@email.com,19,Male,Maharashtra,Mumbai,686532,2022-03-04,>20L,Regular,0,Electronics,Paid Ads
CUST04862,Vikram Kumar,user4862@email.com,47,Male,Gujarat,Gandhinagar,310540,2021-01-07,<3L,VIP,0,Fashion,Social Media
CUST04863,Mihir Rao,user4863@email.com,27,Male,Uttar Pradesh,Agra,657071,2018-07-04,6-10L,Regular,0,Automotive,Email Campaign
CUST04864,Shreya Gupta,user4864@email.com,44,Female,Punjab,Chandigarh,161519,2022-11-28,3-6L,Regular,1,Toys & Games,Social Media
CUST04865,Isha Nair,user4865@email.com,46,Male,Kerala,Thrissur,494187,2023-11-12,6-10L,Premium,1,Automotive,Organic Search
CUST04866,Sunita Kumar,user4866@email.com,38,Female,Kerala,Kochi,685503,2023-11-27,6-10L,Regular,0,Electronics,Organic Search
CUST04867,Sunita Shah,user4867@email.com,32,Female,Gujarat,Ahmedabad,897542,2018-10-02,3-6L,Premium,0,Beauty & Health,Organic Search
CUST04868,Sneha Patel,user4868@email.com,42,Male,Andhra Pradesh,Vijayawada,398600,2023-10-19,3-6L,New,0,Electronics,Social Media
CUST04869,Rohit Shah,user4869@email.com,55,Female,Madhya Pradesh,Gwalior,218506,2023-08-03,>20L,Premium,0,Office Supplies,Organic Search
CUST04870,Shreya Reddy,user4870@email.com,57,Female,Telangana,Nizamabad,111525,2023-10-30,<3L,Regular,0,Beauty & Health,Referral
CUST04871,Rahul Trivedi,user4871@email.com,53,Female,Tamil Nadu,Coimbatore,845289,2022-12-21,6-10L,Regular,0,Home & Kitchen,Organic Search
CUST04872,Sunita Mehta,user4872@email.com,30,Female,Delhi,Gurgaon,778968,2019-10-04,10-20L,Regular,0,Fashion,App Store
CUST04873,Aarav Agarwal,user4873@email.com,52,Female,Andhra Pradesh,Tirupati,979206,2018-07-06,3-6L,New,1,Office Supplies,Email Campaign
CUST04874,Utkarsh Nair,user4874@email.com,28,Other,Punjab,Chandigarh,202704,2020-05-15,<3L,Regular,0,Beauty & Health,Organic Search
CUST04875,Rahul Malhotra,user4875@email.com,47,Female,Andhra Pradesh,Visakhapatnam,626861,2023-10-26,6-10L,Premium,1,Office Supplies,Social Media
CUST04876,Rohit Trivedi,user4876@email.com,24,Female,Madhya Pradesh,Jabalpur,502149,2023-09-23,10-20L,Regular,0,Books,Organic Search
CUST04877,Aarav Agarwal,user4877@email.com,50,Male,West Bengal,Asansol,771021,2020-01-06,6-10L,Premium,0,Fashion,Referral
CUST04878,Rohit Sharma,user4878@email.com,34,Male,Karnataka,Mysuru,571095,2019-12-25,10-20L,Regular,0,Sports & Fitness,Referral
CUST04879,Sunita Joshi,user4879@email.com,25,Male,Madhya Pradesh,Ujjain,517169,2021-05-21,10-20L,New,0,Automotive,Email Campaign
CUST04880,Aarav Kumar,user4880@email.com,40,Male,Gujarat,Ahmedabad,746410,2022-06-23,10-20L,Regular,0,Office Supplies,Organic Search
CUST04881,Rohit Mishra,user4881@email.com,58,Male,Madhya Pradesh,Jabalpur,517281,2021-04-19,>20L,Premium,1,Sports & Fitness,Email Campaign
CUST04882,Karan Malhotra,user4882@email.com,28,Male,Bihar,Muzaffarpur,187384,2019-10-04,<3L,Premium,0,Beauty & Health,Referral
CUST04883,Pooja Gupta,user4883@email.com,35,Female,Bihar,Muzaffarpur,721374,2019-08-05,10-20L,Regular,0,Fashion,Organic Search
CUST04884,Aditi Verma,user4884@email.com,49,Male,Uttar Pradesh,Kanpur,150710,2018-05-01,>20L,Regular,0,Books,Organic Search
CUST04885,Akash Iyer,user4885@email.com,51,Male,Uttar Pradesh,Kanpur,832552,2022-05-26,6-10L,Premium,1,Electronics,Organic Search
CUST04886,Divya Rao,user4886@email.com,22,Male,Bihar,Bhagalpur,646130,2023-04-08,>20L,Premium,0,Beauty & Health,Social Media
CUST04887,Deepika Gupta,user4887@email.com,35,Male,Kerala,Kozhikode,645876,2021-06-20,10-20L,New,1,Grocery,Email Campaign
CUST04888,Amit Mehta,user4888@email.com,30,Male,Kerala,Thrissur,897562,2021-09-18,<3L,Premium,0,Grocery,Referral
CUST04889,Rahul Shah,user4889@email.com,21,Female,Andhra Pradesh,Guntur,345210,2023-01-22,10-20L,Regular,0,Sports & Fitness,Email Campaign
CUST04890,Utkarsh Singh,user4890@email.com,49,Male,Telangana,Karimnagar,883512,2018-08-09,3-6L,Premium,0,Toys & Games,Paid Ads
CUST04891,Mihir Rao,user4891@email.com,30,Male,Madhya Pradesh,Ujjain,230504,2019-09-19,6-10L,Regular,0,Grocery,Referral
CUST04892,Aditya Patel,user4892@email.com,28,Male,Haryana,Panipat,105732,2020-01-05,10-20L,New,1,Office Supplies,Organic Search
CUST04893,Arjun Reddy,user4893@email.com,28,Female,Maharashtra,Nagpur,962320,2020-05-24,3-6L,Regular,0,Fashion,Paid Ads
CUST04894,Rahul Iyer,user4894@email.com,49,Female,Uttar Pradesh,Lucknow,856661,2020-04-12,<3L,New,0,Home & Kitchen,App Store
CUST04895,Ananya Mehta,user4895@email.com,27,Male,Andhra Pradesh,Vijayawada,731231,2019-05-17,6-10L,New,0,Electronics,Social Media
CUST04896,Utkarsh Trivedi,user4896@email.com,49,Female,Gujarat,Gandhinagar,355011,2019-11-14,6-10L,Regular,0,Fashion,Social Media
CUST04897,Utkarsh Sharma,user4897@email.com,27,Male,Bihar,Muzaffarpur,439664,2019-07-09,6-10L,Regular,0,Grocery,Social Media
CUST04898,Shreya Mishra,user4898@email.com,29,Female,Madhya Pradesh,Jabalpur,169102,2022-03-06,6-10L,Regular,0,Fashion,Email Campaign
CUST04899,Sunita Pillai,user4899@email.com,57,Male,Uttar Pradesh,Agra,997923,2021-02-14,>20L,Premium,1,Automotive,Organic Search
CUST04900,Karan Banerjee,user4900@email.com,48,Male,Tamil Nadu,Chennai,544724,2021-09-17,<3L,Premium,1,Beauty & Health,Email Campaign
CUST04901,Amit Patel,user4901@email.com,19,Female,Karnataka,Belgaum,751472,2019-03-30,3-6L,Premium,0,Toys & Games,Paid Ads
CUST04902,Ananya Verma,user4902@email.com,43,Male,Uttar Pradesh,Lucknow,807470,2021-12-28,<3L,Premium,0,Grocery,Referral
CUST04903,Manoj Joshi,user4903@email.com,60,Male,Maharashtra,Thane,445975,2019-03-15,<3L,VIP,1,Automotive,Organic Search
CUST04904,Meera Trivedi,user4904@email.com,28,Female,West Bengal,Howrah,795986,2019-05-24,6-10L,Regular,0,Beauty & Health,Organic Search
CUST04905,Amit Verma,user4905@email.com,31,Male,Bihar,Gaya,509771,2022-04-13,6-10L,Regular,0,Automotive,Referral
CUST04906,Pooja Singh,user4906@email.com,33,Male,Madhya Pradesh,Indore,569513,2021-10-25,<3L,Regular,1,Home & Kitchen,Email Campaign
CUST04907,Mihir Rao,user4907@email.com,55,Male,Rajasthan,Kota,244387,2022-09-25,>20L,Premium,1,Fashion,Social Media
CUST04908,Isha Rao,user4908@email.com,46,Female,Karnataka,Belgaum,382492,2019-11-03,>20L,Premium,1,Fashion,Paid Ads
CUST04909,Vikram Malhotra,user4909@email.com,28,Male,Gujarat,Surat,939836,2019-06-10,>20L,Premium,0,Fashion,Referral
CUST04910,Kavya Malhotra,user4910@email.com,49,Female,Telangana,Khammam,665335,2019-03-22,6-10L,Premium,0,Beauty & Health,Email Campaign
CUST04911,Tanvi Nair,user4911@email.com,35,Female,Bihar,Darbhanga,991374,2023-06-02,6-10L,Regular,1,Toys & Games,Social Media
CUST04912,Aarav Mehta,user4912@email.com,29,Female,Telangana,Warangal,713361,2023-08-26,<3L,New,1,Beauty & Health,Paid Ads
CUST04913,Ananya Pillai,user4913@email.com,44,Female,Tamil Nadu,Chennai,771804,2022-02-13,10-20L,New,0,Fashion,Referral
CUST04914,Arjun Patel,user4914@email.com,22,Male,Delhi,Gurgaon,737527,2018-01-13,<3L,Regular,0,Toys & Games,Paid Ads
CUST04915,Aarav Mishra,user4915@email.com,24,Male,Madhya Pradesh,Jabalpur,201146,2023-12-26,10-20L,Premium,0,Office Supplies,Organic Search
CUST04916,Rahul Singh,user4916@email.com,28,Male,Tamil Nadu,Salem,392643,2019-02-04,<3L,Regular,1,Books,Organic Search
CUST04917,Manoj Shah,user4917@email.com,31,Female,Kerala,Kozhikode,122086,2021-10-31,3-6L,Regular,0,Home & Kitchen,Paid Ads
CUST04918,Karan Verma,user4918@email.com,34,Male,Rajasthan,Ajmer,828827,2022-01-07,10-20L,Regular,1,Office Supplies,Email Campaign
CUST04919,Sunita Nair,user4919@email.com,41,Female,West Bengal,Durgapur,892193,2021-05-18,3-6L,Premium,0,Grocery,Organic Search
CUST04920,Sanjay Verma,user4920@email.com,22,Other,Bihar,Muzaffarpur,426437,2020-08-30,3-6L,Premium,0,Sports & Fitness,Organic Search
CUST04921,Priya Patel,user4921@email.com,26,Male,Tamil Nadu,Salem,569207,2018-09-08,6-10L,Regular,0,Books,Organic Search
CUST04922,Manoj Joshi,user4922@email.com,32,Male,Kerala,Kochi,924165,2020-08-26,3-6L,Regular,0,Grocery,Email Campaign
CUST04923,Yash Kumar,user4923@email.com,51,Female,Telangana,Karimnagar,969695,2019-08-28,3-6L,New,0,Home & Kitchen,Social Media
CUST04924,Kavya Agarwal,user4924@email.com,26,Male,Telangana,Khammam,421144,2018-11-03,10-20L,Premium,1,Home & Kitchen,Referral
CUST04925,Meera Mishra,user4925@email.com,56,Female,Bihar,Darbhanga,894832,2020-11-15,<3L,Regular,1,Automotive,Referral
CUST04926,Yash Pillai,user4926@email.com,40,Male,Gujarat,Gandhinagar,156970,2020-03-21,<3L,Premium,0,Electronics,Referral
CUST04927,Nisha Joshi,user4927@email.com,52,Male,Gujarat,Ahmedabad,231489,2021-07-29,3-6L,New,0,Grocery,Referral
CUST04928,Vikram Mehta,user4928@email.com,30,Male,Maharashtra,Nashik,403383,2020-06-10,>20L,Premium,0,Electronics,Email Campaign
CUST04929,Sanjay Sharma,user4929@email.com,25,Female,Kerala,Thrissur,422396,2019-09-09,3-6L,New,1,Automotive,Email Campaign
CUST04930,Manoj Patel,user4930@email.com,30,Male,Rajasthan,Kota,678765,2023-09-07,<3L,Regular,0,Books,Organic Search
CUST04931,Tanvi Banerjee,user4931@email.com,21,Male,Karnataka,Belgaum,121090,2022-08-09,3-6L,Regular,0,Beauty & Health,Email Campaign
CUST04932,Isha Rao,user4932@email.com,56,Male,Maharashtra,Mumbai,949376,2019-03-31,3-6L,Regular,1,Sports & Fitness,Organic Search
CUST04933,Vikram Iyer,user4933@email.com,52,Other,Madhya Pradesh,Jabalpur,888015,2018-03-10,6-10L,New,0,Grocery,Organic Search
CUST04934,Kavya Shah,user4934@email.com,18,Male,Telangana,Karimnagar,386375,2020-02-07,<3L,Premium,0,Toys & Games,Referral
CUST04935,Aditya Gupta,user4935@email.com,43,Male,Madhya Pradesh,Gwalior,940178,2022-09-21,10-20L,Regular,0,Toys & Games,Organic Search
CUST04936,Sanjay Pandey,user4936@email.com,30,Male,Karnataka,Mysuru,540553,2023-02-02,10-20L,Regular,0,Books,Paid Ads
CUST04937,Meera Pandey,user4937@email.com,25,Male,Kerala,Thrissur,678348,2022-07-29,3-6L,Regular,1,Toys & Games,Social Media
CUST04938,Aditya Agarwal,user4938@email.com,36,Male,Bihar,Patna,534617,2019-06-23,<3L,Regular,0,Automotive,Paid Ads
CUST04939,Aditi Banerjee,user4939@email.com,42,Male,Tamil Nadu,Coimbatore,688777,2022-07-20,<3L,Regular,0,Home & Kitchen,Referral
CUST04940,Akash Pillai,user4940@email.com,45,Other,Uttar Pradesh,Lucknow,590316,2019-10-20,10-20L,Regular,0,Home & Kitchen,Email Campaign
CUST04941,Amit Trivedi,user4941@email.com,38,Female,Bihar,Muzaffarpur,835164,2022-12-16,6-10L,Regular,0,Fashion,Email Campaign
CUST04942,Utkarsh Pandey,user4942@email.com,58,Male,Maharashtra,Nashik,513009,2021-10-23,6-10L,Premium,0,Grocery,Social Media
CUST04943,Ananya Shah,user4943@email.com,36,Male,Uttar Pradesh,Varanasi,126143,2023-10-26,<3L,Premium,1,Electronics,Social Media
CUST04944,Shreya Iyer,user4944@email.com,52,Male,Punjab,Patiala,366614,2019-10-15,>20L,Regular,0,Home & Kitchen,Organic Search
CUST04945,Nisha Sharma,user4945@email.com,59,Male,Punjab,Jalandhar,225134,2020-11-23,<3L,Regular,1,Sports & Fitness,Paid Ads
CUST04946,Utkarsh Iyer,user4946@email.com,31,Male,Gujarat,Vadodara,860322,2023-08-08,<3L,Premium,0,Books,Email Campaign
CUST04947,Yash Kumar,user4947@email.com,59,Female,Punjab,Amritsar,369135,2020-06-24,<3L,Premium,0,Electronics,Email Campaign
CUST04948,Vikram Patel,user4948@email.com,27,Female,Andhra Pradesh,Vijayawada,883016,2018-08-21,10-20L,Premium,0,Beauty & Health,Social Media
CUST04949,Yash Pandey,user4949@email.com,49,Female,Madhya Pradesh,Gwalior,525453,2021-07-22,<3L,Premium,0,Home & Kitchen,Referral
CUST04950,Sanjay Sharma,user4950@email.com,24,Male,Gujarat,Vadodara,953276,2020-06-03,<3L,New,0,Home & Kitchen,Organic Search
CUST04951,Ishaan Mishra,user4951@email.com,18,Male,Bihar,Muzaffarpur,745175,2022-07-02,<3L,Regular,0,Toys & Games,Referral
CUST04952,Pooja Shah,user4952@email.com,36,Male,Tamil Nadu,Madurai,125083,2018-08-22,6-10L,New,0,Grocery,Email Campaign
CUST04953,Riya Malhotra,user4953@email.com,49,Female,Karnataka,Belgaum,400087,2019-04-05,<3L,Regular,0,Home & Kitchen,Referral
CUST04954,Aarav Pandey,user4954@email.com,47,Male,Punjab,Jalandhar,194329,2018-03-31,6-10L,New,0,Sports & Fitness,Social Media
CUST04955,Aditya Mishra,user4955@email.com,19,Male,Gujarat,Ahmedabad,404231,2022-12-21,6-10L,Premium,0,Sports & Fitness,Paid Ads
CUST04956,Karan Malhotra,user4956@email.com,47,Male,Punjab,Patiala,425249,2018-11-23,10-20L,New,1,Sports & Fitness,Social Media
CUST04957,Karan Pandey,user4957@email.com,27,Male,Rajasthan,Ajmer,861648,2018-08-06,10-20L,New,0,Home & Kitchen,Organic Search
CUST04958,Rahul Banerjee,user4958@email.com,55,Female,Maharashtra,Mumbai,865072,2021-02-26,<3L,New,0,Books,Referral
CUST04959,Sneha Singh,user4959@email.com,20,Female,Maharashtra,Nashik,550622,2022-12-28,<3L,New,1,Beauty & Health,Paid Ads
CUST04960,Varun Trivedi,user4960@email.com,20,Male,Uttar Pradesh,Agra,994756,2022-08-20,10-20L,Regular,0,Grocery,Organic Search
CUST04961,Tanvi Malhotra,user4961@email.com,56,Female,Punjab,Patiala,824591,2018-07-20,10-20L,Premium,0,Automotive,Referral
CUST04962,Aditi Banerjee,user4962@email.com,29,Female,West Bengal,Siliguri,938575,2022-02-05,6-10L,Regular,1,Books,Referral
CUST04963,Kavya Malhotra,user4963@email.com,42,Female,Kerala,Kollam,651861,2022-08-24,6-10L,Premium,1,Grocery,Referral
CUST04964,Isha Singh,user4964@email.com,59,Male,Punjab,Amritsar,731879,2020-01-09,10-20L,Regular,0,Sports & Fitness,Email Campaign
CUST04965,Isha Pillai,user4965@email.com,29,Male,Delhi,Gurgaon,136659,2019-03-17,6-10L,Regular,0,Toys & Games,Email Campaign
CUST04966,Aditya Nair,user4966@email.com,47,Male,Maharashtra,Mumbai,330307,2018-12-08,10-20L,Premium,0,Automotive,Paid Ads
CUST04967,Varun Kumar,user4967@email.com,45,Female,Madhya Pradesh,Ujjain,308344,2022-05-19,10-20L,VIP,1,Toys & Games,Email Campaign
CUST04968,Karan Agarwal,user4968@email.com,30,Female,Delhi,Gurgaon,504427,2021-03-03,10-20L,Regular,0,Office Supplies,Social Media
CUST04969,Amit Iyer,user4969@email.com,55,Female,Haryana,Hisar,477611,2020-03-17,6-10L,Regular,1,Automotive,Organic Search
CUST04970,Yash Gupta,user4970@email.com,34,Male,Maharashtra,Mumbai,618377,2020-06-13,6-10L,VIP,0,Books,Referral
CUST04971,Sunita Verma,user4971@email.com,53,Female,Punjab,Chandigarh,864698,2018-08-13,10-20L,Regular,1,Electronics,Organic Search
CUST04972,Karan Malhotra,user4972@email.com,42,Male,Gujarat,Ahmedabad,841037,2023-05-09,6-10L,Regular,0,Electronics,Organic Search
CUST04973,Sunita Singh,user4973@email.com,56,Male,Andhra Pradesh,Guntur,577905,2021-10-20,3-6L,Regular,1,Fashion,Email Campaign
CUST04974,Aarav Mishra,user4974@email.com,19,Female,West Bengal,Asansol,978006,2019-03-19,3-6L,Regular,0,Fashion,Email Campaign
CUST04975,Siddharth Sharma,user4975@email.com,60,Male,Andhra Pradesh,Guntur,137814,2018-05-11,<3L,Regular,0,Beauty & Health,Referral
CUST04976,Vikram Nair,user4976@email.com,50,Female,Telangana,Warangal,896505,2022-04-22,>20L,Regular,0,Automotive,Email Campaign
CUST04977,Utkarsh Pandey,user4977@email.com,59,Male,Madhya Pradesh,Indore,331131,2019-05-31,3-6L,Premium,0,Office Supplies,Referral
CUST04978,Priya Malhotra,user4978@email.com,59,Male,Kerala,Thrissur,821232,2022-07-06,10-20L,Regular,1,Home & Kitchen,Social Media
CUST04979,Ananya Malhotra,user4979@email.com,44,Female,Kerala,Kochi,868417,2020-03-16,<3L,Regular,0,Books,Email Campaign
CUST04980,Vikram Mehta,user4980@email.com,44,Other,Delhi,Faridabad,889508,2020-01-21,<3L,Regular,0,Beauty & Health,Organic Search
CUST04981,Arjun Patel,user4981@email.com,52,Female,Telangana,Khammam,860492,2023-04-21,6-10L,Premium,1,Home & Kitchen,Social Media
CUST04982,Karan Gupta,user4982@email.com,54,Male,Gujarat,Ahmedabad,807887,2019-07-28,3-6L,Regular,0,Sports & Fitness,Email Campaign
CUST04983,Varun Sharma,user4983@email.com,18,Male,West Bengal,Kolkata,989487,2019-04-23,3-6L,New,0,Toys & Games,Social Media
CUST04984,Nisha Joshi,user4984@email.com,40,Female,Haryana,Hisar,963459,2021-11-15,<3L,Regular,0,Grocery,Organic Search
CUST04985,Arjun Trivedi,user4985@email.com,27,Male,Maharashtra,Pune,130507,2021-09-12,3-6L,Regular,1,Beauty & Health,Email Campaign
CUST04986,Divya Mishra,user4986@email.com,41,Male,Telangana,Nizamabad,145892,2023-10-19,<3L,Premium,0,Home & Kitchen,Organic Search
CUST04987,Ananya Pillai,user4987@email.com,35,Male,Kerala,Kozhikode,655136,2020-01-30,10-20L,Premium,1,Sports & Fitness,Social Media
CUST04988,Riya Banerjee,user4988@email.com,19,Male,Madhya Pradesh,Bhopal,803007,2023-09-19,<3L,VIP,0,Grocery,App Store
CUST04989,Deepika Patel,user4989@email.com,48,Female,Andhra Pradesh,Vijayawada,409096,2020-12-07,6-10L,VIP,0,Electronics,Social Media
CUST04990,Manoj Pandey,user4990@email.com,28,Male,Bihar,Muzaffarpur,128113,2022-03-07,3-6L,VIP,1,Beauty & Health,Paid Ads
CUST04991,Sneha Mehta,user4991@email.com,21,Male,Madhya Pradesh,Ujjain,704467,2020-05-03,10-20L,Regular,0,Books,Organic Search
CUST04992,Manoj Banerjee,user4992@email.com,39,Female,Karnataka,Belgaum,464558,2018-03-21,<3L,Regular,0,Fashion,Email Campaign
CUST04993,Amit Mishra,user4993@email.com,37,Male,Maharashtra,Pune,381724,2019-04-13,10-20L,Regular,0,Office Supplies,Paid Ads
CUST04994,Ishaan Sharma,user4994@email.com,38,Male,Delhi,Faridabad,310166,2020-12-10,3-6L,New,1,Electronics,Social Media
CUST04995,Utkarsh Verma,user4995@email.com,59,Male,Madhya Pradesh,Ujjain,285727,2019-04-01,6-10L,Regular,1,Home & Kitchen,Social Media
CUST04996,Rohit Iyer,user4996@email.com,41,Female,Maharashtra,Nagpur,623089,2021-07-27,<3L,Regular,0,Home & Kitchen,Referral
CUST04997,Vikram Pillai,user4997@email.com,52,Male,Telangana,Karimnagar,937182,2018-04-13,3-6L,Premium,0,Electronics,Social Media
CUST04998,Ishaan Gupta,user4998@email.com,46,Female,Tamil Nadu,Salem,233591,2023-05-21,<3L,Regular,1,Sports & Fitness,Organic Search
CUST04999,Utkarsh Shah,user4999@email.com,55,Female,Rajasthan,Jodhpur,774179,2023-05-15,>20L,New,0,Home & Kitchen,Email Campaign
CUST05000,Rahul Nair,user5000@email.com,38,Male,Karnataka,Hubli,435963,2018-09-11,6-10L,Premium,0,Automotive,Social Media
